ISO-10303-21;
HEADER;
/* Generated by software containing ST-Developer
 * from STEP Tools, Inc. (www.steptools.com) 
 */

FILE_DESCRIPTION(
/* description */ (''),
/* implementation_level */ '2;1');

FILE_NAME(
/* name */ 'EBB_G2SA.step',
/* time_stamp */ '2025-12-22T10:08:19+01:00',
/* author */ (''),
/* organization */ (''),
/* preprocessor_version */ 'ST-DEVELOPER v20.1',
/* originating_system */ 'Autodesk Translation Framework v14.21.0.0',
/* authorisation */ '');

FILE_SCHEMA (('AUTOMOTIVE_DESIGN { 1 0 10303 214 3 1 1 }'));
ENDSEC;

DATA;
#10=MECHANICAL_DESIGN_GEOMETRIC_PRESENTATION_REPRESENTATION('',(#17),#8226);
#11=ITEM_DEFINED_TRANSFORMATION($,$,#4858,#5253);
#12=(
REPRESENTATION_RELATIONSHIP($,$,#8237,#8236)
REPRESENTATION_RELATIONSHIP_WITH_TRANSFORMATION(#11)
SHAPE_REPRESENTATION_RELATIONSHIP()
);
#13=CONTEXT_DEPENDENT_SHAPE_REPRESENTATION(#12,#8235);
#14=NEXT_ASSEMBLY_USAGE_OCCURRENCE('G2SA_Carrier_DB_36:1',
'G2SA_Carrier_DB_36:1','G2SA_Carrier_DB_36:1',#8239,#8240,
'G2SA_Carrier_DB_36:1');
#15=SHAPE_REPRESENTATION_RELATIONSHIP('SRR','None',#8237,#16);
#16=ADVANCED_BREP_SHAPE_REPRESENTATION('',(#18),#8225);
#17=STYLED_ITEM('',(#8251),#18);
#18=MANIFOLD_SOLID_BREP('Body1',#4844);
#19=TOROIDAL_SURFACE('',#5232,16.3000000000005,1.);
#20=B_SPLINE_SURFACE_WITH_KNOTS('',3,1,((#6793,#6794),(#6795,#6796),(#6797,
#6798),(#6799,#6800),(#6801,#6802),(#6803,#6804),(#6805,#6806),(#6807,#6808)),
 .UNSPECIFIED.,.F.,.F.,.F.,(4,2,2,4),(2,2),(-0.148100189388155,-0.129930918085796,
-0.112157408917717,-0.0875634410743716),(0.,0.0719998585299225),
 .UNSPECIFIED.);
#21=B_SPLINE_SURFACE_WITH_KNOTS('',3,1,((#6836,#6837),(#6838,#6839),(#6840,
#6841),(#6842,#6843),(#6844,#6845),(#6846,#6847),(#6848,#6849),(#6850,#6851)),
 .UNSPECIFIED.,.F.,.F.,.F.,(4,2,2,4),(2,2),(-0.0426595395308265,-0.0253312666116932,
-0.0128051208607219,-0.000166613437029892),(0.,0.0719998585301144),
 .UNSPECIFIED.);
#22=B_SPLINE_SURFACE_WITH_KNOTS('',3,3,((#6914,#6915,#6916,#6917),(#6918,
#6919,#6920,#6921),(#6922,#6923,#6924,#6925),(#6926,#6927,#6928,#6929),
(#6930,#6931,#6932,#6933),(#6934,#6935,#6936,#6937)),.UNSPECIFIED.,.F.,
 .F.,.F.,(4,1,1,4),(4,4),(0.,0.285714285714286,0.571428571428571,1.),(0.0553458836956261,
0.366471849012917),.UNSPECIFIED.);
#23=B_SPLINE_SURFACE_WITH_KNOTS('',3,3,((#7724,#7725,#7726,#7727),(#7728,
#7729,#7730,#7731),(#7732,#7733,#7734,#7735),(#7736,#7737,#7738,#7739),
(#7740,#7741,#7742,#7743),(#7744,#7745,#7746,#7747)),.UNSPECIFIED.,.F.,
 .F.,.F.,(4,1,1,4),(4,4),(0.,0.285714285714286,0.571428571428571,1.),(0.0412002967475168,
0.352340471872099),.UNSPECIFIED.);
#24=B_SPLINE_CURVE_WITH_KNOTS('',3,(#6770,#6771,#6772,#6773,#6774,#6775,
#6776),.UNSPECIFIED.,.F.,.F.,(4,3,4),(9.99999951829709E-7,0.0287603309923305,
0.0577663843200061),.UNSPECIFIED.);
#25=B_SPLINE_CURVE_WITH_KNOTS('',3,(#6783,#6784,#6785,#6786,#6787,#6788,
#6789),.UNSPECIFIED.,.F.,.F.,(4,3,4),(9.99999967799627E-7,0.0289921556015578,
0.0577951284256348),.UNSPECIFIED.);
#26=B_SPLINE_CURVE_WITH_KNOTS('',3,(#6810,#6811,#6812,#6813,#6814,#6815,
#6816,#6817,#6818,#6819,#6820,#6821,#6822,#6823,#6824,#6825),
 .UNSPECIFIED.,.F.,.F.,(4,3,3,3,3,4),(-0.0425769149765457,-0.0297804155339002,
-0.021288406012747,-0.0172474866417808,-0.0105321994305647,0.),
 .UNSPECIFIED.);
#27=B_SPLINE_CURVE_WITH_KNOTS('',3,(#6827,#6828,#6829,#6830,#6831,#6832,
#6833,#6834),.UNSPECIFIED.,.F.,.F.,(4,2,2,4),(-0.148100189388155,-0.129930918085796,
-0.112157408917717,-0.0875634410743716),.UNSPECIFIED.);
#28=B_SPLINE_CURVE_WITH_KNOTS('',3,(#6853,#6854,#6855,#6856,#6857,#6858,
#6859,#6860,#6861,#6862,#6863,#6864,#6865,#6866),.UNSPECIFIED.,.F.,.F.,
(4,2,2,2,2,2,4),(-0.0424269349497482,-0.0354595745998727,-0.0319520999773599,
-0.0251778237414485,-0.0212552838684882,-0.0126342998500734,-3.66942066488962E-7),
 .UNSPECIFIED.);
#29=B_SPLINE_CURVE_WITH_KNOTS('',3,(#6869,#6870,#6871,#6872,#6873,#6874,
#6875,#6876),.UNSPECIFIED.,.F.,.F.,(4,2,2,4),(-0.0426595395308265,-0.0253312666116932,
-0.0128051208607219,-0.000166855453552162),.UNSPECIFIED.);
#30=B_SPLINE_CURVE_WITH_KNOTS('',3,(#6888,#6889,#6890,#6891,#6892,#6893,
#6894,#6895,#6896,#6897,#6898,#6899),.UNSPECIFIED.,.F.,.F.,(4,2,2,2,2,4),
(0.,0.00409549103800985,0.00880104268450485,0.0232212828434773,0.0964147729476478,
0.247337647432408),.UNSPECIFIED.);
#31=B_SPLINE_CURVE_WITH_KNOTS('',3,(#6902,#6903,#6904,#6905,#6906,#6907,
#6908,#6909,#6910,#6911,#6912,#6913),.UNSPECIFIED.,.F.,.F.,(4,2,2,2,2,4),
(9.99999968431208E-7,0.107436401230721,0.159721936424738,0.169965175101623,
0.173302545862716,0.176205901533509),.UNSPECIFIED.);
#32=B_SPLINE_CURVE_WITH_KNOTS('',3,(#6941,#6942,#6943,#6944,#6945,#6946,
#6947,#6948,#6949,#6950),.UNSPECIFIED.,.F.,.F.,(4,2,2,2,4),(-0.0608834539543436,
-0.0463164352360299,-0.03198644600482,-0.0164578841467279,-1.00000018975893E-6),
 .UNSPECIFIED.);
#33=B_SPLINE_CURVE_WITH_KNOTS('',3,(#6952,#6953,#6954,#6955,#6956,#6957),
 .UNSPECIFIED.,.F.,.F.,(4,2,4),(-0.0965920716951432,-0.0474090531556799,
-9.99999455575384E-7),.UNSPECIFIED.);
#34=B_SPLINE_CURVE_WITH_KNOTS('',3,(#6958,#6959,#6960,#6961),
 .UNSPECIFIED.,.F.,.F.,(4,4),(0.155674418180587,0.347948970159812),
 .UNSPECIFIED.);
#35=B_SPLINE_CURVE_WITH_KNOTS('',3,(#6987,#6988,#6989,#6990,#6991,#6992,
#6993,#6994,#6995,#6996,#6997,#6998,#6999,#7000,#7001,#7002,#7003,#7004),
 .UNSPECIFIED.,.F.,.F.,(4,2,2,2,2,2,2,2,4),(0.193855417344692,0.194401991856562,
0.195852445196388,0.19842947661164,0.205834620682923,0.215574972669944,
0.233214660087086,0.273422249648667,0.398729830981283),.UNSPECIFIED.);
#36=B_SPLINE_CURVE_WITH_KNOTS('',3,(#7035,#7036,#7037,#7038,#7039,#7040,
#7041,#7042,#7043,#7044,#7045,#7046),.UNSPECIFIED.,.F.,.F.,(4,2,2,2,2,4),
(-0.0851377541224524,-0.0601554464105409,-0.0423171710623797,-0.0249587662776827,
-0.012559788802154,0.),.UNSPECIFIED.);
#37=B_SPLINE_CURVE_WITH_KNOTS('',3,(#7126,#7127,#7128,#7129),
 .UNSPECIFIED.,.F.,.F.,(4,4),(-0.268473667798902,0.),.UNSPECIFIED.);
#38=B_SPLINE_CURVE_WITH_KNOTS('',3,(#7180,#7181,#7182,#7183),
 .UNSPECIFIED.,.F.,.F.,(4,4),(-0.0565673591465391,0.),.UNSPECIFIED.);
#39=B_SPLINE_CURVE_WITH_KNOTS('',3,(#7749,#7750,#7751,#7752),
 .UNSPECIFIED.,.F.,.F.,(4,4),(0.0597454720037771,0.150531292517227),
 .UNSPECIFIED.);
#40=B_SPLINE_CURVE_WITH_KNOTS('',3,(#7753,#7754,#7755,#7756,#7757,#7758),
 .UNSPECIFIED.,.F.,.F.,(4,2,4),(1.02686434984216E-14,0.0961111376952682,
0.192230896644216),.UNSPECIFIED.);
#41=B_SPLINE_CURVE_WITH_KNOTS('',3,(#7819,#7820,#7821,#7822,#7823,#7824,
#7825,#7826,#7827,#7828,#7829,#7830,#7831,#7832,#7833,#7834,#7835,#7836,
#7837,#7838,#7839,#7840,#7841,#7842),.UNSPECIFIED.,.F.,.F.,(4,2,2,2,2,2,
2,2,2,2,2,4),(-0.895376663574515,-0.870048109845055,-0.844638986160178,
-0.812769563711525,-0.784146985102827,-0.75483870297579,-0.725328198450751,
-0.703307107863736,-0.689258825144656,-0.684986238320392,-0.682329357647043,
-0.681680702942413),.UNSPECIFIED.);
#42=B_SPLINE_CURVE_WITH_KNOTS('',3,(#8146,#8147,#8148,#8149,#8150,#8151,
#8152,#8153,#8154,#8155,#8156,#8157,#8158,#8159,#8160,#8161,#8162,#8163,
#8164,#8165),.UNSPECIFIED.,.F.,.F.,(4,2,2,2,2,2,2,2,2,4),(0.462569959919776,
0.491689321195443,0.530793508970798,0.565141836123858,0.597730062689141,
0.633701768303428,0.67026845588268,0.676760274164232,0.679899585995958,
0.681680336836855),.UNSPECIFIED.);
#43=ELLIPSE('',#4895,15.1340100964075,3.91697004172416);
#44=ELLIPSE('',#4897,15.1340100964079,3.91697004172415);
#45=ELLIPSE('',#4915,8.15224907304593,1.2846845770052);
#46=ELLIPSE('',#5144,1.77888854188351,0.4);
#47=ELLIPSE('',#5145,81.3841507911728,18.3000000000005);
#48=ELLIPSE('',#5148,1.77888854188352,0.4);
#49=ELLIPSE('',#5149,81.3841507911735,18.3000000000005);
#50=ELLIPSE('',#5236,50.9135887295289,1.);
#51=ELLIPSE('',#5237,1.00060954429882,1.);
#52=ELLIPSE('',#5244,50.9135887295288,1.);
#53=ELLIPSE('',#5245,1.00060954429882,1.);
#54=CYLINDRICAL_SURFACE('',#4881,1.65);
#55=CYLINDRICAL_SURFACE('',#4885,1.7);
#56=CYLINDRICAL_SURFACE('',#4889,1.7);
#57=CYLINDRICAL_SURFACE('',#4894,3.91697004172416);
#58=CYLINDRICAL_SURFACE('',#4902,3.5);
#59=CYLINDRICAL_SURFACE('',#4904,3.5);
#60=CYLINDRICAL_SURFACE('',#4910,3.5);
#61=CYLINDRICAL_SURFACE('',#4935,4.);
#62=CYLINDRICAL_SURFACE('',#4938,3.87431840576888);
#63=CYLINDRICAL_SURFACE('',#4958,4.);
#64=CYLINDRICAL_SURFACE('',#4961,8.50000000000001);
#65=CYLINDRICAL_SURFACE('',#4964,4.);
#66=CYLINDRICAL_SURFACE('',#5016,1.7);
#67=CYLINDRICAL_SURFACE('',#5019,2.35);
#68=CYLINDRICAL_SURFACE('',#5031,2.35);
#69=CYLINDRICAL_SURFACE('',#5062,1.7);
#70=CYLINDRICAL_SURFACE('',#5097,1.7);
#71=CYLINDRICAL_SURFACE('',#5155,3.);
#72=CYLINDRICAL_SURFACE('',#5158,4.);
#73=CYLINDRICAL_SURFACE('',#5159,18.3000000000005);
#74=CYLINDRICAL_SURFACE('',#5164,0.4);
#75=CYLINDRICAL_SURFACE('',#5166,1.);
#76=CYLINDRICAL_SURFACE('',#5170,16.3405595361798);
#77=CYLINDRICAL_SURFACE('',#5174,0.4);
#78=CYLINDRICAL_SURFACE('',#5230,17.3000000000005);
#79=CYLINDRICAL_SURFACE('',#5233,1.);
#80=CYLINDRICAL_SURFACE('',#5235,1.);
#81=CYLINDRICAL_SURFACE('',#5243,1.);
#82=CIRCLE('',#4866,1.65);
#83=CIRCLE('',#4867,2.05);
#84=CIRCLE('',#4869,3.47431840576888);
#85=CIRCLE('',#4870,3.6);
#86=CIRCLE('',#4871,8.90000000000001);
#87=CIRCLE('',#4872,3.60000000000001);
#88=CIRCLE('',#4873,3.60000000000001);
#89=CIRCLE('',#4874,2.6);
#90=CIRCLE('',#4875,3.6);
#91=CIRCLE('',#4876,2.09999999999999);
#92=CIRCLE('',#4877,2.74999999999999);
#93=CIRCLE('',#4878,2.74999999999999);
#94=CIRCLE('',#4879,2.09999999999999);
#95=CIRCLE('',#4880,2.1);
#96=CIRCLE('',#4882,1.65);
#97=CIRCLE('',#4884,1.7);
#98=CIRCLE('',#4886,1.7);
#99=CIRCLE('',#4888,1.7);
#100=CIRCLE('',#4890,1.7);
#101=CIRCLE('',#4892,3.91697004172415);
#102=CIRCLE('',#4893,3.44226759820001);
#103=CIRCLE('',#4896,3.91697004172415);
#104=CIRCLE('',#4899,3.87431840576888);
#105=CIRCLE('',#4900,1074.10084819194);
#106=CIRCLE('',#4903,3.5);
#107=CIRCLE('',#4905,3.5);
#108=CIRCLE('',#4907,3.5);
#109=CIRCLE('',#4908,3.);
#110=CIRCLE('',#4909,1.7);
#111=CIRCLE('',#4911,3.5);
#112=CIRCLE('',#4912,34.8489417570493);
#113=CIRCLE('',#4919,3.78372714700427);
#114=CIRCLE('',#4920,4.);
#115=CIRCLE('',#4922,3.40000000000006);
#116=CIRCLE('',#4923,3.40000000000006);
#117=CIRCLE('',#4924,18.3000000000005);
#118=CIRCLE('',#4925,1.);
#119=CIRCLE('',#4926,16.3000000000005);
#120=CIRCLE('',#4927,1.);
#121=CIRCLE('',#4928,18.3000000000005);
#122=CIRCLE('',#4929,3.6);
#123=CIRCLE('',#4930,3.39999999999996);
#124=CIRCLE('',#4931,3.30333209967907);
#125=CIRCLE('',#4932,9.19666790032094);
#126=CIRCLE('',#4933,3.30333209967906);
#127=CIRCLE('',#4936,4.);
#128=CIRCLE('',#4939,3.87431840576888);
#129=CIRCLE('',#4942,145.773710963295);
#130=CIRCLE('',#4946,145.234489106364);
#131=CIRCLE('',#4949,1813.227843846);
#132=CIRCLE('',#4951,4.);
#133=CIRCLE('',#4954,8.50000000000001);
#134=CIRCLE('',#4957,4.);
#135=CIRCLE('',#4959,4.);
#136=CIRCLE('',#4962,8.50000000000001);
#137=CIRCLE('',#4965,4.);
#138=CIRCLE('',#5004,3.);
#139=CIRCLE('',#5008,4.);
#140=CIRCLE('',#5015,1.7);
#141=CIRCLE('',#5018,2.35);
#142=CIRCLE('',#5020,2.35);
#143=CIRCLE('',#5021,2.35);
#144=CIRCLE('',#5022,2.35);
#145=CIRCLE('',#5023,2.35);
#146=CIRCLE('',#5024,2.35);
#147=CIRCLE('',#5025,2.35);
#148=CIRCLE('',#5026,2.35);
#149=CIRCLE('',#5027,2.35);
#150=CIRCLE('',#5028,2.35);
#151=CIRCLE('',#5030,2.35);
#152=CIRCLE('',#5032,2.35);
#153=CIRCLE('',#5033,2.35);
#154=CIRCLE('',#5034,2.35);
#155=CIRCLE('',#5035,2.35);
#156=CIRCLE('',#5036,2.35);
#157=CIRCLE('',#5037,2.35);
#158=CIRCLE('',#5038,2.35);
#159=CIRCLE('',#5039,2.35);
#160=CIRCLE('',#5040,2.35);
#161=CIRCLE('',#5060,1.7);
#162=CIRCLE('',#5061,2.10000218078275);
#163=CIRCLE('',#5063,1.7);
#164=CIRCLE('',#5064,1.7);
#165=CIRCLE('',#5065,1.7);
#166=CIRCLE('',#5066,1.7);
#167=CIRCLE('',#5067,1.7);
#168=CIRCLE('',#5068,1.7);
#169=CIRCLE('',#5069,1.7);
#170=CIRCLE('',#5070,1.7);
#171=CIRCLE('',#5095,1.7);
#172=CIRCLE('',#5096,2.09999923536391);
#173=CIRCLE('',#5098,1.7);
#174=CIRCLE('',#5099,1.7);
#175=CIRCLE('',#5100,1.7);
#176=CIRCLE('',#5101,1.7);
#177=CIRCLE('',#5102,1.7);
#178=CIRCLE('',#5103,1.7);
#179=CIRCLE('',#5104,1.7);
#180=CIRCLE('',#5105,1.7);
#181=CIRCLE('',#5131,2.65605203415498);
#182=CIRCLE('',#5135,3.39999999999996);
#183=CIRCLE('',#5136,3.39999999999996);
#184=CIRCLE('',#5137,2.65605203415488);
#185=CIRCLE('',#5140,34.8490490836212);
#186=CIRCLE('',#5151,4.);
#187=CIRCLE('',#5160,18.3000000000005);
#188=CIRCLE('',#5161,18.3000000000005);
#189=CIRCLE('',#5162,18.3000000000005);
#190=CIRCLE('',#5163,18.3000000000005);
#191=CIRCLE('',#5165,0.4);
#192=CIRCLE('',#5167,1.);
#193=CIRCLE('',#5169,16.3405595361798);
#194=CIRCLE('',#5171,16.3405595361798);
#195=CIRCLE('',#5175,0.4);
#196=CIRCLE('',#5228,1.);
#197=CIRCLE('',#5229,17.3000000000005);
#198=CIRCLE('',#5231,17.3000000000005);
#199=CIRCLE('',#5238,1.);
#200=CIRCLE('',#5242,1.);
#201=CONICAL_SURFACE('',#4865,1.85,0.785398163397456);
#202=CONICAL_SURFACE('',#4883,1.9,0.785398163397439);
#203=CONICAL_SURFACE('',#4887,1.9,0.785398163397431);
#204=CONICAL_SURFACE('',#4898,3.52431840576888,0.261799387799149);
#205=CONICAL_SURFACE('',#4918,3.65000000000001,0.261799387799214);
#206=CONICAL_SURFACE('',#4941,3.67431840576888,0.785398163397446);
#207=CONICAL_SURFACE('',#4950,3.65166604983954,0.261799387799156);
#208=CONICAL_SURFACE('',#4953,8.84833395016048,0.261799387799168);
#209=CONICAL_SURFACE('',#4956,3.65166604983953,0.261799387799157);
#210=CONICAL_SURFACE('',#4968,3.8,0.7853981633974);
#211=CONICAL_SURFACE('',#4970,8.70000000000001,0.785398163397382);
#212=CONICAL_SURFACE('',#4972,3.80000000000001,0.785398163397401);
#213=CONICAL_SURFACE('',#5003,2.8,0.785398163397421);
#214=CONICAL_SURFACE('',#5007,3.80000000000001,0.785398163396867);
#215=CONICAL_SURFACE('',#5009,3.8,0.785398163398809);
#216=CONICAL_SURFACE('',#5014,1.9,0.785398163397403);
#217=CONICAL_SURFACE('',#5017,2.55,0.785398163398436);
#218=CONICAL_SURFACE('',#5029,2.55,0.785398163396473);
#219=CONICAL_SURFACE('',#5059,1.89999999999874,0.785399933581658);
#220=CONICAL_SURFACE('',#5094,1.89999999999874,0.785399933581658);
#221=CONICAL_SURFACE('',#5130,3.40000000000006,0.20943951023932);
#222=CONICAL_SURFACE('',#5134,3.39999999999996,0.20943951023932);
#223=CONICAL_SURFACE('',#5142,3.3,0.226798848053893);
#224=CONICAL_SURFACE('',#5150,3.69999999999998,0.226798848053834);
#225=FACE_BOUND('',#516,.T.);
#226=FACE_BOUND('',#522,.T.);
#227=FACE_BOUND('',#523,.T.);
#228=FACE_BOUND('',#524,.T.);
#229=FACE_BOUND('',#525,.T.);
#230=FACE_BOUND('',#526,.T.);
#231=FACE_BOUND('',#527,.T.);
#232=FACE_BOUND('',#528,.T.);
#233=FACE_BOUND('',#529,.T.);
#234=FACE_BOUND('',#530,.T.);
#235=FACE_BOUND('',#537,.T.);
#236=FACE_BOUND('',#546,.T.);
#237=FACE_BOUND('',#555,.T.);
#238=FACE_BOUND('',#556,.T.);
#239=FACE_BOUND('',#557,.T.);
#240=FACE_BOUND('',#558,.T.);
#241=FACE_BOUND('',#559,.T.);
#242=FACE_BOUND('',#704,.T.);
#243=FACE_BOUND('',#708,.T.);
#244=FACE_BOUND('',#798,.T.);
#245=FACE_OUTER_BOUND('',#513,.T.);
#246=FACE_OUTER_BOUND('',#514,.T.);
#247=FACE_OUTER_BOUND('',#515,.T.);
#248=FACE_OUTER_BOUND('',#517,.T.);
#249=FACE_OUTER_BOUND('',#518,.T.);
#250=FACE_OUTER_BOUND('',#519,.T.);
#251=FACE_OUTER_BOUND('',#520,.T.);
#252=FACE_OUTER_BOUND('',#521,.T.);
#253=FACE_OUTER_BOUND('',#531,.T.);
#254=FACE_OUTER_BOUND('',#532,.T.);
#255=FACE_OUTER_BOUND('',#533,.T.);
#256=FACE_OUTER_BOUND('',#534,.T.);
#257=FACE_OUTER_BOUND('',#535,.T.);
#258=FACE_OUTER_BOUND('',#536,.T.);
#259=FACE_OUTER_BOUND('',#538,.T.);
#260=FACE_OUTER_BOUND('',#539,.T.);
#261=FACE_OUTER_BOUND('',#540,.T.);
#262=FACE_OUTER_BOUND('',#541,.T.);
#263=FACE_OUTER_BOUND('',#542,.T.);
#264=FACE_OUTER_BOUND('',#543,.T.);
#265=FACE_OUTER_BOUND('',#544,.T.);
#266=FACE_OUTER_BOUND('',#545,.T.);
#267=FACE_OUTER_BOUND('',#547,.T.);
#268=FACE_OUTER_BOUND('',#548,.T.);
#269=FACE_OUTER_BOUND('',#549,.T.);
#270=FACE_OUTER_BOUND('',#550,.T.);
#271=FACE_OUTER_BOUND('',#551,.T.);
#272=FACE_OUTER_BOUND('',#552,.T.);
#273=FACE_OUTER_BOUND('',#553,.T.);
#274=FACE_OUTER_BOUND('',#554,.T.);
#275=FACE_OUTER_BOUND('',#560,.T.);
#276=FACE_OUTER_BOUND('',#561,.T.);
#277=FACE_OUTER_BOUND('',#562,.T.);
#278=FACE_OUTER_BOUND('',#563,.T.);
#279=FACE_OUTER_BOUND('',#564,.T.);
#280=FACE_OUTER_BOUND('',#565,.T.);
#281=FACE_OUTER_BOUND('',#566,.T.);
#282=FACE_OUTER_BOUND('',#567,.T.);
#283=FACE_OUTER_BOUND('',#568,.T.);
#284=FACE_OUTER_BOUND('',#569,.T.);
#285=FACE_OUTER_BOUND('',#570,.T.);
#286=FACE_OUTER_BOUND('',#571,.T.);
#287=FACE_OUTER_BOUND('',#572,.T.);
#288=FACE_OUTER_BOUND('',#573,.T.);
#289=FACE_OUTER_BOUND('',#574,.T.);
#290=FACE_OUTER_BOUND('',#575,.T.);
#291=FACE_OUTER_BOUND('',#576,.T.);
#292=FACE_OUTER_BOUND('',#577,.T.);
#293=FACE_OUTER_BOUND('',#578,.T.);
#294=FACE_OUTER_BOUND('',#579,.T.);
#295=FACE_OUTER_BOUND('',#580,.T.);
#296=FACE_OUTER_BOUND('',#581,.T.);
#297=FACE_OUTER_BOUND('',#582,.T.);
#298=FACE_OUTER_BOUND('',#583,.T.);
#299=FACE_OUTER_BOUND('',#584,.T.);
#300=FACE_OUTER_BOUND('',#585,.T.);
#301=FACE_OUTER_BOUND('',#586,.T.);
#302=FACE_OUTER_BOUND('',#587,.T.);
#303=FACE_OUTER_BOUND('',#588,.T.);
#304=FACE_OUTER_BOUND('',#589,.T.);
#305=FACE_OUTER_BOUND('',#590,.T.);
#306=FACE_OUTER_BOUND('',#591,.T.);
#307=FACE_OUTER_BOUND('',#592,.T.);
#308=FACE_OUTER_BOUND('',#593,.T.);
#309=FACE_OUTER_BOUND('',#594,.T.);
#310=FACE_OUTER_BOUND('',#595,.T.);
#311=FACE_OUTER_BOUND('',#596,.T.);
#312=FACE_OUTER_BOUND('',#597,.T.);
#313=FACE_OUTER_BOUND('',#598,.T.);
#314=FACE_OUTER_BOUND('',#599,.T.);
#315=FACE_OUTER_BOUND('',#600,.T.);
#316=FACE_OUTER_BOUND('',#601,.T.);
#317=FACE_OUTER_BOUND('',#602,.T.);
#318=FACE_OUTER_BOUND('',#603,.T.);
#319=FACE_OUTER_BOUND('',#604,.T.);
#320=FACE_OUTER_BOUND('',#605,.T.);
#321=FACE_OUTER_BOUND('',#606,.T.);
#322=FACE_OUTER_BOUND('',#607,.T.);
#323=FACE_OUTER_BOUND('',#608,.T.);
#324=FACE_OUTER_BOUND('',#609,.T.);
#325=FACE_OUTER_BOUND('',#610,.T.);
#326=FACE_OUTER_BOUND('',#611,.T.);
#327=FACE_OUTER_BOUND('',#612,.T.);
#328=FACE_OUTER_BOUND('',#613,.T.);
#329=FACE_OUTER_BOUND('',#614,.T.);
#330=FACE_OUTER_BOUND('',#615,.T.);
#331=FACE_OUTER_BOUND('',#616,.T.);
#332=FACE_OUTER_BOUND('',#617,.T.);
#333=FACE_OUTER_BOUND('',#618,.T.);
#334=FACE_OUTER_BOUND('',#619,.T.);
#335=FACE_OUTER_BOUND('',#620,.T.);
#336=FACE_OUTER_BOUND('',#621,.T.);
#337=FACE_OUTER_BOUND('',#622,.T.);
#338=FACE_OUTER_BOUND('',#623,.T.);
#339=FACE_OUTER_BOUND('',#624,.T.);
#340=FACE_OUTER_BOUND('',#625,.T.);
#341=FACE_OUTER_BOUND('',#626,.T.);
#342=FACE_OUTER_BOUND('',#627,.T.);
#343=FACE_OUTER_BOUND('',#628,.T.);
#344=FACE_OUTER_BOUND('',#629,.T.);
#345=FACE_OUTER_BOUND('',#630,.T.);
#346=FACE_OUTER_BOUND('',#631,.T.);
#347=FACE_OUTER_BOUND('',#632,.T.);
#348=FACE_OUTER_BOUND('',#633,.T.);
#349=FACE_OUTER_BOUND('',#634,.T.);
#350=FACE_OUTER_BOUND('',#635,.T.);
#351=FACE_OUTER_BOUND('',#636,.T.);
#352=FACE_OUTER_BOUND('',#637,.T.);
#353=FACE_OUTER_BOUND('',#638,.T.);
#354=FACE_OUTER_BOUND('',#639,.T.);
#355=FACE_OUTER_BOUND('',#640,.T.);
#356=FACE_OUTER_BOUND('',#641,.T.);
#357=FACE_OUTER_BOUND('',#642,.T.);
#358=FACE_OUTER_BOUND('',#643,.T.);
#359=FACE_OUTER_BOUND('',#644,.T.);
#360=FACE_OUTER_BOUND('',#645,.T.);
#361=FACE_OUTER_BOUND('',#646,.T.);
#362=FACE_OUTER_BOUND('',#647,.T.);
#363=FACE_OUTER_BOUND('',#648,.T.);
#364=FACE_OUTER_BOUND('',#649,.T.);
#365=FACE_OUTER_BOUND('',#650,.T.);
#366=FACE_OUTER_BOUND('',#651,.T.);
#367=FACE_OUTER_BOUND('',#652,.T.);
#368=FACE_OUTER_BOUND('',#653,.T.);
#369=FACE_OUTER_BOUND('',#654,.T.);
#370=FACE_OUTER_BOUND('',#655,.T.);
#371=FACE_OUTER_BOUND('',#656,.T.);
#372=FACE_OUTER_BOUND('',#657,.T.);
#373=FACE_OUTER_BOUND('',#658,.T.);
#374=FACE_OUTER_BOUND('',#659,.T.);
#375=FACE_OUTER_BOUND('',#660,.T.);
#376=FACE_OUTER_BOUND('',#661,.T.);
#377=FACE_OUTER_BOUND('',#662,.T.);
#378=FACE_OUTER_BOUND('',#663,.T.);
#379=FACE_OUTER_BOUND('',#664,.T.);
#380=FACE_OUTER_BOUND('',#665,.T.);
#381=FACE_OUTER_BOUND('',#666,.T.);
#382=FACE_OUTER_BOUND('',#667,.T.);
#383=FACE_OUTER_BOUND('',#668,.T.);
#384=FACE_OUTER_BOUND('',#669,.T.);
#385=FACE_OUTER_BOUND('',#670,.T.);
#386=FACE_OUTER_BOUND('',#671,.T.);
#387=FACE_OUTER_BOUND('',#672,.T.);
#388=FACE_OUTER_BOUND('',#673,.T.);
#389=FACE_OUTER_BOUND('',#674,.T.);
#390=FACE_OUTER_BOUND('',#675,.T.);
#391=FACE_OUTER_BOUND('',#676,.T.);
#392=FACE_OUTER_BOUND('',#677,.T.);
#393=FACE_OUTER_BOUND('',#678,.T.);
#394=FACE_OUTER_BOUND('',#679,.T.);
#395=FACE_OUTER_BOUND('',#680,.T.);
#396=FACE_OUTER_BOUND('',#681,.T.);
#397=FACE_OUTER_BOUND('',#682,.T.);
#398=FACE_OUTER_BOUND('',#683,.T.);
#399=FACE_OUTER_BOUND('',#684,.T.);
#400=FACE_OUTER_BOUND('',#685,.T.);
#401=FACE_OUTER_BOUND('',#686,.T.);
#402=FACE_OUTER_BOUND('',#687,.T.);
#403=FACE_OUTER_BOUND('',#688,.T.);
#404=FACE_OUTER_BOUND('',#689,.T.);
#405=FACE_OUTER_BOUND('',#690,.T.);
#406=FACE_OUTER_BOUND('',#691,.T.);
#407=FACE_OUTER_BOUND('',#692,.T.);
#408=FACE_OUTER_BOUND('',#693,.T.);
#409=FACE_OUTER_BOUND('',#694,.T.);
#410=FACE_OUTER_BOUND('',#695,.T.);
#411=FACE_OUTER_BOUND('',#696,.T.);
#412=FACE_OUTER_BOUND('',#697,.T.);
#413=FACE_OUTER_BOUND('',#698,.T.);
#414=FACE_OUTER_BOUND('',#699,.T.);
#415=FACE_OUTER_BOUND('',#700,.T.);
#416=FACE_OUTER_BOUND('',#701,.T.);
#417=FACE_OUTER_BOUND('',#702,.T.);
#418=FACE_OUTER_BOUND('',#703,.T.);
#419=FACE_OUTER_BOUND('',#705,.T.);
#420=FACE_OUTER_BOUND('',#706,.T.);
#421=FACE_OUTER_BOUND('',#707,.T.);
#422=FACE_OUTER_BOUND('',#709,.T.);
#423=FACE_OUTER_BOUND('',#710,.T.);
#424=FACE_OUTER_BOUND('',#711,.T.);
#425=FACE_OUTER_BOUND('',#712,.T.);
#426=FACE_OUTER_BOUND('',#713,.T.);
#427=FACE_OUTER_BOUND('',#714,.T.);
#428=FACE_OUTER_BOUND('',#715,.T.);
#429=FACE_OUTER_BOUND('',#716,.T.);
#430=FACE_OUTER_BOUND('',#717,.T.);
#431=FACE_OUTER_BOUND('',#718,.T.);
#432=FACE_OUTER_BOUND('',#719,.T.);
#433=FACE_OUTER_BOUND('',#720,.T.);
#434=FACE_OUTER_BOUND('',#721,.T.);
#435=FACE_OUTER_BOUND('',#722,.T.);
#436=FACE_OUTER_BOUND('',#723,.T.);
#437=FACE_OUTER_BOUND('',#724,.T.);
#438=FACE_OUTER_BOUND('',#725,.T.);
#439=FACE_OUTER_BOUND('',#726,.T.);
#440=FACE_OUTER_BOUND('',#727,.T.);
#441=FACE_OUTER_BOUND('',#728,.T.);
#442=FACE_OUTER_BOUND('',#729,.T.);
#443=FACE_OUTER_BOUND('',#730,.T.);
#444=FACE_OUTER_BOUND('',#731,.T.);
#445=FACE_OUTER_BOUND('',#732,.T.);
#446=FACE_OUTER_BOUND('',#733,.T.);
#447=FACE_OUTER_BOUND('',#734,.T.);
#448=FACE_OUTER_BOUND('',#735,.T.);
#449=FACE_OUTER_BOUND('',#736,.T.);
#450=FACE_OUTER_BOUND('',#737,.T.);
#451=FACE_OUTER_BOUND('',#738,.T.);
#452=FACE_OUTER_BOUND('',#739,.T.);
#453=FACE_OUTER_BOUND('',#740,.T.);
#454=FACE_OUTER_BOUND('',#741,.T.);
#455=FACE_OUTER_BOUND('',#742,.T.);
#456=FACE_OUTER_BOUND('',#743,.T.);
#457=FACE_OUTER_BOUND('',#744,.T.);
#458=FACE_OUTER_BOUND('',#745,.T.);
#459=FACE_OUTER_BOUND('',#746,.T.);
#460=FACE_OUTER_BOUND('',#747,.T.);
#461=FACE_OUTER_BOUND('',#748,.T.);
#462=FACE_OUTER_BOUND('',#749,.T.);
#463=FACE_OUTER_BOUND('',#750,.T.);
#464=FACE_OUTER_BOUND('',#751,.T.);
#465=FACE_OUTER_BOUND('',#752,.T.);
#466=FACE_OUTER_BOUND('',#753,.T.);
#467=FACE_OUTER_BOUND('',#754,.T.);
#468=FACE_OUTER_BOUND('',#755,.T.);
#469=FACE_OUTER_BOUND('',#756,.T.);
#470=FACE_OUTER_BOUND('',#757,.T.);
#471=FACE_OUTER_BOUND('',#758,.T.);
#472=FACE_OUTER_BOUND('',#759,.T.);
#473=FACE_OUTER_BOUND('',#760,.T.);
#474=FACE_OUTER_BOUND('',#761,.T.);
#475=FACE_OUTER_BOUND('',#762,.T.);
#476=FACE_OUTER_BOUND('',#763,.T.);
#477=FACE_OUTER_BOUND('',#764,.T.);
#478=FACE_OUTER_BOUND('',#765,.T.);
#479=FACE_OUTER_BOUND('',#766,.T.);
#480=FACE_OUTER_BOUND('',#767,.T.);
#481=FACE_OUTER_BOUND('',#768,.T.);
#482=FACE_OUTER_BOUND('',#769,.T.);
#483=FACE_OUTER_BOUND('',#770,.T.);
#484=FACE_OUTER_BOUND('',#771,.T.);
#485=FACE_OUTER_BOUND('',#772,.T.);
#486=FACE_OUTER_BOUND('',#773,.T.);
#487=FACE_OUTER_BOUND('',#774,.T.);
#488=FACE_OUTER_BOUND('',#775,.T.);
#489=FACE_OUTER_BOUND('',#776,.T.);
#490=FACE_OUTER_BOUND('',#777,.T.);
#491=FACE_OUTER_BOUND('',#778,.T.);
#492=FACE_OUTER_BOUND('',#779,.T.);
#493=FACE_OUTER_BOUND('',#780,.T.);
#494=FACE_OUTER_BOUND('',#781,.T.);
#495=FACE_OUTER_BOUND('',#782,.T.);
#496=FACE_OUTER_BOUND('',#783,.T.);
#497=FACE_OUTER_BOUND('',#784,.T.);
#498=FACE_OUTER_BOUND('',#785,.T.);
#499=FACE_OUTER_BOUND('',#786,.T.);
#500=FACE_OUTER_BOUND('',#787,.T.);
#501=FACE_OUTER_BOUND('',#788,.T.);
#502=FACE_OUTER_BOUND('',#789,.T.);
#503=FACE_OUTER_BOUND('',#790,.T.);
#504=FACE_OUTER_BOUND('',#791,.T.);
#505=FACE_OUTER_BOUND('',#792,.T.);
#506=FACE_OUTER_BOUND('',#793,.T.);
#507=FACE_OUTER_BOUND('',#794,.T.);
#508=FACE_OUTER_BOUND('',#795,.T.);
#509=FACE_OUTER_BOUND('',#796,.T.);
#510=FACE_OUTER_BOUND('',#797,.T.);
#511=FACE_OUTER_BOUND('',#799,.T.);
#512=FACE_OUTER_BOUND('',#800,.T.);
#513=EDGE_LOOP('',(#2989,#2990,#2991,#2992));
#514=EDGE_LOOP('',(#2993,#2994,#2995,#2996));
#515=EDGE_LOOP('',(#2997,#2998,#2999,#3000,#3001,#3002));
#516=EDGE_LOOP('',(#3003,#3004,#3005,#3006));
#517=EDGE_LOOP('',(#3007,#3008,#3009,#3010));
#518=EDGE_LOOP('',(#3011,#3012,#3013,#3014));
#519=EDGE_LOOP('',(#3015,#3016,#3017,#3018));
#520=EDGE_LOOP('',(#3019,#3020,#3021,#3022));
#521=EDGE_LOOP('',(#3023,#3024,#3025,#3026,#3027,#3028,#3029,#3030,#3031,
#3032,#3033,#3034,#3035,#3036,#3037,#3038,#3039,#3040,#3041,#3042,#3043,
#3044,#3045,#3046,#3047));
#522=EDGE_LOOP('',(#3048));
#523=EDGE_LOOP('',(#3049));
#524=EDGE_LOOP('',(#3050,#3051,#3052,#3053));
#525=EDGE_LOOP('',(#3054,#3055,#3056,#3057));
#526=EDGE_LOOP('',(#3058,#3059,#3060,#3061));
#527=EDGE_LOOP('',(#3062));
#528=EDGE_LOOP('',(#3063));
#529=EDGE_LOOP('',(#3064));
#530=EDGE_LOOP('',(#3065));
#531=EDGE_LOOP('',(#3066,#3067,#3068,#3069));
#532=EDGE_LOOP('',(#3070,#3071,#3072,#3073));
#533=EDGE_LOOP('',(#3074,#3075,#3076,#3077));
#534=EDGE_LOOP('',(#3078,#3079,#3080,#3081));
#535=EDGE_LOOP('',(#3082,#3083,#3084,#3085));
#536=EDGE_LOOP('',(#3086,#3087,#3088,#3089));
#537=EDGE_LOOP('',(#3090));
#538=EDGE_LOOP('',(#3091,#3092,#3093,#3094));
#539=EDGE_LOOP('',(#3095,#3096,#3097,#3098));
#540=EDGE_LOOP('',(#3099,#3100,#3101,#3102,#3103,#3104,#3105));
#541=EDGE_LOOP('',(#3106,#3107,#3108));
#542=EDGE_LOOP('',(#3109,#3110,#3111));
#543=EDGE_LOOP('',(#3112,#3113,#3114,#3115));
#544=EDGE_LOOP('',(#3116,#3117,#3118,#3119));
#545=EDGE_LOOP('',(#3120,#3121,#3122,#3123,#3124,#3125,#3126,#3127));
#546=EDGE_LOOP('',(#3128));
#547=EDGE_LOOP('',(#3129,#3130,#3131,#3132));
#548=EDGE_LOOP('',(#3133,#3134,#3135,#3136,#3137,#3138,#3139));
#549=EDGE_LOOP('',(#3140,#3141,#3142,#3143,#3144,#3145));
#550=EDGE_LOOP('',(#3146,#3147,#3148,#3149));
#551=EDGE_LOOP('',(#3150,#3151,#3152,#3153,#3154));
#552=EDGE_LOOP('',(#3155,#3156,#3157,#3158));
#553=EDGE_LOOP('',(#3159,#3160,#3161,#3162));
#554=EDGE_LOOP('',(#3163,#3164,#3165,#3166,#3167,#3168,#3169,#3170,#3171,
#3172,#3173,#3174,#3175,#3176,#3177,#3178,#3179,#3180,#3181,#3182,#3183,
#3184,#3185,#3186,#3187,#3188,#3189,#3190));
#555=EDGE_LOOP('',(#3191));
#556=EDGE_LOOP('',(#3192,#3193,#3194,#3195));
#557=EDGE_LOOP('',(#3196,#3197,#3198,#3199));
#558=EDGE_LOOP('',(#3200,#3201,#3202,#3203));
#559=EDGE_LOOP('',(#3204));
#560=EDGE_LOOP('',(#3205,#3206,#3207,#3208,#3209));
#561=EDGE_LOOP('',(#3210,#3211,#3212,#3213));
#562=EDGE_LOOP('',(#3214,#3215,#3216,#3217,#3218));
#563=EDGE_LOOP('',(#3219,#3220,#3221,#3222));
#564=EDGE_LOOP('',(#3223,#3224,#3225,#3226));
#565=EDGE_LOOP('',(#3227,#3228,#3229,#3230));
#566=EDGE_LOOP('',(#3231,#3232,#3233,#3234));
#567=EDGE_LOOP('',(#3235,#3236,#3237,#3238,#3239));
#568=EDGE_LOOP('',(#3240,#3241,#3242,#3243));
#569=EDGE_LOOP('',(#3244,#3245,#3246,#3247));
#570=EDGE_LOOP('',(#3248,#3249,#3250,#3251));
#571=EDGE_LOOP('',(#3252,#3253,#3254,#3255));
#572=EDGE_LOOP('',(#3256,#3257,#3258,#3259));
#573=EDGE_LOOP('',(#3260,#3261,#3262,#3263));
#574=EDGE_LOOP('',(#3264,#3265,#3266,#3267));
#575=EDGE_LOOP('',(#3268,#3269,#3270,#3271));
#576=EDGE_LOOP('',(#3272,#3273,#3274,#3275));
#577=EDGE_LOOP('',(#3276,#3277,#3278,#3279));
#578=EDGE_LOOP('',(#3280,#3281,#3282,#3283));
#579=EDGE_LOOP('',(#3284,#3285,#3286,#3287));
#580=EDGE_LOOP('',(#3288,#3289,#3290,#3291));
#581=EDGE_LOOP('',(#3292,#3293,#3294,#3295));
#582=EDGE_LOOP('',(#3296,#3297,#3298,#3299));
#583=EDGE_LOOP('',(#3300,#3301,#3302,#3303));
#584=EDGE_LOOP('',(#3304,#3305,#3306,#3307));
#585=EDGE_LOOP('',(#3308,#3309,#3310,#3311));
#586=EDGE_LOOP('',(#3312,#3313,#3314,#3315));
#587=EDGE_LOOP('',(#3316,#3317,#3318,#3319));
#588=EDGE_LOOP('',(#3320,#3321,#3322,#3323));
#589=EDGE_LOOP('',(#3324,#3325,#3326,#3327));
#590=EDGE_LOOP('',(#3328,#3329,#3330,#3331));
#591=EDGE_LOOP('',(#3332,#3333,#3334,#3335));
#592=EDGE_LOOP('',(#3336,#3337,#3338,#3339));
#593=EDGE_LOOP('',(#3340,#3341,#3342,#3343));
#594=EDGE_LOOP('',(#3344,#3345,#3346,#3347));
#595=EDGE_LOOP('',(#3348,#3349,#3350,#3351));
#596=EDGE_LOOP('',(#3352,#3353,#3354,#3355));
#597=EDGE_LOOP('',(#3356,#3357,#3358,#3359));
#598=EDGE_LOOP('',(#3360,#3361,#3362,#3363));
#599=EDGE_LOOP('',(#3364,#3365,#3366,#3367));
#600=EDGE_LOOP('',(#3368,#3369,#3370,#3371));
#601=EDGE_LOOP('',(#3372,#3373,#3374,#3375));
#602=EDGE_LOOP('',(#3376,#3377,#3378,#3379));
#603=EDGE_LOOP('',(#3380,#3381,#3382,#3383));
#604=EDGE_LOOP('',(#3384,#3385,#3386,#3387));
#605=EDGE_LOOP('',(#3388,#3389,#3390,#3391));
#606=EDGE_LOOP('',(#3392,#3393,#3394,#3395));
#607=EDGE_LOOP('',(#3396,#3397,#3398,#3399));
#608=EDGE_LOOP('',(#3400,#3401,#3402,#3403));
#609=EDGE_LOOP('',(#3404,#3405,#3406,#3407));
#610=EDGE_LOOP('',(#3408,#3409,#3410,#3411,#3412));
#611=EDGE_LOOP('',(#3413,#3414,#3415,#3416,#3417,#3418,#3419,#3420,#3421,
#3422));
#612=EDGE_LOOP('',(#3423,#3424,#3425,#3426));
#613=EDGE_LOOP('',(#3427,#3428,#3429,#3430,#3431));
#614=EDGE_LOOP('',(#3432,#3433,#3434,#3435));
#615=EDGE_LOOP('',(#3436,#3437,#3438,#3439));
#616=EDGE_LOOP('',(#3440,#3441,#3442,#3443));
#617=EDGE_LOOP('',(#3444,#3445,#3446,#3447));
#618=EDGE_LOOP('',(#3448,#3449,#3450,#3451));
#619=EDGE_LOOP('',(#3452,#3453,#3454,#3455));
#620=EDGE_LOOP('',(#3456,#3457,#3458,#3459));
#621=EDGE_LOOP('',(#3460,#3461,#3462,#3463));
#622=EDGE_LOOP('',(#3464,#3465,#3466,#3467));
#623=EDGE_LOOP('',(#3468,#3469,#3470,#3471));
#624=EDGE_LOOP('',(#3472,#3473,#3474,#3475,#3476));
#625=EDGE_LOOP('',(#3477,#3478,#3479,#3480,#3481,#3482,#3483));
#626=EDGE_LOOP('',(#3484,#3485,#3486,#3487,#3488,#3489,#3490));
#627=EDGE_LOOP('',(#3491,#3492,#3493,#3494));
#628=EDGE_LOOP('',(#3495,#3496,#3497,#3498));
#629=EDGE_LOOP('',(#3499,#3500,#3501,#3502));
#630=EDGE_LOOP('',(#3503,#3504,#3505,#3506,#3507,#3508,#3509,#3510,#3511,
#3512,#3513,#3514,#3515,#3516,#3517,#3518,#3519,#3520,#3521,#3522));
#631=EDGE_LOOP('',(#3523,#3524,#3525,#3526));
#632=EDGE_LOOP('',(#3527,#3528,#3529,#3530,#3531,#3532,#3533,#3534,#3535,
#3536,#3537,#3538,#3539,#3540,#3541,#3542,#3543,#3544,#3545,#3546));
#633=EDGE_LOOP('',(#3547,#3548,#3549,#3550));
#634=EDGE_LOOP('',(#3551,#3552,#3553,#3554));
#635=EDGE_LOOP('',(#3555,#3556,#3557,#3558));
#636=EDGE_LOOP('',(#3559,#3560,#3561,#3562));
#637=EDGE_LOOP('',(#3563,#3564,#3565,#3566));
#638=EDGE_LOOP('',(#3567,#3568,#3569,#3570));
#639=EDGE_LOOP('',(#3571,#3572,#3573,#3574));
#640=EDGE_LOOP('',(#3575,#3576,#3577,#3578));
#641=EDGE_LOOP('',(#3579,#3580,#3581,#3582));
#642=EDGE_LOOP('',(#3583,#3584,#3585,#3586));
#643=EDGE_LOOP('',(#3587,#3588,#3589,#3590));
#644=EDGE_LOOP('',(#3591,#3592,#3593,#3594));
#645=EDGE_LOOP('',(#3595,#3596,#3597,#3598));
#646=EDGE_LOOP('',(#3599,#3600,#3601,#3602));
#647=EDGE_LOOP('',(#3603,#3604,#3605,#3606));
#648=EDGE_LOOP('',(#3607,#3608,#3609,#3610));
#649=EDGE_LOOP('',(#3611,#3612,#3613,#3614));
#650=EDGE_LOOP('',(#3615,#3616,#3617,#3618));
#651=EDGE_LOOP('',(#3619,#3620,#3621,#3622));
#652=EDGE_LOOP('',(#3623,#3624,#3625,#3626,#3627,#3628,#3629,#3630,#3631,
#3632,#3633));
#653=EDGE_LOOP('',(#3634,#3635,#3636,#3637,#3638,#3639,#3640,#3641,#3642));
#654=EDGE_LOOP('',(#3643,#3644,#3645,#3646,#3647,#3648,#3649,#3650,#3651));
#655=EDGE_LOOP('',(#3652,#3653,#3654,#3655,#3656,#3657,#3658,#3659,#3660));
#656=EDGE_LOOP('',(#3661,#3662,#3663,#3664,#3665));
#657=EDGE_LOOP('',(#3666,#3667,#3668,#3669,#3670));
#658=EDGE_LOOP('',(#3671,#3672,#3673,#3674,#3675));
#659=EDGE_LOOP('',(#3676,#3677,#3678));
#660=EDGE_LOOP('',(#3679,#3680,#3681,#3682,#3683));
#661=EDGE_LOOP('',(#3684,#3685,#3686));
#662=EDGE_LOOP('',(#3687,#3688,#3689));
#663=EDGE_LOOP('',(#3690,#3691,#3692));
#664=EDGE_LOOP('',(#3693,#3694,#3695));
#665=EDGE_LOOP('',(#3696,#3697,#3698));
#666=EDGE_LOOP('',(#3699,#3700,#3701));
#667=EDGE_LOOP('',(#3702,#3703,#3704));
#668=EDGE_LOOP('',(#3705,#3706,#3707,#3708,#3709,#3710,#3711,#3712,#3713));
#669=EDGE_LOOP('',(#3714,#3715,#3716,#3717));
#670=EDGE_LOOP('',(#3718,#3719,#3720,#3721));
#671=EDGE_LOOP('',(#3722,#3723,#3724,#3725));
#672=EDGE_LOOP('',(#3726,#3727,#3728,#3729));
#673=EDGE_LOOP('',(#3730,#3731));
#674=EDGE_LOOP('',(#3732,#3733));
#675=EDGE_LOOP('',(#3734,#3735,#3736));
#676=EDGE_LOOP('',(#3737,#3738,#3739,#3740));
#677=EDGE_LOOP('',(#3741,#3742,#3743,#3744,#3745,#3746,#3747,#3748,#3749,
#3750,#3751));
#678=EDGE_LOOP('',(#3752,#3753,#3754,#3755,#3756,#3757,#3758,#3759,#3760));
#679=EDGE_LOOP('',(#3761,#3762,#3763,#3764,#3765,#3766,#3767,#3768,#3769));
#680=EDGE_LOOP('',(#3770,#3771,#3772,#3773,#3774,#3775,#3776,#3777,#3778));
#681=EDGE_LOOP('',(#3779,#3780,#3781,#3782,#3783));
#682=EDGE_LOOP('',(#3784,#3785,#3786,#3787,#3788));
#683=EDGE_LOOP('',(#3789,#3790,#3791,#3792,#3793));
#684=EDGE_LOOP('',(#3794,#3795,#3796));
#685=EDGE_LOOP('',(#3797,#3798,#3799,#3800,#3801));
#686=EDGE_LOOP('',(#3802,#3803,#3804));
#687=EDGE_LOOP('',(#3805,#3806,#3807));
#688=EDGE_LOOP('',(#3808,#3809,#3810));
#689=EDGE_LOOP('',(#3811,#3812,#3813));
#690=EDGE_LOOP('',(#3814,#3815,#3816));
#691=EDGE_LOOP('',(#3817,#3818,#3819));
#692=EDGE_LOOP('',(#3820,#3821,#3822));
#693=EDGE_LOOP('',(#3823,#3824,#3825,#3826,#3827,#3828,#3829,#3830,#3831));
#694=EDGE_LOOP('',(#3832,#3833,#3834,#3835));
#695=EDGE_LOOP('',(#3836,#3837,#3838,#3839));
#696=EDGE_LOOP('',(#3840,#3841,#3842,#3843));
#697=EDGE_LOOP('',(#3844,#3845,#3846,#3847));
#698=EDGE_LOOP('',(#3848,#3849));
#699=EDGE_LOOP('',(#3850,#3851));
#700=EDGE_LOOP('',(#3852,#3853,#3854));
#701=EDGE_LOOP('',(#3855,#3856));
#702=EDGE_LOOP('',(#3857,#3858,#3859,#3860,#3861,#3862,#3863,#3864));
#703=EDGE_LOOP('',(#3865));
#704=EDGE_LOOP('',(#3866));
#705=EDGE_LOOP('',(#3867,#3868));
#706=EDGE_LOOP('',(#3869,#3870,#3871,#3872,#3873,#3874));
#707=EDGE_LOOP('',(#3875));
#708=EDGE_LOOP('',(#3876));
#709=EDGE_LOOP('',(#3877,#3878,#3879));
#710=EDGE_LOOP('',(#3880,#3881,#3882,#3883,#3884,#3885,#3886));
#711=EDGE_LOOP('',(#3887,#3888,#3889));
#712=EDGE_LOOP('',(#3890,#3891,#3892,#3893));
#713=EDGE_LOOP('',(#3894,#3895,#3896,#3897,#3898));
#714=EDGE_LOOP('',(#3899,#3900,#3901,#3902));
#715=EDGE_LOOP('',(#3903,#3904,#3905,#3906,#3907));
#716=EDGE_LOOP('',(#3908,#3909,#3910,#3911,#3912));
#717=EDGE_LOOP('',(#3913,#3914,#3915,#3916,#3917));
#718=EDGE_LOOP('',(#3918,#3919,#3920,#3921));
#719=EDGE_LOOP('',(#3922,#3923,#3924,#3925,#3926,#3927));
#720=EDGE_LOOP('',(#3928,#3929,#3930,#3931));
#721=EDGE_LOOP('',(#3932,#3933,#3934,#3935,#3936,#3937));
#722=EDGE_LOOP('',(#3938,#3939,#3940,#3941,#3942,#3943,#3944));
#723=EDGE_LOOP('',(#3945,#3946,#3947,#3948));
#724=EDGE_LOOP('',(#3949,#3950,#3951,#3952,#3953,#3954,#3955,#3956,#3957,
#3958,#3959,#3960,#3961,#3962));
#725=EDGE_LOOP('',(#3963,#3964,#3965,#3966));
#726=EDGE_LOOP('',(#3967,#3968,#3969,#3970,#3971));
#727=EDGE_LOOP('',(#3972,#3973,#3974,#3975));
#728=EDGE_LOOP('',(#3976,#3977,#3978,#3979));
#729=EDGE_LOOP('',(#3980,#3981,#3982,#3983));
#730=EDGE_LOOP('',(#3984,#3985,#3986,#3987,#3988,#3989));
#731=EDGE_LOOP('',(#3990,#3991,#3992,#3993));
#732=EDGE_LOOP('',(#3994,#3995,#3996,#3997));
#733=EDGE_LOOP('',(#3998,#3999,#4000,#4001));
#734=EDGE_LOOP('',(#4002,#4003,#4004,#4005,#4006,#4007));
#735=EDGE_LOOP('',(#4008,#4009,#4010,#4011));
#736=EDGE_LOOP('',(#4012,#4013,#4014,#4015));
#737=EDGE_LOOP('',(#4016,#4017,#4018,#4019,#4020,#4021));
#738=EDGE_LOOP('',(#4022,#4023,#4024,#4025,#4026,#4027,#4028,#4029,#4030,
#4031,#4032,#4033));
#739=EDGE_LOOP('',(#4034,#4035,#4036,#4037));
#740=EDGE_LOOP('',(#4038,#4039,#4040,#4041));
#741=EDGE_LOOP('',(#4042,#4043,#4044,#4045));
#742=EDGE_LOOP('',(#4046,#4047,#4048,#4049));
#743=EDGE_LOOP('',(#4050,#4051,#4052,#4053,#4054,#4055,#4056,#4057,#4058,
#4059,#4060,#4061));
#744=EDGE_LOOP('',(#4062,#4063,#4064,#4065));
#745=EDGE_LOOP('',(#4066,#4067,#4068,#4069));
#746=EDGE_LOOP('',(#4070,#4071,#4072,#4073));
#747=EDGE_LOOP('',(#4074,#4075,#4076,#4077));
#748=EDGE_LOOP('',(#4078,#4079,#4080,#4081,#4082));
#749=EDGE_LOOP('',(#4083,#4084,#4085,#4086));
#750=EDGE_LOOP('',(#4087,#4088,#4089,#4090,#4091));
#751=EDGE_LOOP('',(#4092,#4093,#4094,#4095));
#752=EDGE_LOOP('',(#4096,#4097,#4098,#4099));
#753=EDGE_LOOP('',(#4100,#4101,#4102,#4103));
#754=EDGE_LOOP('',(#4104,#4105,#4106,#4107));
#755=EDGE_LOOP('',(#4108,#4109,#4110,#4111,#4112,#4113,#4114,#4115));
#756=EDGE_LOOP('',(#4116,#4117,#4118,#4119));
#757=EDGE_LOOP('',(#4120,#4121,#4122,#4123));
#758=EDGE_LOOP('',(#4124,#4125,#4126,#4127,#4128));
#759=EDGE_LOOP('',(#4129,#4130,#4131,#4132));
#760=EDGE_LOOP('',(#4133,#4134,#4135,#4136,#4137));
#761=EDGE_LOOP('',(#4138,#4139,#4140,#4141));
#762=EDGE_LOOP('',(#4142,#4143,#4144,#4145,#4146,#4147,#4148,#4149,#4150,
#4151,#4152,#4153));
#763=EDGE_LOOP('',(#4154,#4155,#4156,#4157,#4158));
#764=EDGE_LOOP('',(#4159,#4160,#4161,#4162,#4163));
#765=EDGE_LOOP('',(#4164,#4165,#4166,#4167));
#766=EDGE_LOOP('',(#4168,#4169,#4170,#4171));
#767=EDGE_LOOP('',(#4172,#4173,#4174,#4175));
#768=EDGE_LOOP('',(#4176,#4177,#4178,#4179));
#769=EDGE_LOOP('',(#4180,#4181,#4182,#4183));
#770=EDGE_LOOP('',(#4184,#4185,#4186,#4187,#4188,#4189,#4190,#4191));
#771=EDGE_LOOP('',(#4192,#4193,#4194,#4195));
#772=EDGE_LOOP('',(#4196,#4197,#4198,#4199));
#773=EDGE_LOOP('',(#4200,#4201,#4202,#4203,#4204));
#774=EDGE_LOOP('',(#4205,#4206,#4207,#4208));
#775=EDGE_LOOP('',(#4209,#4210,#4211,#4212,#4213));
#776=EDGE_LOOP('',(#4214,#4215,#4216,#4217));
#777=EDGE_LOOP('',(#4218,#4219,#4220,#4221));
#778=EDGE_LOOP('',(#4222,#4223,#4224,#4225,#4226));
#779=EDGE_LOOP('',(#4227,#4228,#4229,#4230,#4231));
#780=EDGE_LOOP('',(#4232,#4233,#4234,#4235));
#781=EDGE_LOOP('',(#4236,#4237,#4238,#4239));
#782=EDGE_LOOP('',(#4240,#4241,#4242,#4243));
#783=EDGE_LOOP('',(#4244,#4245,#4246,#4247));
#784=EDGE_LOOP('',(#4248,#4249,#4250,#4251));
#785=EDGE_LOOP('',(#4252,#4253,#4254,#4255));
#786=EDGE_LOOP('',(#4256,#4257,#4258,#4259,#4260));
#787=EDGE_LOOP('',(#4261,#4262,#4263,#4264));
#788=EDGE_LOOP('',(#4265,#4266,#4267,#4268));
#789=EDGE_LOOP('',(#4269,#4270,#4271,#4272,#4273,#4274,#4275,#4276,#4277,
#4278));
#790=EDGE_LOOP('',(#4279,#4280,#4281,#4282,#4283,#4284));
#791=EDGE_LOOP('',(#4285,#4286,#4287,#4288,#4289,#4290,#4291,#4292,#4293,
#4294));
#792=EDGE_LOOP('',(#4295,#4296,#4297,#4298));
#793=EDGE_LOOP('',(#4299,#4300,#4301,#4302,#4303,#4304,#4305,#4306,#4307,
#4308,#4309,#4310,#4311,#4312,#4313,#4314,#4315,#4316,#4317,#4318,#4319,
#4320,#4321,#4322,#4323,#4324,#4325,#4326));
#794=EDGE_LOOP('',(#4327,#4328,#4329,#4330,#4331,#4332));
#795=EDGE_LOOP('',(#4333,#4334,#4335,#4336));
#796=EDGE_LOOP('',(#4337,#4338,#4339,#4340,#4341,#4342,#4343,#4344));
#797=EDGE_LOOP('',(#4345,#4346,#4347,#4348,#4349,#4350,#4351,#4352));
#798=EDGE_LOOP('',(#4353,#4354,#4355,#4356));
#799=EDGE_LOOP('',(#4357,#4358,#4359,#4360));
#800=EDGE_LOOP('',(#4361,#4362,#4363,#4364));
#801=LINE('',#6592,#1340);
#802=LINE('',#6594,#1341);
#803=LINE('',#6596,#1342);
#804=LINE('',#6597,#1343);
#805=LINE('',#6600,#1344);
#806=LINE('',#6602,#1345);
#807=LINE('',#6603,#1346);
#808=LINE('',#6607,#1347);
#809=LINE('',#6609,#1348);
#810=LINE('',#6611,#1349);
#811=LINE('',#6613,#1350);
#812=LINE('',#6615,#1351);
#813=LINE('',#6616,#1352);
#814=LINE('',#6618,#1353);
#815=LINE('',#6620,#1354);
#816=LINE('',#6621,#1355);
#817=LINE('',#6623,#1356);
#818=LINE('',#6625,#1357);
#819=LINE('',#6631,#1358);
#820=LINE('',#6636,#1359);
#821=LINE('',#6640,#1360);
#822=LINE('',#6642,#1361);
#823=LINE('',#6646,#1362);
#824=LINE('',#6650,#1363);
#825=LINE('',#6654,#1364);
#826=LINE('',#6656,#1365);
#827=LINE('',#6660,#1366);
#828=LINE('',#6662,#1367);
#829=LINE('',#6666,#1368);
#830=LINE('',#6668,#1369);
#831=LINE('',#6670,#1370);
#832=LINE('',#6672,#1371);
#833=LINE('',#6674,#1372);
#834=LINE('',#6676,#1373);
#835=LINE('',#6678,#1374);
#836=LINE('',#6680,#1375);
#837=LINE('',#6682,#1376);
#838=LINE('',#6690,#1377);
#839=LINE('',#6692,#1378);
#840=LINE('',#6694,#1379);
#841=LINE('',#6695,#1380);
#842=LINE('',#6698,#1381);
#843=LINE('',#6700,#1382);
#844=LINE('',#6702,#1383);
#845=LINE('',#6703,#1384);
#846=LINE('',#6706,#1385);
#847=LINE('',#6708,#1386);
#848=LINE('',#6710,#1387);
#849=LINE('',#6711,#1388);
#850=LINE('',#6721,#1389);
#851=LINE('',#6725,#1390);
#852=LINE('',#6729,#1391);
#853=LINE('',#6733,#1392);
#854=LINE('',#6737,#1393);
#855=LINE('',#6741,#1394);
#856=LINE('',#6745,#1395);
#857=LINE('',#6755,#1396);
#858=LINE('',#6761,#1397);
#859=LINE('',#6763,#1398);
#860=LINE('',#6765,#1399);
#861=LINE('',#6766,#1400);
#862=LINE('',#6779,#1401);
#863=LINE('',#6791,#1402);
#864=LINE('',#6835,#1403);
#865=LINE('',#6868,#1404);
#866=LINE('',#6880,#1405);
#867=LINE('',#6883,#1406);
#868=LINE('',#6964,#1407);
#869=LINE('',#6966,#1408);
#870=LINE('',#6967,#1409);
#871=LINE('',#6972,#1410);
#872=LINE('',#6973,#1411);
#873=LINE('',#6977,#1412);
#874=LINE('',#6979,#1413);
#875=LINE('',#6981,#1414);
#876=LINE('',#6983,#1415);
#877=LINE('',#6984,#1416);
#878=LINE('',#7006,#1417);
#879=LINE('',#7007,#1418);
#880=LINE('',#7016,#1419);
#881=LINE('',#7018,#1420);
#882=LINE('',#7030,#1421);
#883=LINE('',#7031,#1422);
#884=LINE('',#7048,#1423);
#885=LINE('',#7052,#1424);
#886=LINE('',#7054,#1425);
#887=LINE('',#7058,#1426);
#888=LINE('',#7062,#1427);
#889=LINE('',#7065,#1428);
#890=LINE('',#7068,#1429);
#891=LINE('',#7070,#1430);
#892=LINE('',#7072,#1431);
#893=LINE('',#7073,#1432);
#894=LINE('',#7076,#1433);
#895=LINE('',#7078,#1434);
#896=LINE('',#7080,#1435);
#897=LINE('',#7081,#1436);
#898=LINE('',#7084,#1437);
#899=LINE('',#7086,#1438);
#900=LINE('',#7088,#1439);
#901=LINE('',#7089,#1440);
#902=LINE('',#7092,#1441);
#903=LINE('',#7094,#1442);
#904=LINE('',#7095,#1443);
#905=LINE('',#7098,#1444);
#906=LINE('',#7102,#1445);
#907=LINE('',#7103,#1446);
#908=LINE('',#7106,#1447);
#909=LINE('',#7110,#1448);
#910=LINE('',#7111,#1449);
#911=LINE('',#7112,#1450);
#912=LINE('',#7116,#1451);
#913=LINE('',#7119,#1452);
#914=LINE('',#7121,#1453);
#915=LINE('',#7122,#1454);
#916=LINE('',#7132,#1455);
#917=LINE('',#7134,#1456);
#918=LINE('',#7139,#1457);
#919=LINE('',#7142,#1458);
#920=LINE('',#7143,#1459);
#921=LINE('',#7147,#1460);
#922=LINE('',#7150,#1461);
#923=LINE('',#7151,#1462);
#924=LINE('',#7156,#1463);
#925=LINE('',#7160,#1464);
#926=LINE('',#7161,#1465);
#927=LINE('',#7164,#1466);
#928=LINE('',#7168,#1467);
#929=LINE('',#7169,#1468);
#930=LINE('',#7172,#1469);
#931=LINE('',#7176,#1470);
#932=LINE('',#7177,#1471);
#933=LINE('',#7179,#1472);
#934=LINE('',#7185,#1473);
#935=LINE('',#7187,#1474);
#936=LINE('',#7189,#1475);
#937=LINE('',#7191,#1476);
#938=LINE('',#7195,#1477);
#939=LINE('',#7196,#1478);
#940=LINE('',#7199,#1479);
#941=LINE('',#7200,#1480);
#942=LINE('',#7202,#1481);
#943=LINE('',#7205,#1482);
#944=LINE('',#7207,#1483);
#945=LINE('',#7208,#1484);
#946=LINE('',#7211,#1485);
#947=LINE('',#7212,#1486);
#948=LINE('',#7215,#1487);
#949=LINE('',#7216,#1488);
#950=LINE('',#7218,#1489);
#951=LINE('',#7221,#1490);
#952=LINE('',#7223,#1491);
#953=LINE('',#7224,#1492);
#954=LINE('',#7227,#1493);
#955=LINE('',#7228,#1494);
#956=LINE('',#7231,#1495);
#957=LINE('',#7233,#1496);
#958=LINE('',#7234,#1497);
#959=LINE('',#7237,#1498);
#960=LINE('',#7239,#1499);
#961=LINE('',#7240,#1500);
#962=LINE('',#7242,#1501);
#963=LINE('',#7244,#1502);
#964=LINE('',#7247,#1503);
#965=LINE('',#7249,#1504);
#966=LINE('',#7250,#1505);
#967=LINE('',#7253,#1506);
#968=LINE('',#7254,#1507);
#969=LINE('',#7257,#1508);
#970=LINE('',#7259,#1509);
#971=LINE('',#7260,#1510);
#972=LINE('',#7263,#1511);
#973=LINE('',#7264,#1512);
#974=LINE('',#7267,#1513);
#975=LINE('',#7268,#1514);
#976=LINE('',#7270,#1515);
#977=LINE('',#7273,#1516);
#978=LINE('',#7275,#1517);
#979=LINE('',#7276,#1518);
#980=LINE('',#7279,#1519);
#981=LINE('',#7280,#1520);
#982=LINE('',#7283,#1521);
#983=LINE('',#7285,#1522);
#984=LINE('',#7286,#1523);
#985=LINE('',#7289,#1524);
#986=LINE('',#7291,#1525);
#987=LINE('',#7292,#1526);
#988=LINE('',#7295,#1527);
#989=LINE('',#7297,#1528);
#990=LINE('',#7299,#1529);
#991=LINE('',#7301,#1530);
#992=LINE('',#7303,#1531);
#993=LINE('',#7305,#1532);
#994=LINE('',#7307,#1533);
#995=LINE('',#7308,#1534);
#996=LINE('',#7311,#1535);
#997=LINE('',#7313,#1536);
#998=LINE('',#7314,#1537);
#999=LINE('',#7317,#1538);
#1000=LINE('',#7318,#1539);
#1001=LINE('',#7320,#1540);
#1002=LINE('',#7321,#1541);
#1003=LINE('',#7323,#1542);
#1004=LINE('',#7326,#1543);
#1005=LINE('',#7327,#1544);
#1006=LINE('',#7330,#1545);
#1007=LINE('',#7331,#1546);
#1008=LINE('',#7334,#1547);
#1009=LINE('',#7338,#1548);
#1010=LINE('',#7339,#1549);
#1011=LINE('',#7342,#1550);
#1012=LINE('',#7343,#1551);
#1013=LINE('',#7347,#1552);
#1014=LINE('',#7351,#1553);
#1015=LINE('',#7352,#1554);
#1016=LINE('',#7355,#1555);
#1017=LINE('',#7357,#1556);
#1018=LINE('',#7359,#1557);
#1019=LINE('',#7360,#1558);
#1020=LINE('',#7363,#1559);
#1021=LINE('',#7365,#1560);
#1022=LINE('',#7367,#1561);
#1023=LINE('',#7369,#1562);
#1024=LINE('',#7370,#1563);
#1025=LINE('',#7374,#1564);
#1026=LINE('',#7376,#1565);
#1027=LINE('',#7380,#1566);
#1028=LINE('',#7383,#1567);
#1029=LINE('',#7387,#1568);
#1030=LINE('',#7391,#1569);
#1031=LINE('',#7395,#1570);
#1032=LINE('',#7399,#1571);
#1033=LINE('',#7403,#1572);
#1034=LINE('',#7407,#1573);
#1035=LINE('',#7411,#1574);
#1036=LINE('',#7415,#1575);
#1037=LINE('',#7420,#1576);
#1038=LINE('',#7423,#1577);
#1039=LINE('',#7427,#1578);
#1040=LINE('',#7431,#1579);
#1041=LINE('',#7435,#1580);
#1042=LINE('',#7439,#1581);
#1043=LINE('',#7443,#1582);
#1044=LINE('',#7447,#1583);
#1045=LINE('',#7451,#1584);
#1046=LINE('',#7455,#1585);
#1047=LINE('',#7458,#1586);
#1048=LINE('',#7459,#1587);
#1049=LINE('',#7462,#1588);
#1050=LINE('',#7463,#1589);
#1051=LINE('',#7465,#1590);
#1052=LINE('',#7467,#1591);
#1053=LINE('',#7469,#1592);
#1054=LINE('',#7470,#1593);
#1055=LINE('',#7472,#1594);
#1056=LINE('',#7475,#1595);
#1057=LINE('',#7476,#1596);
#1058=LINE('',#7478,#1597);
#1059=LINE('',#7480,#1598);
#1060=LINE('',#7482,#1599);
#1061=LINE('',#7483,#1600);
#1062=LINE('',#7486,#1601);
#1063=LINE('',#7487,#1602);
#1064=LINE('',#7489,#1603);
#1065=LINE('',#7491,#1604);
#1066=LINE('',#7493,#1605);
#1067=LINE('',#7497,#1606);
#1068=LINE('',#7503,#1607);
#1069=LINE('',#7522,#1608);
#1070=LINE('',#7525,#1609);
#1071=LINE('',#7527,#1610);
#1072=LINE('',#7528,#1611);
#1073=LINE('',#7529,#1612);
#1074=LINE('',#7531,#1613);
#1075=LINE('',#7533,#1614);
#1076=LINE('',#7534,#1615);
#1077=LINE('',#7537,#1616);
#1078=LINE('',#7539,#1617);
#1079=LINE('',#7540,#1618);
#1080=LINE('',#7541,#1619);
#1081=LINE('',#7543,#1620);
#1082=LINE('',#7545,#1621);
#1083=LINE('',#7546,#1622);
#1084=LINE('',#7549,#1623);
#1085=LINE('',#7551,#1624);
#1086=LINE('',#7552,#1625);
#1087=LINE('',#7553,#1626);
#1088=LINE('',#7555,#1627);
#1089=LINE('',#7557,#1628);
#1090=LINE('',#7558,#1629);
#1091=LINE('',#7561,#1630);
#1092=LINE('',#7563,#1631);
#1093=LINE('',#7564,#1632);
#1094=LINE('',#7565,#1633);
#1095=LINE('',#7567,#1634);
#1096=LINE('',#7569,#1635);
#1097=LINE('',#7571,#1636);
#1098=LINE('',#7572,#1637);
#1099=LINE('',#7574,#1638);
#1100=LINE('',#7575,#1639);
#1101=LINE('',#7576,#1640);
#1102=LINE('',#7578,#1641);
#1103=LINE('',#7580,#1642);
#1104=LINE('',#7581,#1643);
#1105=LINE('',#7585,#1644);
#1106=LINE('',#7587,#1645);
#1107=LINE('',#7592,#1646);
#1108=LINE('',#7593,#1647);
#1109=LINE('',#7594,#1648);
#1110=LINE('',#7606,#1649);
#1111=LINE('',#7625,#1650);
#1112=LINE('',#7628,#1651);
#1113=LINE('',#7630,#1652);
#1114=LINE('',#7631,#1653);
#1115=LINE('',#7632,#1654);
#1116=LINE('',#7634,#1655);
#1117=LINE('',#7636,#1656);
#1118=LINE('',#7637,#1657);
#1119=LINE('',#7640,#1658);
#1120=LINE('',#7642,#1659);
#1121=LINE('',#7643,#1660);
#1122=LINE('',#7644,#1661);
#1123=LINE('',#7646,#1662);
#1124=LINE('',#7648,#1663);
#1125=LINE('',#7649,#1664);
#1126=LINE('',#7652,#1665);
#1127=LINE('',#7654,#1666);
#1128=LINE('',#7655,#1667);
#1129=LINE('',#7656,#1668);
#1130=LINE('',#7658,#1669);
#1131=LINE('',#7660,#1670);
#1132=LINE('',#7661,#1671);
#1133=LINE('',#7664,#1672);
#1134=LINE('',#7666,#1673);
#1135=LINE('',#7667,#1674);
#1136=LINE('',#7668,#1675);
#1137=LINE('',#7670,#1676);
#1138=LINE('',#7672,#1677);
#1139=LINE('',#7674,#1678);
#1140=LINE('',#7675,#1679);
#1141=LINE('',#7677,#1680);
#1142=LINE('',#7678,#1681);
#1143=LINE('',#7679,#1682);
#1144=LINE('',#7681,#1683);
#1145=LINE('',#7683,#1684);
#1146=LINE('',#7684,#1685);
#1147=LINE('',#7688,#1686);
#1148=LINE('',#7690,#1687);
#1149=LINE('',#7695,#1688);
#1150=LINE('',#7696,#1689);
#1151=LINE('',#7697,#1690);
#1152=LINE('',#7708,#1691);
#1153=LINE('',#7717,#1692);
#1154=LINE('',#7722,#1693);
#1155=LINE('',#7723,#1694);
#1156=LINE('',#7762,#1695);
#1157=LINE('',#7763,#1696);
#1158=LINE('',#7769,#1697);
#1159=LINE('',#7774,#1698);
#1160=LINE('',#7778,#1699);
#1161=LINE('',#7781,#1700);
#1162=LINE('',#7783,#1701);
#1163=LINE('',#7784,#1702);
#1164=LINE('',#7786,#1703);
#1165=LINE('',#7788,#1704);
#1166=LINE('',#7790,#1705);
#1167=LINE('',#7795,#1706);
#1168=LINE('',#7799,#1707);
#1169=LINE('',#7803,#1708);
#1170=LINE('',#7806,#1709);
#1171=LINE('',#7808,#1710);
#1172=LINE('',#7811,#1711);
#1173=LINE('',#7818,#1712);
#1174=LINE('',#7845,#1713);
#1175=LINE('',#7848,#1714);
#1176=LINE('',#7851,#1715);
#1177=LINE('',#7854,#1716);
#1178=LINE('',#7857,#1717);
#1179=LINE('',#7858,#1718);
#1180=LINE('',#7861,#1719);
#1181=LINE('',#7863,#1720);
#1182=LINE('',#7865,#1721);
#1183=LINE('',#7867,#1722);
#1184=LINE('',#7868,#1723);
#1185=LINE('',#7874,#1724);
#1186=LINE('',#7876,#1725);
#1187=LINE('',#7878,#1726);
#1188=LINE('',#7879,#1727);
#1189=LINE('',#7882,#1728);
#1190=LINE('',#7883,#1729);
#1191=LINE('',#7886,#1730);
#1192=LINE('',#7888,#1731);
#1193=LINE('',#7889,#1732);
#1194=LINE('',#7892,#1733);
#1195=LINE('',#7893,#1734);
#1196=LINE('',#7897,#1735);
#1197=LINE('',#7898,#1736);
#1198=LINE('',#7899,#1737);
#1199=LINE('',#7902,#1738);
#1200=LINE('',#7903,#1739);
#1201=LINE('',#7907,#1740);
#1202=LINE('',#7909,#1741);
#1203=LINE('',#7911,#1742);
#1204=LINE('',#7913,#1743);
#1205=LINE('',#7915,#1744);
#1206=LINE('',#7917,#1745);
#1207=LINE('',#7919,#1746);
#1208=LINE('',#7921,#1747);
#1209=LINE('',#7923,#1748);
#1210=LINE('',#7925,#1749);
#1211=LINE('',#7927,#1750);
#1212=LINE('',#7928,#1751);
#1213=LINE('',#7932,#1752);
#1214=LINE('',#7934,#1753);
#1215=LINE('',#7936,#1754);
#1216=LINE('',#7937,#1755);
#1217=LINE('',#7941,#1756);
#1218=LINE('',#7943,#1757);
#1219=LINE('',#7945,#1758);
#1220=LINE('',#7946,#1759);
#1221=LINE('',#7950,#1760);
#1222=LINE('',#7952,#1761);
#1223=LINE('',#7954,#1762);
#1224=LINE('',#7955,#1763);
#1225=LINE('',#7957,#1764);
#1226=LINE('',#7958,#1765);
#1227=LINE('',#7962,#1766);
#1228=LINE('',#7964,#1767);
#1229=LINE('',#7966,#1768);
#1230=LINE('',#7967,#1769);
#1231=LINE('',#7969,#1770);
#1232=LINE('',#7971,#1771);
#1233=LINE('',#7973,#1772);
#1234=LINE('',#7975,#1773);
#1235=LINE('',#7976,#1774);
#1236=LINE('',#7980,#1775);
#1237=LINE('',#7981,#1776);
#1238=LINE('',#7982,#1777);
#1239=LINE('',#7984,#1778);
#1240=LINE('',#7988,#1779);
#1241=LINE('',#7990,#1780);
#1242=LINE('',#7992,#1781);
#1243=LINE('',#7993,#1782);
#1244=LINE('',#7996,#1783);
#1245=LINE('',#7997,#1784);
#1246=LINE('',#7998,#1785);
#1247=LINE('',#8001,#1786);
#1248=LINE('',#8003,#1787);
#1249=LINE('',#8004,#1788);
#1250=LINE('',#8005,#1789);
#1251=LINE('',#8008,#1790);
#1252=LINE('',#8009,#1791);
#1253=LINE('',#8012,#1792);
#1254=LINE('',#8014,#1793);
#1255=LINE('',#8015,#1794);
#1256=LINE('',#8017,#1795);
#1257=LINE('',#8022,#1796);
#1258=LINE('',#8023,#1797);
#1259=LINE('',#8024,#1798);
#1260=LINE('',#8027,#1799);
#1261=LINE('',#8028,#1800);
#1262=LINE('',#8032,#1801);
#1263=LINE('',#8034,#1802);
#1264=LINE('',#8035,#1803);
#1265=LINE('',#8036,#1804);
#1266=LINE('',#8038,#1805);
#1267=LINE('',#8040,#1806);
#1268=LINE('',#8041,#1807);
#1269=LINE('',#8043,#1808);
#1270=LINE('',#8045,#1809);
#1271=LINE('',#8047,#1810);
#1272=LINE('',#8049,#1811);
#1273=LINE('',#8053,#1812);
#1274=LINE('',#8055,#1813);
#1275=LINE('',#8057,#1814);
#1276=LINE('',#8059,#1815);
#1277=LINE('',#8061,#1816);
#1278=LINE('',#8062,#1817);
#1279=LINE('',#8063,#1818);
#1280=LINE('',#8066,#1819);
#1281=LINE('',#8068,#1820);
#1282=LINE('',#8069,#1821);
#1283=LINE('',#8070,#1822);
#1284=LINE('',#8074,#1823);
#1285=LINE('',#8075,#1824);
#1286=LINE('',#8077,#1825);
#1287=LINE('',#8078,#1826);
#1288=LINE('',#8081,#1827);
#1289=LINE('',#8082,#1828);
#1290=LINE('',#8084,#1829);
#1291=LINE('',#8086,#1830);
#1292=LINE('',#8090,#1831);
#1293=LINE('',#8091,#1832);
#1294=LINE('',#8092,#1833);
#1295=LINE('',#8095,#1834);
#1296=LINE('',#8096,#1835);
#1297=LINE('',#8100,#1836);
#1298=LINE('',#8102,#1837);
#1299=LINE('',#8103,#1838);
#1300=LINE('',#8104,#1839);
#1301=LINE('',#8106,#1840);
#1302=LINE('',#8108,#1841);
#1303=LINE('',#8109,#1842);
#1304=LINE('',#8111,#1843);
#1305=LINE('',#8113,#1844);
#1306=LINE('',#8115,#1845);
#1307=LINE('',#8117,#1846);
#1308=LINE('',#8120,#1847);
#1309=LINE('',#8122,#1848);
#1310=LINE('',#8123,#1849);
#1311=LINE('',#8126,#1850);
#1312=LINE('',#8127,#1851);
#1313=LINE('',#8128,#1852);
#1314=LINE('',#8130,#1853);
#1315=LINE('',#8131,#1854);
#1316=LINE('',#8133,#1855);
#1317=LINE('',#8135,#1856);
#1318=LINE('',#8143,#1857);
#1319=LINE('',#8169,#1858);
#1320=LINE('',#8170,#1859);
#1321=LINE('',#8178,#1860);
#1322=LINE('',#8181,#1861);
#1323=LINE('',#8182,#1862);
#1324=LINE('',#8183,#1863);
#1325=LINE('',#8185,#1864);
#1326=LINE('',#8188,#1865);
#1327=LINE('',#8190,#1866);
#1328=LINE('',#8192,#1867);
#1329=LINE('',#8194,#1868);
#1330=LINE('',#8200,#1869);
#1331=LINE('',#8203,#1870);
#1332=LINE('',#8204,#1871);
#1333=LINE('',#8207,#1872);
#1334=LINE('',#8208,#1873);
#1335=LINE('',#8211,#1874);
#1336=LINE('',#8212,#1875);
#1337=LINE('',#8215,#1876);
#1338=LINE('',#8216,#1877);
#1339=LINE('',#8218,#1878);
#1340=VECTOR('',#5260,10.);
#1341=VECTOR('',#5261,10.);
#1342=VECTOR('',#5262,10.);
#1343=VECTOR('',#5263,10.);
#1344=VECTOR('',#5266,10.);
#1345=VECTOR('',#5267,10.);
#1346=VECTOR('',#5268,10.);
#1347=VECTOR('',#5271,10.);
#1348=VECTOR('',#5272,10.);
#1349=VECTOR('',#5273,10.);
#1350=VECTOR('',#5274,10.);
#1351=VECTOR('',#5275,10.);
#1352=VECTOR('',#5276,10.);
#1353=VECTOR('',#5277,10.);
#1354=VECTOR('',#5278,10.);
#1355=VECTOR('',#5279,10.);
#1356=VECTOR('',#5282,10.);
#1357=VECTOR('',#5285,10.);
#1358=VECTOR('',#5292,1.85);
#1359=VECTOR('',#5297,10.);
#1360=VECTOR('',#5300,10.);
#1361=VECTOR('',#5301,10.);
#1362=VECTOR('',#5304,10.);
#1363=VECTOR('',#5307,10.);
#1364=VECTOR('',#5310,10.);
#1365=VECTOR('',#5311,9.99999999999999);
#1366=VECTOR('',#5314,10.);
#1367=VECTOR('',#5315,10.);
#1368=VECTOR('',#5318,10.);
#1369=VECTOR('',#5319,10.);
#1370=VECTOR('',#5320,10.);
#1371=VECTOR('',#5321,10.);
#1372=VECTOR('',#5322,10.);
#1373=VECTOR('',#5323,9.99999999999999);
#1374=VECTOR('',#5324,10.);
#1375=VECTOR('',#5325,10.);
#1376=VECTOR('',#5326,10.);
#1377=VECTOR('',#5333,10.);
#1378=VECTOR('',#5334,10.);
#1379=VECTOR('',#5335,10.);
#1380=VECTOR('',#5336,10.);
#1381=VECTOR('',#5337,10.);
#1382=VECTOR('',#5338,10.);
#1383=VECTOR('',#5339,10.);
#1384=VECTOR('',#5340,10.);
#1385=VECTOR('',#5341,10.);
#1386=VECTOR('',#5342,10.);
#1387=VECTOR('',#5343,10.);
#1388=VECTOR('',#5344,10.);
#1389=VECTOR('',#5355,1.65);
#1390=VECTOR('',#5360,1.9);
#1391=VECTOR('',#5365,1.7);
#1392=VECTOR('',#5370,1.9);
#1393=VECTOR('',#5375,1.7);
#1394=VECTOR('',#5378,10.);
#1395=VECTOR('',#5381,10.);
#1396=VECTOR('',#5394,10.);
#1397=VECTOR('',#5401,10.);
#1398=VECTOR('',#5402,10.);
#1399=VECTOR('',#5403,10.);
#1400=VECTOR('',#5404,10.);
#1401=VECTOR('',#5409,10.);
#1402=VECTOR('',#5412,10.);
#1403=VECTOR('',#5415,10.);
#1404=VECTOR('',#5416,10.);
#1405=VECTOR('',#5421,10.);
#1406=VECTOR('',#5424,10.);
#1407=VECTOR('',#5435,10.);
#1408=VECTOR('',#5436,10.);
#1409=VECTOR('',#5437,10.);
#1410=VECTOR('',#5442,10.);
#1411=VECTOR('',#5443,10.);
#1412=VECTOR('',#5446,10.);
#1413=VECTOR('',#5447,10.);
#1414=VECTOR('',#5448,10.);
#1415=VECTOR('',#5449,10.);
#1416=VECTOR('',#5450,10.);
#1417=VECTOR('',#5453,10.);
#1418=VECTOR('',#5454,10.);
#1419=VECTOR('',#5467,10.);
#1420=VECTOR('',#5468,10.);
#1421=VECTOR('',#5479,10.);
#1422=VECTOR('',#5480,10.);
#1423=VECTOR('',#5483,10.);
#1424=VECTOR('',#5486,10.);
#1425=VECTOR('',#5487,10.);
#1426=VECTOR('',#5490,10.);
#1427=VECTOR('',#5493,10.);
#1428=VECTOR('',#5496,10.);
#1429=VECTOR('',#5497,10.);
#1430=VECTOR('',#5498,10.);
#1431=VECTOR('',#5499,10.);
#1432=VECTOR('',#5500,10.);
#1433=VECTOR('',#5501,10.);
#1434=VECTOR('',#5502,10.);
#1435=VECTOR('',#5503,10.);
#1436=VECTOR('',#5504,10.);
#1437=VECTOR('',#5505,10.);
#1438=VECTOR('',#5506,10.);
#1439=VECTOR('',#5507,10.);
#1440=VECTOR('',#5508,10.);
#1441=VECTOR('',#5511,10.);
#1442=VECTOR('',#5512,10.);
#1443=VECTOR('',#5513,10.);
#1444=VECTOR('',#5516,10.);
#1445=VECTOR('',#5521,10.);
#1446=VECTOR('',#5522,10.);
#1447=VECTOR('',#5525,10.);
#1448=VECTOR('',#5530,10.);
#1449=VECTOR('',#5531,10.);
#1450=VECTOR('',#5532,10.);
#1451=VECTOR('',#5539,10.);
#1452=VECTOR('',#5542,10.);
#1453=VECTOR('',#5543,10.);
#1454=VECTOR('',#5544,10.);
#1455=VECTOR('',#5553,10.);
#1456=VECTOR('',#5554,10.);
#1457=VECTOR('',#5561,10.);
#1458=VECTOR('',#5564,10.);
#1459=VECTOR('',#5565,10.);
#1460=VECTOR('',#5570,10.);
#1461=VECTOR('',#5573,10.);
#1462=VECTOR('',#5574,10.);
#1463=VECTOR('',#5581,10.);
#1464=VECTOR('',#5586,10.);
#1465=VECTOR('',#5587,10.);
#1466=VECTOR('',#5590,10.);
#1467=VECTOR('',#5595,10.);
#1468=VECTOR('',#5596,10.);
#1469=VECTOR('',#5599,10.);
#1470=VECTOR('',#5604,10.);
#1471=VECTOR('',#5605,10.);
#1472=VECTOR('',#5608,10.);
#1473=VECTOR('',#5611,10.);
#1474=VECTOR('',#5614,10.);
#1475=VECTOR('',#5617,10.);
#1476=VECTOR('',#5620,10.);
#1477=VECTOR('',#5625,9.99999999999999);
#1478=VECTOR('',#5626,10.);
#1479=VECTOR('',#5629,9.99999999999999);
#1480=VECTOR('',#5630,10.);
#1481=VECTOR('',#5633,10.);
#1482=VECTOR('',#5636,10.);
#1483=VECTOR('',#5637,10.);
#1484=VECTOR('',#5638,9.99999999999999);
#1485=VECTOR('',#5641,10.);
#1486=VECTOR('',#5642,10.);
#1487=VECTOR('',#5645,10.);
#1488=VECTOR('',#5646,10.);
#1489=VECTOR('',#5649,10.);
#1490=VECTOR('',#5652,10.);
#1491=VECTOR('',#5653,10.);
#1492=VECTOR('',#5654,10.);
#1493=VECTOR('',#5657,10.);
#1494=VECTOR('',#5658,10.);
#1495=VECTOR('',#5661,10.);
#1496=VECTOR('',#5662,10.);
#1497=VECTOR('',#5663,10.);
#1498=VECTOR('',#5666,10.);
#1499=VECTOR('',#5667,10.);
#1500=VECTOR('',#5668,10.);
#1501=VECTOR('',#5671,10.);
#1502=VECTOR('',#5674,10.);
#1503=VECTOR('',#5677,10.);
#1504=VECTOR('',#5678,10.);
#1505=VECTOR('',#5679,10.);
#1506=VECTOR('',#5682,10.);
#1507=VECTOR('',#5683,10.);
#1508=VECTOR('',#5686,10.);
#1509=VECTOR('',#5687,10.);
#1510=VECTOR('',#5688,10.);
#1511=VECTOR('',#5691,10.);
#1512=VECTOR('',#5692,10.);
#1513=VECTOR('',#5695,10.);
#1514=VECTOR('',#5696,10.);
#1515=VECTOR('',#5699,10.);
#1516=VECTOR('',#5702,10.);
#1517=VECTOR('',#5703,10.);
#1518=VECTOR('',#5704,10.);
#1519=VECTOR('',#5707,10.);
#1520=VECTOR('',#5708,10.);
#1521=VECTOR('',#5711,9.99999999999999);
#1522=VECTOR('',#5712,10.);
#1523=VECTOR('',#5713,10.);
#1524=VECTOR('',#5716,10.);
#1525=VECTOR('',#5717,10.);
#1526=VECTOR('',#5718,10.);
#1527=VECTOR('',#5721,10.);
#1528=VECTOR('',#5722,10.);
#1529=VECTOR('',#5723,10.);
#1530=VECTOR('',#5724,10.);
#1531=VECTOR('',#5725,10.);
#1532=VECTOR('',#5726,10.);
#1533=VECTOR('',#5727,10.);
#1534=VECTOR('',#5728,10.);
#1535=VECTOR('',#5731,10.);
#1536=VECTOR('',#5732,10.);
#1537=VECTOR('',#5733,10.);
#1538=VECTOR('',#5736,10.);
#1539=VECTOR('',#5737,10.);
#1540=VECTOR('',#5740,10.);
#1541=VECTOR('',#5741,10.);
#1542=VECTOR('',#5744,10.);
#1543=VECTOR('',#5747,10.);
#1544=VECTOR('',#5748,10.);
#1545=VECTOR('',#5751,10.);
#1546=VECTOR('',#5752,10.);
#1547=VECTOR('',#5755,10.);
#1548=VECTOR('',#5760,10.);
#1549=VECTOR('',#5761,10.);
#1550=VECTOR('',#5764,10.);
#1551=VECTOR('',#5765,10.);
#1552=VECTOR('',#5772,10.);
#1553=VECTOR('',#5777,10.);
#1554=VECTOR('',#5778,10.);
#1555=VECTOR('',#5781,10.);
#1556=VECTOR('',#5782,10.);
#1557=VECTOR('',#5783,9.99999999999999);
#1558=VECTOR('',#5784,10.);
#1559=VECTOR('',#5787,10.);
#1560=VECTOR('',#5788,10.);
#1561=VECTOR('',#5789,9.99999999999999);
#1562=VECTOR('',#5790,10.);
#1563=VECTOR('',#5791,10.);
#1564=VECTOR('',#5796,1.9);
#1565=VECTOR('',#5799,1.7);
#1566=VECTOR('',#5804,2.55);
#1567=VECTOR('',#5807,2.35);
#1568=VECTOR('',#5810,10.);
#1569=VECTOR('',#5813,10.);
#1570=VECTOR('',#5816,10.);
#1571=VECTOR('',#5819,10.);
#1572=VECTOR('',#5822,10.);
#1573=VECTOR('',#5825,10.);
#1574=VECTOR('',#5828,10.);
#1575=VECTOR('',#5831,10.);
#1576=VECTOR('',#5838,2.55);
#1577=VECTOR('',#5841,2.35);
#1578=VECTOR('',#5844,10.);
#1579=VECTOR('',#5847,10.);
#1580=VECTOR('',#5850,10.);
#1581=VECTOR('',#5853,10.);
#1582=VECTOR('',#5856,10.);
#1583=VECTOR('',#5859,10.);
#1584=VECTOR('',#5862,10.);
#1585=VECTOR('',#5865,10.);
#1586=VECTOR('',#5870,10.);
#1587=VECTOR('',#5871,10.);
#1588=VECTOR('',#5874,10.);
#1589=VECTOR('',#5875,10.);
#1590=VECTOR('',#5878,10.);
#1591=VECTOR('',#5881,10.);
#1592=VECTOR('',#5884,10.);
#1593=VECTOR('',#5885,10.);
#1594=VECTOR('',#5888,10.);
#1595=VECTOR('',#5891,10.);
#1596=VECTOR('',#5892,10.);
#1597=VECTOR('',#5895,10.);
#1598=VECTOR('',#5898,10.);
#1599=VECTOR('',#5901,10.);
#1600=VECTOR('',#5902,10.);
#1601=VECTOR('',#5905,10.);
#1602=VECTOR('',#5906,10.);
#1603=VECTOR('',#5909,10.);
#1604=VECTOR('',#5912,10.);
#1605=VECTOR('',#5915,10.);
#1606=VECTOR('',#5922,10.);
#1607=VECTOR('',#5929,1.89999999999874);
#1608=VECTOR('',#5950,1.7);
#1609=VECTOR('',#5953,10.);
#1610=VECTOR('',#5954,10.);
#1611=VECTOR('',#5955,10.);
#1612=VECTOR('',#5956,10.);
#1613=VECTOR('',#5957,10.);
#1614=VECTOR('',#5958,10.);
#1615=VECTOR('',#5959,10.);
#1616=VECTOR('',#5962,10.);
#1617=VECTOR('',#5963,10.);
#1618=VECTOR('',#5964,10.);
#1619=VECTOR('',#5965,10.);
#1620=VECTOR('',#5966,10.);
#1621=VECTOR('',#5967,10.);
#1622=VECTOR('',#5968,10.);
#1623=VECTOR('',#5971,10.);
#1624=VECTOR('',#5972,10.);
#1625=VECTOR('',#5973,10.);
#1626=VECTOR('',#5974,10.);
#1627=VECTOR('',#5975,10.);
#1628=VECTOR('',#5976,10.);
#1629=VECTOR('',#5977,10.);
#1630=VECTOR('',#5980,9.99999999999998);
#1631=VECTOR('',#5981,10.);
#1632=VECTOR('',#5982,9.99999999999998);
#1633=VECTOR('',#5983,9.99999999999998);
#1634=VECTOR('',#5986,10.);
#1635=VECTOR('',#5987,10.);
#1636=VECTOR('',#5988,10.);
#1637=VECTOR('',#5989,10.);
#1638=VECTOR('',#5992,9.99999999999998);
#1639=VECTOR('',#5993,9.99999999999998);
#1640=VECTOR('',#5994,9.99999999999998);
#1641=VECTOR('',#5997,10.);
#1642=VECTOR('',#6000,10.);
#1643=VECTOR('',#6001,10.);
#1644=VECTOR('',#6008,10.);
#1645=VECTOR('',#6011,10.);
#1646=VECTOR('',#6020,10.);
#1647=VECTOR('',#6021,10.);
#1648=VECTOR('',#6022,10.);
#1649=VECTOR('',#6041,1.89999999999874);
#1650=VECTOR('',#6062,1.7);
#1651=VECTOR('',#6065,10.);
#1652=VECTOR('',#6066,10.);
#1653=VECTOR('',#6067,10.);
#1654=VECTOR('',#6068,10.);
#1655=VECTOR('',#6069,10.);
#1656=VECTOR('',#6070,10.);
#1657=VECTOR('',#6071,10.);
#1658=VECTOR('',#6074,10.);
#1659=VECTOR('',#6075,10.);
#1660=VECTOR('',#6076,10.);
#1661=VECTOR('',#6077,10.);
#1662=VECTOR('',#6078,10.);
#1663=VECTOR('',#6079,10.);
#1664=VECTOR('',#6080,10.);
#1665=VECTOR('',#6083,10.);
#1666=VECTOR('',#6084,10.);
#1667=VECTOR('',#6085,10.);
#1668=VECTOR('',#6086,10.);
#1669=VECTOR('',#6087,10.);
#1670=VECTOR('',#6088,10.);
#1671=VECTOR('',#6089,10.);
#1672=VECTOR('',#6092,9.99999999999998);
#1673=VECTOR('',#6093,10.);
#1674=VECTOR('',#6094,9.99999999999998);
#1675=VECTOR('',#6095,9.99999999999998);
#1676=VECTOR('',#6098,10.);
#1677=VECTOR('',#6099,10.);
#1678=VECTOR('',#6100,10.);
#1679=VECTOR('',#6101,10.);
#1680=VECTOR('',#6104,9.99999999999998);
#1681=VECTOR('',#6105,9.99999999999998);
#1682=VECTOR('',#6106,9.99999999999998);
#1683=VECTOR('',#6109,10.);
#1684=VECTOR('',#6112,10.);
#1685=VECTOR('',#6113,10.);
#1686=VECTOR('',#6120,10.);
#1687=VECTOR('',#6123,10.);
#1688=VECTOR('',#6132,10.);
#1689=VECTOR('',#6133,10.);
#1690=VECTOR('',#6134,10.);
#1691=VECTOR('',#6153,3.40000000000006);
#1692=VECTOR('',#6166,3.39999999999996);
#1693=VECTOR('',#6173,10.);
#1694=VECTOR('',#6174,10.);
#1695=VECTOR('',#6179,10.);
#1696=VECTOR('',#6180,10.);
#1697=VECTOR('',#6189,10.);
#1698=VECTOR('',#6196,10.);
#1699=VECTOR('',#6201,10.);
#1700=VECTOR('',#6206,10.);
#1701=VECTOR('',#6209,10.);
#1702=VECTOR('',#6210,10.);
#1703=VECTOR('',#6213,10.);
#1704=VECTOR('',#6216,10.);
#1705=VECTOR('',#6219,10.);
#1706=VECTOR('',#6226,10.);
#1707=VECTOR('',#6229,10.);
#1708=VECTOR('',#6232,10.);
#1709=VECTOR('',#6235,10.);
#1710=VECTOR('',#6236,10.);
#1711=VECTOR('',#6239,10.);
#1712=VECTOR('',#6248,10.);
#1713=VECTOR('',#6251,10.);
#1714=VECTOR('',#6254,10.);
#1715=VECTOR('',#6257,10.);
#1716=VECTOR('',#6260,10.);
#1717=VECTOR('',#6263,10.);
#1718=VECTOR('',#6264,10.);
#1719=VECTOR('',#6267,10.);
#1720=VECTOR('',#6268,10.);
#1721=VECTOR('',#6269,10.);
#1722=VECTOR('',#6270,10.);
#1723=VECTOR('',#6271,10.);
#1724=VECTOR('',#6278,10.);
#1725=VECTOR('',#6279,10.);
#1726=VECTOR('',#6280,10.);
#1727=VECTOR('',#6281,10.);
#1728=VECTOR('',#6284,10.);
#1729=VECTOR('',#6285,10.);
#1730=VECTOR('',#6288,10.);
#1731=VECTOR('',#6289,10.);
#1732=VECTOR('',#6290,10.);
#1733=VECTOR('',#6293,10.);
#1734=VECTOR('',#6294,10.);
#1735=VECTOR('',#6297,10.);
#1736=VECTOR('',#6298,10.);
#1737=VECTOR('',#6299,10.);
#1738=VECTOR('',#6302,10.);
#1739=VECTOR('',#6303,10.);
#1740=VECTOR('',#6306,10.);
#1741=VECTOR('',#6307,10.);
#1742=VECTOR('',#6308,10.);
#1743=VECTOR('',#6309,9.99999999999999);
#1744=VECTOR('',#6310,10.);
#1745=VECTOR('',#6311,10.);
#1746=VECTOR('',#6312,10.);
#1747=VECTOR('',#6313,10.);
#1748=VECTOR('',#6314,10.);
#1749=VECTOR('',#6315,10.);
#1750=VECTOR('',#6316,10.);
#1751=VECTOR('',#6317,10.);
#1752=VECTOR('',#6320,10.);
#1753=VECTOR('',#6321,10.);
#1754=VECTOR('',#6322,10.);
#1755=VECTOR('',#6323,10.);
#1756=VECTOR('',#6326,10.);
#1757=VECTOR('',#6327,10.);
#1758=VECTOR('',#6328,10.);
#1759=VECTOR('',#6329,10.);
#1760=VECTOR('',#6332,10.);
#1761=VECTOR('',#6333,10.);
#1762=VECTOR('',#6334,10.);
#1763=VECTOR('',#6335,10.);
#1764=VECTOR('',#6338,10.);
#1765=VECTOR('',#6339,10.);
#1766=VECTOR('',#6342,10.);
#1767=VECTOR('',#6343,10.);
#1768=VECTOR('',#6344,10.);
#1769=VECTOR('',#6345,9.99999999999998);
#1770=VECTOR('',#6346,10.);
#1771=VECTOR('',#6347,10.);
#1772=VECTOR('',#6348,10.);
#1773=VECTOR('',#6349,10.);
#1774=VECTOR('',#6350,10.);
#1775=VECTOR('',#6353,10.);
#1776=VECTOR('',#6354,10.);
#1777=VECTOR('',#6355,10.);
#1778=VECTOR('',#6358,9.99999999999998);
#1779=VECTOR('',#6361,10.);
#1780=VECTOR('',#6362,10.);
#1781=VECTOR('',#6363,10.);
#1782=VECTOR('',#6364,10.);
#1783=VECTOR('',#6367,10.);
#1784=VECTOR('',#6368,10.);
#1785=VECTOR('',#6369,10.);
#1786=VECTOR('',#6372,10.);
#1787=VECTOR('',#6373,10.);
#1788=VECTOR('',#6374,10.);
#1789=VECTOR('',#6375,9.99999999999998);
#1790=VECTOR('',#6378,10.);
#1791=VECTOR('',#6379,10.);
#1792=VECTOR('',#6382,10.);
#1793=VECTOR('',#6383,10.);
#1794=VECTOR('',#6384,10.);
#1795=VECTOR('',#6387,10.);
#1796=VECTOR('',#6392,10.);
#1797=VECTOR('',#6393,10.);
#1798=VECTOR('',#6394,10.);
#1799=VECTOR('',#6397,10.);
#1800=VECTOR('',#6398,10.);
#1801=VECTOR('',#6401,9.99999999999998);
#1802=VECTOR('',#6402,10.);
#1803=VECTOR('',#6403,10.);
#1804=VECTOR('',#6404,10.);
#1805=VECTOR('',#6407,10.);
#1806=VECTOR('',#6410,10.);
#1807=VECTOR('',#6411,10.);
#1808=VECTOR('',#6414,10.);
#1809=VECTOR('',#6417,10.);
#1810=VECTOR('',#6420,10.);
#1811=VECTOR('',#6423,10.);
#1812=VECTOR('',#6426,10.);
#1813=VECTOR('',#6427,10.);
#1814=VECTOR('',#6428,10.);
#1815=VECTOR('',#6429,10.);
#1816=VECTOR('',#6430,10.);
#1817=VECTOR('',#6431,10.);
#1818=VECTOR('',#6432,10.);
#1819=VECTOR('',#6435,10.);
#1820=VECTOR('',#6436,10.);
#1821=VECTOR('',#6437,10.);
#1822=VECTOR('',#6438,10.);
#1823=VECTOR('',#6441,10.);
#1824=VECTOR('',#6442,10.);
#1825=VECTOR('',#6443,10.);
#1826=VECTOR('',#6444,10.);
#1827=VECTOR('',#6447,10.);
#1828=VECTOR('',#6448,10.);
#1829=VECTOR('',#6451,10.);
#1830=VECTOR('',#6454,10.);
#1831=VECTOR('',#6457,10.);
#1832=VECTOR('',#6458,10.);
#1833=VECTOR('',#6459,10.);
#1834=VECTOR('',#6462,10.);
#1835=VECTOR('',#6463,10.);
#1836=VECTOR('',#6466,10.);
#1837=VECTOR('',#6467,10.);
#1838=VECTOR('',#6468,10.);
#1839=VECTOR('',#6469,10.);
#1840=VECTOR('',#6472,10.);
#1841=VECTOR('',#6475,10.);
#1842=VECTOR('',#6476,10.);
#1843=VECTOR('',#6479,10.);
#1844=VECTOR('',#6482,10.);
#1845=VECTOR('',#6485,10.);
#1846=VECTOR('',#6488,10.);
#1847=VECTOR('',#6491,10.);
#1848=VECTOR('',#6492,10.);
#1849=VECTOR('',#6493,10.);
#1850=VECTOR('',#6496,10.);
#1851=VECTOR('',#6497,10.);
#1852=VECTOR('',#6498,10.);
#1853=VECTOR('',#6501,10.);
#1854=VECTOR('',#6502,10.);
#1855=VECTOR('',#6505,10.);
#1856=VECTOR('',#6508,10.);
#1857=VECTOR('',#6519,10.);
#1858=VECTOR('',#6528,10.);
#1859=VECTOR('',#6529,10.);
#1860=VECTOR('',#6536,10.);
#1861=VECTOR('',#6541,10.);
#1862=VECTOR('',#6542,10.);
#1863=VECTOR('',#6543,10.);
#1864=VECTOR('',#6546,10.);
#1865=VECTOR('',#6549,10.);
#1866=VECTOR('',#6550,10.);
#1867=VECTOR('',#6551,10.);
#1868=VECTOR('',#6552,10.);
#1869=VECTOR('',#6559,10.);
#1870=VECTOR('',#6564,10.);
#1871=VECTOR('',#6565,10.);
#1872=VECTOR('',#6570,10.);
#1873=VECTOR('',#6571,10.);
#1874=VECTOR('',#6574,10.);
#1875=VECTOR('',#6575,10.);
#1876=VECTOR('',#6578,10.);
#1877=VECTOR('',#6579,10.);
#1878=VECTOR('',#6582,10.);
#1879=VERTEX_POINT('',#6590);
#1880=VERTEX_POINT('',#6591);
#1881=VERTEX_POINT('',#6593);
#1882=VERTEX_POINT('',#6595);
#1883=VERTEX_POINT('',#6599);
#1884=VERTEX_POINT('',#6601);
#1885=VERTEX_POINT('',#6605);
#1886=VERTEX_POINT('',#6606);
#1887=VERTEX_POINT('',#6608);
#1888=VERTEX_POINT('',#6610);
#1889=VERTEX_POINT('',#6612);
#1890=VERTEX_POINT('',#6614);
#1891=VERTEX_POINT('',#6617);
#1892=VERTEX_POINT('',#6619);
#1893=VERTEX_POINT('',#6628);
#1894=VERTEX_POINT('',#6630);
#1895=VERTEX_POINT('',#6634);
#1896=VERTEX_POINT('',#6635);
#1897=VERTEX_POINT('',#6637);
#1898=VERTEX_POINT('',#6639);
#1899=VERTEX_POINT('',#6641);
#1900=VERTEX_POINT('',#6643);
#1901=VERTEX_POINT('',#6645);
#1902=VERTEX_POINT('',#6647);
#1903=VERTEX_POINT('',#6649);
#1904=VERTEX_POINT('',#6651);
#1905=VERTEX_POINT('',#6653);
#1906=VERTEX_POINT('',#6655);
#1907=VERTEX_POINT('',#6657);
#1908=VERTEX_POINT('',#6659);
#1909=VERTEX_POINT('',#6661);
#1910=VERTEX_POINT('',#6663);
#1911=VERTEX_POINT('',#6665);
#1912=VERTEX_POINT('',#6667);
#1913=VERTEX_POINT('',#6669);
#1914=VERTEX_POINT('',#6671);
#1915=VERTEX_POINT('',#6673);
#1916=VERTEX_POINT('',#6675);
#1917=VERTEX_POINT('',#6677);
#1918=VERTEX_POINT('',#6679);
#1919=VERTEX_POINT('',#6681);
#1920=VERTEX_POINT('',#6684);
#1921=VERTEX_POINT('',#6686);
#1922=VERTEX_POINT('',#6688);
#1923=VERTEX_POINT('',#6689);
#1924=VERTEX_POINT('',#6691);
#1925=VERTEX_POINT('',#6693);
#1926=VERTEX_POINT('',#6696);
#1927=VERTEX_POINT('',#6697);
#1928=VERTEX_POINT('',#6699);
#1929=VERTEX_POINT('',#6701);
#1930=VERTEX_POINT('',#6704);
#1931=VERTEX_POINT('',#6705);
#1932=VERTEX_POINT('',#6707);
#1933=VERTEX_POINT('',#6709);
#1934=VERTEX_POINT('',#6712);
#1935=VERTEX_POINT('',#6714);
#1936=VERTEX_POINT('',#6716);
#1937=VERTEX_POINT('',#6719);
#1938=VERTEX_POINT('',#6723);
#1939=VERTEX_POINT('',#6727);
#1940=VERTEX_POINT('',#6731);
#1941=VERTEX_POINT('',#6735);
#1942=VERTEX_POINT('',#6739);
#1943=VERTEX_POINT('',#6740);
#1944=VERTEX_POINT('',#6742);
#1945=VERTEX_POINT('',#6744);
#1946=VERTEX_POINT('',#6748);
#1947=VERTEX_POINT('',#6750);
#1948=VERTEX_POINT('',#6754);
#1949=VERTEX_POINT('',#6756);
#1950=VERTEX_POINT('',#6760);
#1951=VERTEX_POINT('',#6762);
#1952=VERTEX_POINT('',#6764);
#1953=VERTEX_POINT('',#6768);
#1954=VERTEX_POINT('',#6769);
#1955=VERTEX_POINT('',#6777);
#1956=VERTEX_POINT('',#6781);
#1957=VERTEX_POINT('',#6782);
#1958=VERTEX_POINT('',#6790);
#1959=VERTEX_POINT('',#6809);
#1960=VERTEX_POINT('',#6826);
#1961=VERTEX_POINT('',#6852);
#1962=VERTEX_POINT('',#6867);
#1963=VERTEX_POINT('',#6879);
#1964=VERTEX_POINT('',#6881);
#1965=VERTEX_POINT('',#6884);
#1966=VERTEX_POINT('',#6887);
#1967=VERTEX_POINT('',#6900);
#1968=VERTEX_POINT('',#6938);
#1969=VERTEX_POINT('',#6940);
#1970=VERTEX_POINT('',#6951);
#1971=VERTEX_POINT('',#6963);
#1972=VERTEX_POINT('',#6965);
#1973=VERTEX_POINT('',#6969);
#1974=VERTEX_POINT('',#6971);
#1975=VERTEX_POINT('',#6975);
#1976=VERTEX_POINT('',#6976);
#1977=VERTEX_POINT('',#6978);
#1978=VERTEX_POINT('',#6980);
#1979=VERTEX_POINT('',#6982);
#1980=VERTEX_POINT('',#6986);
#1981=VERTEX_POINT('',#7005);
#1982=VERTEX_POINT('',#7012);
#1983=VERTEX_POINT('',#7015);
#1984=VERTEX_POINT('',#7017);
#1985=VERTEX_POINT('',#7019);
#1986=VERTEX_POINT('',#7021);
#1987=VERTEX_POINT('',#7023);
#1988=VERTEX_POINT('',#7025);
#1989=VERTEX_POINT('',#7027);
#1990=VERTEX_POINT('',#7029);
#1991=VERTEX_POINT('',#7032);
#1992=VERTEX_POINT('',#7034);
#1993=VERTEX_POINT('',#7047);
#1994=VERTEX_POINT('',#7049);
#1995=VERTEX_POINT('',#7051);
#1996=VERTEX_POINT('',#7053);
#1997=VERTEX_POINT('',#7055);
#1998=VERTEX_POINT('',#7057);
#1999=VERTEX_POINT('',#7059);
#2000=VERTEX_POINT('',#7061);
#2001=VERTEX_POINT('',#7063);
#2002=VERTEX_POINT('',#7066);
#2003=VERTEX_POINT('',#7067);
#2004=VERTEX_POINT('',#7069);
#2005=VERTEX_POINT('',#7071);
#2006=VERTEX_POINT('',#7074);
#2007=VERTEX_POINT('',#7075);
#2008=VERTEX_POINT('',#7077);
#2009=VERTEX_POINT('',#7079);
#2010=VERTEX_POINT('',#7082);
#2011=VERTEX_POINT('',#7083);
#2012=VERTEX_POINT('',#7085);
#2013=VERTEX_POINT('',#7087);
#2014=VERTEX_POINT('',#7091);
#2015=VERTEX_POINT('',#7093);
#2016=VERTEX_POINT('',#7097);
#2017=VERTEX_POINT('',#7101);
#2018=VERTEX_POINT('',#7105);
#2019=VERTEX_POINT('',#7109);
#2020=VERTEX_POINT('',#7118);
#2021=VERTEX_POINT('',#7120);
#2022=VERTEX_POINT('',#7131);
#2023=VERTEX_POINT('',#7133);
#2024=VERTEX_POINT('',#7137);
#2025=VERTEX_POINT('',#7141);
#2026=VERTEX_POINT('',#7145);
#2027=VERTEX_POINT('',#7149);
#2028=VERTEX_POINT('',#7155);
#2029=VERTEX_POINT('',#7159);
#2030=VERTEX_POINT('',#7163);
#2031=VERTEX_POINT('',#7167);
#2032=VERTEX_POINT('',#7171);
#2033=VERTEX_POINT('',#7175);
#2034=VERTEX_POINT('',#7194);
#2035=VERTEX_POINT('',#7198);
#2036=VERTEX_POINT('',#7204);
#2037=VERTEX_POINT('',#7206);
#2038=VERTEX_POINT('',#7210);
#2039=VERTEX_POINT('',#7214);
#2040=VERTEX_POINT('',#7220);
#2041=VERTEX_POINT('',#7222);
#2042=VERTEX_POINT('',#7226);
#2043=VERTEX_POINT('',#7230);
#2044=VERTEX_POINT('',#7232);
#2045=VERTEX_POINT('',#7236);
#2046=VERTEX_POINT('',#7238);
#2047=VERTEX_POINT('',#7246);
#2048=VERTEX_POINT('',#7248);
#2049=VERTEX_POINT('',#7252);
#2050=VERTEX_POINT('',#7256);
#2051=VERTEX_POINT('',#7258);
#2052=VERTEX_POINT('',#7262);
#2053=VERTEX_POINT('',#7266);
#2054=VERTEX_POINT('',#7272);
#2055=VERTEX_POINT('',#7274);
#2056=VERTEX_POINT('',#7278);
#2057=VERTEX_POINT('',#7282);
#2058=VERTEX_POINT('',#7284);
#2059=VERTEX_POINT('',#7288);
#2060=VERTEX_POINT('',#7290);
#2061=VERTEX_POINT('',#7294);
#2062=VERTEX_POINT('',#7296);
#2063=VERTEX_POINT('',#7298);
#2064=VERTEX_POINT('',#7300);
#2065=VERTEX_POINT('',#7302);
#2066=VERTEX_POINT('',#7304);
#2067=VERTEX_POINT('',#7306);
#2068=VERTEX_POINT('',#7310);
#2069=VERTEX_POINT('',#7312);
#2070=VERTEX_POINT('',#7316);
#2071=VERTEX_POINT('',#7325);
#2072=VERTEX_POINT('',#7329);
#2073=VERTEX_POINT('',#7333);
#2074=VERTEX_POINT('',#7337);
#2075=VERTEX_POINT('',#7341);
#2076=VERTEX_POINT('',#7350);
#2077=VERTEX_POINT('',#7354);
#2078=VERTEX_POINT('',#7356);
#2079=VERTEX_POINT('',#7358);
#2080=VERTEX_POINT('',#7362);
#2081=VERTEX_POINT('',#7364);
#2082=VERTEX_POINT('',#7366);
#2083=VERTEX_POINT('',#7368);
#2084=VERTEX_POINT('',#7372);
#2085=VERTEX_POINT('',#7378);
#2086=VERTEX_POINT('',#7382);
#2087=VERTEX_POINT('',#7384);
#2088=VERTEX_POINT('',#7386);
#2089=VERTEX_POINT('',#7388);
#2090=VERTEX_POINT('',#7390);
#2091=VERTEX_POINT('',#7392);
#2092=VERTEX_POINT('',#7394);
#2093=VERTEX_POINT('',#7396);
#2094=VERTEX_POINT('',#7398);
#2095=VERTEX_POINT('',#7400);
#2096=VERTEX_POINT('',#7402);
#2097=VERTEX_POINT('',#7404);
#2098=VERTEX_POINT('',#7406);
#2099=VERTEX_POINT('',#7408);
#2100=VERTEX_POINT('',#7410);
#2101=VERTEX_POINT('',#7412);
#2102=VERTEX_POINT('',#7414);
#2103=VERTEX_POINT('',#7418);
#2104=VERTEX_POINT('',#7422);
#2105=VERTEX_POINT('',#7424);
#2106=VERTEX_POINT('',#7426);
#2107=VERTEX_POINT('',#7428);
#2108=VERTEX_POINT('',#7430);
#2109=VERTEX_POINT('',#7432);
#2110=VERTEX_POINT('',#7434);
#2111=VERTEX_POINT('',#7436);
#2112=VERTEX_POINT('',#7438);
#2113=VERTEX_POINT('',#7440);
#2114=VERTEX_POINT('',#7442);
#2115=VERTEX_POINT('',#7444);
#2116=VERTEX_POINT('',#7446);
#2117=VERTEX_POINT('',#7448);
#2118=VERTEX_POINT('',#7450);
#2119=VERTEX_POINT('',#7452);
#2120=VERTEX_POINT('',#7454);
#2121=VERTEX_POINT('',#7461);
#2122=VERTEX_POINT('',#7474);
#2123=VERTEX_POINT('',#7485);
#2124=VERTEX_POINT('',#7500);
#2125=VERTEX_POINT('',#7502);
#2126=VERTEX_POINT('',#7506);
#2127=VERTEX_POINT('',#7507);
#2128=VERTEX_POINT('',#7509);
#2129=VERTEX_POINT('',#7511);
#2130=VERTEX_POINT('',#7513);
#2131=VERTEX_POINT('',#7515);
#2132=VERTEX_POINT('',#7517);
#2133=VERTEX_POINT('',#7519);
#2134=VERTEX_POINT('',#7524);
#2135=VERTEX_POINT('',#7526);
#2136=VERTEX_POINT('',#7530);
#2137=VERTEX_POINT('',#7532);
#2138=VERTEX_POINT('',#7536);
#2139=VERTEX_POINT('',#7538);
#2140=VERTEX_POINT('',#7542);
#2141=VERTEX_POINT('',#7544);
#2142=VERTEX_POINT('',#7548);
#2143=VERTEX_POINT('',#7550);
#2144=VERTEX_POINT('',#7554);
#2145=VERTEX_POINT('',#7556);
#2146=VERTEX_POINT('',#7560);
#2147=VERTEX_POINT('',#7562);
#2148=VERTEX_POINT('',#7568);
#2149=VERTEX_POINT('',#7570);
#2150=VERTEX_POINT('',#7603);
#2151=VERTEX_POINT('',#7605);
#2152=VERTEX_POINT('',#7609);
#2153=VERTEX_POINT('',#7610);
#2154=VERTEX_POINT('',#7612);
#2155=VERTEX_POINT('',#7614);
#2156=VERTEX_POINT('',#7616);
#2157=VERTEX_POINT('',#7618);
#2158=VERTEX_POINT('',#7620);
#2159=VERTEX_POINT('',#7622);
#2160=VERTEX_POINT('',#7627);
#2161=VERTEX_POINT('',#7629);
#2162=VERTEX_POINT('',#7633);
#2163=VERTEX_POINT('',#7635);
#2164=VERTEX_POINT('',#7639);
#2165=VERTEX_POINT('',#7641);
#2166=VERTEX_POINT('',#7645);
#2167=VERTEX_POINT('',#7647);
#2168=VERTEX_POINT('',#7651);
#2169=VERTEX_POINT('',#7653);
#2170=VERTEX_POINT('',#7657);
#2171=VERTEX_POINT('',#7659);
#2172=VERTEX_POINT('',#7663);
#2173=VERTEX_POINT('',#7665);
#2174=VERTEX_POINT('',#7671);
#2175=VERTEX_POINT('',#7673);
#2176=VERTEX_POINT('',#7707);
#2177=VERTEX_POINT('',#7713);
#2178=VERTEX_POINT('',#7716);
#2179=VERTEX_POINT('',#7721);
#2180=VERTEX_POINT('',#7748);
#2181=VERTEX_POINT('',#7761);
#2182=VERTEX_POINT('',#7766);
#2183=VERTEX_POINT('',#7772);
#2184=VERTEX_POINT('',#7777);
#2185=VERTEX_POINT('',#7794);
#2186=VERTEX_POINT('',#7796);
#2187=VERTEX_POINT('',#7798);
#2188=VERTEX_POINT('',#7800);
#2189=VERTEX_POINT('',#7802);
#2190=VERTEX_POINT('',#7804);
#2191=VERTEX_POINT('',#7807);
#2192=VERTEX_POINT('',#7809);
#2193=VERTEX_POINT('',#7815);
#2194=VERTEX_POINT('',#7817);
#2195=VERTEX_POINT('',#7844);
#2196=VERTEX_POINT('',#7846);
#2197=VERTEX_POINT('',#7850);
#2198=VERTEX_POINT('',#7852);
#2199=VERTEX_POINT('',#7856);
#2200=VERTEX_POINT('',#7860);
#2201=VERTEX_POINT('',#7862);
#2202=VERTEX_POINT('',#7864);
#2203=VERTEX_POINT('',#7866);
#2204=VERTEX_POINT('',#7872);
#2205=VERTEX_POINT('',#7873);
#2206=VERTEX_POINT('',#7875);
#2207=VERTEX_POINT('',#7877);
#2208=VERTEX_POINT('',#7881);
#2209=VERTEX_POINT('',#7885);
#2210=VERTEX_POINT('',#7887);
#2211=VERTEX_POINT('',#7891);
#2212=VERTEX_POINT('',#7895);
#2213=VERTEX_POINT('',#7896);
#2214=VERTEX_POINT('',#7901);
#2215=VERTEX_POINT('',#7905);
#2216=VERTEX_POINT('',#7906);
#2217=VERTEX_POINT('',#7908);
#2218=VERTEX_POINT('',#7910);
#2219=VERTEX_POINT('',#7912);
#2220=VERTEX_POINT('',#7914);
#2221=VERTEX_POINT('',#7916);
#2222=VERTEX_POINT('',#7918);
#2223=VERTEX_POINT('',#7920);
#2224=VERTEX_POINT('',#7922);
#2225=VERTEX_POINT('',#7924);
#2226=VERTEX_POINT('',#7926);
#2227=VERTEX_POINT('',#7930);
#2228=VERTEX_POINT('',#7931);
#2229=VERTEX_POINT('',#7933);
#2230=VERTEX_POINT('',#7935);
#2231=VERTEX_POINT('',#7939);
#2232=VERTEX_POINT('',#7940);
#2233=VERTEX_POINT('',#7942);
#2234=VERTEX_POINT('',#7944);
#2235=VERTEX_POINT('',#7948);
#2236=VERTEX_POINT('',#7949);
#2237=VERTEX_POINT('',#7951);
#2238=VERTEX_POINT('',#7953);
#2239=VERTEX_POINT('',#7960);
#2240=VERTEX_POINT('',#7961);
#2241=VERTEX_POINT('',#7963);
#2242=VERTEX_POINT('',#7965);
#2243=VERTEX_POINT('',#7968);
#2244=VERTEX_POINT('',#7970);
#2245=VERTEX_POINT('',#7972);
#2246=VERTEX_POINT('',#7974);
#2247=VERTEX_POINT('',#7978);
#2248=VERTEX_POINT('',#7979);
#2249=VERTEX_POINT('',#7986);
#2250=VERTEX_POINT('',#7987);
#2251=VERTEX_POINT('',#7989);
#2252=VERTEX_POINT('',#7991);
#2253=VERTEX_POINT('',#7995);
#2254=VERTEX_POINT('',#8000);
#2255=VERTEX_POINT('',#8002);
#2256=VERTEX_POINT('',#8007);
#2257=VERTEX_POINT('',#8011);
#2258=VERTEX_POINT('',#8013);
#2259=VERTEX_POINT('',#8020);
#2260=VERTEX_POINT('',#8021);
#2261=VERTEX_POINT('',#8026);
#2262=VERTEX_POINT('',#8030);
#2263=VERTEX_POINT('',#8031);
#2264=VERTEX_POINT('',#8033);
#2265=VERTEX_POINT('',#8051);
#2266=VERTEX_POINT('',#8052);
#2267=VERTEX_POINT('',#8054);
#2268=VERTEX_POINT('',#8056);
#2269=VERTEX_POINT('',#8058);
#2270=VERTEX_POINT('',#8060);
#2271=VERTEX_POINT('',#8065);
#2272=VERTEX_POINT('',#8067);
#2273=VERTEX_POINT('',#8072);
#2274=VERTEX_POINT('',#8073);
#2275=VERTEX_POINT('',#8076);
#2276=VERTEX_POINT('',#8080);
#2277=VERTEX_POINT('',#8088);
#2278=VERTEX_POINT('',#8089);
#2279=VERTEX_POINT('',#8094);
#2280=VERTEX_POINT('',#8098);
#2281=VERTEX_POINT('',#8099);
#2282=VERTEX_POINT('',#8101);
#2283=VERTEX_POINT('',#8119);
#2284=VERTEX_POINT('',#8121);
#2285=VERTEX_POINT('',#8125);
#2286=VERTEX_POINT('',#8138);
#2287=VERTEX_POINT('',#8142);
#2288=VERTEX_POINT('',#8168);
#2289=VERTEX_POINT('',#8172);
#2290=VERTEX_POINT('',#8173);
#2291=VERTEX_POINT('',#8175);
#2292=VERTEX_POINT('',#8177);
#2293=VERTEX_POINT('',#8187);
#2294=VERTEX_POINT('',#8189);
#2295=VERTEX_POINT('',#8191);
#2296=VERTEX_POINT('',#8193);
#2297=VERTEX_POINT('',#8197);
#2298=VERTEX_POINT('',#8199);
#2299=VERTEX_POINT('',#8210);
#2300=VERTEX_POINT('',#8214);
#2301=EDGE_CURVE('',#1879,#1880,#801,.T.);
#2302=EDGE_CURVE('',#1879,#1881,#802,.T.);
#2303=EDGE_CURVE('',#1881,#1882,#803,.T.);
#2304=EDGE_CURVE('',#1880,#1882,#804,.T.);
#2305=EDGE_CURVE('',#1883,#1881,#805,.T.);
#2306=EDGE_CURVE('',#1884,#1883,#806,.T.);
#2307=EDGE_CURVE('',#1882,#1884,#807,.T.);
#2308=EDGE_CURVE('',#1885,#1886,#808,.T.);
#2309=EDGE_CURVE('',#1887,#1885,#809,.T.);
#2310=EDGE_CURVE('',#1888,#1887,#810,.T.);
#2311=EDGE_CURVE('',#1889,#1888,#811,.T.);
#2312=EDGE_CURVE('',#1890,#1889,#812,.T.);
#2313=EDGE_CURVE('',#1886,#1890,#813,.T.);
#2314=EDGE_CURVE('',#1891,#1879,#814,.T.);
#2315=EDGE_CURVE('',#1880,#1892,#815,.T.);
#2316=EDGE_CURVE('',#1892,#1891,#816,.T.);
#2317=EDGE_CURVE('',#1891,#1883,#817,.T.);
#2318=EDGE_CURVE('',#1892,#1884,#818,.T.);
#2319=EDGE_CURVE('',#1893,#1893,#82,.T.);
#2320=EDGE_CURVE('',#1893,#1894,#819,.T.);
#2321=EDGE_CURVE('',#1894,#1894,#83,.T.);
#2322=EDGE_CURVE('',#1895,#1896,#820,.T.);
#2323=EDGE_CURVE('',#1897,#1895,#84,.T.);
#2324=EDGE_CURVE('',#1898,#1897,#821,.T.);
#2325=EDGE_CURVE('',#1899,#1898,#822,.T.);
#2326=EDGE_CURVE('',#1900,#1899,#85,.T.);
#2327=EDGE_CURVE('',#1901,#1900,#823,.T.);
#2328=EDGE_CURVE('',#1902,#1901,#86,.T.);
#2329=EDGE_CURVE('',#1903,#1902,#824,.T.);
#2330=EDGE_CURVE('',#1904,#1903,#87,.T.);
#2331=EDGE_CURVE('',#1905,#1904,#825,.T.);
#2332=EDGE_CURVE('',#1906,#1905,#826,.T.);
#2333=EDGE_CURVE('',#1907,#1906,#88,.T.);
#2334=EDGE_CURVE('',#1908,#1907,#827,.T.);
#2335=EDGE_CURVE('',#1909,#1908,#828,.T.);
#2336=EDGE_CURVE('',#1910,#1909,#89,.T.);
#2337=EDGE_CURVE('',#1911,#1910,#829,.T.);
#2338=EDGE_CURVE('',#1912,#1911,#830,.T.);
#2339=EDGE_CURVE('',#1913,#1912,#831,.T.);
#2340=EDGE_CURVE('',#1913,#1914,#832,.T.);
#2341=EDGE_CURVE('',#1914,#1915,#833,.T.);
#2342=EDGE_CURVE('',#1915,#1916,#834,.T.);
#2343=EDGE_CURVE('',#1917,#1916,#835,.T.);
#2344=EDGE_CURVE('',#1918,#1917,#836,.T.);
#2345=EDGE_CURVE('',#1919,#1918,#837,.T.);
#2346=EDGE_CURVE('',#1896,#1919,#90,.T.);
#2347=EDGE_CURVE('',#1920,#1920,#91,.T.);
#2348=EDGE_CURVE('',#1921,#1921,#92,.T.);
#2349=EDGE_CURVE('',#1922,#1923,#838,.T.);
#2350=EDGE_CURVE('',#1924,#1922,#839,.T.);
#2351=EDGE_CURVE('',#1925,#1924,#840,.T.);
#2352=EDGE_CURVE('',#1923,#1925,#841,.T.);
#2353=EDGE_CURVE('',#1926,#1927,#842,.T.);
#2354=EDGE_CURVE('',#1928,#1926,#843,.T.);
#2355=EDGE_CURVE('',#1929,#1928,#844,.T.);
#2356=EDGE_CURVE('',#1927,#1929,#845,.T.);
#2357=EDGE_CURVE('',#1930,#1931,#846,.T.);
#2358=EDGE_CURVE('',#1932,#1930,#847,.T.);
#2359=EDGE_CURVE('',#1933,#1932,#848,.T.);
#2360=EDGE_CURVE('',#1931,#1933,#849,.T.);
#2361=EDGE_CURVE('',#1934,#1934,#93,.T.);
#2362=EDGE_CURVE('',#1935,#1935,#94,.T.);
#2363=EDGE_CURVE('',#1936,#1936,#95,.T.);
#2364=EDGE_CURVE('',#1937,#1937,#96,.T.);
#2365=EDGE_CURVE('',#1937,#1893,#850,.T.);
#2366=EDGE_CURVE('',#1938,#1938,#97,.T.);
#2367=EDGE_CURVE('',#1938,#1920,#851,.T.);
#2368=EDGE_CURVE('',#1939,#1939,#98,.T.);
#2369=EDGE_CURVE('',#1939,#1938,#852,.T.);
#2370=EDGE_CURVE('',#1940,#1940,#99,.T.);
#2371=EDGE_CURVE('',#1940,#1936,#853,.T.);
#2372=EDGE_CURVE('',#1941,#1941,#100,.T.);
#2373=EDGE_CURVE('',#1941,#1940,#854,.T.);
#2374=EDGE_CURVE('',#1942,#1943,#855,.T.);
#2375=EDGE_CURVE('',#1944,#1942,#101,.T.);
#2376=EDGE_CURVE('',#1945,#1944,#856,.T.);
#2377=EDGE_CURVE('',#1943,#1945,#102,.T.);
#2378=EDGE_CURVE('',#1946,#1942,#43,.T.);
#2379=EDGE_CURVE('',#1947,#1946,#103,.T.);
#2380=EDGE_CURVE('',#1944,#1947,#44,.T.);
#2381=EDGE_CURVE('',#1945,#1948,#857,.T.);
#2382=EDGE_CURVE('',#1948,#1949,#104,.T.);
#2383=EDGE_CURVE('',#1943,#1949,#105,.T.);
#2384=EDGE_CURVE('',#1947,#1950,#858,.T.);
#2385=EDGE_CURVE('',#1950,#1951,#859,.F.);
#2386=EDGE_CURVE('',#1951,#1952,#860,.F.);
#2387=EDGE_CURVE('',#1952,#1948,#861,.T.);
#2388=EDGE_CURVE('',#1953,#1954,#24,.T.);
#2389=EDGE_CURVE('',#1955,#1953,#106,.T.);
#2390=EDGE_CURVE('',#1954,#1955,#862,.T.);
#2391=EDGE_CURVE('',#1956,#1957,#25,.T.);
#2392=EDGE_CURVE('',#1956,#1958,#863,.T.);
#2393=EDGE_CURVE('',#1957,#1958,#107,.T.);
#2394=EDGE_CURVE('',#1959,#1954,#26,.T.);
#2395=EDGE_CURVE('',#1960,#1955,#27,.T.);
#2396=EDGE_CURVE('',#1959,#1960,#864,.T.);
#2397=EDGE_CURVE('',#1961,#1956,#28,.F.);
#2398=EDGE_CURVE('',#1961,#1962,#865,.T.);
#2399=EDGE_CURVE('',#1958,#1962,#29,.T.);
#2400=EDGE_CURVE('',#1957,#1953,#108,.T.);
#2401=EDGE_CURVE('',#1962,#1963,#866,.T.);
#2402=EDGE_CURVE('',#1963,#1964,#109,.T.);
#2403=EDGE_CURVE('',#1964,#1960,#867,.T.);
#2404=EDGE_CURVE('',#1965,#1965,#110,.T.);
#2405=EDGE_CURVE('',#1966,#1953,#30,.T.);
#2406=EDGE_CURVE('',#1967,#1966,#111,.T.);
#2407=EDGE_CURVE('',#1957,#1967,#31,.T.);
#2408=EDGE_CURVE('',#1967,#1968,#112,.T.);
#2409=EDGE_CURVE('',#1968,#1969,#32,.T.);
#2410=EDGE_CURVE('',#1970,#1969,#33,.T.);
#2411=EDGE_CURVE('',#1970,#1961,#34,.T.);
#2412=EDGE_CURVE('',#1949,#1971,#868,.T.);
#2413=EDGE_CURVE('',#1971,#1972,#869,.T.);
#2414=EDGE_CURVE('',#1972,#1946,#870,.T.);
#2415=EDGE_CURVE('',#1973,#1972,#45,.F.);
#2416=EDGE_CURVE('',#1971,#1974,#871,.T.);
#2417=EDGE_CURVE('',#1974,#1973,#872,.T.);
#2418=EDGE_CURVE('',#1975,#1976,#873,.T.);
#2419=EDGE_CURVE('',#1975,#1977,#874,.T.);
#2420=EDGE_CURVE('',#1977,#1978,#875,.T.);
#2421=EDGE_CURVE('',#1978,#1979,#876,.T.);
#2422=EDGE_CURVE('',#1976,#1979,#877,.T.);
#2423=EDGE_CURVE('',#1977,#1980,#35,.F.);
#2424=EDGE_CURVE('',#1980,#1981,#878,.T.);
#2425=EDGE_CURVE('',#1981,#1978,#879,.T.);
#2426=EDGE_CURVE('',#1980,#1973,#113,.F.);
#2427=EDGE_CURVE('',#1974,#1981,#114,.T.);
#2428=EDGE_CURVE('',#1972,#1982,#115,.T.);
#2429=EDGE_CURVE('',#1982,#1977,#116,.T.);
#2430=EDGE_CURVE('',#1983,#1975,#880,.T.);
#2431=EDGE_CURVE('',#1984,#1983,#881,.T.);
#2432=EDGE_CURVE('',#1984,#1985,#117,.T.);
#2433=EDGE_CURVE('',#1985,#1986,#118,.T.);
#2434=EDGE_CURVE('',#1986,#1987,#119,.T.);
#2435=EDGE_CURVE('',#1987,#1988,#120,.T.);
#2436=EDGE_CURVE('',#1988,#1989,#121,.T.);
#2437=EDGE_CURVE('',#1990,#1989,#882,.T.);
#2438=EDGE_CURVE('',#1990,#1969,#883,.T.);
#2439=EDGE_CURVE('',#1991,#1968,#122,.T.);
#2440=EDGE_CURVE('',#1992,#1991,#36,.T.);
#2441=EDGE_CURVE('',#1993,#1992,#884,.T.);
#2442=EDGE_CURVE('',#1993,#1994,#123,.T.);
#2443=EDGE_CURVE('',#1995,#1994,#885,.T.);
#2444=EDGE_CURVE('',#1996,#1995,#886,.T.);
#2445=EDGE_CURVE('',#1997,#1996,#124,.T.);
#2446=EDGE_CURVE('',#1998,#1997,#887,.T.);
#2447=EDGE_CURVE('',#1999,#1998,#125,.T.);
#2448=EDGE_CURVE('',#2000,#1999,#888,.T.);
#2449=EDGE_CURVE('',#2001,#2000,#126,.T.);
#2450=EDGE_CURVE('',#1950,#2001,#889,.T.);
#2451=EDGE_CURVE('',#2002,#2003,#890,.T.);
#2452=EDGE_CURVE('',#2004,#2002,#891,.T.);
#2453=EDGE_CURVE('',#2005,#2004,#892,.T.);
#2454=EDGE_CURVE('',#2003,#2005,#893,.T.);
#2455=EDGE_CURVE('',#2006,#2007,#894,.T.);
#2456=EDGE_CURVE('',#2008,#2006,#895,.T.);
#2457=EDGE_CURVE('',#2009,#2008,#896,.T.);
#2458=EDGE_CURVE('',#2007,#2009,#897,.T.);
#2459=EDGE_CURVE('',#2010,#2011,#898,.T.);
#2460=EDGE_CURVE('',#2012,#2010,#899,.T.);
#2461=EDGE_CURVE('',#2013,#2012,#900,.T.);
#2462=EDGE_CURVE('',#2011,#2013,#901,.T.);
#2463=EDGE_CURVE('',#2014,#1981,#902,.T.);
#2464=EDGE_CURVE('',#2015,#2014,#903,.T.);
#2465=EDGE_CURVE('',#2015,#1979,#904,.T.);
#2466=EDGE_CURVE('',#2016,#1974,#905,.T.);
#2467=EDGE_CURVE('',#2014,#2016,#127,.T.);
#2468=EDGE_CURVE('',#1949,#2017,#906,.T.);
#2469=EDGE_CURVE('',#2016,#2017,#907,.T.);
#2470=EDGE_CURVE('',#1948,#2018,#908,.T.);
#2471=EDGE_CURVE('',#2017,#2018,#128,.T.);
#2472=EDGE_CURVE('',#2019,#1898,#909,.F.);
#2473=EDGE_CURVE('',#1897,#2018,#910,.T.);
#2474=EDGE_CURVE('',#2018,#2019,#911,.T.);
#2475=EDGE_CURVE('',#1895,#2017,#129,.F.);
#2476=EDGE_CURVE('',#2019,#1952,#912,.T.);
#2477=EDGE_CURVE('',#1951,#2020,#913,.T.);
#2478=EDGE_CURVE('',#2020,#2021,#914,.T.);
#2479=EDGE_CURVE('',#2019,#2021,#915,.T.);
#2480=EDGE_CURVE('',#1899,#2021,#130,.T.);
#2481=EDGE_CURVE('',#2001,#2020,#37,.T.);
#2482=EDGE_CURVE('',#1995,#2022,#916,.F.);
#2483=EDGE_CURVE('',#2022,#2023,#917,.T.);
#2484=EDGE_CURVE('',#2023,#1996,#131,.T.);
#2485=EDGE_CURVE('',#2023,#2024,#132,.T.);
#2486=EDGE_CURVE('',#2024,#1997,#918,.T.);
#2487=EDGE_CURVE('',#2025,#1998,#919,.T.);
#2488=EDGE_CURVE('',#2024,#2025,#920,.T.);
#2489=EDGE_CURVE('',#2025,#2026,#133,.T.);
#2490=EDGE_CURVE('',#2026,#1999,#921,.T.);
#2491=EDGE_CURVE('',#2027,#2000,#922,.T.);
#2492=EDGE_CURVE('',#2026,#2027,#923,.T.);
#2493=EDGE_CURVE('',#2027,#2020,#134,.T.);
#2494=EDGE_CURVE('',#2027,#2028,#924,.T.);
#2495=EDGE_CURVE('',#2021,#2028,#135,.T.);
#2496=EDGE_CURVE('',#2026,#2029,#925,.T.);
#2497=EDGE_CURVE('',#2028,#2029,#926,.T.);
#2498=EDGE_CURVE('',#2025,#2030,#927,.T.);
#2499=EDGE_CURVE('',#2029,#2030,#136,.T.);
#2500=EDGE_CURVE('',#2024,#2031,#928,.T.);
#2501=EDGE_CURVE('',#2030,#2031,#929,.T.);
#2502=EDGE_CURVE('',#2023,#2032,#930,.T.);
#2503=EDGE_CURVE('',#2031,#2032,#137,.T.);
#2504=EDGE_CURVE('',#2033,#2022,#931,.T.);
#2505=EDGE_CURVE('',#2032,#2033,#932,.T.);
#2506=EDGE_CURVE('',#2033,#1905,#933,.F.);
#2507=EDGE_CURVE('',#1904,#2032,#38,.T.);
#2508=EDGE_CURVE('',#2028,#1900,#934,.T.);
#2509=EDGE_CURVE('',#2029,#1901,#935,.T.);
#2510=EDGE_CURVE('',#2030,#1902,#936,.T.);
#2511=EDGE_CURVE('',#2031,#1903,#937,.T.);
#2512=EDGE_CURVE('',#2033,#2034,#938,.T.);
#2513=EDGE_CURVE('',#1906,#2034,#939,.T.);
#2514=EDGE_CURVE('',#2035,#2022,#940,.T.);
#2515=EDGE_CURVE('',#2034,#2035,#941,.T.);
#2516=EDGE_CURVE('',#1994,#2035,#942,.T.);
#2517=EDGE_CURVE('',#2007,#2036,#943,.T.);
#2518=EDGE_CURVE('',#2036,#2037,#944,.T.);
#2519=EDGE_CURVE('',#2006,#2037,#945,.T.);
#2520=EDGE_CURVE('',#2009,#2038,#946,.T.);
#2521=EDGE_CURVE('',#2038,#2036,#947,.T.);
#2522=EDGE_CURVE('',#2037,#2039,#948,.T.);
#2523=EDGE_CURVE('',#2039,#2008,#949,.T.);
#2524=EDGE_CURVE('',#2039,#2038,#950,.T.);
#2525=EDGE_CURVE('',#2037,#2040,#951,.T.);
#2526=EDGE_CURVE('',#2041,#2040,#952,.T.);
#2527=EDGE_CURVE('',#2039,#2041,#953,.T.);
#2528=EDGE_CURVE('',#2036,#2042,#954,.T.);
#2529=EDGE_CURVE('',#2040,#2042,#955,.T.);
#2530=EDGE_CURVE('',#2004,#2043,#956,.T.);
#2531=EDGE_CURVE('',#2043,#2044,#957,.T.);
#2532=EDGE_CURVE('',#2005,#2044,#958,.T.);
#2533=EDGE_CURVE('',#2003,#2045,#959,.T.);
#2534=EDGE_CURVE('',#2045,#2046,#960,.T.);
#2535=EDGE_CURVE('',#2046,#2002,#961,.T.);
#2536=EDGE_CURVE('',#2044,#2045,#962,.T.);
#2537=EDGE_CURVE('',#2046,#2043,#963,.T.);
#2538=EDGE_CURVE('',#2046,#2047,#964,.T.);
#2539=EDGE_CURVE('',#2048,#2047,#965,.T.);
#2540=EDGE_CURVE('',#2043,#2048,#966,.T.);
#2541=EDGE_CURVE('',#2045,#2049,#967,.T.);
#2542=EDGE_CURVE('',#2047,#2049,#968,.T.);
#2543=EDGE_CURVE('',#2012,#2050,#969,.T.);
#2544=EDGE_CURVE('',#2050,#2051,#970,.T.);
#2545=EDGE_CURVE('',#2013,#2051,#971,.T.);
#2546=EDGE_CURVE('',#2010,#2052,#972,.T.);
#2547=EDGE_CURVE('',#2052,#2050,#973,.T.);
#2548=EDGE_CURVE('',#2051,#2053,#974,.T.);
#2549=EDGE_CURVE('',#2053,#2011,#975,.T.);
#2550=EDGE_CURVE('',#2053,#2052,#976,.T.);
#2551=EDGE_CURVE('',#2051,#2054,#977,.T.);
#2552=EDGE_CURVE('',#2055,#2054,#978,.T.);
#2553=EDGE_CURVE('',#2053,#2055,#979,.T.);
#2554=EDGE_CURVE('',#2050,#2056,#980,.T.);
#2555=EDGE_CURVE('',#2054,#2056,#981,.T.);
#2556=EDGE_CURVE('',#2057,#1913,#982,.T.);
#2557=EDGE_CURVE('',#1912,#2058,#983,.T.);
#2558=EDGE_CURVE('',#2058,#2057,#984,.T.);
#2559=EDGE_CURVE('',#2057,#2059,#985,.T.);
#2560=EDGE_CURVE('',#2060,#2059,#986,.T.);
#2561=EDGE_CURVE('',#2060,#1914,#987,.T.);
#2562=EDGE_CURVE('',#2060,#2061,#988,.T.);
#2563=EDGE_CURVE('',#2061,#2062,#989,.T.);
#2564=EDGE_CURVE('',#2062,#2063,#990,.T.);
#2565=EDGE_CURVE('',#2064,#2063,#991,.T.);
#2566=EDGE_CURVE('',#2064,#2065,#992,.T.);
#2567=EDGE_CURVE('',#2065,#2066,#993,.T.);
#2568=EDGE_CURVE('',#2066,#2067,#994,.T.);
#2569=EDGE_CURVE('',#1915,#2067,#995,.T.);
#2570=EDGE_CURVE('',#1916,#2068,#996,.T.);
#2571=EDGE_CURVE('',#2068,#2069,#997,.T.);
#2572=EDGE_CURVE('',#1917,#2069,#998,.T.);
#2573=EDGE_CURVE('',#2070,#2067,#999,.T.);
#2574=EDGE_CURVE('',#2070,#2068,#1000,.T.);
#2575=EDGE_CURVE('',#2014,#1919,#1001,.T.);
#2576=EDGE_CURVE('',#1918,#2015,#1002,.T.);
#2577=EDGE_CURVE('',#2069,#2015,#1003,.T.);
#2578=EDGE_CURVE('',#2071,#2058,#1004,.T.);
#2579=EDGE_CURVE('',#1911,#2071,#1005,.T.);
#2580=EDGE_CURVE('',#1910,#2072,#1006,.T.);
#2581=EDGE_CURVE('',#2072,#2071,#1007,.T.);
#2582=EDGE_CURVE('',#1909,#2073,#1008,.T.);
#2583=EDGE_CURVE('',#2073,#2072,#138,.T.);
#2584=EDGE_CURVE('',#2074,#2073,#1009,.T.);
#2585=EDGE_CURVE('',#1908,#2074,#1010,.T.);
#2586=EDGE_CURVE('',#1907,#2075,#1011,.T.);
#2587=EDGE_CURVE('',#2075,#2074,#1012,.T.);
#2588=EDGE_CURVE('',#2034,#2075,#139,.T.);
#2589=EDGE_CURVE('',#2016,#1896,#1013,.T.);
#2590=EDGE_CURVE('',#2076,#2069,#1014,.T.);
#2591=EDGE_CURVE('',#1976,#2076,#1015,.F.);
#2592=EDGE_CURVE('',#2077,#2070,#1016,.T.);
#2593=EDGE_CURVE('',#2078,#2077,#1017,.T.);
#2594=EDGE_CURVE('',#2079,#2078,#1018,.T.);
#2595=EDGE_CURVE('',#2076,#2079,#1019,.T.);
#2596=EDGE_CURVE('',#2058,#2080,#1020,.T.);
#2597=EDGE_CURVE('',#2081,#2080,#1021,.T.);
#2598=EDGE_CURVE('',#2082,#2081,#1022,.T.);
#2599=EDGE_CURVE('',#2083,#2082,#1023,.T.);
#2600=EDGE_CURVE('',#2059,#2083,#1024,.T.);
#2601=EDGE_CURVE('',#2084,#2084,#140,.T.);
#2602=EDGE_CURVE('',#2084,#1935,#1025,.T.);
#2603=EDGE_CURVE('',#2084,#1965,#1026,.T.);
#2604=EDGE_CURVE('',#2085,#2085,#141,.T.);
#2605=EDGE_CURVE('',#2085,#1934,#1027,.T.);
#2606=EDGE_CURVE('',#2085,#2086,#1028,.T.);
#2607=EDGE_CURVE('',#2087,#2086,#142,.T.);
#2608=EDGE_CURVE('',#2088,#2087,#1029,.T.);
#2609=EDGE_CURVE('',#2089,#2088,#143,.T.);
#2610=EDGE_CURVE('',#2090,#2089,#1030,.T.);
#2611=EDGE_CURVE('',#2091,#2090,#144,.T.);
#2612=EDGE_CURVE('',#2092,#2091,#1031,.T.);
#2613=EDGE_CURVE('',#2093,#2092,#145,.T.);
#2614=EDGE_CURVE('',#2094,#2093,#1032,.T.);
#2615=EDGE_CURVE('',#2095,#2094,#146,.T.);
#2616=EDGE_CURVE('',#2096,#2095,#1033,.T.);
#2617=EDGE_CURVE('',#2097,#2096,#147,.T.);
#2618=EDGE_CURVE('',#2098,#2097,#1034,.T.);
#2619=EDGE_CURVE('',#2099,#2098,#148,.T.);
#2620=EDGE_CURVE('',#2100,#2099,#1035,.T.);
#2621=EDGE_CURVE('',#2101,#2100,#149,.T.);
#2622=EDGE_CURVE('',#2102,#2101,#1036,.T.);
#2623=EDGE_CURVE('',#2086,#2102,#150,.T.);
#2624=EDGE_CURVE('',#2103,#2103,#151,.T.);
#2625=EDGE_CURVE('',#2103,#1921,#1037,.T.);
#2626=EDGE_CURVE('',#2103,#2104,#1038,.T.);
#2627=EDGE_CURVE('',#2105,#2104,#152,.T.);
#2628=EDGE_CURVE('',#2106,#2105,#1039,.T.);
#2629=EDGE_CURVE('',#2107,#2106,#153,.T.);
#2630=EDGE_CURVE('',#2108,#2107,#1040,.T.);
#2631=EDGE_CURVE('',#2109,#2108,#154,.T.);
#2632=EDGE_CURVE('',#2110,#2109,#1041,.T.);
#2633=EDGE_CURVE('',#2111,#2110,#155,.T.);
#2634=EDGE_CURVE('',#2112,#2111,#1042,.T.);
#2635=EDGE_CURVE('',#2113,#2112,#156,.T.);
#2636=EDGE_CURVE('',#2114,#2113,#1043,.T.);
#2637=EDGE_CURVE('',#2115,#2114,#157,.T.);
#2638=EDGE_CURVE('',#2116,#2115,#1044,.T.);
#2639=EDGE_CURVE('',#2117,#2116,#158,.T.);
#2640=EDGE_CURVE('',#2118,#2117,#1045,.T.);
#2641=EDGE_CURVE('',#2119,#2118,#159,.T.);
#2642=EDGE_CURVE('',#2120,#2119,#1046,.T.);
#2643=EDGE_CURVE('',#2104,#2120,#160,.T.);
#2644=EDGE_CURVE('',#1931,#2041,#1047,.T.);
#2645=EDGE_CURVE('',#2040,#1930,#1048,.T.);
#2646=EDGE_CURVE('',#2121,#2041,#1049,.T.);
#2647=EDGE_CURVE('',#2121,#1933,#1050,.T.);
#2648=EDGE_CURVE('',#2042,#1932,#1051,.T.);
#2649=EDGE_CURVE('',#2042,#2121,#1052,.T.);
#2650=EDGE_CURVE('',#1923,#2047,#1053,.T.);
#2651=EDGE_CURVE('',#2049,#1922,#1054,.T.);
#2652=EDGE_CURVE('',#2048,#1925,#1055,.T.);
#2653=EDGE_CURVE('',#2049,#2122,#1056,.T.);
#2654=EDGE_CURVE('',#2122,#1924,#1057,.T.);
#2655=EDGE_CURVE('',#2122,#2048,#1058,.T.);
#2656=EDGE_CURVE('',#2044,#2122,#1059,.T.);
#2657=EDGE_CURVE('',#1927,#2055,#1060,.T.);
#2658=EDGE_CURVE('',#2054,#1926,#1061,.T.);
#2659=EDGE_CURVE('',#2123,#2055,#1062,.T.);
#2660=EDGE_CURVE('',#2123,#1929,#1063,.T.);
#2661=EDGE_CURVE('',#2056,#1928,#1064,.T.);
#2662=EDGE_CURVE('',#2056,#2123,#1065,.T.);
#2663=EDGE_CURVE('',#2052,#2123,#1066,.T.);
#2664=EDGE_CURVE('',#2038,#2121,#1067,.T.);
#2665=EDGE_CURVE('',#2124,#2124,#161,.T.);
#2666=EDGE_CURVE('',#2124,#2125,#1068,.T.);
#2667=EDGE_CURVE('',#2125,#2125,#162,.T.);
#2668=EDGE_CURVE('',#2126,#2127,#163,.T.);
#2669=EDGE_CURVE('',#2127,#2128,#164,.T.);
#2670=EDGE_CURVE('',#2128,#2129,#165,.T.);
#2671=EDGE_CURVE('',#2129,#2130,#166,.T.);
#2672=EDGE_CURVE('',#2130,#2131,#167,.T.);
#2673=EDGE_CURVE('',#2131,#2132,#168,.T.);
#2674=EDGE_CURVE('',#2132,#2133,#169,.T.);
#2675=EDGE_CURVE('',#2133,#2126,#170,.T.);
#2676=EDGE_CURVE('',#2126,#2124,#1069,.T.);
#2677=EDGE_CURVE('',#2126,#2134,#1070,.T.);
#2678=EDGE_CURVE('',#2135,#2134,#1071,.T.);
#2679=EDGE_CURVE('',#2135,#2088,#1072,.T.);
#2680=EDGE_CURVE('',#2102,#2087,#1073,.T.);
#2681=EDGE_CURVE('',#2101,#2136,#1074,.T.);
#2682=EDGE_CURVE('',#2136,#2137,#1075,.T.);
#2683=EDGE_CURVE('',#2137,#2126,#1076,.T.);
#2684=EDGE_CURVE('',#2132,#2138,#1077,.T.);
#2685=EDGE_CURVE('',#2139,#2138,#1078,.T.);
#2686=EDGE_CURVE('',#2139,#2092,#1079,.T.);
#2687=EDGE_CURVE('',#2090,#2091,#1080,.T.);
#2688=EDGE_CURVE('',#2089,#2140,#1081,.T.);
#2689=EDGE_CURVE('',#2140,#2141,#1082,.T.);
#2690=EDGE_CURVE('',#2141,#2132,#1083,.T.);
#2691=EDGE_CURVE('',#2130,#2142,#1084,.T.);
#2692=EDGE_CURVE('',#2143,#2142,#1085,.T.);
#2693=EDGE_CURVE('',#2143,#2096,#1086,.T.);
#2694=EDGE_CURVE('',#2094,#2095,#1087,.T.);
#2695=EDGE_CURVE('',#2093,#2144,#1088,.T.);
#2696=EDGE_CURVE('',#2144,#2145,#1089,.T.);
#2697=EDGE_CURVE('',#2145,#2130,#1090,.T.);
#2698=EDGE_CURVE('',#2129,#2146,#1091,.T.);
#2699=EDGE_CURVE('',#2147,#2146,#1092,.T.);
#2700=EDGE_CURVE('',#2143,#2147,#1093,.T.);
#2701=EDGE_CURVE('',#2142,#2129,#1094,.T.);
#2702=EDGE_CURVE('',#2127,#2137,#1095,.T.);
#2703=EDGE_CURVE('',#2148,#2136,#1096,.T.);
#2704=EDGE_CURVE('',#2148,#2149,#1097,.T.);
#2705=EDGE_CURVE('',#2149,#2127,#1098,.T.);
#2706=EDGE_CURVE('',#2133,#2141,#1099,.T.);
#2707=EDGE_CURVE('',#2135,#2140,#1100,.T.);
#2708=EDGE_CURVE('',#2134,#2133,#1101,.T.);
#2709=EDGE_CURVE('',#2131,#2145,#1102,.T.);
#2710=EDGE_CURVE('',#2139,#2144,#1103,.T.);
#2711=EDGE_CURVE('',#2138,#2131,#1104,.T.);
#2712=EDGE_CURVE('',#2146,#2128,#1105,.T.);
#2713=EDGE_CURVE('',#2128,#2149,#1106,.T.);
#2714=EDGE_CURVE('',#2148,#2100,#1107,.T.);
#2715=EDGE_CURVE('',#2098,#2099,#1108,.T.);
#2716=EDGE_CURVE('',#2097,#2147,#1109,.T.);
#2717=EDGE_CURVE('',#2150,#2150,#171,.T.);
#2718=EDGE_CURVE('',#2150,#2151,#1110,.T.);
#2719=EDGE_CURVE('',#2151,#2151,#172,.T.);
#2720=EDGE_CURVE('',#2152,#2153,#173,.T.);
#2721=EDGE_CURVE('',#2153,#2154,#174,.T.);
#2722=EDGE_CURVE('',#2154,#2155,#175,.T.);
#2723=EDGE_CURVE('',#2155,#2156,#176,.T.);
#2724=EDGE_CURVE('',#2156,#2157,#177,.T.);
#2725=EDGE_CURVE('',#2157,#2158,#178,.T.);
#2726=EDGE_CURVE('',#2158,#2159,#179,.T.);
#2727=EDGE_CURVE('',#2159,#2152,#180,.T.);
#2728=EDGE_CURVE('',#2152,#2150,#1111,.T.);
#2729=EDGE_CURVE('',#2152,#2160,#1112,.T.);
#2730=EDGE_CURVE('',#2161,#2160,#1113,.T.);
#2731=EDGE_CURVE('',#2161,#2106,#1114,.T.);
#2732=EDGE_CURVE('',#2120,#2105,#1115,.T.);
#2733=EDGE_CURVE('',#2119,#2162,#1116,.T.);
#2734=EDGE_CURVE('',#2162,#2163,#1117,.T.);
#2735=EDGE_CURVE('',#2163,#2152,#1118,.T.);
#2736=EDGE_CURVE('',#2158,#2164,#1119,.T.);
#2737=EDGE_CURVE('',#2165,#2164,#1120,.T.);
#2738=EDGE_CURVE('',#2165,#2110,#1121,.T.);
#2739=EDGE_CURVE('',#2108,#2109,#1122,.T.);
#2740=EDGE_CURVE('',#2107,#2166,#1123,.T.);
#2741=EDGE_CURVE('',#2166,#2167,#1124,.T.);
#2742=EDGE_CURVE('',#2167,#2158,#1125,.T.);
#2743=EDGE_CURVE('',#2156,#2168,#1126,.T.);
#2744=EDGE_CURVE('',#2169,#2168,#1127,.T.);
#2745=EDGE_CURVE('',#2169,#2114,#1128,.T.);
#2746=EDGE_CURVE('',#2112,#2113,#1129,.T.);
#2747=EDGE_CURVE('',#2111,#2170,#1130,.T.);
#2748=EDGE_CURVE('',#2170,#2171,#1131,.T.);
#2749=EDGE_CURVE('',#2171,#2156,#1132,.T.);
#2750=EDGE_CURVE('',#2155,#2172,#1133,.T.);
#2751=EDGE_CURVE('',#2173,#2172,#1134,.T.);
#2752=EDGE_CURVE('',#2169,#2173,#1135,.T.);
#2753=EDGE_CURVE('',#2168,#2155,#1136,.T.);
#2754=EDGE_CURVE('',#2153,#2163,#1137,.T.);
#2755=EDGE_CURVE('',#2174,#2162,#1138,.T.);
#2756=EDGE_CURVE('',#2174,#2175,#1139,.T.);
#2757=EDGE_CURVE('',#2175,#2153,#1140,.T.);
#2758=EDGE_CURVE('',#2159,#2167,#1141,.T.);
#2759=EDGE_CURVE('',#2161,#2166,#1142,.T.);
#2760=EDGE_CURVE('',#2160,#2159,#1143,.T.);
#2761=EDGE_CURVE('',#2157,#2171,#1144,.T.);
#2762=EDGE_CURVE('',#2165,#2170,#1145,.T.);
#2763=EDGE_CURVE('',#2164,#2157,#1146,.T.);
#2764=EDGE_CURVE('',#2172,#2154,#1147,.T.);
#2765=EDGE_CURVE('',#2154,#2175,#1148,.T.);
#2766=EDGE_CURVE('',#2174,#2118,#1149,.T.);
#2767=EDGE_CURVE('',#2116,#2117,#1150,.T.);
#2768=EDGE_CURVE('',#2115,#2173,#1151,.T.);
#2769=EDGE_CURVE('',#1982,#2176,#1152,.T.);
#2770=EDGE_CURVE('',#2176,#2176,#181,.T.);
#2771=EDGE_CURVE('',#1994,#2177,#182,.T.);
#2772=EDGE_CURVE('',#2177,#1993,#183,.T.);
#2773=EDGE_CURVE('',#2177,#2178,#1153,.T.);
#2774=EDGE_CURVE('',#2178,#2178,#184,.T.);
#2775=EDGE_CURVE('',#1970,#2179,#1154,.F.);
#2776=EDGE_CURVE('',#2179,#1961,#1155,.T.);
#2777=EDGE_CURVE('',#1959,#2180,#39,.T.);
#2778=EDGE_CURVE('',#1992,#2180,#40,.F.);
#2779=EDGE_CURVE('',#1991,#1966,#185,.T.);
#2780=EDGE_CURVE('',#2180,#2181,#1156,.T.);
#2781=EDGE_CURVE('',#1959,#2181,#1157,.T.);
#2782=EDGE_CURVE('',#2079,#2182,#46,.F.);
#2783=EDGE_CURVE('',#2182,#1984,#47,.F.);
#2784=EDGE_CURVE('',#1983,#2076,#1158,.T.);
#2785=EDGE_CURVE('',#2081,#2183,#48,.T.);
#2786=EDGE_CURVE('',#2080,#1990,#1159,.F.);
#2787=EDGE_CURVE('',#2183,#1989,#49,.T.);
#2788=EDGE_CURVE('',#1993,#2184,#1160,.T.);
#2789=EDGE_CURVE('',#2184,#2035,#186,.T.);
#2790=EDGE_CURVE('',#2181,#2184,#1161,.T.);
#2791=EDGE_CURVE('',#2075,#2184,#1162,.T.);
#2792=EDGE_CURVE('',#2074,#2181,#1163,.T.);
#2793=EDGE_CURVE('',#2073,#1964,#1164,.T.);
#2794=EDGE_CURVE('',#2072,#1963,#1165,.T.);
#2795=EDGE_CURVE('',#2071,#2179,#1166,.T.);
#2796=EDGE_CURVE('',#2182,#2185,#1167,.T.);
#2797=EDGE_CURVE('',#2186,#2185,#187,.T.);
#2798=EDGE_CURVE('',#2187,#2186,#1168,.T.);
#2799=EDGE_CURVE('',#2187,#2188,#188,.T.);
#2800=EDGE_CURVE('',#2188,#2189,#1169,.T.);
#2801=EDGE_CURVE('',#2190,#2189,#189,.T.);
#2802=EDGE_CURVE('',#2183,#2190,#1170,.T.);
#2803=EDGE_CURVE('',#2191,#1988,#1171,.T.);
#2804=EDGE_CURVE('',#2191,#2192,#190,.T.);
#2805=EDGE_CURVE('',#1985,#2192,#1172,.T.);
#2806=EDGE_CURVE('',#2078,#2185,#191,.T.);
#2807=EDGE_CURVE('',#2192,#2193,#192,.T.);
#2808=EDGE_CURVE('',#2193,#2194,#1173,.T.);
#2809=EDGE_CURVE('',#2194,#1986,#41,.T.);
#2810=EDGE_CURVE('',#2195,#2187,#1174,.T.);
#2811=EDGE_CURVE('',#2196,#2195,#193,.T.);
#2812=EDGE_CURVE('',#2188,#2196,#1175,.T.);
#2813=EDGE_CURVE('',#2197,#2195,#1176,.T.);
#2814=EDGE_CURVE('',#2198,#2197,#194,.T.);
#2815=EDGE_CURVE('',#2198,#2196,#1177,.T.);
#2816=EDGE_CURVE('',#2196,#2199,#1178,.T.);
#2817=EDGE_CURVE('',#2189,#2199,#1179,.T.);
#2818=EDGE_CURVE('',#2197,#2200,#1180,.T.);
#2819=EDGE_CURVE('',#2200,#2201,#1181,.T.);
#2820=EDGE_CURVE('',#2202,#2201,#1182,.T.);
#2821=EDGE_CURVE('',#2202,#2203,#1183,.T.);
#2822=EDGE_CURVE('',#2203,#2198,#1184,.T.);
#2823=EDGE_CURVE('',#2190,#2082,#195,.T.);
#2824=EDGE_CURVE('',#2204,#2205,#1185,.T.);
#2825=EDGE_CURVE('',#2205,#2206,#1186,.T.);
#2826=EDGE_CURVE('',#2206,#2207,#1187,.T.);
#2827=EDGE_CURVE('',#2207,#2204,#1188,.T.);
#2828=EDGE_CURVE('',#2208,#2186,#1189,.T.);
#2829=EDGE_CURVE('',#2195,#2208,#1190,.T.);
#2830=EDGE_CURVE('',#2209,#2208,#1191,.T.);
#2831=EDGE_CURVE('',#2210,#2209,#1192,.T.);
#2832=EDGE_CURVE('',#2200,#2210,#1193,.T.);
#2833=EDGE_CURVE('',#2210,#2211,#1194,.T.);
#2834=EDGE_CURVE('',#2201,#2211,#1195,.T.);
#2835=EDGE_CURVE('',#2212,#2213,#1196,.T.);
#2836=EDGE_CURVE('',#2203,#2213,#1197,.T.);
#2837=EDGE_CURVE('',#2202,#2212,#1198,.T.);
#2838=EDGE_CURVE('',#2213,#2214,#1199,.T.);
#2839=EDGE_CURVE('',#2199,#2214,#1200,.T.);
#2840=EDGE_CURVE('',#2215,#2216,#1201,.T.);
#2841=EDGE_CURVE('',#2215,#2217,#1202,.T.);
#2842=EDGE_CURVE('',#2218,#2217,#1203,.T.);
#2843=EDGE_CURVE('',#2219,#2218,#1204,.T.);
#2844=EDGE_CURVE('',#2220,#2219,#1205,.T.);
#2845=EDGE_CURVE('',#2221,#2220,#1206,.T.);
#2846=EDGE_CURVE('',#2222,#2221,#1207,.T.);
#2847=EDGE_CURVE('',#2222,#2223,#1208,.T.);
#2848=EDGE_CURVE('',#2224,#2223,#1209,.T.);
#2849=EDGE_CURVE('',#2225,#2224,#1210,.T.);
#2850=EDGE_CURVE('',#2226,#2225,#1211,.T.);
#2851=EDGE_CURVE('',#2216,#2226,#1212,.T.);
#2852=EDGE_CURVE('',#2227,#2228,#1213,.T.);
#2853=EDGE_CURVE('',#2229,#2227,#1214,.T.);
#2854=EDGE_CURVE('',#2230,#2229,#1215,.T.);
#2855=EDGE_CURVE('',#2230,#2228,#1216,.T.);
#2856=EDGE_CURVE('',#2231,#2232,#1217,.T.);
#2857=EDGE_CURVE('',#2232,#2233,#1218,.T.);
#2858=EDGE_CURVE('',#2233,#2234,#1219,.T.);
#2859=EDGE_CURVE('',#2231,#2234,#1220,.T.);
#2860=EDGE_CURVE('',#2235,#2236,#1221,.T.);
#2861=EDGE_CURVE('',#2236,#2237,#1222,.T.);
#2862=EDGE_CURVE('',#2237,#2238,#1223,.T.);
#2863=EDGE_CURVE('',#2238,#2235,#1224,.T.);
#2864=EDGE_CURVE('',#2232,#2235,#1225,.T.);
#2865=EDGE_CURVE('',#2238,#2233,#1226,.T.);
#2866=EDGE_CURVE('',#2239,#2240,#1227,.T.);
#2867=EDGE_CURVE('',#2239,#2241,#1228,.T.);
#2868=EDGE_CURVE('',#2242,#2241,#1229,.T.);
#2869=EDGE_CURVE('',#2234,#2242,#1230,.T.);
#2870=EDGE_CURVE('',#2237,#2243,#1231,.T.);
#2871=EDGE_CURVE('',#2244,#2243,#1232,.T.);
#2872=EDGE_CURVE('',#2245,#2244,#1233,.T.);
#2873=EDGE_CURVE('',#2246,#2245,#1234,.T.);
#2874=EDGE_CURVE('',#2240,#2246,#1235,.T.);
#2875=EDGE_CURVE('',#2247,#2248,#1236,.T.);
#2876=EDGE_CURVE('',#2242,#2248,#1237,.T.);
#2877=EDGE_CURVE('',#2247,#2241,#1238,.T.);
#2878=EDGE_CURVE('',#2248,#2231,#1239,.T.);
#2879=EDGE_CURVE('',#2249,#2250,#1240,.T.);
#2880=EDGE_CURVE('',#2251,#2249,#1241,.T.);
#2881=EDGE_CURVE('',#2252,#2251,#1242,.T.);
#2882=EDGE_CURVE('',#2252,#2250,#1243,.T.);
#2883=EDGE_CURVE('',#2253,#1885,#1244,.T.);
#2884=EDGE_CURVE('',#2253,#2252,#1245,.T.);
#2885=EDGE_CURVE('',#2252,#1887,#1246,.T.);
#2886=EDGE_CURVE('',#2251,#2254,#1247,.T.);
#2887=EDGE_CURVE('',#2254,#2255,#1248,.T.);
#2888=EDGE_CURVE('',#1889,#2255,#1249,.T.);
#2889=EDGE_CURVE('',#2251,#1888,#1250,.T.);
#2890=EDGE_CURVE('',#2255,#2256,#1251,.T.);
#2891=EDGE_CURVE('',#1890,#2256,#1252,.T.);
#2892=EDGE_CURVE('',#2256,#2257,#1253,.T.);
#2893=EDGE_CURVE('',#2257,#2258,#1254,.T.);
#2894=EDGE_CURVE('',#1886,#2258,#1255,.T.);
#2895=EDGE_CURVE('',#2258,#2253,#1256,.T.);
#2896=EDGE_CURVE('',#2259,#2260,#1257,.T.);
#2897=EDGE_CURVE('',#2253,#2259,#1258,.T.);
#2898=EDGE_CURVE('',#2258,#2260,#1259,.T.);
#2899=EDGE_CURVE('',#2260,#2261,#1260,.T.);
#2900=EDGE_CURVE('',#2261,#2257,#1261,.T.);
#2901=EDGE_CURVE('',#2262,#2263,#1262,.T.);
#2902=EDGE_CURVE('',#2264,#2262,#1263,.T.);
#2903=EDGE_CURVE('',#2261,#2264,#1264,.T.);
#2904=EDGE_CURVE('',#2254,#2263,#1265,.T.);
#2905=EDGE_CURVE('',#2263,#2249,#1266,.T.);
#2906=EDGE_CURVE('',#2243,#2259,#1267,.T.);
#2907=EDGE_CURVE('',#2244,#2260,#1268,.T.);
#2908=EDGE_CURVE('',#2245,#2264,#1269,.T.);
#2909=EDGE_CURVE('',#2246,#2262,#1270,.T.);
#2910=EDGE_CURVE('',#2240,#2249,#1271,.T.);
#2911=EDGE_CURVE('',#2250,#2239,#1272,.T.);
#2912=EDGE_CURVE('',#2265,#2266,#1273,.T.);
#2913=EDGE_CURVE('',#2267,#2265,#1274,.T.);
#2914=EDGE_CURVE('',#2268,#2267,#1275,.T.);
#2915=EDGE_CURVE('',#2269,#2268,#1276,.T.);
#2916=EDGE_CURVE('',#2270,#2269,#1277,.T.);
#2917=EDGE_CURVE('',#2270,#2236,#1278,.T.);
#2918=EDGE_CURVE('',#2247,#2266,#1279,.T.);
#2919=EDGE_CURVE('',#2229,#2271,#1280,.T.);
#2920=EDGE_CURVE('',#2271,#2272,#1281,.T.);
#2921=EDGE_CURVE('',#2267,#2272,#1282,.T.);
#2922=EDGE_CURVE('',#2229,#2265,#1283,.T.);
#2923=EDGE_CURVE('',#2273,#2274,#1284,.T.);
#2924=EDGE_CURVE('',#2269,#2274,#1285,.T.);
#2925=EDGE_CURVE('',#2275,#2268,#1286,.T.);
#2926=EDGE_CURVE('',#2275,#2273,#1287,.T.);
#2927=EDGE_CURVE('',#2274,#2276,#1288,.T.);
#2928=EDGE_CURVE('',#2276,#2270,#1289,.T.);
#2929=EDGE_CURVE('',#2272,#2275,#1290,.T.);
#2930=EDGE_CURVE('',#2266,#2230,#1291,.T.);
#2931=EDGE_CURVE('',#2277,#2278,#1292,.T.);
#2932=EDGE_CURVE('',#2276,#2277,#1293,.T.);
#2933=EDGE_CURVE('',#2274,#2278,#1294,.T.);
#2934=EDGE_CURVE('',#2278,#2279,#1295,.T.);
#2935=EDGE_CURVE('',#2279,#2273,#1296,.T.);
#2936=EDGE_CURVE('',#2280,#2281,#1297,.T.);
#2937=EDGE_CURVE('',#2282,#2280,#1298,.T.);
#2938=EDGE_CURVE('',#2279,#2282,#1299,.T.);
#2939=EDGE_CURVE('',#2271,#2281,#1300,.T.);
#2940=EDGE_CURVE('',#2281,#2227,#1301,.T.);
#2941=EDGE_CURVE('',#2223,#2277,#1302,.T.);
#2942=EDGE_CURVE('',#2224,#2278,#1303,.T.);
#2943=EDGE_CURVE('',#2225,#2282,#1304,.T.);
#2944=EDGE_CURVE('',#2226,#2280,#1305,.T.);
#2945=EDGE_CURVE('',#2216,#2227,#1306,.T.);
#2946=EDGE_CURVE('',#2228,#2215,#1307,.T.);
#2947=EDGE_CURVE('',#2283,#2060,#1308,.T.);
#2948=EDGE_CURVE('',#2284,#2283,#1309,.T.);
#2949=EDGE_CURVE('',#2284,#2061,#1310,.T.);
#2950=EDGE_CURVE('',#2285,#2066,#1311,.T.);
#2951=EDGE_CURVE('',#2218,#2065,#1312,.T.);
#2952=EDGE_CURVE('',#2285,#2217,#1313,.T.);
#2953=EDGE_CURVE('',#2222,#2284,#1314,.T.);
#2954=EDGE_CURVE('',#2221,#2062,#1315,.T.);
#2955=EDGE_CURVE('',#2063,#2220,#1316,.T.);
#2956=EDGE_CURVE('',#2064,#2219,#1317,.T.);
#2957=EDGE_CURVE('',#2191,#2286,#196,.F.);
#2958=EDGE_CURVE('',#2286,#2193,#197,.T.);
#2959=EDGE_CURVE('',#2286,#2287,#1318,.T.);
#2960=EDGE_CURVE('',#2287,#2194,#198,.F.);
#2961=EDGE_CURVE('',#2287,#1987,#42,.T.);
#2962=EDGE_CURVE('',#2067,#2288,#1319,.T.);
#2963=EDGE_CURVE('',#2288,#2285,#1320,.T.);
#2964=EDGE_CURVE('',#2289,#2290,#50,.T.);
#2965=EDGE_CURVE('',#2289,#2291,#51,.F.);
#2966=EDGE_CURVE('',#2291,#2292,#1321,.T.);
#2967=EDGE_CURVE('',#2292,#2290,#199,.T.);
#2968=EDGE_CURVE('',#2290,#2077,#1322,.T.);
#2969=EDGE_CURVE('',#2292,#2207,#1323,.T.);
#2970=EDGE_CURVE('',#2209,#2206,#1324,.T.);
#2971=EDGE_CURVE('',#2288,#2289,#1325,.T.);
#2972=EDGE_CURVE('',#2083,#2293,#1326,.T.);
#2973=EDGE_CURVE('',#2214,#2294,#1327,.T.);
#2974=EDGE_CURVE('',#2295,#2294,#1328,.T.);
#2975=EDGE_CURVE('',#2296,#2295,#1329,.T.);
#2976=EDGE_CURVE('',#2293,#2296,#200,.T.);
#2977=EDGE_CURVE('',#2293,#2297,#52,.T.);
#2978=EDGE_CURVE('',#2296,#2298,#1330,.T.);
#2979=EDGE_CURVE('',#2297,#2298,#53,.T.);
#2980=EDGE_CURVE('',#2297,#2283,#1331,.T.);
#2981=EDGE_CURVE('',#2291,#2298,#1332,.T.);
#2982=EDGE_CURVE('',#2210,#2213,#1333,.T.);
#2983=EDGE_CURVE('',#2211,#2212,#1334,.T.);
#2984=EDGE_CURVE('',#2294,#2299,#1335,.T.);
#2985=EDGE_CURVE('',#2299,#2205,#1336,.T.);
#2986=EDGE_CURVE('',#2300,#2204,#1337,.T.);
#2987=EDGE_CURVE('',#2300,#2295,#1338,.T.);
#2988=EDGE_CURVE('',#2299,#2300,#1339,.T.);
#2989=ORIENTED_EDGE('',*,*,#2301,.F.);
#2990=ORIENTED_EDGE('',*,*,#2302,.T.);
#2991=ORIENTED_EDGE('',*,*,#2303,.T.);
#2992=ORIENTED_EDGE('',*,*,#2304,.F.);
#2993=ORIENTED_EDGE('',*,*,#2303,.F.);
#2994=ORIENTED_EDGE('',*,*,#2305,.F.);
#2995=ORIENTED_EDGE('',*,*,#2306,.F.);
#2996=ORIENTED_EDGE('',*,*,#2307,.F.);
#2997=ORIENTED_EDGE('',*,*,#2308,.F.);
#2998=ORIENTED_EDGE('',*,*,#2309,.F.);
#2999=ORIENTED_EDGE('',*,*,#2310,.F.);
#3000=ORIENTED_EDGE('',*,*,#2311,.F.);
#3001=ORIENTED_EDGE('',*,*,#2312,.F.);
#3002=ORIENTED_EDGE('',*,*,#2313,.F.);
#3003=ORIENTED_EDGE('',*,*,#2314,.T.);
#3004=ORIENTED_EDGE('',*,*,#2301,.T.);
#3005=ORIENTED_EDGE('',*,*,#2315,.T.);
#3006=ORIENTED_EDGE('',*,*,#2316,.T.);
#3007=ORIENTED_EDGE('',*,*,#2314,.F.);
#3008=ORIENTED_EDGE('',*,*,#2317,.T.);
#3009=ORIENTED_EDGE('',*,*,#2305,.T.);
#3010=ORIENTED_EDGE('',*,*,#2302,.F.);
#3011=ORIENTED_EDGE('',*,*,#2316,.F.);
#3012=ORIENTED_EDGE('',*,*,#2318,.T.);
#3013=ORIENTED_EDGE('',*,*,#2306,.T.);
#3014=ORIENTED_EDGE('',*,*,#2317,.F.);
#3015=ORIENTED_EDGE('',*,*,#2315,.F.);
#3016=ORIENTED_EDGE('',*,*,#2304,.T.);
#3017=ORIENTED_EDGE('',*,*,#2307,.T.);
#3018=ORIENTED_EDGE('',*,*,#2318,.F.);
#3019=ORIENTED_EDGE('',*,*,#2319,.T.);
#3020=ORIENTED_EDGE('',*,*,#2320,.T.);
#3021=ORIENTED_EDGE('',*,*,#2321,.T.);
#3022=ORIENTED_EDGE('',*,*,#2320,.F.);
#3023=ORIENTED_EDGE('',*,*,#2322,.F.);
#3024=ORIENTED_EDGE('',*,*,#2323,.F.);
#3025=ORIENTED_EDGE('',*,*,#2324,.F.);
#3026=ORIENTED_EDGE('',*,*,#2325,.F.);
#3027=ORIENTED_EDGE('',*,*,#2326,.F.);
#3028=ORIENTED_EDGE('',*,*,#2327,.F.);
#3029=ORIENTED_EDGE('',*,*,#2328,.F.);
#3030=ORIENTED_EDGE('',*,*,#2329,.F.);
#3031=ORIENTED_EDGE('',*,*,#2330,.F.);
#3032=ORIENTED_EDGE('',*,*,#2331,.F.);
#3033=ORIENTED_EDGE('',*,*,#2332,.F.);
#3034=ORIENTED_EDGE('',*,*,#2333,.F.);
#3035=ORIENTED_EDGE('',*,*,#2334,.F.);
#3036=ORIENTED_EDGE('',*,*,#2335,.F.);
#3037=ORIENTED_EDGE('',*,*,#2336,.F.);
#3038=ORIENTED_EDGE('',*,*,#2337,.F.);
#3039=ORIENTED_EDGE('',*,*,#2338,.F.);
#3040=ORIENTED_EDGE('',*,*,#2339,.F.);
#3041=ORIENTED_EDGE('',*,*,#2340,.T.);
#3042=ORIENTED_EDGE('',*,*,#2341,.T.);
#3043=ORIENTED_EDGE('',*,*,#2342,.T.);
#3044=ORIENTED_EDGE('',*,*,#2343,.F.);
#3045=ORIENTED_EDGE('',*,*,#2344,.F.);
#3046=ORIENTED_EDGE('',*,*,#2345,.F.);
#3047=ORIENTED_EDGE('',*,*,#2346,.F.);
#3048=ORIENTED_EDGE('',*,*,#2347,.F.);
#3049=ORIENTED_EDGE('',*,*,#2348,.F.);
#3050=ORIENTED_EDGE('',*,*,#2349,.F.);
#3051=ORIENTED_EDGE('',*,*,#2350,.F.);
#3052=ORIENTED_EDGE('',*,*,#2351,.F.);
#3053=ORIENTED_EDGE('',*,*,#2352,.F.);
#3054=ORIENTED_EDGE('',*,*,#2353,.F.);
#3055=ORIENTED_EDGE('',*,*,#2354,.F.);
#3056=ORIENTED_EDGE('',*,*,#2355,.F.);
#3057=ORIENTED_EDGE('',*,*,#2356,.F.);
#3058=ORIENTED_EDGE('',*,*,#2357,.F.);
#3059=ORIENTED_EDGE('',*,*,#2358,.F.);
#3060=ORIENTED_EDGE('',*,*,#2359,.F.);
#3061=ORIENTED_EDGE('',*,*,#2360,.F.);
#3062=ORIENTED_EDGE('',*,*,#2361,.F.);
#3063=ORIENTED_EDGE('',*,*,#2362,.F.);
#3064=ORIENTED_EDGE('',*,*,#2363,.F.);
#3065=ORIENTED_EDGE('',*,*,#2321,.F.);
#3066=ORIENTED_EDGE('',*,*,#2364,.T.);
#3067=ORIENTED_EDGE('',*,*,#2365,.T.);
#3068=ORIENTED_EDGE('',*,*,#2319,.F.);
#3069=ORIENTED_EDGE('',*,*,#2365,.F.);
#3070=ORIENTED_EDGE('',*,*,#2366,.T.);
#3071=ORIENTED_EDGE('',*,*,#2367,.T.);
#3072=ORIENTED_EDGE('',*,*,#2347,.T.);
#3073=ORIENTED_EDGE('',*,*,#2367,.F.);
#3074=ORIENTED_EDGE('',*,*,#2368,.T.);
#3075=ORIENTED_EDGE('',*,*,#2369,.T.);
#3076=ORIENTED_EDGE('',*,*,#2366,.F.);
#3077=ORIENTED_EDGE('',*,*,#2369,.F.);
#3078=ORIENTED_EDGE('',*,*,#2370,.T.);
#3079=ORIENTED_EDGE('',*,*,#2371,.T.);
#3080=ORIENTED_EDGE('',*,*,#2363,.T.);
#3081=ORIENTED_EDGE('',*,*,#2371,.F.);
#3082=ORIENTED_EDGE('',*,*,#2372,.T.);
#3083=ORIENTED_EDGE('',*,*,#2373,.T.);
#3084=ORIENTED_EDGE('',*,*,#2370,.F.);
#3085=ORIENTED_EDGE('',*,*,#2373,.F.);
#3086=ORIENTED_EDGE('',*,*,#2374,.F.);
#3087=ORIENTED_EDGE('',*,*,#2375,.F.);
#3088=ORIENTED_EDGE('',*,*,#2376,.F.);
#3089=ORIENTED_EDGE('',*,*,#2377,.F.);
#3090=ORIENTED_EDGE('',*,*,#2364,.F.);
#3091=ORIENTED_EDGE('',*,*,#2378,.F.);
#3092=ORIENTED_EDGE('',*,*,#2379,.F.);
#3093=ORIENTED_EDGE('',*,*,#2380,.F.);
#3094=ORIENTED_EDGE('',*,*,#2375,.T.);
#3095=ORIENTED_EDGE('',*,*,#2377,.T.);
#3096=ORIENTED_EDGE('',*,*,#2381,.T.);
#3097=ORIENTED_EDGE('',*,*,#2382,.T.);
#3098=ORIENTED_EDGE('',*,*,#2383,.F.);
#3099=ORIENTED_EDGE('',*,*,#2376,.T.);
#3100=ORIENTED_EDGE('',*,*,#2380,.T.);
#3101=ORIENTED_EDGE('',*,*,#2384,.T.);
#3102=ORIENTED_EDGE('',*,*,#2385,.T.);
#3103=ORIENTED_EDGE('',*,*,#2386,.T.);
#3104=ORIENTED_EDGE('',*,*,#2387,.T.);
#3105=ORIENTED_EDGE('',*,*,#2381,.F.);
#3106=ORIENTED_EDGE('',*,*,#2388,.F.);
#3107=ORIENTED_EDGE('',*,*,#2389,.F.);
#3108=ORIENTED_EDGE('',*,*,#2390,.F.);
#3109=ORIENTED_EDGE('',*,*,#2391,.F.);
#3110=ORIENTED_EDGE('',*,*,#2392,.T.);
#3111=ORIENTED_EDGE('',*,*,#2393,.F.);
#3112=ORIENTED_EDGE('',*,*,#2394,.T.);
#3113=ORIENTED_EDGE('',*,*,#2390,.T.);
#3114=ORIENTED_EDGE('',*,*,#2395,.F.);
#3115=ORIENTED_EDGE('',*,*,#2396,.F.);
#3116=ORIENTED_EDGE('',*,*,#2397,.F.);
#3117=ORIENTED_EDGE('',*,*,#2398,.T.);
#3118=ORIENTED_EDGE('',*,*,#2399,.F.);
#3119=ORIENTED_EDGE('',*,*,#2392,.F.);
#3120=ORIENTED_EDGE('',*,*,#2389,.T.);
#3121=ORIENTED_EDGE('',*,*,#2400,.F.);
#3122=ORIENTED_EDGE('',*,*,#2393,.T.);
#3123=ORIENTED_EDGE('',*,*,#2399,.T.);
#3124=ORIENTED_EDGE('',*,*,#2401,.T.);
#3125=ORIENTED_EDGE('',*,*,#2402,.T.);
#3126=ORIENTED_EDGE('',*,*,#2403,.T.);
#3127=ORIENTED_EDGE('',*,*,#2395,.T.);
#3128=ORIENTED_EDGE('',*,*,#2404,.T.);
#3129=ORIENTED_EDGE('',*,*,#2400,.T.);
#3130=ORIENTED_EDGE('',*,*,#2405,.F.);
#3131=ORIENTED_EDGE('',*,*,#2406,.F.);
#3132=ORIENTED_EDGE('',*,*,#2407,.F.);
#3133=ORIENTED_EDGE('',*,*,#2391,.T.);
#3134=ORIENTED_EDGE('',*,*,#2407,.T.);
#3135=ORIENTED_EDGE('',*,*,#2408,.T.);
#3136=ORIENTED_EDGE('',*,*,#2409,.T.);
#3137=ORIENTED_EDGE('',*,*,#2410,.F.);
#3138=ORIENTED_EDGE('',*,*,#2411,.T.);
#3139=ORIENTED_EDGE('',*,*,#2397,.T.);
#3140=ORIENTED_EDGE('',*,*,#2374,.T.);
#3141=ORIENTED_EDGE('',*,*,#2383,.T.);
#3142=ORIENTED_EDGE('',*,*,#2412,.T.);
#3143=ORIENTED_EDGE('',*,*,#2413,.T.);
#3144=ORIENTED_EDGE('',*,*,#2414,.T.);
#3145=ORIENTED_EDGE('',*,*,#2378,.T.);
#3146=ORIENTED_EDGE('',*,*,#2415,.T.);
#3147=ORIENTED_EDGE('',*,*,#2413,.F.);
#3148=ORIENTED_EDGE('',*,*,#2416,.T.);
#3149=ORIENTED_EDGE('',*,*,#2417,.T.);
#3150=ORIENTED_EDGE('',*,*,#2418,.F.);
#3151=ORIENTED_EDGE('',*,*,#2419,.T.);
#3152=ORIENTED_EDGE('',*,*,#2420,.T.);
#3153=ORIENTED_EDGE('',*,*,#2421,.T.);
#3154=ORIENTED_EDGE('',*,*,#2422,.F.);
#3155=ORIENTED_EDGE('',*,*,#2423,.T.);
#3156=ORIENTED_EDGE('',*,*,#2424,.T.);
#3157=ORIENTED_EDGE('',*,*,#2425,.T.);
#3158=ORIENTED_EDGE('',*,*,#2420,.F.);
#3159=ORIENTED_EDGE('',*,*,#2426,.T.);
#3160=ORIENTED_EDGE('',*,*,#2417,.F.);
#3161=ORIENTED_EDGE('',*,*,#2427,.T.);
#3162=ORIENTED_EDGE('',*,*,#2424,.F.);
#3163=ORIENTED_EDGE('',*,*,#2379,.T.);
#3164=ORIENTED_EDGE('',*,*,#2414,.F.);
#3165=ORIENTED_EDGE('',*,*,#2428,.T.);
#3166=ORIENTED_EDGE('',*,*,#2429,.T.);
#3167=ORIENTED_EDGE('',*,*,#2419,.F.);
#3168=ORIENTED_EDGE('',*,*,#2430,.F.);
#3169=ORIENTED_EDGE('',*,*,#2431,.F.);
#3170=ORIENTED_EDGE('',*,*,#2432,.T.);
#3171=ORIENTED_EDGE('',*,*,#2433,.T.);
#3172=ORIENTED_EDGE('',*,*,#2434,.T.);
#3173=ORIENTED_EDGE('',*,*,#2435,.T.);
#3174=ORIENTED_EDGE('',*,*,#2436,.T.);
#3175=ORIENTED_EDGE('',*,*,#2437,.F.);
#3176=ORIENTED_EDGE('',*,*,#2438,.T.);
#3177=ORIENTED_EDGE('',*,*,#2409,.F.);
#3178=ORIENTED_EDGE('',*,*,#2439,.F.);
#3179=ORIENTED_EDGE('',*,*,#2440,.F.);
#3180=ORIENTED_EDGE('',*,*,#2441,.F.);
#3181=ORIENTED_EDGE('',*,*,#2442,.T.);
#3182=ORIENTED_EDGE('',*,*,#2443,.F.);
#3183=ORIENTED_EDGE('',*,*,#2444,.F.);
#3184=ORIENTED_EDGE('',*,*,#2445,.F.);
#3185=ORIENTED_EDGE('',*,*,#2446,.F.);
#3186=ORIENTED_EDGE('',*,*,#2447,.F.);
#3187=ORIENTED_EDGE('',*,*,#2448,.F.);
#3188=ORIENTED_EDGE('',*,*,#2449,.F.);
#3189=ORIENTED_EDGE('',*,*,#2450,.F.);
#3190=ORIENTED_EDGE('',*,*,#2384,.F.);
#3191=ORIENTED_EDGE('',*,*,#2372,.F.);
#3192=ORIENTED_EDGE('',*,*,#2451,.F.);
#3193=ORIENTED_EDGE('',*,*,#2452,.F.);
#3194=ORIENTED_EDGE('',*,*,#2453,.F.);
#3195=ORIENTED_EDGE('',*,*,#2454,.F.);
#3196=ORIENTED_EDGE('',*,*,#2455,.F.);
#3197=ORIENTED_EDGE('',*,*,#2456,.F.);
#3198=ORIENTED_EDGE('',*,*,#2457,.F.);
#3199=ORIENTED_EDGE('',*,*,#2458,.F.);
#3200=ORIENTED_EDGE('',*,*,#2459,.F.);
#3201=ORIENTED_EDGE('',*,*,#2460,.F.);
#3202=ORIENTED_EDGE('',*,*,#2461,.F.);
#3203=ORIENTED_EDGE('',*,*,#2462,.F.);
#3204=ORIENTED_EDGE('',*,*,#2368,.F.);
#3205=ORIENTED_EDGE('',*,*,#2425,.F.);
#3206=ORIENTED_EDGE('',*,*,#2463,.F.);
#3207=ORIENTED_EDGE('',*,*,#2464,.F.);
#3208=ORIENTED_EDGE('',*,*,#2465,.T.);
#3209=ORIENTED_EDGE('',*,*,#2421,.F.);
#3210=ORIENTED_EDGE('',*,*,#2427,.F.);
#3211=ORIENTED_EDGE('',*,*,#2466,.F.);
#3212=ORIENTED_EDGE('',*,*,#2467,.F.);
#3213=ORIENTED_EDGE('',*,*,#2463,.T.);
#3214=ORIENTED_EDGE('',*,*,#2412,.F.);
#3215=ORIENTED_EDGE('',*,*,#2468,.T.);
#3216=ORIENTED_EDGE('',*,*,#2469,.F.);
#3217=ORIENTED_EDGE('',*,*,#2466,.T.);
#3218=ORIENTED_EDGE('',*,*,#2416,.F.);
#3219=ORIENTED_EDGE('',*,*,#2382,.F.);
#3220=ORIENTED_EDGE('',*,*,#2470,.T.);
#3221=ORIENTED_EDGE('',*,*,#2471,.F.);
#3222=ORIENTED_EDGE('',*,*,#2468,.F.);
#3223=ORIENTED_EDGE('',*,*,#2472,.T.);
#3224=ORIENTED_EDGE('',*,*,#2324,.T.);
#3225=ORIENTED_EDGE('',*,*,#2473,.T.);
#3226=ORIENTED_EDGE('',*,*,#2474,.T.);
#3227=ORIENTED_EDGE('',*,*,#2475,.T.);
#3228=ORIENTED_EDGE('',*,*,#2471,.T.);
#3229=ORIENTED_EDGE('',*,*,#2473,.F.);
#3230=ORIENTED_EDGE('',*,*,#2323,.T.);
#3231=ORIENTED_EDGE('',*,*,#2387,.F.);
#3232=ORIENTED_EDGE('',*,*,#2476,.F.);
#3233=ORIENTED_EDGE('',*,*,#2474,.F.);
#3234=ORIENTED_EDGE('',*,*,#2470,.F.);
#3235=ORIENTED_EDGE('',*,*,#2476,.T.);
#3236=ORIENTED_EDGE('',*,*,#2386,.F.);
#3237=ORIENTED_EDGE('',*,*,#2477,.T.);
#3238=ORIENTED_EDGE('',*,*,#2478,.T.);
#3239=ORIENTED_EDGE('',*,*,#2479,.F.);
#3240=ORIENTED_EDGE('',*,*,#2479,.T.);
#3241=ORIENTED_EDGE('',*,*,#2480,.F.);
#3242=ORIENTED_EDGE('',*,*,#2325,.T.);
#3243=ORIENTED_EDGE('',*,*,#2472,.F.);
#3244=ORIENTED_EDGE('',*,*,#2450,.T.);
#3245=ORIENTED_EDGE('',*,*,#2481,.T.);
#3246=ORIENTED_EDGE('',*,*,#2477,.F.);
#3247=ORIENTED_EDGE('',*,*,#2385,.F.);
#3248=ORIENTED_EDGE('',*,*,#2444,.T.);
#3249=ORIENTED_EDGE('',*,*,#2482,.T.);
#3250=ORIENTED_EDGE('',*,*,#2483,.T.);
#3251=ORIENTED_EDGE('',*,*,#2484,.T.);
#3252=ORIENTED_EDGE('',*,*,#2485,.T.);
#3253=ORIENTED_EDGE('',*,*,#2486,.T.);
#3254=ORIENTED_EDGE('',*,*,#2445,.T.);
#3255=ORIENTED_EDGE('',*,*,#2484,.F.);
#3256=ORIENTED_EDGE('',*,*,#2487,.T.);
#3257=ORIENTED_EDGE('',*,*,#2446,.T.);
#3258=ORIENTED_EDGE('',*,*,#2486,.F.);
#3259=ORIENTED_EDGE('',*,*,#2488,.T.);
#3260=ORIENTED_EDGE('',*,*,#2487,.F.);
#3261=ORIENTED_EDGE('',*,*,#2489,.T.);
#3262=ORIENTED_EDGE('',*,*,#2490,.T.);
#3263=ORIENTED_EDGE('',*,*,#2447,.T.);
#3264=ORIENTED_EDGE('',*,*,#2491,.T.);
#3265=ORIENTED_EDGE('',*,*,#2448,.T.);
#3266=ORIENTED_EDGE('',*,*,#2490,.F.);
#3267=ORIENTED_EDGE('',*,*,#2492,.T.);
#3268=ORIENTED_EDGE('',*,*,#2449,.T.);
#3269=ORIENTED_EDGE('',*,*,#2491,.F.);
#3270=ORIENTED_EDGE('',*,*,#2493,.T.);
#3271=ORIENTED_EDGE('',*,*,#2481,.F.);
#3272=ORIENTED_EDGE('',*,*,#2493,.F.);
#3273=ORIENTED_EDGE('',*,*,#2494,.T.);
#3274=ORIENTED_EDGE('',*,*,#2495,.F.);
#3275=ORIENTED_EDGE('',*,*,#2478,.F.);
#3276=ORIENTED_EDGE('',*,*,#2492,.F.);
#3277=ORIENTED_EDGE('',*,*,#2496,.T.);
#3278=ORIENTED_EDGE('',*,*,#2497,.F.);
#3279=ORIENTED_EDGE('',*,*,#2494,.F.);
#3280=ORIENTED_EDGE('',*,*,#2489,.F.);
#3281=ORIENTED_EDGE('',*,*,#2498,.T.);
#3282=ORIENTED_EDGE('',*,*,#2499,.F.);
#3283=ORIENTED_EDGE('',*,*,#2496,.F.);
#3284=ORIENTED_EDGE('',*,*,#2488,.F.);
#3285=ORIENTED_EDGE('',*,*,#2500,.T.);
#3286=ORIENTED_EDGE('',*,*,#2501,.F.);
#3287=ORIENTED_EDGE('',*,*,#2498,.F.);
#3288=ORIENTED_EDGE('',*,*,#2485,.F.);
#3289=ORIENTED_EDGE('',*,*,#2502,.T.);
#3290=ORIENTED_EDGE('',*,*,#2503,.F.);
#3291=ORIENTED_EDGE('',*,*,#2500,.F.);
#3292=ORIENTED_EDGE('',*,*,#2483,.F.);
#3293=ORIENTED_EDGE('',*,*,#2504,.F.);
#3294=ORIENTED_EDGE('',*,*,#2505,.F.);
#3295=ORIENTED_EDGE('',*,*,#2502,.F.);
#3296=ORIENTED_EDGE('',*,*,#2505,.T.);
#3297=ORIENTED_EDGE('',*,*,#2506,.T.);
#3298=ORIENTED_EDGE('',*,*,#2331,.T.);
#3299=ORIENTED_EDGE('',*,*,#2507,.T.);
#3300=ORIENTED_EDGE('',*,*,#2495,.T.);
#3301=ORIENTED_EDGE('',*,*,#2508,.T.);
#3302=ORIENTED_EDGE('',*,*,#2326,.T.);
#3303=ORIENTED_EDGE('',*,*,#2480,.T.);
#3304=ORIENTED_EDGE('',*,*,#2509,.T.);
#3305=ORIENTED_EDGE('',*,*,#2327,.T.);
#3306=ORIENTED_EDGE('',*,*,#2508,.F.);
#3307=ORIENTED_EDGE('',*,*,#2497,.T.);
#3308=ORIENTED_EDGE('',*,*,#2510,.T.);
#3309=ORIENTED_EDGE('',*,*,#2328,.T.);
#3310=ORIENTED_EDGE('',*,*,#2509,.F.);
#3311=ORIENTED_EDGE('',*,*,#2499,.T.);
#3312=ORIENTED_EDGE('',*,*,#2511,.T.);
#3313=ORIENTED_EDGE('',*,*,#2329,.T.);
#3314=ORIENTED_EDGE('',*,*,#2510,.F.);
#3315=ORIENTED_EDGE('',*,*,#2501,.T.);
#3316=ORIENTED_EDGE('',*,*,#2330,.T.);
#3317=ORIENTED_EDGE('',*,*,#2511,.F.);
#3318=ORIENTED_EDGE('',*,*,#2503,.T.);
#3319=ORIENTED_EDGE('',*,*,#2507,.F.);
#3320=ORIENTED_EDGE('',*,*,#2512,.T.);
#3321=ORIENTED_EDGE('',*,*,#2513,.F.);
#3322=ORIENTED_EDGE('',*,*,#2332,.T.);
#3323=ORIENTED_EDGE('',*,*,#2506,.F.);
#3324=ORIENTED_EDGE('',*,*,#2504,.T.);
#3325=ORIENTED_EDGE('',*,*,#2514,.F.);
#3326=ORIENTED_EDGE('',*,*,#2515,.F.);
#3327=ORIENTED_EDGE('',*,*,#2512,.F.);
#3328=ORIENTED_EDGE('',*,*,#2443,.T.);
#3329=ORIENTED_EDGE('',*,*,#2516,.T.);
#3330=ORIENTED_EDGE('',*,*,#2514,.T.);
#3331=ORIENTED_EDGE('',*,*,#2482,.F.);
#3332=ORIENTED_EDGE('',*,*,#2455,.T.);
#3333=ORIENTED_EDGE('',*,*,#2517,.T.);
#3334=ORIENTED_EDGE('',*,*,#2518,.T.);
#3335=ORIENTED_EDGE('',*,*,#2519,.F.);
#3336=ORIENTED_EDGE('',*,*,#2458,.T.);
#3337=ORIENTED_EDGE('',*,*,#2520,.T.);
#3338=ORIENTED_EDGE('',*,*,#2521,.T.);
#3339=ORIENTED_EDGE('',*,*,#2517,.F.);
#3340=ORIENTED_EDGE('',*,*,#2522,.T.);
#3341=ORIENTED_EDGE('',*,*,#2523,.T.);
#3342=ORIENTED_EDGE('',*,*,#2456,.T.);
#3343=ORIENTED_EDGE('',*,*,#2519,.T.);
#3344=ORIENTED_EDGE('',*,*,#2457,.T.);
#3345=ORIENTED_EDGE('',*,*,#2523,.F.);
#3346=ORIENTED_EDGE('',*,*,#2524,.T.);
#3347=ORIENTED_EDGE('',*,*,#2520,.F.);
#3348=ORIENTED_EDGE('',*,*,#2522,.F.);
#3349=ORIENTED_EDGE('',*,*,#2525,.T.);
#3350=ORIENTED_EDGE('',*,*,#2526,.F.);
#3351=ORIENTED_EDGE('',*,*,#2527,.F.);
#3352=ORIENTED_EDGE('',*,*,#2518,.F.);
#3353=ORIENTED_EDGE('',*,*,#2528,.T.);
#3354=ORIENTED_EDGE('',*,*,#2529,.F.);
#3355=ORIENTED_EDGE('',*,*,#2525,.F.);
#3356=ORIENTED_EDGE('',*,*,#2453,.T.);
#3357=ORIENTED_EDGE('',*,*,#2530,.T.);
#3358=ORIENTED_EDGE('',*,*,#2531,.T.);
#3359=ORIENTED_EDGE('',*,*,#2532,.F.);
#3360=ORIENTED_EDGE('',*,*,#2451,.T.);
#3361=ORIENTED_EDGE('',*,*,#2533,.T.);
#3362=ORIENTED_EDGE('',*,*,#2534,.T.);
#3363=ORIENTED_EDGE('',*,*,#2535,.T.);
#3364=ORIENTED_EDGE('',*,*,#2536,.T.);
#3365=ORIENTED_EDGE('',*,*,#2533,.F.);
#3366=ORIENTED_EDGE('',*,*,#2454,.T.);
#3367=ORIENTED_EDGE('',*,*,#2532,.T.);
#3368=ORIENTED_EDGE('',*,*,#2452,.T.);
#3369=ORIENTED_EDGE('',*,*,#2535,.F.);
#3370=ORIENTED_EDGE('',*,*,#2537,.T.);
#3371=ORIENTED_EDGE('',*,*,#2530,.F.);
#3372=ORIENTED_EDGE('',*,*,#2537,.F.);
#3373=ORIENTED_EDGE('',*,*,#2538,.T.);
#3374=ORIENTED_EDGE('',*,*,#2539,.F.);
#3375=ORIENTED_EDGE('',*,*,#2540,.F.);
#3376=ORIENTED_EDGE('',*,*,#2534,.F.);
#3377=ORIENTED_EDGE('',*,*,#2541,.T.);
#3378=ORIENTED_EDGE('',*,*,#2542,.F.);
#3379=ORIENTED_EDGE('',*,*,#2538,.F.);
#3380=ORIENTED_EDGE('',*,*,#2461,.T.);
#3381=ORIENTED_EDGE('',*,*,#2543,.T.);
#3382=ORIENTED_EDGE('',*,*,#2544,.T.);
#3383=ORIENTED_EDGE('',*,*,#2545,.F.);
#3384=ORIENTED_EDGE('',*,*,#2460,.T.);
#3385=ORIENTED_EDGE('',*,*,#2546,.T.);
#3386=ORIENTED_EDGE('',*,*,#2547,.T.);
#3387=ORIENTED_EDGE('',*,*,#2543,.F.);
#3388=ORIENTED_EDGE('',*,*,#2548,.T.);
#3389=ORIENTED_EDGE('',*,*,#2549,.T.);
#3390=ORIENTED_EDGE('',*,*,#2462,.T.);
#3391=ORIENTED_EDGE('',*,*,#2545,.T.);
#3392=ORIENTED_EDGE('',*,*,#2459,.T.);
#3393=ORIENTED_EDGE('',*,*,#2549,.F.);
#3394=ORIENTED_EDGE('',*,*,#2550,.T.);
#3395=ORIENTED_EDGE('',*,*,#2546,.F.);
#3396=ORIENTED_EDGE('',*,*,#2548,.F.);
#3397=ORIENTED_EDGE('',*,*,#2551,.T.);
#3398=ORIENTED_EDGE('',*,*,#2552,.F.);
#3399=ORIENTED_EDGE('',*,*,#2553,.F.);
#3400=ORIENTED_EDGE('',*,*,#2544,.F.);
#3401=ORIENTED_EDGE('',*,*,#2554,.T.);
#3402=ORIENTED_EDGE('',*,*,#2555,.F.);
#3403=ORIENTED_EDGE('',*,*,#2551,.F.);
#3404=ORIENTED_EDGE('',*,*,#2556,.T.);
#3405=ORIENTED_EDGE('',*,*,#2339,.T.);
#3406=ORIENTED_EDGE('',*,*,#2557,.T.);
#3407=ORIENTED_EDGE('',*,*,#2558,.T.);
#3408=ORIENTED_EDGE('',*,*,#2556,.F.);
#3409=ORIENTED_EDGE('',*,*,#2559,.T.);
#3410=ORIENTED_EDGE('',*,*,#2560,.F.);
#3411=ORIENTED_EDGE('',*,*,#2561,.T.);
#3412=ORIENTED_EDGE('',*,*,#2340,.F.);
#3413=ORIENTED_EDGE('',*,*,#2561,.F.);
#3414=ORIENTED_EDGE('',*,*,#2562,.T.);
#3415=ORIENTED_EDGE('',*,*,#2563,.T.);
#3416=ORIENTED_EDGE('',*,*,#2564,.T.);
#3417=ORIENTED_EDGE('',*,*,#2565,.F.);
#3418=ORIENTED_EDGE('',*,*,#2566,.T.);
#3419=ORIENTED_EDGE('',*,*,#2567,.T.);
#3420=ORIENTED_EDGE('',*,*,#2568,.T.);
#3421=ORIENTED_EDGE('',*,*,#2569,.F.);
#3422=ORIENTED_EDGE('',*,*,#2341,.F.);
#3423=ORIENTED_EDGE('',*,*,#2570,.T.);
#3424=ORIENTED_EDGE('',*,*,#2571,.T.);
#3425=ORIENTED_EDGE('',*,*,#2572,.F.);
#3426=ORIENTED_EDGE('',*,*,#2343,.T.);
#3427=ORIENTED_EDGE('',*,*,#2569,.T.);
#3428=ORIENTED_EDGE('',*,*,#2573,.F.);
#3429=ORIENTED_EDGE('',*,*,#2574,.T.);
#3430=ORIENTED_EDGE('',*,*,#2570,.F.);
#3431=ORIENTED_EDGE('',*,*,#2342,.F.);
#3432=ORIENTED_EDGE('',*,*,#2464,.T.);
#3433=ORIENTED_EDGE('',*,*,#2575,.T.);
#3434=ORIENTED_EDGE('',*,*,#2345,.T.);
#3435=ORIENTED_EDGE('',*,*,#2576,.T.);
#3436=ORIENTED_EDGE('',*,*,#2344,.T.);
#3437=ORIENTED_EDGE('',*,*,#2572,.T.);
#3438=ORIENTED_EDGE('',*,*,#2577,.T.);
#3439=ORIENTED_EDGE('',*,*,#2576,.F.);
#3440=ORIENTED_EDGE('',*,*,#2578,.T.);
#3441=ORIENTED_EDGE('',*,*,#2557,.F.);
#3442=ORIENTED_EDGE('',*,*,#2338,.T.);
#3443=ORIENTED_EDGE('',*,*,#2579,.T.);
#3444=ORIENTED_EDGE('',*,*,#2337,.T.);
#3445=ORIENTED_EDGE('',*,*,#2580,.T.);
#3446=ORIENTED_EDGE('',*,*,#2581,.T.);
#3447=ORIENTED_EDGE('',*,*,#2579,.F.);
#3448=ORIENTED_EDGE('',*,*,#2582,.T.);
#3449=ORIENTED_EDGE('',*,*,#2583,.T.);
#3450=ORIENTED_EDGE('',*,*,#2580,.F.);
#3451=ORIENTED_EDGE('',*,*,#2336,.T.);
#3452=ORIENTED_EDGE('',*,*,#2584,.T.);
#3453=ORIENTED_EDGE('',*,*,#2582,.F.);
#3454=ORIENTED_EDGE('',*,*,#2335,.T.);
#3455=ORIENTED_EDGE('',*,*,#2585,.T.);
#3456=ORIENTED_EDGE('',*,*,#2334,.T.);
#3457=ORIENTED_EDGE('',*,*,#2586,.T.);
#3458=ORIENTED_EDGE('',*,*,#2587,.T.);
#3459=ORIENTED_EDGE('',*,*,#2585,.F.);
#3460=ORIENTED_EDGE('',*,*,#2513,.T.);
#3461=ORIENTED_EDGE('',*,*,#2588,.T.);
#3462=ORIENTED_EDGE('',*,*,#2586,.F.);
#3463=ORIENTED_EDGE('',*,*,#2333,.T.);
#3464=ORIENTED_EDGE('',*,*,#2575,.F.);
#3465=ORIENTED_EDGE('',*,*,#2467,.T.);
#3466=ORIENTED_EDGE('',*,*,#2589,.T.);
#3467=ORIENTED_EDGE('',*,*,#2346,.T.);
#3468=ORIENTED_EDGE('',*,*,#2322,.T.);
#3469=ORIENTED_EDGE('',*,*,#2589,.F.);
#3470=ORIENTED_EDGE('',*,*,#2469,.T.);
#3471=ORIENTED_EDGE('',*,*,#2475,.F.);
#3472=ORIENTED_EDGE('',*,*,#2577,.F.);
#3473=ORIENTED_EDGE('',*,*,#2590,.F.);
#3474=ORIENTED_EDGE('',*,*,#2591,.F.);
#3475=ORIENTED_EDGE('',*,*,#2422,.T.);
#3476=ORIENTED_EDGE('',*,*,#2465,.F.);
#3477=ORIENTED_EDGE('',*,*,#2571,.F.);
#3478=ORIENTED_EDGE('',*,*,#2574,.F.);
#3479=ORIENTED_EDGE('',*,*,#2592,.F.);
#3480=ORIENTED_EDGE('',*,*,#2593,.F.);
#3481=ORIENTED_EDGE('',*,*,#2594,.F.);
#3482=ORIENTED_EDGE('',*,*,#2595,.F.);
#3483=ORIENTED_EDGE('',*,*,#2590,.T.);
#3484=ORIENTED_EDGE('',*,*,#2558,.F.);
#3485=ORIENTED_EDGE('',*,*,#2596,.T.);
#3486=ORIENTED_EDGE('',*,*,#2597,.F.);
#3487=ORIENTED_EDGE('',*,*,#2598,.F.);
#3488=ORIENTED_EDGE('',*,*,#2599,.F.);
#3489=ORIENTED_EDGE('',*,*,#2600,.F.);
#3490=ORIENTED_EDGE('',*,*,#2559,.F.);
#3491=ORIENTED_EDGE('',*,*,#2601,.T.);
#3492=ORIENTED_EDGE('',*,*,#2602,.T.);
#3493=ORIENTED_EDGE('',*,*,#2362,.T.);
#3494=ORIENTED_EDGE('',*,*,#2602,.F.);
#3495=ORIENTED_EDGE('',*,*,#2601,.F.);
#3496=ORIENTED_EDGE('',*,*,#2603,.T.);
#3497=ORIENTED_EDGE('',*,*,#2404,.F.);
#3498=ORIENTED_EDGE('',*,*,#2603,.F.);
#3499=ORIENTED_EDGE('',*,*,#2604,.T.);
#3500=ORIENTED_EDGE('',*,*,#2605,.T.);
#3501=ORIENTED_EDGE('',*,*,#2361,.T.);
#3502=ORIENTED_EDGE('',*,*,#2605,.F.);
#3503=ORIENTED_EDGE('',*,*,#2604,.F.);
#3504=ORIENTED_EDGE('',*,*,#2606,.T.);
#3505=ORIENTED_EDGE('',*,*,#2607,.F.);
#3506=ORIENTED_EDGE('',*,*,#2608,.F.);
#3507=ORIENTED_EDGE('',*,*,#2609,.F.);
#3508=ORIENTED_EDGE('',*,*,#2610,.F.);
#3509=ORIENTED_EDGE('',*,*,#2611,.F.);
#3510=ORIENTED_EDGE('',*,*,#2612,.F.);
#3511=ORIENTED_EDGE('',*,*,#2613,.F.);
#3512=ORIENTED_EDGE('',*,*,#2614,.F.);
#3513=ORIENTED_EDGE('',*,*,#2615,.F.);
#3514=ORIENTED_EDGE('',*,*,#2616,.F.);
#3515=ORIENTED_EDGE('',*,*,#2617,.F.);
#3516=ORIENTED_EDGE('',*,*,#2618,.F.);
#3517=ORIENTED_EDGE('',*,*,#2619,.F.);
#3518=ORIENTED_EDGE('',*,*,#2620,.F.);
#3519=ORIENTED_EDGE('',*,*,#2621,.F.);
#3520=ORIENTED_EDGE('',*,*,#2622,.F.);
#3521=ORIENTED_EDGE('',*,*,#2623,.F.);
#3522=ORIENTED_EDGE('',*,*,#2606,.F.);
#3523=ORIENTED_EDGE('',*,*,#2624,.T.);
#3524=ORIENTED_EDGE('',*,*,#2625,.T.);
#3525=ORIENTED_EDGE('',*,*,#2348,.T.);
#3526=ORIENTED_EDGE('',*,*,#2625,.F.);
#3527=ORIENTED_EDGE('',*,*,#2624,.F.);
#3528=ORIENTED_EDGE('',*,*,#2626,.T.);
#3529=ORIENTED_EDGE('',*,*,#2627,.F.);
#3530=ORIENTED_EDGE('',*,*,#2628,.F.);
#3531=ORIENTED_EDGE('',*,*,#2629,.F.);
#3532=ORIENTED_EDGE('',*,*,#2630,.F.);
#3533=ORIENTED_EDGE('',*,*,#2631,.F.);
#3534=ORIENTED_EDGE('',*,*,#2632,.F.);
#3535=ORIENTED_EDGE('',*,*,#2633,.F.);
#3536=ORIENTED_EDGE('',*,*,#2634,.F.);
#3537=ORIENTED_EDGE('',*,*,#2635,.F.);
#3538=ORIENTED_EDGE('',*,*,#2636,.F.);
#3539=ORIENTED_EDGE('',*,*,#2637,.F.);
#3540=ORIENTED_EDGE('',*,*,#2638,.F.);
#3541=ORIENTED_EDGE('',*,*,#2639,.F.);
#3542=ORIENTED_EDGE('',*,*,#2640,.F.);
#3543=ORIENTED_EDGE('',*,*,#2641,.F.);
#3544=ORIENTED_EDGE('',*,*,#2642,.F.);
#3545=ORIENTED_EDGE('',*,*,#2643,.F.);
#3546=ORIENTED_EDGE('',*,*,#2626,.F.);
#3547=ORIENTED_EDGE('',*,*,#2357,.T.);
#3548=ORIENTED_EDGE('',*,*,#2644,.T.);
#3549=ORIENTED_EDGE('',*,*,#2526,.T.);
#3550=ORIENTED_EDGE('',*,*,#2645,.T.);
#3551=ORIENTED_EDGE('',*,*,#2646,.T.);
#3552=ORIENTED_EDGE('',*,*,#2644,.F.);
#3553=ORIENTED_EDGE('',*,*,#2360,.T.);
#3554=ORIENTED_EDGE('',*,*,#2647,.F.);
#3555=ORIENTED_EDGE('',*,*,#2358,.T.);
#3556=ORIENTED_EDGE('',*,*,#2645,.F.);
#3557=ORIENTED_EDGE('',*,*,#2529,.T.);
#3558=ORIENTED_EDGE('',*,*,#2648,.T.);
#3559=ORIENTED_EDGE('',*,*,#2359,.T.);
#3560=ORIENTED_EDGE('',*,*,#2648,.F.);
#3561=ORIENTED_EDGE('',*,*,#2649,.T.);
#3562=ORIENTED_EDGE('',*,*,#2647,.T.);
#3563=ORIENTED_EDGE('',*,*,#2349,.T.);
#3564=ORIENTED_EDGE('',*,*,#2650,.T.);
#3565=ORIENTED_EDGE('',*,*,#2542,.T.);
#3566=ORIENTED_EDGE('',*,*,#2651,.T.);
#3567=ORIENTED_EDGE('',*,*,#2539,.T.);
#3568=ORIENTED_EDGE('',*,*,#2650,.F.);
#3569=ORIENTED_EDGE('',*,*,#2352,.T.);
#3570=ORIENTED_EDGE('',*,*,#2652,.F.);
#3571=ORIENTED_EDGE('',*,*,#2350,.T.);
#3572=ORIENTED_EDGE('',*,*,#2651,.F.);
#3573=ORIENTED_EDGE('',*,*,#2653,.T.);
#3574=ORIENTED_EDGE('',*,*,#2654,.T.);
#3575=ORIENTED_EDGE('',*,*,#2351,.T.);
#3576=ORIENTED_EDGE('',*,*,#2654,.F.);
#3577=ORIENTED_EDGE('',*,*,#2655,.T.);
#3578=ORIENTED_EDGE('',*,*,#2652,.T.);
#3579=ORIENTED_EDGE('',*,*,#2536,.F.);
#3580=ORIENTED_EDGE('',*,*,#2656,.T.);
#3581=ORIENTED_EDGE('',*,*,#2653,.F.);
#3582=ORIENTED_EDGE('',*,*,#2541,.F.);
#3583=ORIENTED_EDGE('',*,*,#2353,.T.);
#3584=ORIENTED_EDGE('',*,*,#2657,.T.);
#3585=ORIENTED_EDGE('',*,*,#2552,.T.);
#3586=ORIENTED_EDGE('',*,*,#2658,.T.);
#3587=ORIENTED_EDGE('',*,*,#2659,.T.);
#3588=ORIENTED_EDGE('',*,*,#2657,.F.);
#3589=ORIENTED_EDGE('',*,*,#2356,.T.);
#3590=ORIENTED_EDGE('',*,*,#2660,.F.);
#3591=ORIENTED_EDGE('',*,*,#2354,.T.);
#3592=ORIENTED_EDGE('',*,*,#2658,.F.);
#3593=ORIENTED_EDGE('',*,*,#2555,.T.);
#3594=ORIENTED_EDGE('',*,*,#2661,.T.);
#3595=ORIENTED_EDGE('',*,*,#2355,.T.);
#3596=ORIENTED_EDGE('',*,*,#2661,.F.);
#3597=ORIENTED_EDGE('',*,*,#2662,.T.);
#3598=ORIENTED_EDGE('',*,*,#2660,.T.);
#3599=ORIENTED_EDGE('',*,*,#2547,.F.);
#3600=ORIENTED_EDGE('',*,*,#2663,.T.);
#3601=ORIENTED_EDGE('',*,*,#2662,.F.);
#3602=ORIENTED_EDGE('',*,*,#2554,.F.);
#3603=ORIENTED_EDGE('',*,*,#2550,.F.);
#3604=ORIENTED_EDGE('',*,*,#2553,.T.);
#3605=ORIENTED_EDGE('',*,*,#2659,.F.);
#3606=ORIENTED_EDGE('',*,*,#2663,.F.);
#3607=ORIENTED_EDGE('',*,*,#2531,.F.);
#3608=ORIENTED_EDGE('',*,*,#2540,.T.);
#3609=ORIENTED_EDGE('',*,*,#2655,.F.);
#3610=ORIENTED_EDGE('',*,*,#2656,.F.);
#3611=ORIENTED_EDGE('',*,*,#2521,.F.);
#3612=ORIENTED_EDGE('',*,*,#2664,.T.);
#3613=ORIENTED_EDGE('',*,*,#2649,.F.);
#3614=ORIENTED_EDGE('',*,*,#2528,.F.);
#3615=ORIENTED_EDGE('',*,*,#2524,.F.);
#3616=ORIENTED_EDGE('',*,*,#2527,.T.);
#3617=ORIENTED_EDGE('',*,*,#2646,.F.);
#3618=ORIENTED_EDGE('',*,*,#2664,.F.);
#3619=ORIENTED_EDGE('',*,*,#2665,.T.);
#3620=ORIENTED_EDGE('',*,*,#2666,.T.);
#3621=ORIENTED_EDGE('',*,*,#2667,.F.);
#3622=ORIENTED_EDGE('',*,*,#2666,.F.);
#3623=ORIENTED_EDGE('',*,*,#2668,.T.);
#3624=ORIENTED_EDGE('',*,*,#2669,.T.);
#3625=ORIENTED_EDGE('',*,*,#2670,.T.);
#3626=ORIENTED_EDGE('',*,*,#2671,.T.);
#3627=ORIENTED_EDGE('',*,*,#2672,.T.);
#3628=ORIENTED_EDGE('',*,*,#2673,.T.);
#3629=ORIENTED_EDGE('',*,*,#2674,.T.);
#3630=ORIENTED_EDGE('',*,*,#2675,.T.);
#3631=ORIENTED_EDGE('',*,*,#2676,.T.);
#3632=ORIENTED_EDGE('',*,*,#2665,.F.);
#3633=ORIENTED_EDGE('',*,*,#2676,.F.);
#3634=ORIENTED_EDGE('',*,*,#2677,.T.);
#3635=ORIENTED_EDGE('',*,*,#2678,.F.);
#3636=ORIENTED_EDGE('',*,*,#2679,.T.);
#3637=ORIENTED_EDGE('',*,*,#2608,.T.);
#3638=ORIENTED_EDGE('',*,*,#2680,.F.);
#3639=ORIENTED_EDGE('',*,*,#2622,.T.);
#3640=ORIENTED_EDGE('',*,*,#2681,.T.);
#3641=ORIENTED_EDGE('',*,*,#2682,.T.);
#3642=ORIENTED_EDGE('',*,*,#2683,.T.);
#3643=ORIENTED_EDGE('',*,*,#2684,.T.);
#3644=ORIENTED_EDGE('',*,*,#2685,.F.);
#3645=ORIENTED_EDGE('',*,*,#2686,.T.);
#3646=ORIENTED_EDGE('',*,*,#2612,.T.);
#3647=ORIENTED_EDGE('',*,*,#2687,.F.);
#3648=ORIENTED_EDGE('',*,*,#2610,.T.);
#3649=ORIENTED_EDGE('',*,*,#2688,.T.);
#3650=ORIENTED_EDGE('',*,*,#2689,.T.);
#3651=ORIENTED_EDGE('',*,*,#2690,.T.);
#3652=ORIENTED_EDGE('',*,*,#2691,.T.);
#3653=ORIENTED_EDGE('',*,*,#2692,.F.);
#3654=ORIENTED_EDGE('',*,*,#2693,.T.);
#3655=ORIENTED_EDGE('',*,*,#2616,.T.);
#3656=ORIENTED_EDGE('',*,*,#2694,.F.);
#3657=ORIENTED_EDGE('',*,*,#2614,.T.);
#3658=ORIENTED_EDGE('',*,*,#2695,.T.);
#3659=ORIENTED_EDGE('',*,*,#2696,.T.);
#3660=ORIENTED_EDGE('',*,*,#2697,.T.);
#3661=ORIENTED_EDGE('',*,*,#2698,.T.);
#3662=ORIENTED_EDGE('',*,*,#2699,.F.);
#3663=ORIENTED_EDGE('',*,*,#2700,.F.);
#3664=ORIENTED_EDGE('',*,*,#2692,.T.);
#3665=ORIENTED_EDGE('',*,*,#2701,.T.);
#3666=ORIENTED_EDGE('',*,*,#2702,.T.);
#3667=ORIENTED_EDGE('',*,*,#2682,.F.);
#3668=ORIENTED_EDGE('',*,*,#2703,.F.);
#3669=ORIENTED_EDGE('',*,*,#2704,.T.);
#3670=ORIENTED_EDGE('',*,*,#2705,.T.);
#3671=ORIENTED_EDGE('',*,*,#2706,.T.);
#3672=ORIENTED_EDGE('',*,*,#2689,.F.);
#3673=ORIENTED_EDGE('',*,*,#2707,.F.);
#3674=ORIENTED_EDGE('',*,*,#2678,.T.);
#3675=ORIENTED_EDGE('',*,*,#2708,.T.);
#3676=ORIENTED_EDGE('',*,*,#2697,.F.);
#3677=ORIENTED_EDGE('',*,*,#2709,.F.);
#3678=ORIENTED_EDGE('',*,*,#2672,.F.);
#3679=ORIENTED_EDGE('',*,*,#2709,.T.);
#3680=ORIENTED_EDGE('',*,*,#2696,.F.);
#3681=ORIENTED_EDGE('',*,*,#2710,.F.);
#3682=ORIENTED_EDGE('',*,*,#2685,.T.);
#3683=ORIENTED_EDGE('',*,*,#2711,.T.);
#3684=ORIENTED_EDGE('',*,*,#2711,.F.);
#3685=ORIENTED_EDGE('',*,*,#2684,.F.);
#3686=ORIENTED_EDGE('',*,*,#2673,.F.);
#3687=ORIENTED_EDGE('',*,*,#2701,.F.);
#3688=ORIENTED_EDGE('',*,*,#2691,.F.);
#3689=ORIENTED_EDGE('',*,*,#2671,.F.);
#3690=ORIENTED_EDGE('',*,*,#2712,.F.);
#3691=ORIENTED_EDGE('',*,*,#2698,.F.);
#3692=ORIENTED_EDGE('',*,*,#2670,.F.);
#3693=ORIENTED_EDGE('',*,*,#2705,.F.);
#3694=ORIENTED_EDGE('',*,*,#2713,.F.);
#3695=ORIENTED_EDGE('',*,*,#2669,.F.);
#3696=ORIENTED_EDGE('',*,*,#2668,.F.);
#3697=ORIENTED_EDGE('',*,*,#2683,.F.);
#3698=ORIENTED_EDGE('',*,*,#2702,.F.);
#3699=ORIENTED_EDGE('',*,*,#2675,.F.);
#3700=ORIENTED_EDGE('',*,*,#2708,.F.);
#3701=ORIENTED_EDGE('',*,*,#2677,.F.);
#3702=ORIENTED_EDGE('',*,*,#2690,.F.);
#3703=ORIENTED_EDGE('',*,*,#2706,.F.);
#3704=ORIENTED_EDGE('',*,*,#2674,.F.);
#3705=ORIENTED_EDGE('',*,*,#2713,.T.);
#3706=ORIENTED_EDGE('',*,*,#2704,.F.);
#3707=ORIENTED_EDGE('',*,*,#2714,.T.);
#3708=ORIENTED_EDGE('',*,*,#2620,.T.);
#3709=ORIENTED_EDGE('',*,*,#2715,.F.);
#3710=ORIENTED_EDGE('',*,*,#2618,.T.);
#3711=ORIENTED_EDGE('',*,*,#2716,.T.);
#3712=ORIENTED_EDGE('',*,*,#2699,.T.);
#3713=ORIENTED_EDGE('',*,*,#2712,.T.);
#3714=ORIENTED_EDGE('',*,*,#2703,.T.);
#3715=ORIENTED_EDGE('',*,*,#2681,.F.);
#3716=ORIENTED_EDGE('',*,*,#2621,.T.);
#3717=ORIENTED_EDGE('',*,*,#2714,.F.);
#3718=ORIENTED_EDGE('',*,*,#2707,.T.);
#3719=ORIENTED_EDGE('',*,*,#2688,.F.);
#3720=ORIENTED_EDGE('',*,*,#2609,.T.);
#3721=ORIENTED_EDGE('',*,*,#2679,.F.);
#3722=ORIENTED_EDGE('',*,*,#2710,.T.);
#3723=ORIENTED_EDGE('',*,*,#2695,.F.);
#3724=ORIENTED_EDGE('',*,*,#2613,.T.);
#3725=ORIENTED_EDGE('',*,*,#2686,.F.);
#3726=ORIENTED_EDGE('',*,*,#2700,.T.);
#3727=ORIENTED_EDGE('',*,*,#2716,.F.);
#3728=ORIENTED_EDGE('',*,*,#2617,.T.);
#3729=ORIENTED_EDGE('',*,*,#2693,.F.);
#3730=ORIENTED_EDGE('',*,*,#2694,.T.);
#3731=ORIENTED_EDGE('',*,*,#2615,.T.);
#3732=ORIENTED_EDGE('',*,*,#2715,.T.);
#3733=ORIENTED_EDGE('',*,*,#2619,.T.);
#3734=ORIENTED_EDGE('',*,*,#2680,.T.);
#3735=ORIENTED_EDGE('',*,*,#2607,.T.);
#3736=ORIENTED_EDGE('',*,*,#2623,.T.);
#3737=ORIENTED_EDGE('',*,*,#2717,.T.);
#3738=ORIENTED_EDGE('',*,*,#2718,.T.);
#3739=ORIENTED_EDGE('',*,*,#2719,.F.);
#3740=ORIENTED_EDGE('',*,*,#2718,.F.);
#3741=ORIENTED_EDGE('',*,*,#2720,.T.);
#3742=ORIENTED_EDGE('',*,*,#2721,.T.);
#3743=ORIENTED_EDGE('',*,*,#2722,.T.);
#3744=ORIENTED_EDGE('',*,*,#2723,.T.);
#3745=ORIENTED_EDGE('',*,*,#2724,.T.);
#3746=ORIENTED_EDGE('',*,*,#2725,.T.);
#3747=ORIENTED_EDGE('',*,*,#2726,.T.);
#3748=ORIENTED_EDGE('',*,*,#2727,.T.);
#3749=ORIENTED_EDGE('',*,*,#2728,.T.);
#3750=ORIENTED_EDGE('',*,*,#2717,.F.);
#3751=ORIENTED_EDGE('',*,*,#2728,.F.);
#3752=ORIENTED_EDGE('',*,*,#2729,.T.);
#3753=ORIENTED_EDGE('',*,*,#2730,.F.);
#3754=ORIENTED_EDGE('',*,*,#2731,.T.);
#3755=ORIENTED_EDGE('',*,*,#2628,.T.);
#3756=ORIENTED_EDGE('',*,*,#2732,.F.);
#3757=ORIENTED_EDGE('',*,*,#2642,.T.);
#3758=ORIENTED_EDGE('',*,*,#2733,.T.);
#3759=ORIENTED_EDGE('',*,*,#2734,.T.);
#3760=ORIENTED_EDGE('',*,*,#2735,.T.);
#3761=ORIENTED_EDGE('',*,*,#2736,.T.);
#3762=ORIENTED_EDGE('',*,*,#2737,.F.);
#3763=ORIENTED_EDGE('',*,*,#2738,.T.);
#3764=ORIENTED_EDGE('',*,*,#2632,.T.);
#3765=ORIENTED_EDGE('',*,*,#2739,.F.);
#3766=ORIENTED_EDGE('',*,*,#2630,.T.);
#3767=ORIENTED_EDGE('',*,*,#2740,.T.);
#3768=ORIENTED_EDGE('',*,*,#2741,.T.);
#3769=ORIENTED_EDGE('',*,*,#2742,.T.);
#3770=ORIENTED_EDGE('',*,*,#2743,.T.);
#3771=ORIENTED_EDGE('',*,*,#2744,.F.);
#3772=ORIENTED_EDGE('',*,*,#2745,.T.);
#3773=ORIENTED_EDGE('',*,*,#2636,.T.);
#3774=ORIENTED_EDGE('',*,*,#2746,.F.);
#3775=ORIENTED_EDGE('',*,*,#2634,.T.);
#3776=ORIENTED_EDGE('',*,*,#2747,.T.);
#3777=ORIENTED_EDGE('',*,*,#2748,.T.);
#3778=ORIENTED_EDGE('',*,*,#2749,.T.);
#3779=ORIENTED_EDGE('',*,*,#2750,.T.);
#3780=ORIENTED_EDGE('',*,*,#2751,.F.);
#3781=ORIENTED_EDGE('',*,*,#2752,.F.);
#3782=ORIENTED_EDGE('',*,*,#2744,.T.);
#3783=ORIENTED_EDGE('',*,*,#2753,.T.);
#3784=ORIENTED_EDGE('',*,*,#2754,.T.);
#3785=ORIENTED_EDGE('',*,*,#2734,.F.);
#3786=ORIENTED_EDGE('',*,*,#2755,.F.);
#3787=ORIENTED_EDGE('',*,*,#2756,.T.);
#3788=ORIENTED_EDGE('',*,*,#2757,.T.);
#3789=ORIENTED_EDGE('',*,*,#2758,.T.);
#3790=ORIENTED_EDGE('',*,*,#2741,.F.);
#3791=ORIENTED_EDGE('',*,*,#2759,.F.);
#3792=ORIENTED_EDGE('',*,*,#2730,.T.);
#3793=ORIENTED_EDGE('',*,*,#2760,.T.);
#3794=ORIENTED_EDGE('',*,*,#2749,.F.);
#3795=ORIENTED_EDGE('',*,*,#2761,.F.);
#3796=ORIENTED_EDGE('',*,*,#2724,.F.);
#3797=ORIENTED_EDGE('',*,*,#2761,.T.);
#3798=ORIENTED_EDGE('',*,*,#2748,.F.);
#3799=ORIENTED_EDGE('',*,*,#2762,.F.);
#3800=ORIENTED_EDGE('',*,*,#2737,.T.);
#3801=ORIENTED_EDGE('',*,*,#2763,.T.);
#3802=ORIENTED_EDGE('',*,*,#2763,.F.);
#3803=ORIENTED_EDGE('',*,*,#2736,.F.);
#3804=ORIENTED_EDGE('',*,*,#2725,.F.);
#3805=ORIENTED_EDGE('',*,*,#2753,.F.);
#3806=ORIENTED_EDGE('',*,*,#2743,.F.);
#3807=ORIENTED_EDGE('',*,*,#2723,.F.);
#3808=ORIENTED_EDGE('',*,*,#2764,.F.);
#3809=ORIENTED_EDGE('',*,*,#2750,.F.);
#3810=ORIENTED_EDGE('',*,*,#2722,.F.);
#3811=ORIENTED_EDGE('',*,*,#2757,.F.);
#3812=ORIENTED_EDGE('',*,*,#2765,.F.);
#3813=ORIENTED_EDGE('',*,*,#2721,.F.);
#3814=ORIENTED_EDGE('',*,*,#2720,.F.);
#3815=ORIENTED_EDGE('',*,*,#2735,.F.);
#3816=ORIENTED_EDGE('',*,*,#2754,.F.);
#3817=ORIENTED_EDGE('',*,*,#2727,.F.);
#3818=ORIENTED_EDGE('',*,*,#2760,.F.);
#3819=ORIENTED_EDGE('',*,*,#2729,.F.);
#3820=ORIENTED_EDGE('',*,*,#2742,.F.);
#3821=ORIENTED_EDGE('',*,*,#2758,.F.);
#3822=ORIENTED_EDGE('',*,*,#2726,.F.);
#3823=ORIENTED_EDGE('',*,*,#2765,.T.);
#3824=ORIENTED_EDGE('',*,*,#2756,.F.);
#3825=ORIENTED_EDGE('',*,*,#2766,.T.);
#3826=ORIENTED_EDGE('',*,*,#2640,.T.);
#3827=ORIENTED_EDGE('',*,*,#2767,.F.);
#3828=ORIENTED_EDGE('',*,*,#2638,.T.);
#3829=ORIENTED_EDGE('',*,*,#2768,.T.);
#3830=ORIENTED_EDGE('',*,*,#2751,.T.);
#3831=ORIENTED_EDGE('',*,*,#2764,.T.);
#3832=ORIENTED_EDGE('',*,*,#2755,.T.);
#3833=ORIENTED_EDGE('',*,*,#2733,.F.);
#3834=ORIENTED_EDGE('',*,*,#2641,.T.);
#3835=ORIENTED_EDGE('',*,*,#2766,.F.);
#3836=ORIENTED_EDGE('',*,*,#2759,.T.);
#3837=ORIENTED_EDGE('',*,*,#2740,.F.);
#3838=ORIENTED_EDGE('',*,*,#2629,.T.);
#3839=ORIENTED_EDGE('',*,*,#2731,.F.);
#3840=ORIENTED_EDGE('',*,*,#2762,.T.);
#3841=ORIENTED_EDGE('',*,*,#2747,.F.);
#3842=ORIENTED_EDGE('',*,*,#2633,.T.);
#3843=ORIENTED_EDGE('',*,*,#2738,.F.);
#3844=ORIENTED_EDGE('',*,*,#2752,.T.);
#3845=ORIENTED_EDGE('',*,*,#2768,.F.);
#3846=ORIENTED_EDGE('',*,*,#2637,.T.);
#3847=ORIENTED_EDGE('',*,*,#2745,.F.);
#3848=ORIENTED_EDGE('',*,*,#2746,.T.);
#3849=ORIENTED_EDGE('',*,*,#2635,.T.);
#3850=ORIENTED_EDGE('',*,*,#2767,.T.);
#3851=ORIENTED_EDGE('',*,*,#2639,.T.);
#3852=ORIENTED_EDGE('',*,*,#2732,.T.);
#3853=ORIENTED_EDGE('',*,*,#2627,.T.);
#3854=ORIENTED_EDGE('',*,*,#2643,.T.);
#3855=ORIENTED_EDGE('',*,*,#2687,.T.);
#3856=ORIENTED_EDGE('',*,*,#2611,.T.);
#3857=ORIENTED_EDGE('',*,*,#2428,.F.);
#3858=ORIENTED_EDGE('',*,*,#2415,.F.);
#3859=ORIENTED_EDGE('',*,*,#2426,.F.);
#3860=ORIENTED_EDGE('',*,*,#2423,.F.);
#3861=ORIENTED_EDGE('',*,*,#2429,.F.);
#3862=ORIENTED_EDGE('',*,*,#2769,.T.);
#3863=ORIENTED_EDGE('',*,*,#2770,.T.);
#3864=ORIENTED_EDGE('',*,*,#2769,.F.);
#3865=ORIENTED_EDGE('',*,*,#2770,.F.);
#3866=ORIENTED_EDGE('',*,*,#2667,.T.);
#3867=ORIENTED_EDGE('',*,*,#2739,.T.);
#3868=ORIENTED_EDGE('',*,*,#2631,.T.);
#3869=ORIENTED_EDGE('',*,*,#2771,.F.);
#3870=ORIENTED_EDGE('',*,*,#2442,.F.);
#3871=ORIENTED_EDGE('',*,*,#2772,.F.);
#3872=ORIENTED_EDGE('',*,*,#2773,.T.);
#3873=ORIENTED_EDGE('',*,*,#2774,.T.);
#3874=ORIENTED_EDGE('',*,*,#2773,.F.);
#3875=ORIENTED_EDGE('',*,*,#2774,.F.);
#3876=ORIENTED_EDGE('',*,*,#2719,.T.);
#3877=ORIENTED_EDGE('',*,*,#2411,.F.);
#3878=ORIENTED_EDGE('',*,*,#2775,.T.);
#3879=ORIENTED_EDGE('',*,*,#2776,.T.);
#3880=ORIENTED_EDGE('',*,*,#2405,.T.);
#3881=ORIENTED_EDGE('',*,*,#2388,.T.);
#3882=ORIENTED_EDGE('',*,*,#2394,.F.);
#3883=ORIENTED_EDGE('',*,*,#2777,.T.);
#3884=ORIENTED_EDGE('',*,*,#2778,.F.);
#3885=ORIENTED_EDGE('',*,*,#2440,.T.);
#3886=ORIENTED_EDGE('',*,*,#2779,.T.);
#3887=ORIENTED_EDGE('',*,*,#2780,.F.);
#3888=ORIENTED_EDGE('',*,*,#2777,.F.);
#3889=ORIENTED_EDGE('',*,*,#2781,.T.);
#3890=ORIENTED_EDGE('',*,*,#2406,.T.);
#3891=ORIENTED_EDGE('',*,*,#2779,.F.);
#3892=ORIENTED_EDGE('',*,*,#2439,.T.);
#3893=ORIENTED_EDGE('',*,*,#2408,.F.);
#3894=ORIENTED_EDGE('',*,*,#2595,.T.);
#3895=ORIENTED_EDGE('',*,*,#2782,.T.);
#3896=ORIENTED_EDGE('',*,*,#2783,.T.);
#3897=ORIENTED_EDGE('',*,*,#2431,.T.);
#3898=ORIENTED_EDGE('',*,*,#2784,.T.);
#3899=ORIENTED_EDGE('',*,*,#2591,.T.);
#3900=ORIENTED_EDGE('',*,*,#2784,.F.);
#3901=ORIENTED_EDGE('',*,*,#2430,.T.);
#3902=ORIENTED_EDGE('',*,*,#2418,.T.);
#3903=ORIENTED_EDGE('',*,*,#2785,.F.);
#3904=ORIENTED_EDGE('',*,*,#2597,.T.);
#3905=ORIENTED_EDGE('',*,*,#2786,.T.);
#3906=ORIENTED_EDGE('',*,*,#2437,.T.);
#3907=ORIENTED_EDGE('',*,*,#2787,.F.);
#3908=ORIENTED_EDGE('',*,*,#2516,.F.);
#3909=ORIENTED_EDGE('',*,*,#2771,.T.);
#3910=ORIENTED_EDGE('',*,*,#2772,.T.);
#3911=ORIENTED_EDGE('',*,*,#2788,.T.);
#3912=ORIENTED_EDGE('',*,*,#2789,.T.);
#3913=ORIENTED_EDGE('',*,*,#2790,.T.);
#3914=ORIENTED_EDGE('',*,*,#2788,.F.);
#3915=ORIENTED_EDGE('',*,*,#2441,.T.);
#3916=ORIENTED_EDGE('',*,*,#2778,.T.);
#3917=ORIENTED_EDGE('',*,*,#2780,.T.);
#3918=ORIENTED_EDGE('',*,*,#2587,.F.);
#3919=ORIENTED_EDGE('',*,*,#2791,.T.);
#3920=ORIENTED_EDGE('',*,*,#2790,.F.);
#3921=ORIENTED_EDGE('',*,*,#2792,.F.);
#3922=ORIENTED_EDGE('',*,*,#2584,.F.);
#3923=ORIENTED_EDGE('',*,*,#2792,.T.);
#3924=ORIENTED_EDGE('',*,*,#2781,.F.);
#3925=ORIENTED_EDGE('',*,*,#2396,.T.);
#3926=ORIENTED_EDGE('',*,*,#2403,.F.);
#3927=ORIENTED_EDGE('',*,*,#2793,.F.);
#3928=ORIENTED_EDGE('',*,*,#2583,.F.);
#3929=ORIENTED_EDGE('',*,*,#2793,.T.);
#3930=ORIENTED_EDGE('',*,*,#2402,.F.);
#3931=ORIENTED_EDGE('',*,*,#2794,.F.);
#3932=ORIENTED_EDGE('',*,*,#2581,.F.);
#3933=ORIENTED_EDGE('',*,*,#2794,.T.);
#3934=ORIENTED_EDGE('',*,*,#2401,.F.);
#3935=ORIENTED_EDGE('',*,*,#2398,.F.);
#3936=ORIENTED_EDGE('',*,*,#2776,.F.);
#3937=ORIENTED_EDGE('',*,*,#2795,.F.);
#3938=ORIENTED_EDGE('',*,*,#2578,.F.);
#3939=ORIENTED_EDGE('',*,*,#2795,.T.);
#3940=ORIENTED_EDGE('',*,*,#2775,.F.);
#3941=ORIENTED_EDGE('',*,*,#2410,.T.);
#3942=ORIENTED_EDGE('',*,*,#2438,.F.);
#3943=ORIENTED_EDGE('',*,*,#2786,.F.);
#3944=ORIENTED_EDGE('',*,*,#2596,.F.);
#3945=ORIENTED_EDGE('',*,*,#2588,.F.);
#3946=ORIENTED_EDGE('',*,*,#2515,.T.);
#3947=ORIENTED_EDGE('',*,*,#2789,.F.);
#3948=ORIENTED_EDGE('',*,*,#2791,.F.);
#3949=ORIENTED_EDGE('',*,*,#2796,.T.);
#3950=ORIENTED_EDGE('',*,*,#2797,.F.);
#3951=ORIENTED_EDGE('',*,*,#2798,.F.);
#3952=ORIENTED_EDGE('',*,*,#2799,.T.);
#3953=ORIENTED_EDGE('',*,*,#2800,.T.);
#3954=ORIENTED_EDGE('',*,*,#2801,.F.);
#3955=ORIENTED_EDGE('',*,*,#2802,.F.);
#3956=ORIENTED_EDGE('',*,*,#2787,.T.);
#3957=ORIENTED_EDGE('',*,*,#2436,.F.);
#3958=ORIENTED_EDGE('',*,*,#2803,.F.);
#3959=ORIENTED_EDGE('',*,*,#2804,.T.);
#3960=ORIENTED_EDGE('',*,*,#2805,.F.);
#3961=ORIENTED_EDGE('',*,*,#2432,.F.);
#3962=ORIENTED_EDGE('',*,*,#2783,.F.);
#3963=ORIENTED_EDGE('',*,*,#2594,.T.);
#3964=ORIENTED_EDGE('',*,*,#2806,.T.);
#3965=ORIENTED_EDGE('',*,*,#2796,.F.);
#3966=ORIENTED_EDGE('',*,*,#2782,.F.);
#3967=ORIENTED_EDGE('',*,*,#2433,.F.);
#3968=ORIENTED_EDGE('',*,*,#2805,.T.);
#3969=ORIENTED_EDGE('',*,*,#2807,.T.);
#3970=ORIENTED_EDGE('',*,*,#2808,.T.);
#3971=ORIENTED_EDGE('',*,*,#2809,.T.);
#3972=ORIENTED_EDGE('',*,*,#2810,.F.);
#3973=ORIENTED_EDGE('',*,*,#2811,.F.);
#3974=ORIENTED_EDGE('',*,*,#2812,.F.);
#3975=ORIENTED_EDGE('',*,*,#2799,.F.);
#3976=ORIENTED_EDGE('',*,*,#2811,.T.);
#3977=ORIENTED_EDGE('',*,*,#2813,.F.);
#3978=ORIENTED_EDGE('',*,*,#2814,.F.);
#3979=ORIENTED_EDGE('',*,*,#2815,.T.);
#3980=ORIENTED_EDGE('',*,*,#2816,.T.);
#3981=ORIENTED_EDGE('',*,*,#2817,.F.);
#3982=ORIENTED_EDGE('',*,*,#2800,.F.);
#3983=ORIENTED_EDGE('',*,*,#2812,.T.);
#3984=ORIENTED_EDGE('',*,*,#2814,.T.);
#3985=ORIENTED_EDGE('',*,*,#2818,.T.);
#3986=ORIENTED_EDGE('',*,*,#2819,.T.);
#3987=ORIENTED_EDGE('',*,*,#2820,.F.);
#3988=ORIENTED_EDGE('',*,*,#2821,.T.);
#3989=ORIENTED_EDGE('',*,*,#2822,.T.);
#3990=ORIENTED_EDGE('',*,*,#2802,.T.);
#3991=ORIENTED_EDGE('',*,*,#2823,.T.);
#3992=ORIENTED_EDGE('',*,*,#2598,.T.);
#3993=ORIENTED_EDGE('',*,*,#2785,.T.);
#3994=ORIENTED_EDGE('',*,*,#2824,.T.);
#3995=ORIENTED_EDGE('',*,*,#2825,.T.);
#3996=ORIENTED_EDGE('',*,*,#2826,.T.);
#3997=ORIENTED_EDGE('',*,*,#2827,.T.);
#3998=ORIENTED_EDGE('',*,*,#2798,.T.);
#3999=ORIENTED_EDGE('',*,*,#2828,.F.);
#4000=ORIENTED_EDGE('',*,*,#2829,.F.);
#4001=ORIENTED_EDGE('',*,*,#2810,.T.);
#4002=ORIENTED_EDGE('',*,*,#2818,.F.);
#4003=ORIENTED_EDGE('',*,*,#2813,.T.);
#4004=ORIENTED_EDGE('',*,*,#2829,.T.);
#4005=ORIENTED_EDGE('',*,*,#2830,.F.);
#4006=ORIENTED_EDGE('',*,*,#2831,.F.);
#4007=ORIENTED_EDGE('',*,*,#2832,.F.);
#4008=ORIENTED_EDGE('',*,*,#2833,.T.);
#4009=ORIENTED_EDGE('',*,*,#2834,.F.);
#4010=ORIENTED_EDGE('',*,*,#2819,.F.);
#4011=ORIENTED_EDGE('',*,*,#2832,.T.);
#4012=ORIENTED_EDGE('',*,*,#2835,.T.);
#4013=ORIENTED_EDGE('',*,*,#2836,.F.);
#4014=ORIENTED_EDGE('',*,*,#2821,.F.);
#4015=ORIENTED_EDGE('',*,*,#2837,.T.);
#4016=ORIENTED_EDGE('',*,*,#2822,.F.);
#4017=ORIENTED_EDGE('',*,*,#2836,.T.);
#4018=ORIENTED_EDGE('',*,*,#2838,.T.);
#4019=ORIENTED_EDGE('',*,*,#2839,.F.);
#4020=ORIENTED_EDGE('',*,*,#2816,.F.);
#4021=ORIENTED_EDGE('',*,*,#2815,.F.);
#4022=ORIENTED_EDGE('',*,*,#2840,.F.);
#4023=ORIENTED_EDGE('',*,*,#2841,.T.);
#4024=ORIENTED_EDGE('',*,*,#2842,.F.);
#4025=ORIENTED_EDGE('',*,*,#2843,.F.);
#4026=ORIENTED_EDGE('',*,*,#2844,.F.);
#4027=ORIENTED_EDGE('',*,*,#2845,.F.);
#4028=ORIENTED_EDGE('',*,*,#2846,.F.);
#4029=ORIENTED_EDGE('',*,*,#2847,.T.);
#4030=ORIENTED_EDGE('',*,*,#2848,.F.);
#4031=ORIENTED_EDGE('',*,*,#2849,.F.);
#4032=ORIENTED_EDGE('',*,*,#2850,.F.);
#4033=ORIENTED_EDGE('',*,*,#2851,.F.);
#4034=ORIENTED_EDGE('',*,*,#2852,.F.);
#4035=ORIENTED_EDGE('',*,*,#2853,.F.);
#4036=ORIENTED_EDGE('',*,*,#2854,.F.);
#4037=ORIENTED_EDGE('',*,*,#2855,.T.);
#4038=ORIENTED_EDGE('',*,*,#2856,.T.);
#4039=ORIENTED_EDGE('',*,*,#2857,.T.);
#4040=ORIENTED_EDGE('',*,*,#2858,.T.);
#4041=ORIENTED_EDGE('',*,*,#2859,.F.);
#4042=ORIENTED_EDGE('',*,*,#2860,.T.);
#4043=ORIENTED_EDGE('',*,*,#2861,.T.);
#4044=ORIENTED_EDGE('',*,*,#2862,.T.);
#4045=ORIENTED_EDGE('',*,*,#2863,.T.);
#4046=ORIENTED_EDGE('',*,*,#2864,.T.);
#4047=ORIENTED_EDGE('',*,*,#2863,.F.);
#4048=ORIENTED_EDGE('',*,*,#2865,.T.);
#4049=ORIENTED_EDGE('',*,*,#2857,.F.);
#4050=ORIENTED_EDGE('',*,*,#2866,.F.);
#4051=ORIENTED_EDGE('',*,*,#2867,.T.);
#4052=ORIENTED_EDGE('',*,*,#2868,.F.);
#4053=ORIENTED_EDGE('',*,*,#2869,.F.);
#4054=ORIENTED_EDGE('',*,*,#2858,.F.);
#4055=ORIENTED_EDGE('',*,*,#2865,.F.);
#4056=ORIENTED_EDGE('',*,*,#2862,.F.);
#4057=ORIENTED_EDGE('',*,*,#2870,.T.);
#4058=ORIENTED_EDGE('',*,*,#2871,.F.);
#4059=ORIENTED_EDGE('',*,*,#2872,.F.);
#4060=ORIENTED_EDGE('',*,*,#2873,.F.);
#4061=ORIENTED_EDGE('',*,*,#2874,.F.);
#4062=ORIENTED_EDGE('',*,*,#2875,.T.);
#4063=ORIENTED_EDGE('',*,*,#2876,.F.);
#4064=ORIENTED_EDGE('',*,*,#2868,.T.);
#4065=ORIENTED_EDGE('',*,*,#2877,.F.);
#4066=ORIENTED_EDGE('',*,*,#2878,.T.);
#4067=ORIENTED_EDGE('',*,*,#2859,.T.);
#4068=ORIENTED_EDGE('',*,*,#2869,.T.);
#4069=ORIENTED_EDGE('',*,*,#2876,.T.);
#4070=ORIENTED_EDGE('',*,*,#2879,.F.);
#4071=ORIENTED_EDGE('',*,*,#2880,.F.);
#4072=ORIENTED_EDGE('',*,*,#2881,.F.);
#4073=ORIENTED_EDGE('',*,*,#2882,.T.);
#4074=ORIENTED_EDGE('',*,*,#2309,.T.);
#4075=ORIENTED_EDGE('',*,*,#2883,.F.);
#4076=ORIENTED_EDGE('',*,*,#2884,.T.);
#4077=ORIENTED_EDGE('',*,*,#2885,.T.);
#4078=ORIENTED_EDGE('',*,*,#2886,.T.);
#4079=ORIENTED_EDGE('',*,*,#2887,.T.);
#4080=ORIENTED_EDGE('',*,*,#2888,.F.);
#4081=ORIENTED_EDGE('',*,*,#2311,.T.);
#4082=ORIENTED_EDGE('',*,*,#2889,.F.);
#4083=ORIENTED_EDGE('',*,*,#2890,.T.);
#4084=ORIENTED_EDGE('',*,*,#2891,.F.);
#4085=ORIENTED_EDGE('',*,*,#2312,.T.);
#4086=ORIENTED_EDGE('',*,*,#2888,.T.);
#4087=ORIENTED_EDGE('',*,*,#2313,.T.);
#4088=ORIENTED_EDGE('',*,*,#2891,.T.);
#4089=ORIENTED_EDGE('',*,*,#2892,.T.);
#4090=ORIENTED_EDGE('',*,*,#2893,.T.);
#4091=ORIENTED_EDGE('',*,*,#2894,.F.);
#4092=ORIENTED_EDGE('',*,*,#2308,.T.);
#4093=ORIENTED_EDGE('',*,*,#2894,.T.);
#4094=ORIENTED_EDGE('',*,*,#2895,.T.);
#4095=ORIENTED_EDGE('',*,*,#2883,.T.);
#4096=ORIENTED_EDGE('',*,*,#2881,.T.);
#4097=ORIENTED_EDGE('',*,*,#2889,.T.);
#4098=ORIENTED_EDGE('',*,*,#2310,.T.);
#4099=ORIENTED_EDGE('',*,*,#2885,.F.);
#4100=ORIENTED_EDGE('',*,*,#2896,.F.);
#4101=ORIENTED_EDGE('',*,*,#2897,.F.);
#4102=ORIENTED_EDGE('',*,*,#2895,.F.);
#4103=ORIENTED_EDGE('',*,*,#2898,.T.);
#4104=ORIENTED_EDGE('',*,*,#2899,.F.);
#4105=ORIENTED_EDGE('',*,*,#2898,.F.);
#4106=ORIENTED_EDGE('',*,*,#2893,.F.);
#4107=ORIENTED_EDGE('',*,*,#2900,.F.);
#4108=ORIENTED_EDGE('',*,*,#2901,.F.);
#4109=ORIENTED_EDGE('',*,*,#2902,.F.);
#4110=ORIENTED_EDGE('',*,*,#2903,.F.);
#4111=ORIENTED_EDGE('',*,*,#2900,.T.);
#4112=ORIENTED_EDGE('',*,*,#2892,.F.);
#4113=ORIENTED_EDGE('',*,*,#2890,.F.);
#4114=ORIENTED_EDGE('',*,*,#2887,.F.);
#4115=ORIENTED_EDGE('',*,*,#2904,.T.);
#4116=ORIENTED_EDGE('',*,*,#2905,.F.);
#4117=ORIENTED_EDGE('',*,*,#2904,.F.);
#4118=ORIENTED_EDGE('',*,*,#2886,.F.);
#4119=ORIENTED_EDGE('',*,*,#2880,.T.);
#4120=ORIENTED_EDGE('',*,*,#2871,.T.);
#4121=ORIENTED_EDGE('',*,*,#2906,.T.);
#4122=ORIENTED_EDGE('',*,*,#2896,.T.);
#4123=ORIENTED_EDGE('',*,*,#2907,.F.);
#4124=ORIENTED_EDGE('',*,*,#2899,.T.);
#4125=ORIENTED_EDGE('',*,*,#2903,.T.);
#4126=ORIENTED_EDGE('',*,*,#2908,.F.);
#4127=ORIENTED_EDGE('',*,*,#2872,.T.);
#4128=ORIENTED_EDGE('',*,*,#2907,.T.);
#4129=ORIENTED_EDGE('',*,*,#2902,.T.);
#4130=ORIENTED_EDGE('',*,*,#2909,.F.);
#4131=ORIENTED_EDGE('',*,*,#2873,.T.);
#4132=ORIENTED_EDGE('',*,*,#2908,.T.);
#4133=ORIENTED_EDGE('',*,*,#2874,.T.);
#4134=ORIENTED_EDGE('',*,*,#2909,.T.);
#4135=ORIENTED_EDGE('',*,*,#2901,.T.);
#4136=ORIENTED_EDGE('',*,*,#2905,.T.);
#4137=ORIENTED_EDGE('',*,*,#2910,.F.);
#4138=ORIENTED_EDGE('',*,*,#2879,.T.);
#4139=ORIENTED_EDGE('',*,*,#2911,.T.);
#4140=ORIENTED_EDGE('',*,*,#2866,.T.);
#4141=ORIENTED_EDGE('',*,*,#2910,.T.);
#4142=ORIENTED_EDGE('',*,*,#2912,.F.);
#4143=ORIENTED_EDGE('',*,*,#2913,.F.);
#4144=ORIENTED_EDGE('',*,*,#2914,.F.);
#4145=ORIENTED_EDGE('',*,*,#2915,.F.);
#4146=ORIENTED_EDGE('',*,*,#2916,.F.);
#4147=ORIENTED_EDGE('',*,*,#2917,.T.);
#4148=ORIENTED_EDGE('',*,*,#2860,.F.);
#4149=ORIENTED_EDGE('',*,*,#2864,.F.);
#4150=ORIENTED_EDGE('',*,*,#2856,.F.);
#4151=ORIENTED_EDGE('',*,*,#2878,.F.);
#4152=ORIENTED_EDGE('',*,*,#2875,.F.);
#4153=ORIENTED_EDGE('',*,*,#2918,.T.);
#4154=ORIENTED_EDGE('',*,*,#2919,.T.);
#4155=ORIENTED_EDGE('',*,*,#2920,.T.);
#4156=ORIENTED_EDGE('',*,*,#2921,.F.);
#4157=ORIENTED_EDGE('',*,*,#2913,.T.);
#4158=ORIENTED_EDGE('',*,*,#2922,.F.);
#4159=ORIENTED_EDGE('',*,*,#2923,.T.);
#4160=ORIENTED_EDGE('',*,*,#2924,.F.);
#4161=ORIENTED_EDGE('',*,*,#2915,.T.);
#4162=ORIENTED_EDGE('',*,*,#2925,.F.);
#4163=ORIENTED_EDGE('',*,*,#2926,.T.);
#4164=ORIENTED_EDGE('',*,*,#2927,.T.);
#4165=ORIENTED_EDGE('',*,*,#2928,.T.);
#4166=ORIENTED_EDGE('',*,*,#2916,.T.);
#4167=ORIENTED_EDGE('',*,*,#2924,.T.);
#4168=ORIENTED_EDGE('',*,*,#2929,.T.);
#4169=ORIENTED_EDGE('',*,*,#2925,.T.);
#4170=ORIENTED_EDGE('',*,*,#2914,.T.);
#4171=ORIENTED_EDGE('',*,*,#2921,.T.);
#4172=ORIENTED_EDGE('',*,*,#2912,.T.);
#4173=ORIENTED_EDGE('',*,*,#2930,.T.);
#4174=ORIENTED_EDGE('',*,*,#2854,.T.);
#4175=ORIENTED_EDGE('',*,*,#2922,.T.);
#4176=ORIENTED_EDGE('',*,*,#2931,.F.);
#4177=ORIENTED_EDGE('',*,*,#2932,.F.);
#4178=ORIENTED_EDGE('',*,*,#2927,.F.);
#4179=ORIENTED_EDGE('',*,*,#2933,.T.);
#4180=ORIENTED_EDGE('',*,*,#2934,.F.);
#4181=ORIENTED_EDGE('',*,*,#2933,.F.);
#4182=ORIENTED_EDGE('',*,*,#2923,.F.);
#4183=ORIENTED_EDGE('',*,*,#2935,.F.);
#4184=ORIENTED_EDGE('',*,*,#2936,.F.);
#4185=ORIENTED_EDGE('',*,*,#2937,.F.);
#4186=ORIENTED_EDGE('',*,*,#2938,.F.);
#4187=ORIENTED_EDGE('',*,*,#2935,.T.);
#4188=ORIENTED_EDGE('',*,*,#2926,.F.);
#4189=ORIENTED_EDGE('',*,*,#2929,.F.);
#4190=ORIENTED_EDGE('',*,*,#2920,.F.);
#4191=ORIENTED_EDGE('',*,*,#2939,.T.);
#4192=ORIENTED_EDGE('',*,*,#2940,.F.);
#4193=ORIENTED_EDGE('',*,*,#2939,.F.);
#4194=ORIENTED_EDGE('',*,*,#2919,.F.);
#4195=ORIENTED_EDGE('',*,*,#2853,.T.);
#4196=ORIENTED_EDGE('',*,*,#2848,.T.);
#4197=ORIENTED_EDGE('',*,*,#2941,.T.);
#4198=ORIENTED_EDGE('',*,*,#2931,.T.);
#4199=ORIENTED_EDGE('',*,*,#2942,.F.);
#4200=ORIENTED_EDGE('',*,*,#2934,.T.);
#4201=ORIENTED_EDGE('',*,*,#2938,.T.);
#4202=ORIENTED_EDGE('',*,*,#2943,.F.);
#4203=ORIENTED_EDGE('',*,*,#2849,.T.);
#4204=ORIENTED_EDGE('',*,*,#2942,.T.);
#4205=ORIENTED_EDGE('',*,*,#2937,.T.);
#4206=ORIENTED_EDGE('',*,*,#2944,.F.);
#4207=ORIENTED_EDGE('',*,*,#2850,.T.);
#4208=ORIENTED_EDGE('',*,*,#2943,.T.);
#4209=ORIENTED_EDGE('',*,*,#2940,.T.);
#4210=ORIENTED_EDGE('',*,*,#2945,.F.);
#4211=ORIENTED_EDGE('',*,*,#2851,.T.);
#4212=ORIENTED_EDGE('',*,*,#2944,.T.);
#4213=ORIENTED_EDGE('',*,*,#2936,.T.);
#4214=ORIENTED_EDGE('',*,*,#2852,.T.);
#4215=ORIENTED_EDGE('',*,*,#2946,.T.);
#4216=ORIENTED_EDGE('',*,*,#2840,.T.);
#4217=ORIENTED_EDGE('',*,*,#2945,.T.);
#4218=ORIENTED_EDGE('',*,*,#2947,.F.);
#4219=ORIENTED_EDGE('',*,*,#2948,.F.);
#4220=ORIENTED_EDGE('',*,*,#2949,.T.);
#4221=ORIENTED_EDGE('',*,*,#2562,.F.);
#4222=ORIENTED_EDGE('',*,*,#2950,.T.);
#4223=ORIENTED_EDGE('',*,*,#2567,.F.);
#4224=ORIENTED_EDGE('',*,*,#2951,.F.);
#4225=ORIENTED_EDGE('',*,*,#2842,.T.);
#4226=ORIENTED_EDGE('',*,*,#2952,.F.);
#4227=ORIENTED_EDGE('',*,*,#2563,.F.);
#4228=ORIENTED_EDGE('',*,*,#2949,.F.);
#4229=ORIENTED_EDGE('',*,*,#2953,.F.);
#4230=ORIENTED_EDGE('',*,*,#2846,.T.);
#4231=ORIENTED_EDGE('',*,*,#2954,.T.);
#4232=ORIENTED_EDGE('',*,*,#2955,.F.);
#4233=ORIENTED_EDGE('',*,*,#2564,.F.);
#4234=ORIENTED_EDGE('',*,*,#2954,.F.);
#4235=ORIENTED_EDGE('',*,*,#2845,.T.);
#4236=ORIENTED_EDGE('',*,*,#2956,.T.);
#4237=ORIENTED_EDGE('',*,*,#2843,.T.);
#4238=ORIENTED_EDGE('',*,*,#2951,.T.);
#4239=ORIENTED_EDGE('',*,*,#2566,.F.);
#4240=ORIENTED_EDGE('',*,*,#2956,.F.);
#4241=ORIENTED_EDGE('',*,*,#2565,.T.);
#4242=ORIENTED_EDGE('',*,*,#2955,.T.);
#4243=ORIENTED_EDGE('',*,*,#2844,.T.);
#4244=ORIENTED_EDGE('',*,*,#2957,.T.);
#4245=ORIENTED_EDGE('',*,*,#2958,.T.);
#4246=ORIENTED_EDGE('',*,*,#2807,.F.);
#4247=ORIENTED_EDGE('',*,*,#2804,.F.);
#4248=ORIENTED_EDGE('',*,*,#2959,.T.);
#4249=ORIENTED_EDGE('',*,*,#2960,.T.);
#4250=ORIENTED_EDGE('',*,*,#2808,.F.);
#4251=ORIENTED_EDGE('',*,*,#2958,.F.);
#4252=ORIENTED_EDGE('',*,*,#2434,.F.);
#4253=ORIENTED_EDGE('',*,*,#2809,.F.);
#4254=ORIENTED_EDGE('',*,*,#2960,.F.);
#4255=ORIENTED_EDGE('',*,*,#2961,.T.);
#4256=ORIENTED_EDGE('',*,*,#2961,.F.);
#4257=ORIENTED_EDGE('',*,*,#2959,.F.);
#4258=ORIENTED_EDGE('',*,*,#2957,.F.);
#4259=ORIENTED_EDGE('',*,*,#2803,.T.);
#4260=ORIENTED_EDGE('',*,*,#2435,.F.);
#4261=ORIENTED_EDGE('',*,*,#2962,.F.);
#4262=ORIENTED_EDGE('',*,*,#2568,.F.);
#4263=ORIENTED_EDGE('',*,*,#2950,.F.);
#4264=ORIENTED_EDGE('',*,*,#2963,.F.);
#4265=ORIENTED_EDGE('',*,*,#2964,.F.);
#4266=ORIENTED_EDGE('',*,*,#2965,.T.);
#4267=ORIENTED_EDGE('',*,*,#2966,.T.);
#4268=ORIENTED_EDGE('',*,*,#2967,.T.);
#4269=ORIENTED_EDGE('',*,*,#2968,.F.);
#4270=ORIENTED_EDGE('',*,*,#2967,.F.);
#4271=ORIENTED_EDGE('',*,*,#2969,.T.);
#4272=ORIENTED_EDGE('',*,*,#2826,.F.);
#4273=ORIENTED_EDGE('',*,*,#2970,.F.);
#4274=ORIENTED_EDGE('',*,*,#2830,.T.);
#4275=ORIENTED_EDGE('',*,*,#2828,.T.);
#4276=ORIENTED_EDGE('',*,*,#2797,.T.);
#4277=ORIENTED_EDGE('',*,*,#2806,.F.);
#4278=ORIENTED_EDGE('',*,*,#2593,.T.);
#4279=ORIENTED_EDGE('',*,*,#2962,.T.);
#4280=ORIENTED_EDGE('',*,*,#2971,.T.);
#4281=ORIENTED_EDGE('',*,*,#2964,.T.);
#4282=ORIENTED_EDGE('',*,*,#2968,.T.);
#4283=ORIENTED_EDGE('',*,*,#2592,.T.);
#4284=ORIENTED_EDGE('',*,*,#2573,.T.);
#4285=ORIENTED_EDGE('',*,*,#2972,.F.);
#4286=ORIENTED_EDGE('',*,*,#2599,.T.);
#4287=ORIENTED_EDGE('',*,*,#2823,.F.);
#4288=ORIENTED_EDGE('',*,*,#2801,.T.);
#4289=ORIENTED_EDGE('',*,*,#2817,.T.);
#4290=ORIENTED_EDGE('',*,*,#2839,.T.);
#4291=ORIENTED_EDGE('',*,*,#2973,.T.);
#4292=ORIENTED_EDGE('',*,*,#2974,.F.);
#4293=ORIENTED_EDGE('',*,*,#2975,.F.);
#4294=ORIENTED_EDGE('',*,*,#2976,.F.);
#4295=ORIENTED_EDGE('',*,*,#2977,.F.);
#4296=ORIENTED_EDGE('',*,*,#2976,.T.);
#4297=ORIENTED_EDGE('',*,*,#2978,.T.);
#4298=ORIENTED_EDGE('',*,*,#2979,.F.);
#4299=ORIENTED_EDGE('',*,*,#2980,.F.);
#4300=ORIENTED_EDGE('',*,*,#2979,.T.);
#4301=ORIENTED_EDGE('',*,*,#2981,.F.);
#4302=ORIENTED_EDGE('',*,*,#2965,.F.);
#4303=ORIENTED_EDGE('',*,*,#2971,.F.);
#4304=ORIENTED_EDGE('',*,*,#2963,.T.);
#4305=ORIENTED_EDGE('',*,*,#2952,.T.);
#4306=ORIENTED_EDGE('',*,*,#2841,.F.);
#4307=ORIENTED_EDGE('',*,*,#2946,.F.);
#4308=ORIENTED_EDGE('',*,*,#2855,.F.);
#4309=ORIENTED_EDGE('',*,*,#2930,.F.);
#4310=ORIENTED_EDGE('',*,*,#2918,.F.);
#4311=ORIENTED_EDGE('',*,*,#2877,.T.);
#4312=ORIENTED_EDGE('',*,*,#2867,.F.);
#4313=ORIENTED_EDGE('',*,*,#2911,.F.);
#4314=ORIENTED_EDGE('',*,*,#2882,.F.);
#4315=ORIENTED_EDGE('',*,*,#2884,.F.);
#4316=ORIENTED_EDGE('',*,*,#2897,.T.);
#4317=ORIENTED_EDGE('',*,*,#2906,.F.);
#4318=ORIENTED_EDGE('',*,*,#2870,.F.);
#4319=ORIENTED_EDGE('',*,*,#2861,.F.);
#4320=ORIENTED_EDGE('',*,*,#2917,.F.);
#4321=ORIENTED_EDGE('',*,*,#2928,.F.);
#4322=ORIENTED_EDGE('',*,*,#2932,.T.);
#4323=ORIENTED_EDGE('',*,*,#2941,.F.);
#4324=ORIENTED_EDGE('',*,*,#2847,.F.);
#4325=ORIENTED_EDGE('',*,*,#2953,.T.);
#4326=ORIENTED_EDGE('',*,*,#2948,.T.);
#4327=ORIENTED_EDGE('',*,*,#2600,.T.);
#4328=ORIENTED_EDGE('',*,*,#2972,.T.);
#4329=ORIENTED_EDGE('',*,*,#2977,.T.);
#4330=ORIENTED_EDGE('',*,*,#2980,.T.);
#4331=ORIENTED_EDGE('',*,*,#2947,.T.);
#4332=ORIENTED_EDGE('',*,*,#2560,.T.);
#4333=ORIENTED_EDGE('',*,*,#2982,.T.);
#4334=ORIENTED_EDGE('',*,*,#2835,.F.);
#4335=ORIENTED_EDGE('',*,*,#2983,.F.);
#4336=ORIENTED_EDGE('',*,*,#2833,.F.);
#4337=ORIENTED_EDGE('',*,*,#2984,.F.);
#4338=ORIENTED_EDGE('',*,*,#2973,.F.);
#4339=ORIENTED_EDGE('',*,*,#2838,.F.);
#4340=ORIENTED_EDGE('',*,*,#2982,.F.);
#4341=ORIENTED_EDGE('',*,*,#2831,.T.);
#4342=ORIENTED_EDGE('',*,*,#2970,.T.);
#4343=ORIENTED_EDGE('',*,*,#2825,.F.);
#4344=ORIENTED_EDGE('',*,*,#2985,.F.);
#4345=ORIENTED_EDGE('',*,*,#2986,.T.);
#4346=ORIENTED_EDGE('',*,*,#2827,.F.);
#4347=ORIENTED_EDGE('',*,*,#2969,.F.);
#4348=ORIENTED_EDGE('',*,*,#2966,.F.);
#4349=ORIENTED_EDGE('',*,*,#2981,.T.);
#4350=ORIENTED_EDGE('',*,*,#2978,.F.);
#4351=ORIENTED_EDGE('',*,*,#2975,.T.);
#4352=ORIENTED_EDGE('',*,*,#2987,.F.);
#4353=ORIENTED_EDGE('',*,*,#2983,.T.);
#4354=ORIENTED_EDGE('',*,*,#2837,.F.);
#4355=ORIENTED_EDGE('',*,*,#2820,.T.);
#4356=ORIENTED_EDGE('',*,*,#2834,.T.);
#4357=ORIENTED_EDGE('',*,*,#2988,.T.);
#4358=ORIENTED_EDGE('',*,*,#2987,.T.);
#4359=ORIENTED_EDGE('',*,*,#2974,.T.);
#4360=ORIENTED_EDGE('',*,*,#2984,.T.);
#4361=ORIENTED_EDGE('',*,*,#2988,.F.);
#4362=ORIENTED_EDGE('',*,*,#2985,.T.);
#4363=ORIENTED_EDGE('',*,*,#2824,.F.);
#4364=ORIENTED_EDGE('',*,*,#2986,.F.);
#4365=PLANE('',#4859);
#4366=PLANE('',#4860);
#4367=PLANE('',#4861);
#4368=PLANE('',#4862);
#4369=PLANE('',#4863);
#4370=PLANE('',#4864);
#4371=PLANE('',#4868);
#4372=PLANE('',#4891);
#4373=PLANE('',#4901);
#4374=PLANE('',#4906);
#4375=PLANE('',#4913);
#4376=PLANE('',#4914);
#4377=PLANE('',#4916);
#4378=PLANE('',#4917);
#4379=PLANE('',#4921);
#4380=PLANE('',#4934);
#4381=PLANE('',#4937);
#4382=PLANE('',#4940);
#4383=PLANE('',#4943);
#4384=PLANE('',#4944);
#4385=PLANE('',#4945);
#4386=PLANE('',#4947);
#4387=PLANE('',#4948);
#4388=PLANE('',#4952);
#4389=PLANE('',#4955);
#4390=PLANE('',#4960);
#4391=PLANE('',#4963);
#4392=PLANE('',#4966);
#4393=PLANE('',#4967);
#4394=PLANE('',#4969);
#4395=PLANE('',#4971);
#4396=PLANE('',#4973);
#4397=PLANE('',#4974);
#4398=PLANE('',#4975);
#4399=PLANE('',#4976);
#4400=PLANE('',#4977);
#4401=PLANE('',#4978);
#4402=PLANE('',#4979);
#4403=PLANE('',#4980);
#4404=PLANE('',#4981);
#4405=PLANE('',#4982);
#4406=PLANE('',#4983);
#4407=PLANE('',#4984);
#4408=PLANE('',#4985);
#4409=PLANE('',#4986);
#4410=PLANE('',#4987);
#4411=PLANE('',#4988);
#4412=PLANE('',#4989);
#4413=PLANE('',#4990);
#4414=PLANE('',#4991);
#4415=PLANE('',#4992);
#4416=PLANE('',#4993);
#4417=PLANE('',#4994);
#4418=PLANE('',#4995);
#4419=PLANE('',#4996);
#4420=PLANE('',#4997);
#4421=PLANE('',#4998);
#4422=PLANE('',#4999);
#4423=PLANE('',#5000);
#4424=PLANE('',#5001);
#4425=PLANE('',#5002);
#4426=PLANE('',#5005);
#4427=PLANE('',#5006);
#4428=PLANE('',#5010);
#4429=PLANE('',#5011);
#4430=PLANE('',#5012);
#4431=PLANE('',#5013);
#4432=PLANE('',#5041);
#4433=PLANE('',#5042);
#4434=PLANE('',#5043);
#4435=PLANE('',#5044);
#4436=PLANE('',#5045);
#4437=PLANE('',#5046);
#4438=PLANE('',#5047);
#4439=PLANE('',#5048);
#4440=PLANE('',#5049);
#4441=PLANE('',#5050);
#4442=PLANE('',#5051);
#4443=PLANE('',#5052);
#4444=PLANE('',#5053);
#4445=PLANE('',#5054);
#4446=PLANE('',#5055);
#4447=PLANE('',#5056);
#4448=PLANE('',#5057);
#4449=PLANE('',#5058);
#4450=PLANE('',#5071);
#4451=PLANE('',#5072);
#4452=PLANE('',#5073);
#4453=PLANE('',#5074);
#4454=PLANE('',#5075);
#4455=PLANE('',#5076);
#4456=PLANE('',#5077);
#4457=PLANE('',#5078);
#4458=PLANE('',#5079);
#4459=PLANE('',#5080);
#4460=PLANE('',#5081);
#4461=PLANE('',#5082);
#4462=PLANE('',#5083);
#4463=PLANE('',#5084);
#4464=PLANE('',#5085);
#4465=PLANE('',#5086);
#4466=PLANE('',#5087);
#4467=PLANE('',#5088);
#4468=PLANE('',#5089);
#4469=PLANE('',#5090);
#4470=PLANE('',#5091);
#4471=PLANE('',#5092);
#4472=PLANE('',#5093);
#4473=PLANE('',#5106);
#4474=PLANE('',#5107);
#4475=PLANE('',#5108);
#4476=PLANE('',#5109);
#4477=PLANE('',#5110);
#4478=PLANE('',#5111);
#4479=PLANE('',#5112);
#4480=PLANE('',#5113);
#4481=PLANE('',#5114);
#4482=PLANE('',#5115);
#4483=PLANE('',#5116);
#4484=PLANE('',#5117);
#4485=PLANE('',#5118);
#4486=PLANE('',#5119);
#4487=PLANE('',#5120);
#4488=PLANE('',#5121);
#4489=PLANE('',#5122);
#4490=PLANE('',#5123);
#4491=PLANE('',#5124);
#4492=PLANE('',#5125);
#4493=PLANE('',#5126);
#4494=PLANE('',#5127);
#4495=PLANE('',#5128);
#4496=PLANE('',#5129);
#4497=PLANE('',#5132);
#4498=PLANE('',#5133);
#4499=PLANE('',#5138);
#4500=PLANE('',#5139);
#4501=PLANE('',#5141);
#4502=PLANE('',#5143);
#4503=PLANE('',#5146);
#4504=PLANE('',#5147);
#4505=PLANE('',#5152);
#4506=PLANE('',#5153);
#4507=PLANE('',#5154);
#4508=PLANE('',#5156);
#4509=PLANE('',#5157);
#4510=PLANE('',#5168);
#4511=PLANE('',#5172);
#4512=PLANE('',#5173);
#4513=PLANE('',#5176);
#4514=PLANE('',#5177);
#4515=PLANE('',#5178);
#4516=PLANE('',#5179);
#4517=PLANE('',#5180);
#4518=PLANE('',#5181);
#4519=PLANE('',#5182);
#4520=PLANE('',#5183);
#4521=PLANE('',#5184);
#4522=PLANE('',#5185);
#4523=PLANE('',#5186);
#4524=PLANE('',#5187);
#4525=PLANE('',#5188);
#4526=PLANE('',#5189);
#4527=PLANE('',#5190);
#4528=PLANE('',#5191);
#4529=PLANE('',#5192);
#4530=PLANE('',#5193);
#4531=PLANE('',#5194);
#4532=PLANE('',#5195);
#4533=PLANE('',#5196);
#4534=PLANE('',#5197);
#4535=PLANE('',#5198);
#4536=PLANE('',#5199);
#4537=PLANE('',#5200);
#4538=PLANE('',#5201);
#4539=PLANE('',#5202);
#4540=PLANE('',#5203);
#4541=PLANE('',#5204);
#4542=PLANE('',#5205);
#4543=PLANE('',#5206);
#4544=PLANE('',#5207);
#4545=PLANE('',#5208);
#4546=PLANE('',#5209);
#4547=PLANE('',#5210);
#4548=PLANE('',#5211);
#4549=PLANE('',#5212);
#4550=PLANE('',#5213);
#4551=PLANE('',#5214);
#4552=PLANE('',#5215);
#4553=PLANE('',#5216);
#4554=PLANE('',#5217);
#4555=PLANE('',#5218);
#4556=PLANE('',#5219);
#4557=PLANE('',#5220);
#4558=PLANE('',#5221);
#4559=PLANE('',#5222);
#4560=PLANE('',#5223);
#4561=PLANE('',#5224);
#4562=PLANE('',#5225);
#4563=PLANE('',#5226);
#4564=PLANE('',#5227);
#4565=PLANE('',#5234);
#4566=PLANE('',#5239);
#4567=PLANE('',#5240);
#4568=PLANE('',#5241);
#4569=PLANE('',#5246);
#4570=PLANE('',#5247);
#4571=PLANE('',#5248);
#4572=PLANE('',#5249);
#4573=PLANE('',#5250);
#4574=PLANE('',#5251);
#4575=PLANE('',#5252);
#4576=ADVANCED_FACE('',(#245),#4365,.F.);
#4577=ADVANCED_FACE('',(#246),#4366,.F.);
#4578=ADVANCED_FACE('',(#247,#225),#4367,.T.);
#4579=ADVANCED_FACE('',(#248),#4368,.F.);
#4580=ADVANCED_FACE('',(#249),#4369,.F.);
#4581=ADVANCED_FACE('',(#250),#4370,.F.);
#4582=ADVANCED_FACE('',(#251),#201,.F.);
#4583=ADVANCED_FACE('',(#252,#226,#227,#228,#229,#230,#231,#232,#233,#234),
#4371,.F.);
#4584=ADVANCED_FACE('',(#253),#54,.F.);
#4585=ADVANCED_FACE('',(#254),#202,.F.);
#4586=ADVANCED_FACE('',(#255),#55,.F.);
#4587=ADVANCED_FACE('',(#256),#203,.F.);
#4588=ADVANCED_FACE('',(#257),#56,.F.);
#4589=ADVANCED_FACE('',(#258,#235),#4372,.T.);
#4590=ADVANCED_FACE('',(#259),#57,.F.);
#4591=ADVANCED_FACE('',(#260),#204,.T.);
#4592=ADVANCED_FACE('',(#261),#4373,.T.);
#4593=ADVANCED_FACE('',(#262),#58,.T.);
#4594=ADVANCED_FACE('',(#263),#59,.T.);
#4595=ADVANCED_FACE('',(#264),#20,.T.);
#4596=ADVANCED_FACE('',(#265),#21,.T.);
#4597=ADVANCED_FACE('',(#266,#236),#4374,.T.);
#4598=ADVANCED_FACE('',(#267),#60,.F.);
#4599=ADVANCED_FACE('',(#268),#22,.F.);
#4600=ADVANCED_FACE('',(#269),#4375,.T.);
#4601=ADVANCED_FACE('',(#270),#4376,.T.);
#4602=ADVANCED_FACE('',(#271),#4377,.T.);
#4603=ADVANCED_FACE('',(#272),#4378,.T.);
#4604=ADVANCED_FACE('',(#273),#205,.T.);
#4605=ADVANCED_FACE('',(#274,#237,#238,#239,#240,#241),#4379,.T.);
#4606=ADVANCED_FACE('',(#275),#4380,.T.);
#4607=ADVANCED_FACE('',(#276),#61,.T.);
#4608=ADVANCED_FACE('',(#277),#4381,.T.);
#4609=ADVANCED_FACE('',(#278),#62,.T.);
#4610=ADVANCED_FACE('',(#279),#4382,.T.);
#4611=ADVANCED_FACE('',(#280),#206,.T.);
#4612=ADVANCED_FACE('',(#281),#4383,.T.);
#4613=ADVANCED_FACE('',(#282),#4384,.T.);
#4614=ADVANCED_FACE('',(#283),#4385,.T.);
#4615=ADVANCED_FACE('',(#284),#4386,.T.);
#4616=ADVANCED_FACE('',(#285),#4387,.T.);
#4617=ADVANCED_FACE('',(#286),#207,.T.);
#4618=ADVANCED_FACE('',(#287),#4388,.T.);
#4619=ADVANCED_FACE('',(#288),#208,.F.);
#4620=ADVANCED_FACE('',(#289),#4389,.T.);
#4621=ADVANCED_FACE('',(#290),#209,.T.);
#4622=ADVANCED_FACE('',(#291),#63,.T.);
#4623=ADVANCED_FACE('',(#292),#4390,.T.);
#4624=ADVANCED_FACE('',(#293),#64,.F.);
#4625=ADVANCED_FACE('',(#294),#4391,.T.);
#4626=ADVANCED_FACE('',(#295),#65,.T.);
#4627=ADVANCED_FACE('',(#296),#4392,.T.);
#4628=ADVANCED_FACE('',(#297),#4393,.T.);
#4629=ADVANCED_FACE('',(#298),#210,.T.);
#4630=ADVANCED_FACE('',(#299),#4394,.T.);
#4631=ADVANCED_FACE('',(#300),#211,.F.);
#4632=ADVANCED_FACE('',(#301),#4395,.T.);
#4633=ADVANCED_FACE('',(#302),#212,.T.);
#4634=ADVANCED_FACE('',(#303),#4396,.T.);
#4635=ADVANCED_FACE('',(#304),#4397,.T.);
#4636=ADVANCED_FACE('',(#305),#4398,.T.);
#4637=ADVANCED_FACE('',(#306),#4399,.T.);
#4638=ADVANCED_FACE('',(#307),#4400,.T.);
#4639=ADVANCED_FACE('',(#308),#4401,.T.);
#4640=ADVANCED_FACE('',(#309),#4402,.T.);
#4641=ADVANCED_FACE('',(#310),#4403,.F.);
#4642=ADVANCED_FACE('',(#311),#4404,.F.);
#4643=ADVANCED_FACE('',(#312),#4405,.T.);
#4644=ADVANCED_FACE('',(#313),#4406,.T.);
#4645=ADVANCED_FACE('',(#314),#4407,.T.);
#4646=ADVANCED_FACE('',(#315),#4408,.T.);
#4647=ADVANCED_FACE('',(#316),#4409,.F.);
#4648=ADVANCED_FACE('',(#317),#4410,.F.);
#4649=ADVANCED_FACE('',(#318),#4411,.T.);
#4650=ADVANCED_FACE('',(#319),#4412,.T.);
#4651=ADVANCED_FACE('',(#320),#4413,.T.);
#4652=ADVANCED_FACE('',(#321),#4414,.T.);
#4653=ADVANCED_FACE('',(#322),#4415,.F.);
#4654=ADVANCED_FACE('',(#323),#4416,.F.);
#4655=ADVANCED_FACE('',(#324),#4417,.T.);
#4656=ADVANCED_FACE('',(#325),#4418,.T.);
#4657=ADVANCED_FACE('',(#326),#4419,.T.);
#4658=ADVANCED_FACE('',(#327),#4420,.T.);
#4659=ADVANCED_FACE('',(#328),#4421,.T.);
#4660=ADVANCED_FACE('',(#329),#4422,.T.);
#4661=ADVANCED_FACE('',(#330),#4423,.T.);
#4662=ADVANCED_FACE('',(#331),#4424,.T.);
#4663=ADVANCED_FACE('',(#332),#4425,.T.);
#4664=ADVANCED_FACE('',(#333),#213,.T.);
#4665=ADVANCED_FACE('',(#334),#4426,.T.);
#4666=ADVANCED_FACE('',(#335),#4427,.T.);
#4667=ADVANCED_FACE('',(#336),#214,.T.);
#4668=ADVANCED_FACE('',(#337),#215,.T.);
#4669=ADVANCED_FACE('',(#338),#4428,.T.);
#4670=ADVANCED_FACE('',(#339),#4429,.T.);
#4671=ADVANCED_FACE('',(#340),#4430,.T.);
#4672=ADVANCED_FACE('',(#341),#4431,.T.);
#4673=ADVANCED_FACE('',(#342),#216,.F.);
#4674=ADVANCED_FACE('',(#343),#66,.F.);
#4675=ADVANCED_FACE('',(#344),#217,.F.);
#4676=ADVANCED_FACE('',(#345),#67,.F.);
#4677=ADVANCED_FACE('',(#346),#218,.F.);
#4678=ADVANCED_FACE('',(#347),#68,.F.);
#4679=ADVANCED_FACE('',(#348),#4432,.T.);
#4680=ADVANCED_FACE('',(#349),#4433,.T.);
#4681=ADVANCED_FACE('',(#350),#4434,.T.);
#4682=ADVANCED_FACE('',(#351),#4435,.T.);
#4683=ADVANCED_FACE('',(#352),#4436,.T.);
#4684=ADVANCED_FACE('',(#353),#4437,.T.);
#4685=ADVANCED_FACE('',(#354),#4438,.T.);
#4686=ADVANCED_FACE('',(#355),#4439,.T.);
#4687=ADVANCED_FACE('',(#356),#4440,.F.);
#4688=ADVANCED_FACE('',(#357),#4441,.T.);
#4689=ADVANCED_FACE('',(#358),#4442,.T.);
#4690=ADVANCED_FACE('',(#359),#4443,.T.);
#4691=ADVANCED_FACE('',(#360),#4444,.T.);
#4692=ADVANCED_FACE('',(#361),#4445,.F.);
#4693=ADVANCED_FACE('',(#362),#4446,.F.);
#4694=ADVANCED_FACE('',(#363),#4447,.F.);
#4695=ADVANCED_FACE('',(#364),#4448,.F.);
#4696=ADVANCED_FACE('',(#365),#4449,.F.);
#4697=ADVANCED_FACE('',(#366),#219,.F.);
#4698=ADVANCED_FACE('',(#367),#69,.F.);
#4699=ADVANCED_FACE('',(#368),#4450,.F.);
#4700=ADVANCED_FACE('',(#369),#4451,.F.);
#4701=ADVANCED_FACE('',(#370),#4452,.F.);
#4702=ADVANCED_FACE('',(#371),#4453,.F.);
#4703=ADVANCED_FACE('',(#372),#4454,.F.);
#4704=ADVANCED_FACE('',(#373),#4455,.F.);
#4705=ADVANCED_FACE('',(#374),#4456,.T.);
#4706=ADVANCED_FACE('',(#375),#4457,.F.);
#4707=ADVANCED_FACE('',(#376),#4458,.T.);
#4708=ADVANCED_FACE('',(#377),#4459,.T.);
#4709=ADVANCED_FACE('',(#378),#4460,.T.);
#4710=ADVANCED_FACE('',(#379),#4461,.T.);
#4711=ADVANCED_FACE('',(#380),#4462,.T.);
#4712=ADVANCED_FACE('',(#381),#4463,.T.);
#4713=ADVANCED_FACE('',(#382),#4464,.T.);
#4714=ADVANCED_FACE('',(#383),#4465,.F.);
#4715=ADVANCED_FACE('',(#384),#4466,.T.);
#4716=ADVANCED_FACE('',(#385),#4467,.T.);
#4717=ADVANCED_FACE('',(#386),#4468,.T.);
#4718=ADVANCED_FACE('',(#387),#4469,.T.);
#4719=ADVANCED_FACE('',(#388),#4470,.F.);
#4720=ADVANCED_FACE('',(#389),#4471,.F.);
#4721=ADVANCED_FACE('',(#390),#4472,.F.);
#4722=ADVANCED_FACE('',(#391),#220,.F.);
#4723=ADVANCED_FACE('',(#392),#70,.F.);
#4724=ADVANCED_FACE('',(#393),#4473,.F.);
#4725=ADVANCED_FACE('',(#394),#4474,.F.);
#4726=ADVANCED_FACE('',(#395),#4475,.F.);
#4727=ADVANCED_FACE('',(#396),#4476,.F.);
#4728=ADVANCED_FACE('',(#397),#4477,.F.);
#4729=ADVANCED_FACE('',(#398),#4478,.F.);
#4730=ADVANCED_FACE('',(#399),#4479,.T.);
#4731=ADVANCED_FACE('',(#400),#4480,.F.);
#4732=ADVANCED_FACE('',(#401),#4481,.T.);
#4733=ADVANCED_FACE('',(#402),#4482,.T.);
#4734=ADVANCED_FACE('',(#403),#4483,.T.);
#4735=ADVANCED_FACE('',(#404),#4484,.T.);
#4736=ADVANCED_FACE('',(#405),#4485,.T.);
#4737=ADVANCED_FACE('',(#406),#4486,.T.);
#4738=ADVANCED_FACE('',(#407),#4487,.T.);
#4739=ADVANCED_FACE('',(#408),#4488,.F.);
#4740=ADVANCED_FACE('',(#409),#4489,.T.);
#4741=ADVANCED_FACE('',(#410),#4490,.T.);
#4742=ADVANCED_FACE('',(#411),#4491,.T.);
#4743=ADVANCED_FACE('',(#412),#4492,.T.);
#4744=ADVANCED_FACE('',(#413),#4493,.F.);
#4745=ADVANCED_FACE('',(#414),#4494,.F.);
#4746=ADVANCED_FACE('',(#415),#4495,.F.);
#4747=ADVANCED_FACE('',(#416),#4496,.F.);
#4748=ADVANCED_FACE('',(#417),#221,.T.);
#4749=ADVANCED_FACE('',(#418,#242),#4497,.T.);
#4750=ADVANCED_FACE('',(#419),#4498,.F.);
#4751=ADVANCED_FACE('',(#420),#222,.T.);
#4752=ADVANCED_FACE('',(#421,#243),#4499,.T.);
#4753=ADVANCED_FACE('',(#422),#4500,.T.);
#4754=ADVANCED_FACE('',(#423),#23,.F.);
#4755=ADVANCED_FACE('',(#424),#4501,.T.);
#4756=ADVANCED_FACE('',(#425),#223,.F.);
#4757=ADVANCED_FACE('',(#426),#4502,.T.);
#4758=ADVANCED_FACE('',(#427),#4503,.T.);
#4759=ADVANCED_FACE('',(#428),#4504,.T.);
#4760=ADVANCED_FACE('',(#429),#224,.T.);
#4761=ADVANCED_FACE('',(#430),#4505,.T.);
#4762=ADVANCED_FACE('',(#431),#4506,.T.);
#4763=ADVANCED_FACE('',(#432),#4507,.T.);
#4764=ADVANCED_FACE('',(#433),#71,.T.);
#4765=ADVANCED_FACE('',(#434),#4508,.T.);
#4766=ADVANCED_FACE('',(#435),#4509,.T.);
#4767=ADVANCED_FACE('',(#436),#72,.T.);
#4768=ADVANCED_FACE('',(#437),#73,.F.);
#4769=ADVANCED_FACE('',(#438),#74,.T.);
#4770=ADVANCED_FACE('',(#439),#75,.F.);
#4771=ADVANCED_FACE('',(#440),#4510,.T.);
#4772=ADVANCED_FACE('',(#441),#76,.T.);
#4773=ADVANCED_FACE('',(#442),#4511,.T.);
#4774=ADVANCED_FACE('',(#443),#4512,.F.);
#4775=ADVANCED_FACE('',(#444),#77,.T.);
#4776=ADVANCED_FACE('',(#445),#4513,.T.);
#4777=ADVANCED_FACE('',(#446),#4514,.T.);
#4778=ADVANCED_FACE('',(#447),#4515,.T.);
#4779=ADVANCED_FACE('',(#448),#4516,.T.);
#4780=ADVANCED_FACE('',(#449),#4517,.T.);
#4781=ADVANCED_FACE('',(#450),#4518,.T.);
#4782=ADVANCED_FACE('',(#451),#4519,.T.);
#4783=ADVANCED_FACE('',(#452),#4520,.T.);
#4784=ADVANCED_FACE('',(#453),#4521,.T.);
#4785=ADVANCED_FACE('',(#454),#4522,.T.);
#4786=ADVANCED_FACE('',(#455),#4523,.T.);
#4787=ADVANCED_FACE('',(#456),#4524,.T.);
#4788=ADVANCED_FACE('',(#457),#4525,.T.);
#4789=ADVANCED_FACE('',(#458),#4526,.T.);
#4790=ADVANCED_FACE('',(#459),#4527,.T.);
#4791=ADVANCED_FACE('',(#460),#4528,.T.);
#4792=ADVANCED_FACE('',(#461),#4529,.T.);
#4793=ADVANCED_FACE('',(#462),#4530,.T.);
#4794=ADVANCED_FACE('',(#463),#4531,.T.);
#4795=ADVANCED_FACE('',(#464),#4532,.T.);
#4796=ADVANCED_FACE('',(#465),#4533,.T.);
#4797=ADVANCED_FACE('',(#466),#4534,.T.);
#4798=ADVANCED_FACE('',(#467),#4535,.T.);
#4799=ADVANCED_FACE('',(#468),#4536,.T.);
#4800=ADVANCED_FACE('',(#469),#4537,.T.);
#4801=ADVANCED_FACE('',(#470),#4538,.T.);
#4802=ADVANCED_FACE('',(#471),#4539,.T.);
#4803=ADVANCED_FACE('',(#472),#4540,.T.);
#4804=ADVANCED_FACE('',(#473),#4541,.T.);
#4805=ADVANCED_FACE('',(#474),#4542,.T.);
#4806=ADVANCED_FACE('',(#475),#4543,.T.);
#4807=ADVANCED_FACE('',(#476),#4544,.T.);
#4808=ADVANCED_FACE('',(#477),#4545,.T.);
#4809=ADVANCED_FACE('',(#478),#4546,.T.);
#4810=ADVANCED_FACE('',(#479),#4547,.T.);
#4811=ADVANCED_FACE('',(#480),#4548,.T.);
#4812=ADVANCED_FACE('',(#481),#4549,.T.);
#4813=ADVANCED_FACE('',(#482),#4550,.T.);
#4814=ADVANCED_FACE('',(#483),#4551,.T.);
#4815=ADVANCED_FACE('',(#484),#4552,.T.);
#4816=ADVANCED_FACE('',(#485),#4553,.T.);
#4817=ADVANCED_FACE('',(#486),#4554,.T.);
#4818=ADVANCED_FACE('',(#487),#4555,.T.);
#4819=ADVANCED_FACE('',(#488),#4556,.T.);
#4820=ADVANCED_FACE('',(#489),#4557,.T.);
#4821=ADVANCED_FACE('',(#490),#4558,.F.);
#4822=ADVANCED_FACE('',(#491),#4559,.T.);
#4823=ADVANCED_FACE('',(#492),#4560,.T.);
#4824=ADVANCED_FACE('',(#493),#4561,.T.);
#4825=ADVANCED_FACE('',(#494),#4562,.T.);
#4826=ADVANCED_FACE('',(#495),#4563,.T.);
#4827=ADVANCED_FACE('',(#496),#4564,.T.);
#4828=ADVANCED_FACE('',(#497),#78,.F.);
#4829=ADVANCED_FACE('',(#498),#19,.F.);
#4830=ADVANCED_FACE('',(#499),#79,.F.);
#4831=ADVANCED_FACE('',(#500),#4565,.F.);
#4832=ADVANCED_FACE('',(#501),#80,.T.);
#4833=ADVANCED_FACE('',(#502),#4566,.T.);
#4834=ADVANCED_FACE('',(#503),#4567,.T.);
#4835=ADVANCED_FACE('',(#504),#4568,.T.);
#4836=ADVANCED_FACE('',(#505),#81,.T.);
#4837=ADVANCED_FACE('',(#506),#4569,.T.);
#4838=ADVANCED_FACE('',(#507),#4570,.T.);
#4839=ADVANCED_FACE('',(#508),#4571,.T.);
#4840=ADVANCED_FACE('',(#509),#4572,.T.);
#4841=ADVANCED_FACE('',(#510,#244),#4573,.T.);
#4842=ADVANCED_FACE('',(#511),#4574,.T.);
#4843=ADVANCED_FACE('',(#512),#4575,.T.);
#4844=CLOSED_SHELL('',(#4576,#4577,#4578,#4579,#4580,#4581,#4582,#4583,
#4584,#4585,#4586,#4587,#4588,#4589,#4590,#4591,#4592,#4593,#4594,#4595,
#4596,#4597,#4598,#4599,#4600,#4601,#4602,#4603,#4604,#4605,#4606,#4607,
#4608,#4609,#4610,#4611,#4612,#4613,#4614,#4615,#4616,#4617,#4618,#4619,
#4620,#4621,#4622,#4623,#4624,#4625,#4626,#4627,#4628,#4629,#4630,#4631,
#4632,#4633,#4634,#4635,#4636,#4637,#4638,#4639,#4640,#4641,#4642,#4643,
#4644,#4645,#4646,#4647,#4648,#4649,#4650,#4651,#4652,#4653,#4654,#4655,
#4656,#4657,#4658,#4659,#4660,#4661,#4662,#4663,#4664,#4665,#4666,#4667,
#4668,#4669,#4670,#4671,#4672,#4673,#4674,#4675,#4676,#4677,#4678,#4679,
#4680,#4681,#4682,#4683,#4684,#4685,#4686,#4687,#4688,#4689,#4690,#4691,
#4692,#4693,#4694,#4695,#4696,#4697,#4698,#4699,#4700,#4701,#4702,#4703,
#4704,#4705,#4706,#4707,#4708,#4709,#4710,#4711,#4712,#4713,#4714,#4715,
#4716,#4717,#4718,#4719,#4720,#4721,#4722,#4723,#4724,#4725,#4726,#4727,
#4728,#4729,#4730,#4731,#4732,#4733,#4734,#4735,#4736,#4737,#4738,#4739,
#4740,#4741,#4742,#4743,#4744,#4745,#4746,#4747,#4748,#4749,#4750,#4751,
#4752,#4753,#4754,#4755,#4756,#4757,#4758,#4759,#4760,#4761,#4762,#4763,
#4764,#4765,#4766,#4767,#4768,#4769,#4770,#4771,#4772,#4773,#4774,#4775,
#4776,#4777,#4778,#4779,#4780,#4781,#4782,#4783,#4784,#4785,#4786,#4787,
#4788,#4789,#4790,#4791,#4792,#4793,#4794,#4795,#4796,#4797,#4798,#4799,
#4800,#4801,#4802,#4803,#4804,#4805,#4806,#4807,#4808,#4809,#4810,#4811,
#4812,#4813,#4814,#4815,#4816,#4817,#4818,#4819,#4820,#4821,#4822,#4823,
#4824,#4825,#4826,#4827,#4828,#4829,#4830,#4831,#4832,#4833,#4834,#4835,
#4836,#4837,#4838,#4839,#4840,#4841,#4842,#4843));
#4845=DERIVED_UNIT_ELEMENT(#4847,1.);
#4846=DERIVED_UNIT_ELEMENT(#8228,-3.);
#4847=(
MASS_UNIT()
NAMED_UNIT(*)
SI_UNIT(.KILO.,.GRAM.)
);
#4848=DERIVED_UNIT((#4845,#4846));
#4849=MEASURE_REPRESENTATION_ITEM('density measure',
POSITIVE_RATIO_MEASURE(7850.),#4848);
#4850=PROPERTY_DEFINITION_REPRESENTATION(#4855,#4852);
#4851=PROPERTY_DEFINITION_REPRESENTATION(#4856,#4853);
#4852=REPRESENTATION('material name',(#4854),#8225);
#4853=REPRESENTATION('density',(#4849),#8225);
#4854=DESCRIPTIVE_REPRESENTATION_ITEM('Steel','Steel');
#4855=PROPERTY_DEFINITION('material property','material name',#8240);
#4856=PROPERTY_DEFINITION('material property','density of part',#8240);
#4857=AXIS2_PLACEMENT_3D('',#6587,#5254,#5255);
#4858=AXIS2_PLACEMENT_3D('',#6588,#5256,#5257);
#4859=AXIS2_PLACEMENT_3D('',#6589,#5258,#5259);
#4860=AXIS2_PLACEMENT_3D('',#6598,#5264,#5265);
#4861=AXIS2_PLACEMENT_3D('',#6604,#5269,#5270);
#4862=AXIS2_PLACEMENT_3D('',#6622,#5280,#5281);
#4863=AXIS2_PLACEMENT_3D('',#6624,#5283,#5284);
#4864=AXIS2_PLACEMENT_3D('',#6626,#5286,#5287);
#4865=AXIS2_PLACEMENT_3D('',#6627,#5288,#5289);
#4866=AXIS2_PLACEMENT_3D('',#6629,#5290,#5291);
#4867=AXIS2_PLACEMENT_3D('',#6632,#5293,#5294);
#4868=AXIS2_PLACEMENT_3D('',#6633,#5295,#5296);
#4869=AXIS2_PLACEMENT_3D('',#6638,#5298,#5299);
#4870=AXIS2_PLACEMENT_3D('',#6644,#5302,#5303);
#4871=AXIS2_PLACEMENT_3D('',#6648,#5305,#5306);
#4872=AXIS2_PLACEMENT_3D('',#6652,#5308,#5309);
#4873=AXIS2_PLACEMENT_3D('',#6658,#5312,#5313);
#4874=AXIS2_PLACEMENT_3D('',#6664,#5316,#5317);
#4875=AXIS2_PLACEMENT_3D('',#6683,#5327,#5328);
#4876=AXIS2_PLACEMENT_3D('',#6685,#5329,#5330);
#4877=AXIS2_PLACEMENT_3D('',#6687,#5331,#5332);
#4878=AXIS2_PLACEMENT_3D('',#6713,#5345,#5346);
#4879=AXIS2_PLACEMENT_3D('',#6715,#5347,#5348);
#4880=AXIS2_PLACEMENT_3D('',#6717,#5349,#5350);
#4881=AXIS2_PLACEMENT_3D('',#6718,#5351,#5352);
#4882=AXIS2_PLACEMENT_3D('',#6720,#5353,#5354);
#4883=AXIS2_PLACEMENT_3D('',#6722,#5356,#5357);
#4884=AXIS2_PLACEMENT_3D('',#6724,#5358,#5359);
#4885=AXIS2_PLACEMENT_3D('',#6726,#5361,#5362);
#4886=AXIS2_PLACEMENT_3D('',#6728,#5363,#5364);
#4887=AXIS2_PLACEMENT_3D('',#6730,#5366,#5367);
#4888=AXIS2_PLACEMENT_3D('',#6732,#5368,#5369);
#4889=AXIS2_PLACEMENT_3D('',#6734,#5371,#5372);
#4890=AXIS2_PLACEMENT_3D('',#6736,#5373,#5374);
#4891=AXIS2_PLACEMENT_3D('',#6738,#5376,#5377);
#4892=AXIS2_PLACEMENT_3D('',#6743,#5379,#5380);
#4893=AXIS2_PLACEMENT_3D('',#6746,#5382,#5383);
#4894=AXIS2_PLACEMENT_3D('',#6747,#5384,#5385);
#4895=AXIS2_PLACEMENT_3D('',#6749,#5386,#5387);
#4896=AXIS2_PLACEMENT_3D('',#6751,#5388,#5389);
#4897=AXIS2_PLACEMENT_3D('',#6752,#5390,#5391);
#4898=AXIS2_PLACEMENT_3D('',#6753,#5392,#5393);
#4899=AXIS2_PLACEMENT_3D('',#6757,#5395,#5396);
#4900=AXIS2_PLACEMENT_3D('',#6758,#5397,#5398);
#4901=AXIS2_PLACEMENT_3D('',#6759,#5399,#5400);
#4902=AXIS2_PLACEMENT_3D('',#6767,#5405,#5406);
#4903=AXIS2_PLACEMENT_3D('',#6778,#5407,#5408);
#4904=AXIS2_PLACEMENT_3D('',#6780,#5410,#5411);
#4905=AXIS2_PLACEMENT_3D('',#6792,#5413,#5414);
#4906=AXIS2_PLACEMENT_3D('',#6877,#5417,#5418);
#4907=AXIS2_PLACEMENT_3D('',#6878,#5419,#5420);
#4908=AXIS2_PLACEMENT_3D('',#6882,#5422,#5423);
#4909=AXIS2_PLACEMENT_3D('',#6885,#5425,#5426);
#4910=AXIS2_PLACEMENT_3D('',#6886,#5427,#5428);
#4911=AXIS2_PLACEMENT_3D('',#6901,#5429,#5430);
#4912=AXIS2_PLACEMENT_3D('',#6939,#5431,#5432);
#4913=AXIS2_PLACEMENT_3D('',#6962,#5433,#5434);
#4914=AXIS2_PLACEMENT_3D('',#6968,#5438,#5439);
#4915=AXIS2_PLACEMENT_3D('',#6970,#5440,#5441);
#4916=AXIS2_PLACEMENT_3D('',#6974,#5444,#5445);
#4917=AXIS2_PLACEMENT_3D('',#6985,#5451,#5452);
#4918=AXIS2_PLACEMENT_3D('',#7008,#5455,#5456);
#4919=AXIS2_PLACEMENT_3D('',#7009,#5457,#5458);
#4920=AXIS2_PLACEMENT_3D('',#7010,#5459,#5460);
#4921=AXIS2_PLACEMENT_3D('',#7011,#5461,#5462);
#4922=AXIS2_PLACEMENT_3D('',#7013,#5463,#5464);
#4923=AXIS2_PLACEMENT_3D('',#7014,#5465,#5466);
#4924=AXIS2_PLACEMENT_3D('',#7020,#5469,#5470);
#4925=AXIS2_PLACEMENT_3D('',#7022,#5471,#5472);
#4926=AXIS2_PLACEMENT_3D('',#7024,#5473,#5474);
#4927=AXIS2_PLACEMENT_3D('',#7026,#5475,#5476);
#4928=AXIS2_PLACEMENT_3D('',#7028,#5477,#5478);
#4929=AXIS2_PLACEMENT_3D('',#7033,#5481,#5482);
#4930=AXIS2_PLACEMENT_3D('',#7050,#5484,#5485);
#4931=AXIS2_PLACEMENT_3D('',#7056,#5488,#5489);
#4932=AXIS2_PLACEMENT_3D('',#7060,#5491,#5492);
#4933=AXIS2_PLACEMENT_3D('',#7064,#5494,#5495);
#4934=AXIS2_PLACEMENT_3D('',#7090,#5509,#5510);
#4935=AXIS2_PLACEMENT_3D('',#7096,#5514,#5515);
#4936=AXIS2_PLACEMENT_3D('',#7099,#5517,#5518);
#4937=AXIS2_PLACEMENT_3D('',#7100,#5519,#5520);
#4938=AXIS2_PLACEMENT_3D('',#7104,#5523,#5524);
#4939=AXIS2_PLACEMENT_3D('',#7107,#5526,#5527);
#4940=AXIS2_PLACEMENT_3D('',#7108,#5528,#5529);
#4941=AXIS2_PLACEMENT_3D('',#7113,#5533,#5534);
#4942=AXIS2_PLACEMENT_3D('',#7114,#5535,#5536);
#4943=AXIS2_PLACEMENT_3D('',#7115,#5537,#5538);
#4944=AXIS2_PLACEMENT_3D('',#7117,#5540,#5541);
#4945=AXIS2_PLACEMENT_3D('',#7123,#5545,#5546);
#4946=AXIS2_PLACEMENT_3D('',#7124,#5547,#5548);
#4947=AXIS2_PLACEMENT_3D('',#7125,#5549,#5550);
#4948=AXIS2_PLACEMENT_3D('',#7130,#5551,#5552);
#4949=AXIS2_PLACEMENT_3D('',#7135,#5555,#5556);
#4950=AXIS2_PLACEMENT_3D('',#7136,#5557,#5558);
#4951=AXIS2_PLACEMENT_3D('',#7138,#5559,#5560);
#4952=AXIS2_PLACEMENT_3D('',#7140,#5562,#5563);
#4953=AXIS2_PLACEMENT_3D('',#7144,#5566,#5567);
#4954=AXIS2_PLACEMENT_3D('',#7146,#5568,#5569);
#4955=AXIS2_PLACEMENT_3D('',#7148,#5571,#5572);
#4956=AXIS2_PLACEMENT_3D('',#7152,#5575,#5576);
#4957=AXIS2_PLACEMENT_3D('',#7153,#5577,#5578);
#4958=AXIS2_PLACEMENT_3D('',#7154,#5579,#5580);
#4959=AXIS2_PLACEMENT_3D('',#7157,#5582,#5583);
#4960=AXIS2_PLACEMENT_3D('',#7158,#5584,#5585);
#4961=AXIS2_PLACEMENT_3D('',#7162,#5588,#5589);
#4962=AXIS2_PLACEMENT_3D('',#7165,#5591,#5592);
#4963=AXIS2_PLACEMENT_3D('',#7166,#5593,#5594);
#4964=AXIS2_PLACEMENT_3D('',#7170,#5597,#5598);
#4965=AXIS2_PLACEMENT_3D('',#7173,#5600,#5601);
#4966=AXIS2_PLACEMENT_3D('',#7174,#5602,#5603);
#4967=AXIS2_PLACEMENT_3D('',#7178,#5606,#5607);
#4968=AXIS2_PLACEMENT_3D('',#7184,#5609,#5610);
#4969=AXIS2_PLACEMENT_3D('',#7186,#5612,#5613);
#4970=AXIS2_PLACEMENT_3D('',#7188,#5615,#5616);
#4971=AXIS2_PLACEMENT_3D('',#7190,#5618,#5619);
#4972=AXIS2_PLACEMENT_3D('',#7192,#5621,#5622);
#4973=AXIS2_PLACEMENT_3D('',#7193,#5623,#5624);
#4974=AXIS2_PLACEMENT_3D('',#7197,#5627,#5628);
#4975=AXIS2_PLACEMENT_3D('',#7201,#5631,#5632);
#4976=AXIS2_PLACEMENT_3D('',#7203,#5634,#5635);
#4977=AXIS2_PLACEMENT_3D('',#7209,#5639,#5640);
#4978=AXIS2_PLACEMENT_3D('',#7213,#5643,#5644);
#4979=AXIS2_PLACEMENT_3D('',#7217,#5647,#5648);
#4980=AXIS2_PLACEMENT_3D('',#7219,#5650,#5651);
#4981=AXIS2_PLACEMENT_3D('',#7225,#5655,#5656);
#4982=AXIS2_PLACEMENT_3D('',#7229,#5659,#5660);
#4983=AXIS2_PLACEMENT_3D('',#7235,#5664,#5665);
#4984=AXIS2_PLACEMENT_3D('',#7241,#5669,#5670);
#4985=AXIS2_PLACEMENT_3D('',#7243,#5672,#5673);
#4986=AXIS2_PLACEMENT_3D('',#7245,#5675,#5676);
#4987=AXIS2_PLACEMENT_3D('',#7251,#5680,#5681);
#4988=AXIS2_PLACEMENT_3D('',#7255,#5684,#5685);
#4989=AXIS2_PLACEMENT_3D('',#7261,#5689,#5690);
#4990=AXIS2_PLACEMENT_3D('',#7265,#5693,#5694);
#4991=AXIS2_PLACEMENT_3D('',#7269,#5697,#5698);
#4992=AXIS2_PLACEMENT_3D('',#7271,#5700,#5701);
#4993=AXIS2_PLACEMENT_3D('',#7277,#5705,#5706);
#4994=AXIS2_PLACEMENT_3D('',#7281,#5709,#5710);
#4995=AXIS2_PLACEMENT_3D('',#7287,#5714,#5715);
#4996=AXIS2_PLACEMENT_3D('',#7293,#5719,#5720);
#4997=AXIS2_PLACEMENT_3D('',#7309,#5729,#5730);
#4998=AXIS2_PLACEMENT_3D('',#7315,#5734,#5735);
#4999=AXIS2_PLACEMENT_3D('',#7319,#5738,#5739);
#5000=AXIS2_PLACEMENT_3D('',#7322,#5742,#5743);
#5001=AXIS2_PLACEMENT_3D('',#7324,#5745,#5746);
#5002=AXIS2_PLACEMENT_3D('',#7328,#5749,#5750);
#5003=AXIS2_PLACEMENT_3D('',#7332,#5753,#5754);
#5004=AXIS2_PLACEMENT_3D('',#7335,#5756,#5757);
#5005=AXIS2_PLACEMENT_3D('',#7336,#5758,#5759);
#5006=AXIS2_PLACEMENT_3D('',#7340,#5762,#5763);
#5007=AXIS2_PLACEMENT_3D('',#7344,#5766,#5767);
#5008=AXIS2_PLACEMENT_3D('',#7345,#5768,#5769);
#5009=AXIS2_PLACEMENT_3D('',#7346,#5770,#5771);
#5010=AXIS2_PLACEMENT_3D('',#7348,#5773,#5774);
#5011=AXIS2_PLACEMENT_3D('',#7349,#5775,#5776);
#5012=AXIS2_PLACEMENT_3D('',#7353,#5779,#5780);
#5013=AXIS2_PLACEMENT_3D('',#7361,#5785,#5786);
#5014=AXIS2_PLACEMENT_3D('',#7371,#5792,#5793);
#5015=AXIS2_PLACEMENT_3D('',#7373,#5794,#5795);
#5016=AXIS2_PLACEMENT_3D('',#7375,#5797,#5798);
#5017=AXIS2_PLACEMENT_3D('',#7377,#5800,#5801);
#5018=AXIS2_PLACEMENT_3D('',#7379,#5802,#5803);
#5019=AXIS2_PLACEMENT_3D('',#7381,#5805,#5806);
#5020=AXIS2_PLACEMENT_3D('',#7385,#5808,#5809);
#5021=AXIS2_PLACEMENT_3D('',#7389,#5811,#5812);
#5022=AXIS2_PLACEMENT_3D('',#7393,#5814,#5815);
#5023=AXIS2_PLACEMENT_3D('',#7397,#5817,#5818);
#5024=AXIS2_PLACEMENT_3D('',#7401,#5820,#5821);
#5025=AXIS2_PLACEMENT_3D('',#7405,#5823,#5824);
#5026=AXIS2_PLACEMENT_3D('',#7409,#5826,#5827);
#5027=AXIS2_PLACEMENT_3D('',#7413,#5829,#5830);
#5028=AXIS2_PLACEMENT_3D('',#7416,#5832,#5833);
#5029=AXIS2_PLACEMENT_3D('',#7417,#5834,#5835);
#5030=AXIS2_PLACEMENT_3D('',#7419,#5836,#5837);
#5031=AXIS2_PLACEMENT_3D('',#7421,#5839,#5840);
#5032=AXIS2_PLACEMENT_3D('',#7425,#5842,#5843);
#5033=AXIS2_PLACEMENT_3D('',#7429,#5845,#5846);
#5034=AXIS2_PLACEMENT_3D('',#7433,#5848,#5849);
#5035=AXIS2_PLACEMENT_3D('',#7437,#5851,#5852);
#5036=AXIS2_PLACEMENT_3D('',#7441,#5854,#5855);
#5037=AXIS2_PLACEMENT_3D('',#7445,#5857,#5858);
#5038=AXIS2_PLACEMENT_3D('',#7449,#5860,#5861);
#5039=AXIS2_PLACEMENT_3D('',#7453,#5863,#5864);
#5040=AXIS2_PLACEMENT_3D('',#7456,#5866,#5867);
#5041=AXIS2_PLACEMENT_3D('',#7457,#5868,#5869);
#5042=AXIS2_PLACEMENT_3D('',#7460,#5872,#5873);
#5043=AXIS2_PLACEMENT_3D('',#7464,#5876,#5877);
#5044=AXIS2_PLACEMENT_3D('',#7466,#5879,#5880);
#5045=AXIS2_PLACEMENT_3D('',#7468,#5882,#5883);
#5046=AXIS2_PLACEMENT_3D('',#7471,#5886,#5887);
#5047=AXIS2_PLACEMENT_3D('',#7473,#5889,#5890);
#5048=AXIS2_PLACEMENT_3D('',#7477,#5893,#5894);
#5049=AXIS2_PLACEMENT_3D('',#7479,#5896,#5897);
#5050=AXIS2_PLACEMENT_3D('',#7481,#5899,#5900);
#5051=AXIS2_PLACEMENT_3D('',#7484,#5903,#5904);
#5052=AXIS2_PLACEMENT_3D('',#7488,#5907,#5908);
#5053=AXIS2_PLACEMENT_3D('',#7490,#5910,#5911);
#5054=AXIS2_PLACEMENT_3D('',#7492,#5913,#5914);
#5055=AXIS2_PLACEMENT_3D('',#7494,#5916,#5917);
#5056=AXIS2_PLACEMENT_3D('',#7495,#5918,#5919);
#5057=AXIS2_PLACEMENT_3D('',#7496,#5920,#5921);
#5058=AXIS2_PLACEMENT_3D('',#7498,#5923,#5924);
#5059=AXIS2_PLACEMENT_3D('',#7499,#5925,#5926);
#5060=AXIS2_PLACEMENT_3D('',#7501,#5927,#5928);
#5061=AXIS2_PLACEMENT_3D('',#7504,#5930,#5931);
#5062=AXIS2_PLACEMENT_3D('',#7505,#5932,#5933);
#5063=AXIS2_PLACEMENT_3D('',#7508,#5934,#5935);
#5064=AXIS2_PLACEMENT_3D('',#7510,#5936,#5937);
#5065=AXIS2_PLACEMENT_3D('',#7512,#5938,#5939);
#5066=AXIS2_PLACEMENT_3D('',#7514,#5940,#5941);
#5067=AXIS2_PLACEMENT_3D('',#7516,#5942,#5943);
#5068=AXIS2_PLACEMENT_3D('',#7518,#5944,#5945);
#5069=AXIS2_PLACEMENT_3D('',#7520,#5946,#5947);
#5070=AXIS2_PLACEMENT_3D('',#7521,#5948,#5949);
#5071=AXIS2_PLACEMENT_3D('',#7523,#5951,#5952);
#5072=AXIS2_PLACEMENT_3D('',#7535,#5960,#5961);
#5073=AXIS2_PLACEMENT_3D('',#7547,#5969,#5970);
#5074=AXIS2_PLACEMENT_3D('',#7559,#5978,#5979);
#5075=AXIS2_PLACEMENT_3D('',#7566,#5984,#5985);
#5076=AXIS2_PLACEMENT_3D('',#7573,#5990,#5991);
#5077=AXIS2_PLACEMENT_3D('',#7577,#5995,#5996);
#5078=AXIS2_PLACEMENT_3D('',#7579,#5998,#5999);
#5079=AXIS2_PLACEMENT_3D('',#7582,#6002,#6003);
#5080=AXIS2_PLACEMENT_3D('',#7583,#6004,#6005);
#5081=AXIS2_PLACEMENT_3D('',#7584,#6006,#6007);
#5082=AXIS2_PLACEMENT_3D('',#7586,#6009,#6010);
#5083=AXIS2_PLACEMENT_3D('',#7588,#6012,#6013);
#5084=AXIS2_PLACEMENT_3D('',#7589,#6014,#6015);
#5085=AXIS2_PLACEMENT_3D('',#7590,#6016,#6017);
#5086=AXIS2_PLACEMENT_3D('',#7591,#6018,#6019);
#5087=AXIS2_PLACEMENT_3D('',#7595,#6023,#6024);
#5088=AXIS2_PLACEMENT_3D('',#7596,#6025,#6026);
#5089=AXIS2_PLACEMENT_3D('',#7597,#6027,#6028);
#5090=AXIS2_PLACEMENT_3D('',#7598,#6029,#6030);
#5091=AXIS2_PLACEMENT_3D('',#7599,#6031,#6032);
#5092=AXIS2_PLACEMENT_3D('',#7600,#6033,#6034);
#5093=AXIS2_PLACEMENT_3D('',#7601,#6035,#6036);
#5094=AXIS2_PLACEMENT_3D('',#7602,#6037,#6038);
#5095=AXIS2_PLACEMENT_3D('',#7604,#6039,#6040);
#5096=AXIS2_PLACEMENT_3D('',#7607,#6042,#6043);
#5097=AXIS2_PLACEMENT_3D('',#7608,#6044,#6045);
#5098=AXIS2_PLACEMENT_3D('',#7611,#6046,#6047);
#5099=AXIS2_PLACEMENT_3D('',#7613,#6048,#6049);
#5100=AXIS2_PLACEMENT_3D('',#7615,#6050,#6051);
#5101=AXIS2_PLACEMENT_3D('',#7617,#6052,#6053);
#5102=AXIS2_PLACEMENT_3D('',#7619,#6054,#6055);
#5103=AXIS2_PLACEMENT_3D('',#7621,#6056,#6057);
#5104=AXIS2_PLACEMENT_3D('',#7623,#6058,#6059);
#5105=AXIS2_PLACEMENT_3D('',#7624,#6060,#6061);
#5106=AXIS2_PLACEMENT_3D('',#7626,#6063,#6064);
#5107=AXIS2_PLACEMENT_3D('',#7638,#6072,#6073);
#5108=AXIS2_PLACEMENT_3D('',#7650,#6081,#6082);
#5109=AXIS2_PLACEMENT_3D('',#7662,#6090,#6091);
#5110=AXIS2_PLACEMENT_3D('',#7669,#6096,#6097);
#5111=AXIS2_PLACEMENT_3D('',#7676,#6102,#6103);
#5112=AXIS2_PLACEMENT_3D('',#7680,#6107,#6108);
#5113=AXIS2_PLACEMENT_3D('',#7682,#6110,#6111);
#5114=AXIS2_PLACEMENT_3D('',#7685,#6114,#6115);
#5115=AXIS2_PLACEMENT_3D('',#7686,#6116,#6117);
#5116=AXIS2_PLACEMENT_3D('',#7687,#6118,#6119);
#5117=AXIS2_PLACEMENT_3D('',#7689,#6121,#6122);
#5118=AXIS2_PLACEMENT_3D('',#7691,#6124,#6125);
#5119=AXIS2_PLACEMENT_3D('',#7692,#6126,#6127);
#5120=AXIS2_PLACEMENT_3D('',#7693,#6128,#6129);
#5121=AXIS2_PLACEMENT_3D('',#7694,#6130,#6131);
#5122=AXIS2_PLACEMENT_3D('',#7698,#6135,#6136);
#5123=AXIS2_PLACEMENT_3D('',#7699,#6137,#6138);
#5124=AXIS2_PLACEMENT_3D('',#7700,#6139,#6140);
#5125=AXIS2_PLACEMENT_3D('',#7701,#6141,#6142);
#5126=AXIS2_PLACEMENT_3D('',#7702,#6143,#6144);
#5127=AXIS2_PLACEMENT_3D('',#7703,#6145,#6146);
#5128=AXIS2_PLACEMENT_3D('',#7704,#6147,#6148);
#5129=AXIS2_PLACEMENT_3D('',#7705,#6149,#6150);
#5130=AXIS2_PLACEMENT_3D('',#7706,#6151,#6152);
#5131=AXIS2_PLACEMENT_3D('',#7709,#6154,#6155);
#5132=AXIS2_PLACEMENT_3D('',#7710,#6156,#6157);
#5133=AXIS2_PLACEMENT_3D('',#7711,#6158,#6159);
#5134=AXIS2_PLACEMENT_3D('',#7712,#6160,#6161);
#5135=AXIS2_PLACEMENT_3D('',#7714,#6162,#6163);
#5136=AXIS2_PLACEMENT_3D('',#7715,#6164,#6165);
#5137=AXIS2_PLACEMENT_3D('',#7718,#6167,#6168);
#5138=AXIS2_PLACEMENT_3D('',#7719,#6169,#6170);
#5139=AXIS2_PLACEMENT_3D('',#7720,#6171,#6172);
#5140=AXIS2_PLACEMENT_3D('',#7759,#6175,#6176);
#5141=AXIS2_PLACEMENT_3D('',#7760,#6177,#6178);
#5142=AXIS2_PLACEMENT_3D('',#7764,#6181,#6182);
#5143=AXIS2_PLACEMENT_3D('',#7765,#6183,#6184);
#5144=AXIS2_PLACEMENT_3D('',#7767,#6185,#6186);
#5145=AXIS2_PLACEMENT_3D('',#7768,#6187,#6188);
#5146=AXIS2_PLACEMENT_3D('',#7770,#6190,#6191);
#5147=AXIS2_PLACEMENT_3D('',#7771,#6192,#6193);
#5148=AXIS2_PLACEMENT_3D('',#7773,#6194,#6195);
#5149=AXIS2_PLACEMENT_3D('',#7775,#6197,#6198);
#5150=AXIS2_PLACEMENT_3D('',#7776,#6199,#6200);
#5151=AXIS2_PLACEMENT_3D('',#7779,#6202,#6203);
#5152=AXIS2_PLACEMENT_3D('',#7780,#6204,#6205);
#5153=AXIS2_PLACEMENT_3D('',#7782,#6207,#6208);
#5154=AXIS2_PLACEMENT_3D('',#7785,#6211,#6212);
#5155=AXIS2_PLACEMENT_3D('',#7787,#6214,#6215);
#5156=AXIS2_PLACEMENT_3D('',#7789,#6217,#6218);
#5157=AXIS2_PLACEMENT_3D('',#7791,#6220,#6221);
#5158=AXIS2_PLACEMENT_3D('',#7792,#6222,#6223);
#5159=AXIS2_PLACEMENT_3D('',#7793,#6224,#6225);
#5160=AXIS2_PLACEMENT_3D('',#7797,#6227,#6228);
#5161=AXIS2_PLACEMENT_3D('',#7801,#6230,#6231);
#5162=AXIS2_PLACEMENT_3D('',#7805,#6233,#6234);
#5163=AXIS2_PLACEMENT_3D('',#7810,#6237,#6238);
#5164=AXIS2_PLACEMENT_3D('',#7812,#6240,#6241);
#5165=AXIS2_PLACEMENT_3D('',#7813,#6242,#6243);
#5166=AXIS2_PLACEMENT_3D('',#7814,#6244,#6245);
#5167=AXIS2_PLACEMENT_3D('',#7816,#6246,#6247);
#5168=AXIS2_PLACEMENT_3D('',#7843,#6249,#6250);
#5169=AXIS2_PLACEMENT_3D('',#7847,#6252,#6253);
#5170=AXIS2_PLACEMENT_3D('',#7849,#6255,#6256);
#5171=AXIS2_PLACEMENT_3D('',#7853,#6258,#6259);
#5172=AXIS2_PLACEMENT_3D('',#7855,#6261,#6262);
#5173=AXIS2_PLACEMENT_3D('',#7859,#6265,#6266);
#5174=AXIS2_PLACEMENT_3D('',#7869,#6272,#6273);
#5175=AXIS2_PLACEMENT_3D('',#7870,#6274,#6275);
#5176=AXIS2_PLACEMENT_3D('',#7871,#6276,#6277);
#5177=AXIS2_PLACEMENT_3D('',#7880,#6282,#6283);
#5178=AXIS2_PLACEMENT_3D('',#7884,#6286,#6287);
#5179=AXIS2_PLACEMENT_3D('',#7890,#6291,#6292);
#5180=AXIS2_PLACEMENT_3D('',#7894,#6295,#6296);
#5181=AXIS2_PLACEMENT_3D('',#7900,#6300,#6301);
#5182=AXIS2_PLACEMENT_3D('',#7904,#6304,#6305);
#5183=AXIS2_PLACEMENT_3D('',#7929,#6318,#6319);
#5184=AXIS2_PLACEMENT_3D('',#7938,#6324,#6325);
#5185=AXIS2_PLACEMENT_3D('',#7947,#6330,#6331);
#5186=AXIS2_PLACEMENT_3D('',#7956,#6336,#6337);
#5187=AXIS2_PLACEMENT_3D('',#7959,#6340,#6341);
#5188=AXIS2_PLACEMENT_3D('',#7977,#6351,#6352);
#5189=AXIS2_PLACEMENT_3D('',#7983,#6356,#6357);
#5190=AXIS2_PLACEMENT_3D('',#7985,#6359,#6360);
#5191=AXIS2_PLACEMENT_3D('',#7994,#6365,#6366);
#5192=AXIS2_PLACEMENT_3D('',#7999,#6370,#6371);
#5193=AXIS2_PLACEMENT_3D('',#8006,#6376,#6377);
#5194=AXIS2_PLACEMENT_3D('',#8010,#6380,#6381);
#5195=AXIS2_PLACEMENT_3D('',#8016,#6385,#6386);
#5196=AXIS2_PLACEMENT_3D('',#8018,#6388,#6389);
#5197=AXIS2_PLACEMENT_3D('',#8019,#6390,#6391);
#5198=AXIS2_PLACEMENT_3D('',#8025,#6395,#6396);
#5199=AXIS2_PLACEMENT_3D('',#8029,#6399,#6400);
#5200=AXIS2_PLACEMENT_3D('',#8037,#6405,#6406);
#5201=AXIS2_PLACEMENT_3D('',#8039,#6408,#6409);
#5202=AXIS2_PLACEMENT_3D('',#8042,#6412,#6413);
#5203=AXIS2_PLACEMENT_3D('',#8044,#6415,#6416);
#5204=AXIS2_PLACEMENT_3D('',#8046,#6418,#6419);
#5205=AXIS2_PLACEMENT_3D('',#8048,#6421,#6422);
#5206=AXIS2_PLACEMENT_3D('',#8050,#6424,#6425);
#5207=AXIS2_PLACEMENT_3D('',#8064,#6433,#6434);
#5208=AXIS2_PLACEMENT_3D('',#8071,#6439,#6440);
#5209=AXIS2_PLACEMENT_3D('',#8079,#6445,#6446);
#5210=AXIS2_PLACEMENT_3D('',#8083,#6449,#6450);
#5211=AXIS2_PLACEMENT_3D('',#8085,#6452,#6453);
#5212=AXIS2_PLACEMENT_3D('',#8087,#6455,#6456);
#5213=AXIS2_PLACEMENT_3D('',#8093,#6460,#6461);
#5214=AXIS2_PLACEMENT_3D('',#8097,#6464,#6465);
#5215=AXIS2_PLACEMENT_3D('',#8105,#6470,#6471);
#5216=AXIS2_PLACEMENT_3D('',#8107,#6473,#6474);
#5217=AXIS2_PLACEMENT_3D('',#8110,#6477,#6478);
#5218=AXIS2_PLACEMENT_3D('',#8112,#6480,#6481);
#5219=AXIS2_PLACEMENT_3D('',#8114,#6483,#6484);
#5220=AXIS2_PLACEMENT_3D('',#8116,#6486,#6487);
#5221=AXIS2_PLACEMENT_3D('',#8118,#6489,#6490);
#5222=AXIS2_PLACEMENT_3D('',#8124,#6494,#6495);
#5223=AXIS2_PLACEMENT_3D('',#8129,#6499,#6500);
#5224=AXIS2_PLACEMENT_3D('',#8132,#6503,#6504);
#5225=AXIS2_PLACEMENT_3D('',#8134,#6506,#6507);
#5226=AXIS2_PLACEMENT_3D('',#8136,#6509,#6510);
#5227=AXIS2_PLACEMENT_3D('',#8137,#6511,#6512);
#5228=AXIS2_PLACEMENT_3D('',#8139,#6513,#6514);
#5229=AXIS2_PLACEMENT_3D('',#8140,#6515,#6516);
#5230=AXIS2_PLACEMENT_3D('',#8141,#6517,#6518);
#5231=AXIS2_PLACEMENT_3D('',#8144,#6520,#6521);
#5232=AXIS2_PLACEMENT_3D('',#8145,#6522,#6523);
#5233=AXIS2_PLACEMENT_3D('',#8166,#6524,#6525);
#5234=AXIS2_PLACEMENT_3D('',#8167,#6526,#6527);
#5235=AXIS2_PLACEMENT_3D('',#8171,#6530,#6531);
#5236=AXIS2_PLACEMENT_3D('',#8174,#6532,#6533);
#5237=AXIS2_PLACEMENT_3D('',#8176,#6534,#6535);
#5238=AXIS2_PLACEMENT_3D('',#8179,#6537,#6538);
#5239=AXIS2_PLACEMENT_3D('',#8180,#6539,#6540);
#5240=AXIS2_PLACEMENT_3D('',#8184,#6544,#6545);
#5241=AXIS2_PLACEMENT_3D('',#8186,#6547,#6548);
#5242=AXIS2_PLACEMENT_3D('',#8195,#6553,#6554);
#5243=AXIS2_PLACEMENT_3D('',#8196,#6555,#6556);
#5244=AXIS2_PLACEMENT_3D('',#8198,#6557,#6558);
#5245=AXIS2_PLACEMENT_3D('',#8201,#6560,#6561);
#5246=AXIS2_PLACEMENT_3D('',#8202,#6562,#6563);
#5247=AXIS2_PLACEMENT_3D('',#8205,#6566,#6567);
#5248=AXIS2_PLACEMENT_3D('',#8206,#6568,#6569);
#5249=AXIS2_PLACEMENT_3D('',#8209,#6572,#6573);
#5250=AXIS2_PLACEMENT_3D('',#8213,#6576,#6577);
#5251=AXIS2_PLACEMENT_3D('',#8217,#6580,#6581);
#5252=AXIS2_PLACEMENT_3D('',#8219,#6583,#6584);
#5253=AXIS2_PLACEMENT_3D('',#8220,#6585,#6586);
#5254=DIRECTION('axis',(0.,0.,1.));
#5255=DIRECTION('refdir',(1.,0.,0.));
#5256=DIRECTION('axis',(0.,0.,1.));
#5257=DIRECTION('refdir',(1.,0.,0.));
#5258=DIRECTION('center_axis',(0.,-0.99939082449507,0.0348995689810625));
#5259=DIRECTION('ref_axis',(-1.,0.,0.));
#5260=DIRECTION('',(-1.,5.26732335744381E-11,1.50836093016919E-9));
#5261=DIRECTION('',(0.,-0.0348995689810625,-0.99939082449507));
#5262=DIRECTION('',(-1.,0.,0.));
#5263=DIRECTION('',(0.,-0.0348995689810625,-0.99939082449507));
#5264=DIRECTION('center_axis',(0.,-0.0348995689810625,-0.99939082449507));
#5265=DIRECTION('ref_axis',(-1.,0.,0.));
#5266=DIRECTION('',(0.,-0.99939082449507,0.0348995689810633));
#5267=DIRECTION('',(1.,0.,0.));
#5268=DIRECTION('',(0.,0.99939082449507,-0.0348995689810633));
#5269=DIRECTION('center_axis',(1.50928034678652E-9,0.0348995689810636,0.99939082449507));
#5270=DIRECTION('ref_axis',(-0.999999999999999,4.32466306817535E-8,-8.42902467456465E-15));
#5271=DIRECTION('',(-4.32202861878407E-8,-0.999390824495069,0.0348995689810637));
#5272=DIRECTION('',(0.999999999999999,-4.32466306817535E-8,8.42902467536648E-15));
#5273=DIRECTION('',(4.32202862636565E-8,0.999390824495069,-0.0348995689810637));
#5274=DIRECTION('',(-0.707106750625189,0.706676059636064,-0.0246777218870037));
#5275=DIRECTION('',(-0.999999999999999,4.32466306817535E-8,-8.42902467536648E-15));
#5276=DIRECTION('',(-0.707106811747904,-0.706675998476093,0.0246777218869919));
#5277=DIRECTION('',(0.,-0.99939082449507,0.0348995689810636));
#5278=DIRECTION('',(0.,0.99939082449507,-0.0348995689810636));
#5279=DIRECTION('',(1.,-5.2673233574439E-11,-1.50836093016919E-9));
#5280=DIRECTION('center_axis',(1.,0.,0.));
#5281=DIRECTION('ref_axis',(0.,-0.99939082449507,0.0348995689810633));
#5282=DIRECTION('',(0.,-0.0348995689810631,-0.99939082449507));
#5283=DIRECTION('center_axis',(0.,0.99939082449507,-0.0348995689810631));
#5284=DIRECTION('ref_axis',(1.,0.,0.));
#5285=DIRECTION('',(0.,-0.0348995689810631,-0.99939082449507));
#5286=DIRECTION('center_axis',(-1.,0.,0.));
#5287=DIRECTION('ref_axis',(0.,0.99939082449507,-0.0348995689810633));
#5288=DIRECTION('center_axis',(-4.3246628500527E-8,-0.999999999999996,7.23226367682641E-8));
#5289=DIRECTION('ref_axis',(-0.999999999999999,4.32466285005271E-8,1.57752078501755E-22));
#5290=DIRECTION('center_axis',(4.3246630681754E-8,0.999999999999996,-7.23226223347036E-8));
#5291=DIRECTION('ref_axis',(-0.999999999999999,4.32466306817541E-8,-3.94430452610506E-30));
#5292=DIRECTION('',(0.707106750606568,-0.707106811766524,5.11398269787262E-8));
#5293=DIRECTION('center_axis',(-4.3246630681754E-8,-0.999999999999996,7.23226223347036E-8));
#5294=DIRECTION('ref_axis',(-0.999999999999999,4.32466306817541E-8,-4.33873497871557E-30));
#5295=DIRECTION('center_axis',(4.3246630681754E-8,0.999999999999996,-7.23226223347036E-8));
#5296=DIRECTION('ref_axis',(-0.999999999999999,4.32466306817535E-8,-8.42902467536648E-15));
#5297=DIRECTION('',(0.427815332336553,4.68683995022788E-8,0.903866163443329));
#5298=DIRECTION('center_axis',(4.3246630681754E-8,0.999999999999996,-7.23226223347036E-8));
#5299=DIRECTION('ref_axis',(-0.999999999999999,4.32466306817541E-8,-4.33873497871556E-30));
#5300=DIRECTION('',(-0.986926186324745,3.10247857255269E-8,-0.161172897059321));
#5301=DIRECTION('',(-0.300588041041753,8.19774155373415E-8,0.953754071856406));
#5302=DIRECTION('center_axis',(4.3246630681754E-8,0.999999999999996,-7.23226223347036E-8));
#5303=DIRECTION('ref_axis',(-0.999999999999999,4.32466306817541E-8,-4.73316543132607E-30));
#5304=DIRECTION('',(-0.852876321736583,-8.7655366899332E-10,-0.522112995261635));
#5305=DIRECTION('center_axis',(-4.3246630681754E-8,-0.999999999999996,7.23226223347036E-8));
#5306=DIRECTION('ref_axis',(-0.522112995261632,8.42618799953904E-8,0.852876321736581));
#5307=DIRECTION('',(-0.838764860912097,7.56529742845596E-8,0.544493809054892));
#5308=DIRECTION('center_axis',(4.3246630681754E-8,0.999999999999996,-7.23226223347036E-8));
#5309=DIRECTION('ref_axis',(0.999999999999999,-4.32466306817541E-8,4.73316543132607E-30));
#5310=DIRECTION('',(-0.0693755442389484,-6.91481107070424E-8,-0.997590614361194));
#5311=DIRECTION('',(-0.8270854273967,-4.88216936446661E-9,-0.562076236633447));
#5312=DIRECTION('center_axis',(4.3246630681754E-8,0.999999999999996,-7.23226223347036E-8));
#5313=DIRECTION('ref_axis',(0.999999999999999,-4.32466306817539E-8,3.0721985815289E-15));
#5314=DIRECTION('',(0.909215204263731,-6.94303147052639E-8,-0.416326449238644));
#5315=DIRECTION('',(-0.532490152227504,-3.81880805445142E-8,-0.846436198293013));
#5316=DIRECTION('center_axis',(4.3246630681754E-8,0.999999999999996,-7.23226223347036E-8));
#5317=DIRECTION('ref_axis',(0.999999999999999,-4.32466306817539E-8,3.07219858152889E-15));
#5318=DIRECTION('',(0.94139046576367,-1.63161836772111E-8,0.337318826882313));
#5319=DIRECTION('',(0.224835738932344,-8.01943112761894E-8,-0.974396680258477));
#5320=DIRECTION('',(5.30131493732159E-15,-7.23226223347039E-8,-0.999999999999997));
#5321=DIRECTION('',(-0.433781183776745,8.39235771733412E-8,0.901018248761499));
#5322=DIRECTION('',(-0.999999999999999,4.32466306817535E-8,-8.42902467536648E-15));
#5323=DIRECTION('',(-0.433781183776735,-4.64044278703681E-8,-0.901018248761507));
#5324=DIRECTION('',(-5.30131493732159E-15,7.23226223347039E-8,0.999999999999997));
#5325=DIRECTION('',(0.224835738932548,6.07475349448445E-8,0.974396680258431));
#5326=DIRECTION('',(0.94139046576367,-1.6316183677211E-8,0.337318826882314));
#5327=DIRECTION('center_axis',(4.3246630681754E-8,0.999999999999996,-7.23226223347036E-8));
#5328=DIRECTION('ref_axis',(-0.999999999999999,4.32466306817539E-8,-3.07219858152889E-15));
#5329=DIRECTION('center_axis',(-4.3246630681754E-8,-0.999999999999996,7.23226223347036E-8));
#5330=DIRECTION('ref_axis',(-0.999999999999999,4.32466306817541E-8,-4.33873497871557E-30));
#5331=DIRECTION('center_axis',(-4.3246630681754E-8,-0.999999999999996,7.23226223347036E-8));
#5332=DIRECTION('ref_axis',(-0.999999999999999,4.32466306817539E-8,-3.07219858152889E-15));
#5333=DIRECTION('',(-0.547486882704307,8.41975650349732E-8,0.836814264497632));
#5334=DIRECTION('',(0.999999999999999,-4.32466306817525E-8,2.22098260237668E-14));
#5335=DIRECTION('',(0.547486882704307,-8.41975650349732E-8,-0.836814264497632));
#5336=DIRECTION('',(-0.999999999999999,4.32466306817525E-8,-2.22098260237668E-14));
#5337=DIRECTION('',(0.999999999999999,-4.32466306817526E-8,2.0737699027894E-14));
#5338=DIRECTION('',(0.547487427977702,-8.41975628153953E-8,-0.83681390775151));
#5339=DIRECTION('',(-0.999999999999999,4.32466306817534E-8,-8.96069933298672E-15));
#5340=DIRECTION('',(-0.547487455811538,8.41975627020945E-8,0.836813889541158));
#5341=DIRECTION('',(-0.547486281764277,8.4197567481104E-8,0.836814657663165));
#5342=DIRECTION('',(0.999999999999999,-4.3246630681754E-8,1.60007339366448E-15));
#5343=DIRECTION('',(0.547486281764279,-8.4197567481104E-8,-0.836814657663164));
#5344=DIRECTION('',(-0.999999999999999,4.32466306817534E-8,-8.9606993329867E-15));
#5345=DIRECTION('center_axis',(-4.3246630681754E-8,-0.999999999999996,7.23226223347036E-8));
#5346=DIRECTION('ref_axis',(-0.999999999999999,4.32466306817539E-8,-3.07219858152889E-15));
#5347=DIRECTION('center_axis',(-4.3246630681754E-8,-0.999999999999996,7.23226223347036E-8));
#5348=DIRECTION('ref_axis',(-0.999999999999999,4.32466306817539E-8,-3.07219858152889E-15));
#5349=DIRECTION('center_axis',(-4.3246630681754E-8,-0.999999999999996,7.23226223347036E-8));
#5350=DIRECTION('ref_axis',(-0.999999999999999,4.32466306817541E-8,-4.73316543132607E-30));
#5351=DIRECTION('center_axis',(-4.32466304037657E-8,-0.999999999999997,
7.23226228111733E-8));
#5352=DIRECTION('ref_axis',(-0.999999999999999,4.32466304037658E-8,2.01048451327294E-23));
#5353=DIRECTION('center_axis',(4.3246630681754E-8,0.999999999999997,-7.23226223347036E-8));
#5354=DIRECTION('ref_axis',(-0.999999999999999,4.32466306817541E-8,2.36658271566303E-30));
#5355=DIRECTION('',(-4.32466304037657E-8,-0.999999999999996,7.23226228111733E-8));
#5356=DIRECTION('center_axis',(-4.3246628500526E-8,-0.999999999999996,7.2322614563802E-8));
#5357=DIRECTION('ref_axis',(-0.999999999999999,4.32466285005261E-8,1.57752106506317E-22));
#5358=DIRECTION('center_axis',(4.3246630681754E-8,0.999999999999996,-7.23226223347036E-8));
#5359=DIRECTION('ref_axis',(-0.999999999999999,4.32466306817541E-8,-9.86076131526265E-30));
#5360=DIRECTION('',(0.707106750606556,-0.707106811766536,5.11398112778013E-8));
#5361=DIRECTION('center_axis',(-4.32466307209722E-8,-0.999999999999996,
7.23226212251404E-8));
#5362=DIRECTION('ref_axis',(-0.999999999999999,4.32466307209723E-8,-2.8363730505493E-24));
#5363=DIRECTION('center_axis',(4.3246630681754E-8,0.999999999999997,-7.23226223347036E-8));
#5364=DIRECTION('ref_axis',(-0.999999999999999,4.32466306817541E-8,1.57772181044202E-30));
#5365=DIRECTION('',(-4.32466307209722E-8,-0.999999999999996,7.23226212251404E-8));
#5366=DIRECTION('center_axis',(-4.3246628500525E-8,-0.999999999999996,7.23226145638004E-8));
#5367=DIRECTION('ref_axis',(-0.999999999999999,4.32466285005251E-8,1.57752177503798E-22));
#5368=DIRECTION('center_axis',(4.3246630681754E-8,0.999999999999996,-7.23226223347036E-8));
#5369=DIRECTION('ref_axis',(-0.999999999999999,4.32466306817541E-8,-1.02551917678732E-29));
#5370=DIRECTION('',(0.70710675060655,-0.707106811766542,5.11398112778006E-8));
#5371=DIRECTION('center_axis',(-4.32466307209722E-8,-0.999999999999996,
7.23226212251404E-8));
#5372=DIRECTION('ref_axis',(-0.999999999999999,4.32466307209723E-8,-2.83637344497976E-24));
#5373=DIRECTION('center_axis',(4.3246630681754E-8,0.999999999999997,-7.23226223347036E-8));
#5374=DIRECTION('ref_axis',(-0.999999999999999,4.32466306817541E-8,1.57772181044202E-30));
#5375=DIRECTION('',(-4.32466307209722E-8,-0.999999999999996,7.23226212251404E-8));
#5376=DIRECTION('center_axis',(4.3246630681754E-8,0.999999999999997,-7.23226223347036E-8));
#5377=DIRECTION('ref_axis',(-0.999999999999999,4.32466306817541E-8,1.57772181044202E-30));
#5378=DIRECTION('',(-0.427815332336553,-4.68683995022788E-8,-0.903866163443329));
#5379=DIRECTION('center_axis',(-4.3246630681754E-8,-0.999999999999997,7.23226223347036E-8));
#5380=DIRECTION('ref_axis',(-0.999999999999999,4.32466306817541E-8,1.57772181044202E-30));
#5381=DIRECTION('',(0.986926186324745,-3.10247857255269E-8,0.161172897059321));
#5382=DIRECTION('center_axis',(-4.3246630681754E-8,-0.999999999999997,7.23226223347036E-8));
#5383=DIRECTION('ref_axis',(-0.999999999999999,4.32466306817541E-8,-3.15544362088405E-30));
#5384=DIRECTION('center_axis',(-4.32466285005262E-8,-0.999999999999996,
7.23226190046944E-8));
#5385=DIRECTION('ref_axis',(0.810186943872289,7.35560975202267E-9,0.586171575546683));
#5386=DIRECTION('center_axis',(0.873067659585676,-0.258819112746203,-0.413237859667841));
#5387=DIRECTION('ref_axis',(-0.233937819095921,-0.965925808163995,0.11072682565385));
#5388=DIRECTION('center_axis',(-4.3246630681754E-8,-0.999999999999996,7.23226223347036E-8));
#5389=DIRECTION('ref_axis',(-0.999999999999999,4.32466306817541E-8,-1.41994962939782E-29));
#5390=DIRECTION('center_axis',(-0.155681074960476,-0.258818969424864,0.953297510730518));
#5391=DIRECTION('ref_axis',(-0.0417145735402639,0.965925846566832,0.255435223272953));
#5392=DIRECTION('center_axis',(-4.3246630277514E-8,-0.999999999999996,7.23226252657261E-8));
#5393=DIRECTION('ref_axis',(-0.999999999999999,4.32466302775141E-8,2.92356963293573E-23));
#5394=DIRECTION('',(0.0417145735402642,-0.965925846566832,-0.255435223272953));
#5395=DIRECTION('center_axis',(4.3246630681754E-8,0.999999999999996,-7.23226223347036E-8));
#5396=DIRECTION('ref_axis',(-0.999999999999999,4.32466306817541E-8,-2.36658271566304E-30));
#5397=DIRECTION('center_axis',(0.873067659700807,-0.258819112739466,-0.413237859428818));
#5398=DIRECTION('ref_axis',(0.433592283068968,0.0244174760410454,0.900778285110618));
#5399=DIRECTION('center_axis',(0.155681074960476,0.258818969424864,-0.953297510730518));
#5400=DIRECTION('ref_axis',(-0.986926184984905,-8.32667268468867E-17,-0.161172905263701));
#5401=DIRECTION('',(0.986926186324745,-3.10247857255269E-8,0.161172897059321));
#5402=DIRECTION('',(0.17513559731336,0.94254293514703,0.284500154583638));
#5403=DIRECTION('',(-0.0785501669793209,0.965251758270992,0.249236663479273));
#5404=DIRECTION('',(-0.986926186324745,3.10247857255269E-8,-0.161172897059321));
#5405=DIRECTION('center_axis',(4.32466290975094E-8,0.999999999999997,-7.23226278823745E-8));
#5406=DIRECTION('ref_axis',(-0.999999999999999,4.32466290975095E-8,1.14576734294016E-22));
#5407=DIRECTION('center_axis',(4.32466306817539E-8,0.999999999999997,-7.23226223347036E-8));
#5408=DIRECTION('ref_axis',(-0.999999999999999,4.3246630681754E-8,7.88860905221012E-30));
#5409=DIRECTION('',(4.32466290975094E-8,0.999999999999996,-7.23226278823744E-8));
#5410=DIRECTION('center_axis',(4.32466290975094E-8,0.999999999999997,-7.23226278823745E-8));
#5411=DIRECTION('ref_axis',(-0.999999999999999,4.32466290975095E-8,1.14576734294016E-22));
#5412=DIRECTION('',(4.32466290975094E-8,0.999999999999996,-7.23226278823744E-8));
#5413=DIRECTION('center_axis',(4.32466306817539E-8,0.999999999999997,-7.23226223347036E-8));
#5414=DIRECTION('ref_axis',(-0.999999999999999,4.3246630681754E-8,7.88860905221012E-30));
#5415=DIRECTION('',(4.32466290975094E-8,0.999999999999996,-7.23226278823744E-8));
#5416=DIRECTION('',(4.32466290975094E-8,0.999999999999996,-7.23226278823744E-8));
#5417=DIRECTION('center_axis',(4.3246630681754E-8,0.999999999999996,-7.23226223347036E-8));
#5418=DIRECTION('ref_axis',(-0.999999999999999,4.32466306817539E-8,-3.07219858152892E-15));
#5419=DIRECTION('center_axis',(-4.3246630681754E-8,-0.999999999999996,7.23226223347036E-8));
#5420=DIRECTION('ref_axis',(-0.999999999999999,4.32466306817541E-8,-3.15544362088405E-30));
#5421=DIRECTION('',(0.94139046576367,-1.63161836772111E-8,0.337318826882313));
#5422=DIRECTION('center_axis',(4.3246630681754E-8,0.999999999999996,-7.23226223347036E-8));
#5423=DIRECTION('ref_axis',(0.999999999999999,-4.32466306817539E-8,3.07219858152889E-15));
#5424=DIRECTION('',(-0.532490152227504,-3.81880805445142E-8,-0.846436198293013));
#5425=DIRECTION('center_axis',(-4.3246630681754E-8,-0.999999999999996,7.23226223347036E-8));
#5426=DIRECTION('ref_axis',(-0.999999999999999,4.32466306817539E-8,-3.07219858152889E-15));
#5427=DIRECTION('center_axis',(-4.32466310625794E-8,-0.999999999999997,
7.23226196879086E-8));
#5428=DIRECTION('ref_axis',(-0.999999999999999,4.32466310625795E-8,-2.75422880671646E-23));
#5429=DIRECTION('center_axis',(-4.32466310625794E-8,-0.999999999999997,
7.23226196879086E-8));
#5430=DIRECTION('ref_axis',(-0.999999999999999,4.32466310625795E-8,-2.75422880671646E-23));
#5431=DIRECTION('center_axis',(0.153591136412844,-0.245839029964135,-0.957064749200233));
#5432=DIRECTION('ref_axis',(-0.954445602392218,-0.287659923247203,-0.0792802663439627));
#5433=DIRECTION('center_axis',(-0.873067659585676,0.258819112746203,0.413237859667841));
#5434=DIRECTION('ref_axis',(0.427815320985482,-2.77555756156289E-17,0.903866168815986));
#5435=DIRECTION('',(0.427815332336553,4.68683995022788E-8,0.903866163443329));
#5436=DIRECTION('',(0.23393781909592,0.965925808163994,-0.110726825653856));
#5437=DIRECTION('',(-0.427815332336553,-4.68683995022788E-8,-0.903866163443329));
#5438=DIRECTION('center_axis',(-0.873067659585678,0.258819112746197,0.413237859667841));
#5439=DIRECTION('ref_axis',(0.427815320985481,-1.11022302462516E-16,0.903866168815987));
#5440=DIRECTION('center_axis',(-0.873067659585678,0.258819112746197,0.413237859667841));
#5441=DIRECTION('ref_axis',(0.233937819095914,0.965925808163996,-0.110726825653851));
#5442=DIRECTION('',(0.427815332336477,4.6867887673285E-8,0.903866163443365));
#5443=DIRECTION('',(0.233937819095921,0.965925808163994,-0.110726825653857));
#5444=DIRECTION('center_axis',(-0.325824955386104,0.258819124957279,0.909313344784949));
#5445=DIRECTION('ref_axis',(0.941390467238397,-1.52655665885959E-16,0.33731882276664));
#5446=DIRECTION('',(-0.179353567109277,-0.961254494214058,0.2093372764666));
#5447=DIRECTION('',(-0.94139046576367,1.6316183677211E-8,-0.337318826882314));
#5448=DIRECTION('',(-0.0873045784418189,-0.965925804892046,0.24364985127586));
#5449=DIRECTION('',(0.94139046576367,-1.6316183677211E-8,0.337318826882314));
#5450=DIRECTION('',(0.0682209698619465,-0.952854984558838,0.295657365327623));
#5451=DIRECTION('center_axis',(-0.325824955386047,0.258819124957297,0.909313344784965));
#5452=DIRECTION('ref_axis',(0.941390467238418,1.38777878078145E-17,0.337318822766582));
#5453=DIRECTION('',(-0.0873045784418206,-0.965925804892048,0.243649851275854));
#5454=DIRECTION('',(0.941390465763655,-1.6315736611704E-8,0.337318826882355));
#5455=DIRECTION('center_axis',(-4.32466302775098E-8,-0.999999999999996,
7.2322625265719E-8));
#5456=DIRECTION('ref_axis',(-0.999999999999999,4.32466302775097E-8,-3.07219855229292E-15));
#5457=DIRECTION('center_axis',(4.32466305305886E-8,0.999999999999996,-7.23226226755612E-8));
#5458=DIRECTION('ref_axis',(-0.999999999999999,4.32466305305885E-8,-3.07219857059624E-15));
#5459=DIRECTION('center_axis',(4.3246630681754E-8,0.999999999999996,-7.23226223347036E-8));
#5460=DIRECTION('ref_axis',(-0.999999999999999,4.32466306817539E-8,-3.0721985815289E-15));
#5461=DIRECTION('center_axis',(4.3246630681754E-8,0.999999999999996,-7.23226223347036E-8));
#5462=DIRECTION('ref_axis',(-0.999999999999999,4.32466306817535E-8,-8.42902467536648E-15));
#5463=DIRECTION('center_axis',(-4.3246630681754E-8,-0.999999999999996,7.23226223347036E-8));
#5464=DIRECTION('ref_axis',(-0.999999999999999,4.32466306817539E-8,-3.07219858152892E-15));
#5465=DIRECTION('center_axis',(-4.3246630681754E-8,-0.999999999999996,7.23226223347036E-8));
#5466=DIRECTION('ref_axis',(-0.999999999999999,4.32466306817539E-8,-3.07219858152892E-15));
#5467=DIRECTION('',(-0.224835738932548,-6.07475349448445E-8,-0.974396680258431));
#5468=DIRECTION('',(5.30131493732159E-15,-7.23226223347039E-8,-0.999999999999997));
#5469=DIRECTION('center_axis',(4.3246630681754E-8,0.999999999999996,-7.23226223347036E-8));
#5470=DIRECTION('ref_axis',(0.400498419603743,4.89488271426345E-8,0.916297449464366));
#5471=DIRECTION('center_axis',(4.3246630681754E-8,0.999999999999996,-7.23226223347036E-8));
#5472=DIRECTION('ref_axis',(0.456230891008985,4.462666366858E-8,0.889861435330887));
#5473=DIRECTION('center_axis',(4.3246630681754E-8,0.999999999999996,-7.23226223347036E-8));
#5474=DIRECTION('ref_axis',(-0.999999999999999,4.32466306817535E-8,-8.42902467536647E-15));
#5475=DIRECTION('center_axis',(4.3246630681754E-8,0.999999999999996,-7.23226223347036E-8));
#5476=DIRECTION('ref_axis',(-0.47183967660384,8.4171201587368E-8,0.881684365054965));
#5477=DIRECTION('center_axis',(4.3246630681754E-8,0.999999999999996,-7.23226223347036E-8));
#5478=DIRECTION('ref_axis',(0.400498419603743,4.89488271426345E-8,0.916297449464366));
#5479=DIRECTION('',(-5.30131493732159E-15,7.23226223347039E-8,0.999999999999997));
#5480=DIRECTION('',(0.224835738932344,-8.01943343693404E-8,-0.974396680258477));
#5481=DIRECTION('center_axis',(4.3246630681754E-8,0.999999999999996,-7.23226223347036E-8));
#5482=DIRECTION('ref_axis',(-0.999999999999999,4.32466306817539E-8,-3.07219858152892E-15));
#5483=DIRECTION('',(-0.909215204263731,6.94303147052639E-8,0.416326449238644));
#5484=DIRECTION('center_axis',(-4.3246630681754E-8,-0.999999999999996,7.23226223347036E-8));
#5485=DIRECTION('ref_axis',(-0.999999999999999,4.32466306817539E-8,-3.07219858152892E-15));
#5486=DIRECTION('',(0.827085427396699,4.88216936446661E-9,0.562076236633447));
#5487=DIRECTION('',(0.0693755442389484,6.91481107070424E-8,0.997590614361194));
#5488=DIRECTION('center_axis',(-4.3246630681754E-8,-0.999999999999996,7.23226223347036E-8));
#5489=DIRECTION('ref_axis',(0.999999999999999,-4.32466306817541E-8,4.73316543132607E-30));
#5490=DIRECTION('',(0.838764860912097,-7.56529742845596E-8,-0.544493809054892));
#5491=DIRECTION('center_axis',(4.3246630681754E-8,0.999999999999996,-7.23226223347036E-8));
#5492=DIRECTION('ref_axis',(-0.522112995261632,8.42618799953904E-8,0.852876321736581));
#5493=DIRECTION('',(0.852876321736583,8.7655366899332E-10,0.522112995261635));
#5494=DIRECTION('center_axis',(-4.3246630681754E-8,-0.999999999999996,7.23226223347036E-8));
#5495=DIRECTION('ref_axis',(-0.999999999999999,4.32466306817541E-8,-4.73316543132607E-30));
#5496=DIRECTION('',(0.300588041041753,-8.19774155373415E-8,-0.953754071856406));
#5497=DIRECTION('',(0.547486882704307,-8.41975650349732E-8,-0.836814264497632));
#5498=DIRECTION('',(0.999999999999999,-4.32466306817525E-8,2.22098260237668E-14));
#5499=DIRECTION('',(-0.547486882704307,8.41975650349732E-8,0.836814264497632));
#5500=DIRECTION('',(-0.999999999999999,4.32466306817525E-8,-2.22098260237668E-14));
#5501=DIRECTION('',(-0.999999999999999,4.3246630681754E-8,-1.60007339366448E-15));
#5502=DIRECTION('',(0.547486281764277,-8.4197567481104E-8,-0.836814657663165));
#5503=DIRECTION('',(0.999999999999999,-4.32466306817534E-8,8.9606993329867E-15));
#5504=DIRECTION('',(-0.547486281764279,8.4197567481104E-8,0.836814657663164));
#5505=DIRECTION('',(0.547487455811538,-8.41975627020945E-8,-0.836813889541158));
#5506=DIRECTION('',(0.999999999999999,-4.32466306817534E-8,8.96069933298672E-15));
#5507=DIRECTION('',(-0.547487427977702,8.41975628153953E-8,0.83681390775151));
#5508=DIRECTION('',(-0.999999999999999,4.32466306817526E-8,-2.0737699027894E-14));
#5509=DIRECTION('center_axis',(-0.337318826882312,8.26717232351559E-8,0.941390465763667));
#5510=DIRECTION('ref_axis',(0.94139046576367,-1.63161673095783E-8,0.337318826882314));
#5511=DIRECTION('',(4.32466127670202E-8,0.999999999999996,-7.23226217239415E-8));
#5512=DIRECTION('',(-0.94139046576367,1.6316183677211E-8,-0.337318826882314));
#5513=DIRECTION('',(4.32466127670202E-8,0.999999999999996,-7.23226217239415E-8));
#5514=DIRECTION('center_axis',(4.32466127670202E-8,0.999999999999996,-7.23226217239415E-8));
#5515=DIRECTION('ref_axis',(-0.999999999999999,4.32466127670201E-8,-3.07219728588837E-15));
#5516=DIRECTION('',(4.32466127670202E-8,0.999999999999996,-7.23226217239415E-8));
#5517=DIRECTION('center_axis',(-4.3246630681754E-8,-0.999999999999996,7.23226223347036E-8));
#5518=DIRECTION('ref_axis',(-0.999999999999999,4.32466306817539E-8,-3.07219858152889E-15));
#5519=DIRECTION('center_axis',(-0.903866163443329,7.00298764119246E-8,0.427815332336549));
#5520=DIRECTION('ref_axis',(0.427815332336553,4.68684063144467E-8,0.903866163443329));
#5521=DIRECTION('',(-4.32466307209721E-8,-0.999999999999996,7.23226234455863E-8));
#5522=DIRECTION('',(-0.427815332336553,-4.68683995022788E-8,-0.903866163443329));
#5523=DIRECTION('center_axis',(-4.32466307209721E-8,-0.999999999999996,
7.23226234455863E-8));
#5524=DIRECTION('ref_axis',(-0.999999999999999,4.32466307209722E-8,-2.83636555637071E-24));
#5525=DIRECTION('',(-4.32466307209721E-8,-0.999999999999996,7.23226234455863E-8));
#5526=DIRECTION('center_axis',(-4.3246630681754E-8,-0.999999999999996,7.23226223347036E-8));
#5527=DIRECTION('ref_axis',(-0.999999999999999,4.32466306817541E-8,-2.36658271566304E-30));
#5528=DIRECTION('center_axis',(0.113966417874142,-0.707106836586418,-0.697862147741003));
#5529=DIRECTION('ref_axis',(-0.9869261913251,-4.44089209850063E-16,-0.161172866440142));
#5530=DIRECTION('',(-0.418180953950015,0.603036383921115,-0.679317164085231));
#5531=DIRECTION('',(0.113966479034115,0.707106725786671,-0.697862250020604));
#5532=DIRECTION('',(0.986926186324745,-3.10247857255269E-8,0.161172897059321));
#5533=DIRECTION('center_axis',(4.3246628500525E-8,0.999999999999996,-7.23226367682609E-8));
#5534=DIRECTION('ref_axis',(-0.999999999999999,4.32466285005251E-8,1.57752224835453E-22));
#5535=DIRECTION('center_axis',(0.639129924314327,0.707106731639026,-0.302511173209746));
#5536=DIRECTION('ref_axis',(0.473214786604597,-0.0514842904722984,0.879441375859318));
#5537=DIRECTION('center_axis',(0.161172897059318,-7.83472757035068E-8,-0.986926186324742));
#5538=DIRECTION('ref_axis',(0.986926186324745,-3.10247825434367E-8,0.161172897059321));
#5539=DIRECTION('',(4.32466313865199E-8,0.999999999999996,-7.23226233368971E-8));
#5540=DIRECTION('center_axis',(-0.953754071856409,1.9507335107128E-8,-0.300588041041755));
#5541=DIRECTION('ref_axis',(0.300588041041753,-8.19776905053819E-8,-0.953754071856406));
#5542=DIRECTION('',(0.300588041041753,-8.19774153014674E-8,-0.953754071856406));
#5543=DIRECTION('',(-4.32466307209722E-8,-0.999999999999996,7.23226212251404E-8));
#5544=DIRECTION('',(0.300588041041753,-8.19774155373415E-8,-0.953754071856406));
#5545=DIRECTION('center_axis',(-0.674406002374782,-0.707106767391887,-0.212547791024656));
#5546=DIRECTION('ref_axis',(-0.300587962855462,-1.11022302462516E-16,0.953754096497836));
#5547=DIRECTION('center_axis',(-0.674406002435125,-0.707106767404598,-0.212547790790904));
#5548=DIRECTION('ref_axis',(-0.251515042287013,-0.0506430409552818,0.966527529823214));
#5549=DIRECTION('center_axis',(-0.921255678741413,0.25881906394516,-0.290345770634342));
#5550=DIRECTION('ref_axis',(-0.30058806199171,1.80411241501588E-16,0.953754065253757));
#5551=DIRECTION('center_axis',(0.963598549668109,0.258818998583671,-0.067011648611729));
#5552=DIRECTION('ref_axis',(-0.0693755627224839,-2.42861286636753E-17,-0.997590613075794));
#5553=DIRECTION('',(-0.251836033618554,0.962845582001447,0.0975038327019447));
#5554=DIRECTION('',(-0.0693755442389484,-6.91481107070424E-8,-0.997590614361194));
#5555=DIRECTION('center_axis',(-0.963598549663658,-0.258818998582678,0.0670116486795788));
#5556=DIRECTION('ref_axis',(0.0651768446343179,0.0156735083650725,0.997750630197267));
#5557=DIRECTION('center_axis',(-4.32466310625795E-8,-0.999999999999997,
7.23226231039797E-8));
#5558=DIRECTION('ref_axis',(0.999999999999999,-4.32466310625796E-8,2.75423014778E-23));
#5559=DIRECTION('center_axis',(4.3246630681754E-8,0.999999999999996,-7.23226223347036E-8));
#5560=DIRECTION('ref_axis',(0.999999999999999,-4.32466306817541E-8,2.76101316827354E-30));
#5561=DIRECTION('',(0.140925409496864,0.965925835894912,0.217088250508537));
#5562=DIRECTION('center_axis',(-0.52594062122758,0.258819009253003,-0.810184660057225));
#5563=DIRECTION('ref_axis',(-0.838764871949615,-1.52655665885959E-16,0.544493792052164));
#5564=DIRECTION('',(0.140925409496861,0.965925835894914,0.217088250508529));
#5565=DIRECTION('',(-0.838764860912097,7.56529742845596E-8,0.544493809054892));
#5566=DIRECTION('center_axis',(4.32466306889471E-8,0.999999999999997,-7.23226231039802E-8));
#5567=DIRECTION('ref_axis',(-0.522112995261632,8.42618806552437E-8,0.852876321736581));
#5568=DIRECTION('center_axis',(-4.3246630681754E-8,-0.999999999999996,7.23226223347036E-8));
#5569=DIRECTION('ref_axis',(-0.522112995261632,8.42618799953904E-8,0.852876321736581));
#5570=DIRECTION('',(-0.135132745096198,0.965925848097642,0.220740565324129));
#5571=DIRECTION('center_axis',(0.504322437557405,0.258818963711793,-0.82381528451426));
#5572=DIRECTION('ref_axis',(-0.852876321859213,1.38777878078145E-17,-0.522112995061318));
#5573=DIRECTION('',(-0.135132745096197,0.965925848097644,0.220740565324122));
#5574=DIRECTION('',(-0.852876321736583,-8.7655366899332E-10,-0.522112995261635));
#5575=DIRECTION('center_axis',(-4.32466310625796E-8,-0.999999999999996,
7.232262310398E-8));
#5576=DIRECTION('ref_axis',(-0.999999999999999,4.32466310625797E-8,-2.75423156772963E-23));
#5577=DIRECTION('center_axis',(4.3246630681754E-8,0.999999999999996,-7.23226223347036E-8));
#5578=DIRECTION('ref_axis',(-0.999999999999999,4.32466306817541E-8,-9.86076131526265E-30));
#5579=DIRECTION('center_axis',(-4.32466307209722E-8,-0.999999999999996,
7.23226212251404E-8));
#5580=DIRECTION('ref_axis',(-0.999999999999999,4.32466307209723E-8,-2.8363730505493E-24));
#5581=DIRECTION('',(-4.32466307209722E-8,-0.999999999999996,7.23226212251404E-8));
#5582=DIRECTION('center_axis',(-4.3246630681754E-8,-0.999999999999996,7.23226223347036E-8));
#5583=DIRECTION('ref_axis',(-0.999999999999999,4.32466306817541E-8,-9.86076131526265E-30));
#5584=DIRECTION('center_axis',(0.522112995261633,-8.42618790695466E-8,-0.85287632173658));
#5585=DIRECTION('ref_axis',(0.852876321736583,8.76554154829872E-10,0.522112995261635));
#5586=DIRECTION('',(-4.32466307209722E-8,-0.999999999999996,7.23226212251404E-8));
#5587=DIRECTION('',(0.852876321736583,8.7655366899332E-10,0.522112995261635));
#5588=DIRECTION('center_axis',(-4.32466307209722E-8,-0.999999999999996,
7.23226212251404E-8));
#5589=DIRECTION('ref_axis',(-0.522112995261632,8.42618790695465E-8,0.852876321736581));
#5590=DIRECTION('',(-4.32466307209722E-8,-0.999999999999996,7.23226212251404E-8));
#5591=DIRECTION('center_axis',(4.3246630681754E-8,0.999999999999996,-7.23226223347036E-8));
#5592=DIRECTION('ref_axis',(-0.522112995261632,8.42618799953904E-8,0.852876321736581));
#5593=DIRECTION('center_axis',(-0.544493809054895,-3.71141506426507E-8,
-0.838764860912097));
#5594=DIRECTION('ref_axis',(0.838764860912097,-7.5652974930358E-8,-0.544493809054892));
#5595=DIRECTION('',(-4.32466307209722E-8,-0.999999999999996,7.23226212251404E-8));
#5596=DIRECTION('',(0.838764860912097,-7.56529742845596E-8,-0.544493809054892));
#5597=DIRECTION('center_axis',(-4.32466307209722E-8,-0.999999999999996,
7.23226212251404E-8));
#5598=DIRECTION('ref_axis',(0.496725522952353,-8.42510642366722E-8,-0.867907687975919));
#5599=DIRECTION('',(-4.32466307209722E-8,-0.999999999999996,7.23226212251404E-8));
#5600=DIRECTION('center_axis',(-4.3246630681754E-8,-0.999999999999996,7.23226223347036E-8));
#5601=DIRECTION('ref_axis',(0.999999999999999,-4.32466306817541E-8,2.76101316827354E-30));
#5602=DIRECTION('center_axis',(0.997590614361196,-4.81598541182678E-8,-0.0693755442389451));
#5603=DIRECTION('ref_axis',(0.0693755442389483,6.91481115865852E-8,0.997590614361194));
#5604=DIRECTION('',(4.32466315751677E-8,0.999999999999996,-7.2322608942175E-8));
#5605=DIRECTION('',(0.0693755442389484,6.91481107070424E-8,0.997590614361194));
#5606=DIRECTION('center_axis',(0.705403057682892,-0.707106815240682,-0.0490558666400503));
#5607=DIRECTION('ref_axis',(-0.0693754752574355,6.93889390390722E-18,-0.997590619158383));
#5608=DIRECTION('',(0.644597492685744,0.668747959930123,-0.370499984497368));
#5609=DIRECTION('center_axis',(4.32466285005222E-8,0.999999999999996,-7.23226145637956E-8));
#5610=DIRECTION('ref_axis',(-0.999999999999999,4.32466285005223E-8,1.57752382213203E-22));
#5611=DIRECTION('',(-0.369189670075092,-0.707106721604438,0.603074681753155));
#5612=DIRECTION('center_axis',(0.369189608915143,-0.707106840768676,-0.603074579473572));
#5613=DIRECTION('ref_axis',(-0.852876321278923,-8.32667268468868E-17,-0.522112996009227));
#5614=DIRECTION('',(-0.3691896700751,-0.707106721604414,0.603074681753178));
#5615=DIRECTION('center_axis',(-4.32466305821894E-8,-0.999999999999996,
7.2322614563794E-8));
#5616=DIRECTION('ref_axis',(-0.522112995261632,8.42618733157817E-8,0.852876321736581));
#5617=DIRECTION('',(0.385015234116804,-0.707106754942924,0.593096372111709));
#5618=DIRECTION('center_axis',(-0.385015295276796,-0.707106807430212,-0.593096269832119));
#5619=DIRECTION('ref_axis',(-0.838764819719518,3.05311331771918E-16,0.544493872509953));
#5620=DIRECTION('',(0.385015234116823,-0.707106754942879,0.59309637211175));
#5621=DIRECTION('center_axis',(4.32466285005231E-8,0.999999999999996,-7.23226145637972E-8));
#5622=DIRECTION('ref_axis',(0.999999999999999,-4.32466285005232E-8,-1.57752317132178E-22));
#5623=DIRECTION('center_axis',(0.397447887887349,-0.707106840671806,-0.584837663192978));
#5624=DIRECTION('ref_axis',(0.871733361348082,0.48998055748445,-3.54366800903172E-8));
#5625=DIRECTION('',(0.8270854273967,4.88216936446661E-9,0.562076236633447));
#5626=DIRECTION('',(0.397447949047045,0.70710672170174,-0.584837765472199));
#5627=DIRECTION('center_axis',(0.562076236633446,-8.41248798502267E-8,-0.827085427396696));
#5628=DIRECTION('ref_axis',(-0.827085427396699,-4.88218357818716E-9,-0.562076236633448));
#5629=DIRECTION('',(-0.8270854273967,-4.88216936446661E-9,-0.562076236633447));
#5630=DIRECTION('',(4.32466127670202E-8,0.999999999999996,-7.23226217239415E-8));
#5631=DIRECTION('center_axis',(0.54768214600921,0.224859424728217,-0.805904774805089));
#5632=DIRECTION('ref_axis',(-0.379801208744692,0.925068128213304,-6.6903354495329E-8));
#5633=DIRECTION('',(0.126388143157361,-0.974391214610895,-0.185977950731636));
#5634=DIRECTION('center_axis',(9.724417529998E-9,0.224859577169284,0.974391179432188));
#5635=DIRECTION('ref_axis',(-4.21391208748999E-8,-0.974391179432187,0.224859577169284));
#5636=DIRECTION('',(0.120705347276508,-0.967266801342656,0.223215488170521));
#5637=DIRECTION('',(0.999999999999999,-4.3246630681754E-8,1.60007339366448E-15));
#5638=DIRECTION('',(-0.383951766241313,-0.899707164857806,0.207624802718041));
#5639=DIRECTION('center_axis',(0.815384844579613,0.224859510017758,0.53346579645227));
#5640=DIRECTION('ref_axis',(-0.26584738903526,0.964015127341439,-6.97201040927853E-8));
#5641=DIRECTION('',(0.383951688422703,-0.899707228098974,-0.207624672579672));
#5642=DIRECTION('',(0.547486281764279,-8.4197567481104E-8,-0.836814657663164));
#5643=DIRECTION('center_axis',(-0.815384825130782,0.224859503379757,-0.533465828977126));
#5644=DIRECTION('ref_axis',(-0.265847472416072,-0.964015104347427,6.97201023580618E-8));
#5645=DIRECTION('',(-0.547486281764277,8.4197567481104E-8,0.836814657663165));
#5646=DIRECTION('',(0.120705430938568,0.967266823189502,0.223215348259978));
#5647=DIRECTION('center_axis',(9.72442172509625E-9,0.22485943622823,-0.974391211957047));
#5648=DIRECTION('ref_axis',(4.21391208998643E-8,0.974391211957046,0.22485943622823));
#5649=DIRECTION('',(-0.999999999999999,4.32466306817534E-8,-8.9606993329867E-15));
#5650=DIRECTION('center_axis',(0.836814657663168,3.40622954037707E-9,0.547486281764279));
#5651=DIRECTION('ref_axis',(-0.547486281764277,8.4197567481104E-8,0.836814657663165));
#5652=DIRECTION('',(-4.32466305305886E-8,-0.999999999999996,7.23226228341645E-8));
#5653=DIRECTION('',(0.547486281764277,-8.4197567481104E-8,-0.836814657663165));
#5654=DIRECTION('',(-4.32466305305886E-8,-0.999999999999996,7.23226228341645E-8));
#5655=DIRECTION('center_axis',(-1.52763636598042E-15,-7.23226228341645E-8,
-0.999999999999997));
#5656=DIRECTION('ref_axis',(0.999999999999999,-4.3246630681754E-8,1.60007339366449E-15));
#5657=DIRECTION('',(-4.32466305305886E-8,-0.999999999999996,7.23226228341645E-8));
#5658=DIRECTION('',(-0.999999999999999,4.3246630681754E-8,-1.60007339366448E-15));
#5659=DIRECTION('center_axis',(0.815384461482581,0.224859510017816,0.533466382002943));
#5660=DIRECTION('ref_axis',(-0.265847505112347,0.96401509533074,-6.97201008037496E-8));
#5661=DIRECTION('',(0.383951969344348,-0.899707114276644,-0.207624646312983));
#5662=DIRECTION('',(0.547486882704307,-8.41975650349732E-8,-0.836814264497632));
#5663=DIRECTION('',(0.120705245200156,-0.967266813436708,0.223215490961463));
#5664=DIRECTION('center_axis',(-0.815384442033749,0.224859503379699,-0.533466414527801));
#5665=DIRECTION('ref_axis',(-0.265847588493157,-0.964015072336718,6.97200994853597E-8));
#5666=DIRECTION('',(-0.383952047162947,-0.899707051035455,0.207624776451334));
#5667=DIRECTION('',(-0.547486882704307,8.41975650349732E-8,0.836814264497632));
#5668=DIRECTION('',(0.120705328862217,0.967266835283564,0.223215351050916));
#5669=DIRECTION('center_axis',(9.72439744803653E-9,0.224859577169285,0.974391179432188));
#5670=DIRECTION('ref_axis',(-4.21391208748999E-8,-0.974391179432187,0.224859577169285));
#5671=DIRECTION('',(0.999999999999999,-4.32466306817525E-8,2.22098260237668E-14));
#5672=DIRECTION('center_axis',(9.72443463492869E-9,0.224859436228231,-0.974391211957047));
#5673=DIRECTION('ref_axis',(4.21391208998643E-8,0.974391211957046,0.224859436228231));
#5674=DIRECTION('',(-0.999999999999999,4.32466306817525E-8,-2.22098260237668E-14));
#5675=DIRECTION('center_axis',(-1.90821162641219E-14,7.23226228341654E-8,
0.999999999999997));
#5676=DIRECTION('ref_axis',(-0.999999999999999,4.32466306817525E-8,-2.22098260237668E-14));
#5677=DIRECTION('',(-4.32466305305886E-8,-0.999999999999996,7.23226228341645E-8));
#5678=DIRECTION('',(0.999999999999999,-4.32466306817525E-8,2.22098260237668E-14));
#5679=DIRECTION('',(-4.32466305305886E-8,-0.999999999999996,7.23226228341645E-8));
#5680=DIRECTION('center_axis',(0.836814264497635,3.40629000502074E-9,0.547486882704309));
#5681=DIRECTION('ref_axis',(-0.547486882704307,8.41975650349732E-8,0.836814264497632));
#5682=DIRECTION('',(-4.32466305305886E-8,-0.999999999999996,7.23226228341645E-8));
#5683=DIRECTION('',(0.547486882704307,-8.41975650349732E-8,-0.836814264497632));
#5684=DIRECTION('center_axis',(0.8153841138723,0.224859510017869,0.533466913312538));
#5685=DIRECTION('ref_axis',(-0.265847610437153,0.964015066285196,-6.97200992355596E-8));
#5686=DIRECTION('',(0.383952224243839,-0.899707010997744,-0.207624622479401));
#5687=DIRECTION('',(0.547487427977702,-8.41975628153953E-8,-0.83681390775151));
#5688=DIRECTION('',(0.12070515257939,-0.96726682441045,0.223215493493864));
#5689=DIRECTION('center_axis',(9.72442172509638E-9,0.224859436228233,-0.974391211957046));
#5690=DIRECTION('ref_axis',(4.21391208998643E-8,0.974391211957045,0.224859436228233));
#5691=DIRECTION('',(-0.120705231513567,-0.967266846817476,-0.223215353712584));
#5692=DIRECTION('',(-0.999999999999999,4.32466306817534E-8,-8.96069933298672E-15));
#5693=DIRECTION('center_axis',(9.72439888246408E-9,0.224859577169284,0.974391179432188));
#5694=DIRECTION('ref_axis',(-4.21391208748999E-8,-0.974391179432187,0.224859577169284));
#5695=DIRECTION('',(0.999999999999999,-4.32466306817526E-8,2.0737699027894E-14));
#5696=DIRECTION('',(0.383952315073947,0.899706942484594,-0.207624751401127));
#5697=DIRECTION('center_axis',(-0.815384076679462,0.224859503379643,-0.533466972958441));
#5698=DIRECTION('ref_axis',(-0.265847699194341,-0.964015041808514,6.97200967930689E-8));
#5699=DIRECTION('',(-0.547487455811538,8.41975627020945E-8,0.836813889541158));
#5700=DIRECTION('center_axis',(1.76099892682491E-14,-7.23226228341653E-8,
-0.999999999999997));
#5701=DIRECTION('ref_axis',(0.999999999999999,-4.32466306817526E-8,2.0737699027894E-14));
#5702=DIRECTION('',(-4.32466305305886E-8,-0.999999999999996,7.23226228341645E-8));
#5703=DIRECTION('',(-0.999999999999999,4.32466306817526E-8,-2.0737699027894E-14));
#5704=DIRECTION('',(-4.32466305305886E-8,-0.999999999999996,7.23226228341645E-8));
#5705=DIRECTION('center_axis',(-0.836813907751513,-3.40634486869057E-9,
-0.547487427977704));
#5706=DIRECTION('ref_axis',(0.547487427977703,-8.41975628153953E-8,-0.83681390775151));
#5707=DIRECTION('',(-4.32466305305886E-8,-0.999999999999996,7.23226228341645E-8));
#5708=DIRECTION('',(-0.547487427977702,8.41975628153953E-8,0.83681390775151));
#5709=DIRECTION('center_axis',(0.707106750606559,-0.707106811766533,5.11398226462832E-8));
#5710=DIRECTION('ref_axis',(0.707106811766535,0.707106750606557,-5.11398156519084E-8));
#5711=DIRECTION('',(-0.562526103698229,-0.562526011222393,0.605911601932421));
#5712=DIRECTION('',(0.704825517926948,0.704825462768689,0.0802624215427983));
#5713=DIRECTION('',(-5.30131493732159E-15,7.23226223347039E-8,0.999999999999997));
#5714=DIRECTION('center_axis',(0.826599230379076,-0.397953323251904,0.397953345066334));
#5715=DIRECTION('ref_axis',(0.433781222742744,0.901018230001927,-6.51639990301156E-8));
#5716=DIRECTION('',(3.05799820699427E-8,0.707106832326362,0.707106730046729));
#5717=DIRECTION('',(0.529621531572469,0.310878749388334,-0.789211908471722));
#5718=DIRECTION('',(-3.05799820699427E-8,-0.707106832326362,-0.707106730046729));
#5719=DIRECTION('center_axis',(-3.05799895671342E-8,-0.707106730046729,
0.707106832326362));
#5720=DIRECTION('ref_axis',(0.999999999999999,-4.32466306817535E-8,8.42902464871525E-15));
#5721=DIRECTION('',(-0.999999999999999,4.32466388618342E-8,-2.48945103151211E-16));
#5722=DIRECTION('',(3.0579991204557E-8,0.707106832326362,0.707106730046729));
#5723=DIRECTION('',(-0.563204126050919,-0.58429495235719,-0.584294892198391));
#5724=DIRECTION('',(0.999999999999999,-4.32466306953016E-8,8.41547654762419E-15));
#5725=DIRECTION('',(-0.56320407551335,0.58429500107055,0.584294892198382));
#5726=DIRECTION('',(-3.05799729353283E-8,-0.707106832326362,-0.707106730046729));
#5727=DIRECTION('',(-0.999999999999999,4.32466184129244E-8,-2.06978519890398E-14));
#5728=DIRECTION('',(3.05799820699427E-8,0.707106832326362,0.707106730046729));
#5729=DIRECTION('center_axis',(-0.707106811766532,-0.70710675060656,5.11398107258421E-8));
#5730=DIRECTION('ref_axis',(0.707106750606562,-0.70710681176653,5.11398199966534E-8));
#5731=DIRECTION('',(-0.562526055043508,0.562526059877112,-0.605911601932427));
#5732=DIRECTION('',(5.30131493732159E-15,-7.23226223347039E-8,-0.999999999999997));
#5733=DIRECTION('',(-0.704825456964501,0.704825523731124,0.0802624215428973));
#5734=DIRECTION('center_axis',(-0.826599264799361,-0.397953251756639,0.397953345066319));
#5735=DIRECTION('ref_axis',(0.433781144810737,-0.901018267521077,6.51640064963654E-8));
#5736=DIRECTION('',(0.529621504683536,-0.310878795197024,0.789211908471732));
#5737=DIRECTION('',(-3.05799820699427E-8,-0.707106832326362,-0.707106730046729));
#5738=DIRECTION('center_axis',(-0.238520460490178,-0.707106722729341,0.665663633225162));
#5739=DIRECTION('ref_axis',(0.947544266409912,-0.319624566004715,2.31160867669722E-8));
#5740=DIRECTION('',(0.238520399330566,-0.707106839643746,-0.665663530946545));
#5741=DIRECTION('',(-0.561705573994781,0.659607971618651,0.49940381648554));
#5742=DIRECTION('center_axis',(-0.689002530755976,-0.707106739891868,0.158982926792013));
#5743=DIRECTION('ref_axis',(0.716216059598574,-0.697878611201898,5.04724123329136E-8));
#5744=DIRECTION('',(-0.224835738932548,-6.07475349448445E-8,-0.974396680258431));
#5745=DIRECTION('center_axis',(0.689002469596263,-0.70710679948571,0.158982926791926));
#5746=DIRECTION('ref_axis',(0.716216119960123,0.697878549254284,-5.04724077532437E-8));
#5747=DIRECTION('',(-0.224835738932344,8.01943112761894E-8,0.974396680258477));
#5748=DIRECTION('',(0.399298437544515,0.553418844037423,0.730950299841783));
#5749=DIRECTION('center_axis',(-0.238520460490301,-0.707106722728973,0.66566363322551));
#5750=DIRECTION('ref_axis',(0.947544266409811,-0.319624566005012,2.31160867669722E-8));
#5751=DIRECTION('',(-0.238520399330444,0.707106839644118,0.665663530946193));
#5752=DIRECTION('',(-0.94139046576367,1.63161836772111E-8,-0.337318826882313));
#5753=DIRECTION('center_axis',(4.32466260896965E-8,0.999999999999996,-7.23226239443875E-8));
#5754=DIRECTION('ref_axis',(0.999999999999999,-4.32466260896964E-8,3.07219824941926E-15));
#5755=DIRECTION('',(0.598520806234677,0.707106728071152,-0.376527448694915));
#5756=DIRECTION('center_axis',(-4.3246630681754E-8,-0.999999999999996,7.23226223347036E-8));
#5757=DIRECTION('ref_axis',(0.999999999999999,-4.32466306817539E-8,3.07219858152889E-15));
#5758=DIRECTION('center_axis',(0.598520745074691,-0.707106834302087,-0.37652734641526));
#5759=DIRECTION('ref_axis',(0.763280032408842,0.646067792206016,-4.67253181701821E-8));
#5760=DIRECTION('',(0.532490152227504,3.81880805445142E-8,0.846436198293013));
#5761=DIRECTION('',(0.80018842546502,0.550190541288785,0.23872337972676));
#5762=DIRECTION('center_axis',(0.29438722486398,-0.707106747420701,0.642912287632614));
#5763=DIRECTION('ref_axis',(0.923188410293171,0.384347705990769,-2.77970351181267E-8));
#5764=DIRECTION('',(0.294387286023939,0.707106814952387,0.642912185352984));
#5765=DIRECTION('',(-0.909215204263731,6.94303147052639E-8,0.416326449238644));
#5766=DIRECTION('center_axis',(4.32466260896965E-8,0.999999999999996,-7.23226239443875E-8));
#5767=DIRECTION('ref_axis',(0.999999999999999,-4.32466260896964E-8,3.07219824941926E-15));
#5768=DIRECTION('center_axis',(-4.3246630681754E-8,-0.999999999999996,7.23226223347036E-8));
#5769=DIRECTION('ref_axis',(0.999999999999999,-4.32466306817539E-8,3.07219858152889E-15));
#5770=DIRECTION('center_axis',(4.32466302530328E-8,0.999999999999996,-7.23226239443875E-8));
#5771=DIRECTION('ref_axis',(-0.999999999999999,4.32466302530327E-8,-3.07219855052267E-15));
#5772=DIRECTION('',(0.639129862876788,-0.707106830704132,-0.30251107145137));
#5773=DIRECTION('center_axis',(-0.639129924035178,-0.707106731668657,0.302511173730257));
#5774=DIRECTION('ref_axis',(0.741866263083936,-0.670547871294715,4.84957815849452E-8));
#5775=DIRECTION('center_axis',(-0.974396680258432,5.84000660094479E-8,0.224835738932544));
#5776=DIRECTION('ref_axis',(0.224835738932548,6.07475382728566E-8,0.974396680258431));
#5777=DIRECTION('',(-4.3246630681754E-8,-0.999999999999996,7.23226239243909E-8));
#5778=DIRECTION('',(-0.224835738932548,-6.07475355397534E-8,-0.974396680258431));
#5779=DIRECTION('center_axis',(-0.999999999999999,4.32466306817535E-8,-8.42902467536648E-15));
#5780=DIRECTION('ref_axis',(-5.30131450146721E-15,7.23226324130469E-8,0.999999999999997));
#5781=DIRECTION('',(-4.32202861878407E-8,-0.999390824495069,0.0348995689810664));
#5782=DIRECTION('',(-5.68342867187069E-15,7.23226223347039E-8,0.999999999999997));
#5783=DIRECTION('',(4.3246630681754E-8,0.999999999999996,-7.23226223347036E-8));
#5784=DIRECTION('',(-5.30131493732159E-15,7.23226223347039E-8,0.999999999999997));
#5785=DIRECTION('center_axis',(0.999999999999999,-4.32466306817535E-8,8.42902467536648E-15));
#5786=DIRECTION('ref_axis',(5.30131493732158E-15,-7.23226223347039E-8,-0.999999999999997));
#5787=DIRECTION('',(4.3246630681754E-8,0.999999999999996,-7.23226239243909E-8));
#5788=DIRECTION('',(5.30131493732159E-15,-7.23226223347039E-8,-0.999999999999997));
#5789=DIRECTION('',(-4.3246630681754E-8,-0.999999999999996,7.23226223347036E-8));
#5790=DIRECTION('',(5.30131493732159E-15,-7.23226223347039E-8,-0.999999999999997));
#5791=DIRECTION('',(4.32202861878407E-8,0.999390824495069,-0.0348995689810664));
#5792=DIRECTION('center_axis',(-4.32466260896965E-8,-0.999999999999996,
7.23226239443875E-8));
#5793=DIRECTION('ref_axis',(-0.999999999999999,4.32466260896964E-8,-3.07219824941926E-15));
#5794=DIRECTION('center_axis',(4.3246630681754E-8,0.999999999999996,-7.23226223347036E-8));
#5795=DIRECTION('ref_axis',(-0.999999999999999,4.32466306817539E-8,-3.07219858152889E-15));
#5796=DIRECTION('',(0.707106750606532,-0.70710681176656,5.11398200832511E-8));
#5797=DIRECTION('center_axis',(4.32466127670202E-8,0.999999999999996,-7.23226217239415E-8));
#5798=DIRECTION('ref_axis',(-0.999999999999999,4.32466127670201E-8,-3.07219728588837E-15));
#5799=DIRECTION('',(4.32466127670202E-8,0.999999999999996,-7.23226217239415E-8));
#5800=DIRECTION('center_axis',(-4.32466302530328E-8,-0.999999999999996,
7.23226239443875E-8));
#5801=DIRECTION('ref_axis',(-0.999999999999999,4.32466302530327E-8,-3.07219855052267E-15));
#5802=DIRECTION('center_axis',(4.3246630681754E-8,0.999999999999996,-7.23226223347036E-8));
#5803=DIRECTION('ref_axis',(-0.999999999999999,4.32466306817539E-8,-3.07219858152889E-15));
#5804=DIRECTION('',(0.70710675060726,-0.707106811765832,5.11398200831985E-8));
#5805=DIRECTION('center_axis',(4.32466127670202E-8,0.999999999999996,-7.23226217239415E-8));
#5806=DIRECTION('ref_axis',(-0.999999999999999,4.32466127670201E-8,-3.07219728588837E-15));
#5807=DIRECTION('',(4.32466127670202E-8,0.999999999999996,-7.23226217239415E-8));
#5808=DIRECTION('center_axis',(-4.32466128045878E-8,-0.999999999999996,
7.232262129373E-8));
#5809=DIRECTION('ref_axis',(-0.999999999999999,4.32466128045877E-8,-3.07219728860535E-15));
#5810=DIRECTION('',(-4.32466302640656E-8,-0.999999999999996,7.23226166489035E-8));
#5811=DIRECTION('center_axis',(-4.32466301206618E-8,-0.999999999999996,
7.23226139149793E-8));
#5812=DIRECTION('ref_axis',(-0.999999999999999,4.32466301206622E-8,3.28209357632877E-15));
#5813=DIRECTION('',(4.32466302640656E-8,0.999999999999996,-7.23226166489035E-8));
#5814=DIRECTION('center_axis',(-4.32466128045878E-8,-0.999999999999996,
7.232262129373E-8));
#5815=DIRECTION('ref_axis',(-0.999999999999999,4.32466128045877E-8,-3.07219728860535E-15));
#5816=DIRECTION('',(-4.32466302640656E-8,-0.999999999999996,7.23226166489035E-8));
#5817=DIRECTION('center_axis',(-4.32466301206618E-8,-0.999999999999996,
7.23226139149793E-8));
#5818=DIRECTION('ref_axis',(-0.999999999999999,4.32466301206622E-8,3.28209357632877E-15));
#5819=DIRECTION('',(4.32466302640656E-8,0.999999999999996,-7.23226166489035E-8));
#5820=DIRECTION('center_axis',(-4.32466128045878E-8,-0.999999999999996,
7.232262129373E-8));
#5821=DIRECTION('ref_axis',(-0.999999999999999,4.32466128045877E-8,-3.07219728860535E-15));
#5822=DIRECTION('',(-4.32466302640656E-8,-0.999999999999996,7.23226166489035E-8));
#5823=DIRECTION('center_axis',(-4.32466301206618E-8,-0.999999999999996,
7.23226139149793E-8));
#5824=DIRECTION('ref_axis',(-0.999999999999999,4.32466301206622E-8,3.28209357632877E-15));
#5825=DIRECTION('',(4.32466302640656E-8,0.999999999999996,-7.23226166489035E-8));
#5826=DIRECTION('center_axis',(-4.32466128045878E-8,-0.999999999999996,
7.232262129373E-8));
#5827=DIRECTION('ref_axis',(-0.999999999999999,4.32466128045877E-8,-3.07219728860535E-15));
#5828=DIRECTION('',(-4.32466302640656E-8,-0.999999999999996,7.23226166489035E-8));
#5829=DIRECTION('center_axis',(-4.32466301206618E-8,-0.999999999999996,
7.23226139149793E-8));
#5830=DIRECTION('ref_axis',(-0.999999999999999,4.32466301206622E-8,3.28209357632877E-15));
#5831=DIRECTION('',(4.32466302640656E-8,0.999999999999996,-7.23226166489035E-8));
#5832=DIRECTION('center_axis',(-4.32466128045878E-8,-0.999999999999996,
7.232262129373E-8));
#5833=DIRECTION('ref_axis',(-0.999999999999999,4.32466128045877E-8,-3.07219728860535E-15));
#5834=DIRECTION('center_axis',(-4.32466260896965E-8,-0.999999999999996,
7.23226239443875E-8));
#5835=DIRECTION('ref_axis',(-0.999999999999999,4.32466260896964E-8,-3.07219824941926E-15));
#5836=DIRECTION('center_axis',(4.3246630681754E-8,0.999999999999996,-7.23226223347036E-8));
#5837=DIRECTION('ref_axis',(-0.999999999999999,4.32466306817539E-8,-3.07219858152889E-15));
#5838=DIRECTION('',(0.707106750605875,-0.707106811767217,5.11398200832987E-8));
#5839=DIRECTION('center_axis',(4.32466127670202E-8,0.999999999999996,-7.23226217239415E-8));
#5840=DIRECTION('ref_axis',(-0.999999999999999,4.32466127670201E-8,-3.07219728588837E-15));
#5841=DIRECTION('',(4.32466127670202E-8,0.999999999999996,-7.23226217239415E-8));
#5842=DIRECTION('center_axis',(-4.32466128045878E-8,-0.999999999999996,
7.232262129373E-8));
#5843=DIRECTION('ref_axis',(-0.999999999999999,4.32466128045877E-8,-3.07219728860535E-15));
#5844=DIRECTION('',(-4.32466302640656E-8,-0.999999999999996,7.23226166489031E-8));
#5845=DIRECTION('center_axis',(-4.32466301206618E-8,-0.999999999999996,
7.23226139149789E-8));
#5846=DIRECTION('ref_axis',(-0.999999999999999,4.32466301206622E-8,3.28209357746413E-15));
#5847=DIRECTION('',(4.32466302640656E-8,0.999999999999996,-7.23226166489031E-8));
#5848=DIRECTION('center_axis',(-4.32466128045878E-8,-0.999999999999996,
7.232262129373E-8));
#5849=DIRECTION('ref_axis',(-0.999999999999999,4.32466128045877E-8,-3.07219728860535E-15));
#5850=DIRECTION('',(-4.32466302640656E-8,-0.999999999999996,7.23226166489031E-8));
#5851=DIRECTION('center_axis',(-4.32466301206618E-8,-0.999999999999996,
7.23226139149789E-8));
#5852=DIRECTION('ref_axis',(-0.999999999999999,4.32466301206622E-8,3.28209357746413E-15));
#5853=DIRECTION('',(4.32466302640656E-8,0.999999999999996,-7.23226166489031E-8));
#5854=DIRECTION('center_axis',(-4.32466128045878E-8,-0.999999999999996,
7.232262129373E-8));
#5855=DIRECTION('ref_axis',(-0.999999999999999,4.32466128045877E-8,-3.07219728860535E-15));
#5856=DIRECTION('',(-4.32466302640656E-8,-0.999999999999996,7.23226166489031E-8));
#5857=DIRECTION('center_axis',(-4.32466301206618E-8,-0.999999999999996,
7.23226139149789E-8));
#5858=DIRECTION('ref_axis',(-0.999999999999999,4.32466301206622E-8,3.28209357746413E-15));
#5859=DIRECTION('',(4.32466302640656E-8,0.999999999999996,-7.23226166489031E-8));
#5860=DIRECTION('center_axis',(-4.32466128045878E-8,-0.999999999999996,
7.232262129373E-8));
#5861=DIRECTION('ref_axis',(-0.999999999999999,4.32466128045877E-8,-3.07219728860535E-15));
#5862=DIRECTION('',(-4.32466302640656E-8,-0.999999999999996,7.23226166489031E-8));
#5863=DIRECTION('center_axis',(-4.32466301206618E-8,-0.999999999999996,
7.23226139149789E-8));
#5864=DIRECTION('ref_axis',(-0.999999999999999,4.32466301206622E-8,3.28209357746413E-15));
#5865=DIRECTION('',(4.32466302640656E-8,0.999999999999996,-7.23226166489031E-8));
#5866=DIRECTION('center_axis',(-4.32466128045878E-8,-0.999999999999996,
7.232262129373E-8));
#5867=DIRECTION('ref_axis',(-0.999999999999999,4.32466128045877E-8,-3.07219728860535E-15));
#5868=DIRECTION('center_axis',(-0.591717349609912,-0.707106783595111,-0.387131211302315));
#5869=DIRECTION('ref_axis',(0.766906594665003,-0.641758735865221,4.64136757083455E-8));
#5870=DIRECTION('',(-0.357153966534511,0.660469885156421,-0.660469965244545));
#5871=DIRECTION('',(0.794342265297237,-0.429546533248492,-0.429546436764009));
#5872=DIRECTION('center_axis',(-3.05799816939918E-8,-0.707106832326359,
-0.707106730046731));
#5873=DIRECTION('ref_axis',(0.999999999999999,-4.32466247932531E-8,3.07219817770451E-15));
#5874=DIRECTION('',(0.999999999999999,-4.32466306817534E-8,8.9606993329867E-15));
#5875=DIRECTION('',(-0.794342302450114,-0.429546402411385,0.429546498895857));
#5876=DIRECTION('center_axis',(-3.05799847383364E-8,-0.707106730046728,
0.707106832326363));
#5877=DIRECTION('ref_axis',(0.999999999999999,-4.32466292096287E-8,3.07219844901976E-15));
#5878=DIRECTION('',(-0.357154023660712,-0.66046994979884,-0.660469869710709));
#5879=DIRECTION('center_axis',(0.591717288449941,-0.707106778777975,0.38713131358195));
#5880=DIRECTION('ref_axis',(0.766906650172806,0.641758669532966,-4.641367110092E-8));
#5881=DIRECTION('',(-0.547486281764279,8.4197567481104E-8,0.836814657663164));
#5882=DIRECTION('center_axis',(-0.591717071599891,-0.707106783595162,-0.38713163623108));
#5883=DIRECTION('ref_axis',(0.766906743064438,-0.64175855852672,4.6413662857514E-8));
#5884=DIRECTION('',(-0.35715369913277,0.660469957456103,-0.660470037544257));
#5885=DIRECTION('',(0.794342516850888,-0.429546300654584,-0.429546204170121));
#5886=DIRECTION('center_axis',(-3.05799723254446E-8,-0.707106832326361,
-0.70710673004673));
#5887=DIRECTION('ref_axis',(0.999999999999999,-4.32466115441264E-8,3.07219715530928E-15));
#5888=DIRECTION('',(-0.794342554003738,-0.429546169817498,0.429546266301939));
#5889=DIRECTION('center_axis',(-3.05799993116326E-8,-0.707106730046737,
0.707106832326354));
#5890=DIRECTION('ref_axis',(0.999999999999999,-4.32466498193813E-8,3.07219993463614E-15));
#5891=DIRECTION('',(-0.999999999999999,4.32466306817525E-8,-2.22098260237668E-14));
#5892=DIRECTION('',(-0.35715375625893,-0.660470022098553,-0.66046994201044));
#5893=DIRECTION('center_axis',(0.591717010439926,-0.707106778777934,0.387131738510718));
#5894=DIRECTION('ref_axis',(0.76690679857222,0.64175849219446,-4.6413657889266E-8));
#5895=DIRECTION('',(-0.547486882704307,8.41975650349732E-8,0.836814264497632));
#5896=DIRECTION('center_axis',(1.90821162641219E-14,-7.23226228341654E-8,
-0.999999999999997));
#5897=DIRECTION('ref_axis',(0.999999999999999,-4.32466306817525E-8,2.22098260237668E-14));
#5898=DIRECTION('',(-4.32466305305886E-8,-0.999999999999996,7.23226228341645E-8));
#5899=DIRECTION('center_axis',(-3.05799982706813E-8,-0.707106730046729,
0.707106832326362));
#5900=DIRECTION('ref_axis',(0.999999999999999,-4.32466483472543E-8,3.07219985191807E-15));
#5901=DIRECTION('',(-0.794342756753756,0.42954607883315,0.429545982348698));
#5902=DIRECTION('',(-0.357153513627229,-0.660470087700943,-0.660470007612786));
#5903=DIRECTION('center_axis',(-0.591716806465627,-0.707106783595202,-0.387132041479091));
#5904=DIRECTION('ref_axis',(0.766906884590913,-0.641758389401384,4.64136507838386E-8));
#5905=DIRECTION('',(0.547487455811538,-8.41975627020945E-8,-0.836813889541158));
#5906=DIRECTION('',(0.357153444115734,-0.660470026407178,0.660470106495344));
#5907=DIRECTION('center_axis',(0.591716758182319,-0.707106778777901,0.387132124077231));
#5908=DIRECTION('ref_axis',(0.766906933225231,0.641758331282945,-4.64136463151909E-8));
#5909=DIRECTION('',(-0.794342782255336,-0.429545958769169,0.429546055253598));
#5910=DIRECTION('center_axis',(-3.05799816939919E-8,-0.707106832326361,
-0.70710673004673));
#5911=DIRECTION('ref_axis',(0.999999999999999,-4.32466247932531E-8,3.07219815454346E-15));
#5912=DIRECTION('',(0.999999999999999,-4.32466306817534E-8,8.96069933298672E-15));
#5913=DIRECTION('center_axis',(-5.83298957334183E-15,7.23226228341648E-8,
0.999999999999997));
#5914=DIRECTION('ref_axis',(-0.999999999999999,4.32466306817534E-8,-8.96069933298672E-15));
#5915=DIRECTION('',(-4.32466305305886E-8,-0.999999999999996,7.23226228341645E-8));
#5916=DIRECTION('center_axis',(0.836813889541161,3.40634766924296E-9,0.54748745581154));
#5917=DIRECTION('ref_axis',(-0.547487455811538,8.41975627020946E-8,0.836813889541158));
#5918=DIRECTION('center_axis',(-0.836814264497636,-3.40629000502068E-9,
-0.547486882704308));
#5919=DIRECTION('ref_axis',(0.547486882704306,-8.41975650349732E-8,-0.836814264497633));
#5920=DIRECTION('center_axis',(-0.836814657663167,-3.40622954037723E-9,
-0.547486281764281));
#5921=DIRECTION('ref_axis',(0.547486281764279,-8.4197567481104E-8,-0.836814657663164));
#5922=DIRECTION('',(-4.32466305305886E-8,-0.999999999999996,7.23226228341645E-8));
#5923=DIRECTION('center_axis',(-5.83298957334181E-15,7.23226228341648E-8,
0.999999999999997));
#5924=DIRECTION('ref_axis',(-0.999999999999999,4.32466306817534E-8,-8.9606993329867E-15));
#5925=DIRECTION('center_axis',(4.32466302871952E-8,0.999999999999996,-7.23226139011015E-8));
#5926=DIRECTION('ref_axis',(-0.999999999999999,4.32466302871956E-8,3.282093564285E-15));
#5927=DIRECTION('center_axis',(-4.32466302039285E-8,-0.999999999999996,
7.23226139011015E-8));
#5928=DIRECTION('ref_axis',(-0.999999999999999,4.32466302039289E-8,3.28209357030707E-15));
#5929=DIRECTION('',(0.707108063474629,0.707105498896139,-5.11397226030303E-8));
#5930=DIRECTION('center_axis',(-4.3246630681754E-8,-0.999999999999996,7.23226223347036E-8));
#5931=DIRECTION('ref_axis',(-0.999999999999999,4.32466306817544E-8,3.28209353574946E-15));
#5932=DIRECTION('center_axis',(4.32466304755366E-8,0.999999999999996,-7.23226115735982E-8));
#5933=DIRECTION('ref_axis',(-0.999999999999999,4.3246630475537E-8,3.28209355066366E-15));
#5934=DIRECTION('center_axis',(-4.32466301206618E-8,-0.999999999999996,
7.23226139149793E-8));
#5935=DIRECTION('ref_axis',(-0.999999999999999,4.32466301206622E-8,3.28209357632913E-15));
#5936=DIRECTION('center_axis',(-4.32466301206618E-8,-0.999999999999996,
7.23226139149793E-8));
#5937=DIRECTION('ref_axis',(-0.999999999999999,4.32466301206622E-8,3.28209357632913E-15));
#5938=DIRECTION('center_axis',(-4.32466301206618E-8,-0.999999999999996,
7.23226139149793E-8));
#5939=DIRECTION('ref_axis',(-0.999999999999999,4.32466301206622E-8,3.28209357632913E-15));
#5940=DIRECTION('center_axis',(-4.32466301206618E-8,-0.999999999999996,
7.23226139149793E-8));
#5941=DIRECTION('ref_axis',(-0.999999999999999,4.32466301206622E-8,3.28209357632913E-15));
#5942=DIRECTION('center_axis',(-4.32466301206618E-8,-0.999999999999996,
7.23226139149793E-8));
#5943=DIRECTION('ref_axis',(-0.999999999999999,4.32466301206622E-8,3.28209357632913E-15));
#5944=DIRECTION('center_axis',(-4.32466301206618E-8,-0.999999999999996,
7.23226139149793E-8));
#5945=DIRECTION('ref_axis',(-0.999999999999999,4.32466301206622E-8,3.28209357632913E-15));
#5946=DIRECTION('center_axis',(-4.32466301206618E-8,-0.999999999999996,
7.23226139149793E-8));
#5947=DIRECTION('ref_axis',(-0.999999999999999,4.32466301206622E-8,3.28209357632913E-15));
#5948=DIRECTION('center_axis',(-4.32466301206618E-8,-0.999999999999996,
7.23226139149793E-8));
#5949=DIRECTION('ref_axis',(-0.999999999999999,4.32466301206622E-8,3.28209357632913E-15));
#5950=DIRECTION('',(4.32466304755366E-8,0.999999999999996,-7.23226115735982E-8));
#5951=DIRECTION('center_axis',(0.999999999999999,-4.32466306341403E-8,-3.28209353919306E-15));
#5952=DIRECTION('ref_axis',(-6.4098029096697E-15,-7.23226139149791E-8,-0.999999999999997));
#5953=DIRECTION('',(-6.40980290966968E-15,-7.23226139149791E-8,-0.999999999999997));
#5954=DIRECTION('',(4.32466306341399E-8,0.999999999999996,-7.23226166489035E-8));
#5955=DIRECTION('',(-6.40980290966968E-15,-7.23226139149791E-8,-0.999999999999997));
#5956=DIRECTION('',(-6.40980327379439E-15,-7.23226223347034E-8,-0.999999999999997));
#5957=DIRECTION('',(-6.40980290966968E-15,-7.23226139149791E-8,-0.999999999999997));
#5958=DIRECTION('',(4.32466306341399E-8,0.999999999999996,-7.23226166489035E-8));
#5959=DIRECTION('',(-6.40980290966968E-15,-7.23226139149791E-8,-0.999999999999997));
#5960=DIRECTION('center_axis',(-6.40980302790269E-15,-7.23226166489033E-8,
-0.999999999999997));
#5961=DIRECTION('ref_axis',(-0.999999999999999,4.32466301206621E-8,3.28209357632913E-15));
#5962=DIRECTION('',(-0.999999999999999,4.32466301206621E-8,3.28209357632913E-15));
#5963=DIRECTION('',(4.32466306341399E-8,0.999999999999996,-7.23226166489035E-8));
#5964=DIRECTION('',(-0.999999999999999,4.32466301206621E-8,3.28209357632913E-15));
#5965=DIRECTION('',(-0.999999999999999,4.32466306817543E-8,3.28209353574948E-15));
#5966=DIRECTION('',(-0.999999999999999,4.32466301206621E-8,3.28209357632913E-15));
#5967=DIRECTION('',(4.32466306341399E-8,0.999999999999996,-7.23226166489035E-8));
#5968=DIRECTION('',(-0.999999999999999,4.32466301206621E-8,3.28209357632913E-15));
#5969=DIRECTION('center_axis',(-0.999999999999999,4.32466306341403E-8,3.28209353919306E-15));
#5970=DIRECTION('ref_axis',(6.4098029096697E-15,7.23226139149791E-8,0.999999999999997));
#5971=DIRECTION('',(6.40980290966968E-15,7.23226139149791E-8,0.999999999999997));
#5972=DIRECTION('',(4.32466306341399E-8,0.999999999999996,-7.23226166489035E-8));
#5973=DIRECTION('',(6.40980290966968E-15,7.23226139149791E-8,0.999999999999997));
#5974=DIRECTION('',(6.40980327379439E-15,7.23226223347034E-8,0.999999999999997));
#5975=DIRECTION('',(6.40980290966968E-15,7.23226139149791E-8,0.999999999999997));
#5976=DIRECTION('',(4.32466306341399E-8,0.999999999999996,-7.23226166489035E-8));
#5977=DIRECTION('',(6.40980290966968E-15,7.23226139149791E-8,0.999999999999997));
#5978=DIRECTION('center_axis',(-0.707106781186542,8.17197984504651E-8,0.707106781186548));
#5979=DIRECTION('ref_axis',(0.707106781186552,2.05598253106317E-8,0.707106781186543));
#5980=DIRECTION('',(0.707106781186551,2.05598253106317E-8,0.707106781186543));
#5981=DIRECTION('',(4.32466306341399E-8,0.999999999999996,-7.23226166489035E-8));
#5982=DIRECTION('',(0.707106781186551,2.05598253106317E-8,0.707106781186543));
#5983=DIRECTION('',(0.707106781186551,2.05598253106317E-8,0.707106781186543));
#5984=DIRECTION('center_axis',(0.707106781186551,2.05598268807242E-8,0.707106781186543));
#5985=DIRECTION('ref_axis',(0.707106781186542,-8.17197961542049E-8,-0.707106781186548));
#5986=DIRECTION('',(0.707106781186542,-8.17197961542048E-8,-0.707106781186548));
#5987=DIRECTION('',(0.707106781186542,-8.17197961542048E-8,-0.707106781186548));
#5988=DIRECTION('',(4.32466306341399E-8,0.999999999999996,-7.23226166489035E-8));
#5989=DIRECTION('',(0.707106781186542,-8.17197961542048E-8,-0.707106781186548));
#5990=DIRECTION('center_axis',(0.707106781186542,-8.17197984504651E-8,-0.707106781186548));
#5991=DIRECTION('ref_axis',(-0.707106781186552,-2.05598253106317E-8,-0.707106781186543));
#5992=DIRECTION('',(-0.707106781186551,-2.05598253106317E-8,-0.707106781186543));
#5993=DIRECTION('',(-0.707106781186551,-2.05598253106317E-8,-0.707106781186543));
#5994=DIRECTION('',(-0.707106781186551,-2.05598253106317E-8,-0.707106781186543));
#5995=DIRECTION('center_axis',(-4.32466301206618E-8,-0.999999999999996,
7.23226139149793E-8));
#5996=DIRECTION('ref_axis',(0.999999999999999,-4.32466301206622E-8,-3.28209357632913E-15));
#5997=DIRECTION('',(-0.707106781186543,8.17197961542048E-8,0.707106781186547));
#5998=DIRECTION('center_axis',(-0.70710678118655,-2.05598268807243E-8,-0.707106781186544));
#5999=DIRECTION('ref_axis',(-0.707106781186543,8.17197961542048E-8,0.707106781186547));
#6000=DIRECTION('',(-0.707106781186543,8.17197961542048E-8,0.707106781186547));
#6001=DIRECTION('',(-0.707106781186543,8.17197961542048E-8,0.707106781186547));
#6002=DIRECTION('center_axis',(-4.32466301206618E-8,-0.999999999999996,
7.23226139149793E-8));
#6003=DIRECTION('ref_axis',(0.999999999999999,-4.32466301206622E-8,-3.28209357632913E-15));
#6004=DIRECTION('center_axis',(-4.32466301206618E-8,-0.999999999999996,
7.23226139149793E-8));
#6005=DIRECTION('ref_axis',(0.999999999999999,-4.32466301206622E-8,-3.28209357632913E-15));
#6006=DIRECTION('center_axis',(-4.32466301206618E-8,-0.999999999999996,
7.23226139149793E-8));
#6007=DIRECTION('ref_axis',(0.999999999999999,-4.32466301206622E-8,-3.28209357632913E-15));
#6008=DIRECTION('',(0.999999999999999,-4.32466301206621E-8,-3.28209357632913E-15));
#6009=DIRECTION('center_axis',(-4.32466301206618E-8,-0.999999999999996,
7.23226139149793E-8));
#6010=DIRECTION('ref_axis',(0.999999999999999,-4.32466301206622E-8,-3.28209357632913E-15));
#6011=DIRECTION('',(0.999999999999999,-4.32466301206621E-8,-3.28209357632913E-15));
#6012=DIRECTION('center_axis',(-4.32466301206618E-8,-0.999999999999996,
7.23226139149793E-8));
#6013=DIRECTION('ref_axis',(0.999999999999999,-4.32466301206622E-8,-3.28209357632913E-15));
#6014=DIRECTION('center_axis',(-4.32466301206618E-8,-0.999999999999996,
7.23226139149793E-8));
#6015=DIRECTION('ref_axis',(0.999999999999999,-4.32466301206622E-8,-3.28209357632913E-15));
#6016=DIRECTION('center_axis',(-4.32466301206618E-8,-0.999999999999996,
7.23226139149793E-8));
#6017=DIRECTION('ref_axis',(0.999999999999999,-4.32466301206622E-8,-3.28209357632913E-15));
#6018=DIRECTION('center_axis',(6.40980302790269E-15,7.23226166489033E-8,
0.999999999999997));
#6019=DIRECTION('ref_axis',(0.999999999999999,-4.32466301206621E-8,-3.28209357632913E-15));
#6020=DIRECTION('',(0.999999999999999,-4.32466301206621E-8,-3.28209357632913E-15));
#6021=DIRECTION('',(0.999999999999999,-4.32466306817543E-8,-3.28209353574948E-15));
#6022=DIRECTION('',(0.999999999999999,-4.32466301206621E-8,-3.28209357632913E-15));
#6023=DIRECTION('center_axis',(-4.32466301206618E-8,-0.999999999999996,
7.23226139149793E-8));
#6024=DIRECTION('ref_axis',(0.999999999999999,-4.32466301206622E-8,-3.28209357632913E-15));
#6025=DIRECTION('center_axis',(-4.32466301206618E-8,-0.999999999999996,
7.23226139149793E-8));
#6026=DIRECTION('ref_axis',(0.999999999999999,-4.32466301206622E-8,-3.28209357632913E-15));
#6027=DIRECTION('center_axis',(-4.32466301206618E-8,-0.999999999999996,
7.23226139149793E-8));
#6028=DIRECTION('ref_axis',(0.999999999999999,-4.32466301206622E-8,-3.28209357632913E-15));
#6029=DIRECTION('center_axis',(-4.32466301206618E-8,-0.999999999999996,
7.23226139149793E-8));
#6030=DIRECTION('ref_axis',(0.999999999999999,-4.32466301206622E-8,-3.28209357632913E-15));
#6031=DIRECTION('center_axis',(4.3246630681754E-8,0.999999999999996,-7.23226223347036E-8));
#6032=DIRECTION('ref_axis',(-0.999999999999999,4.32466306817539E-8,-3.07219858152892E-15));
#6033=DIRECTION('center_axis',(4.3246630681754E-8,0.999999999999996,-7.23226223347036E-8));
#6034=DIRECTION('ref_axis',(-0.999999999999999,4.32466306817539E-8,-3.07219858152892E-15));
#6035=DIRECTION('center_axis',(4.3246630681754E-8,0.999999999999996,-7.23226223347036E-8));
#6036=DIRECTION('ref_axis',(-0.999999999999999,4.32466306817539E-8,-3.07219858152892E-15));
#6037=DIRECTION('center_axis',(4.32466302871952E-8,0.999999999999996,-7.23226139011011E-8));
#6038=DIRECTION('ref_axis',(-0.999999999999999,4.32466302871956E-8,3.28209356542037E-15));
#6039=DIRECTION('center_axis',(-4.32466302039285E-8,-0.999999999999996,
7.23226139011011E-8));
#6040=DIRECTION('ref_axis',(-0.999999999999999,4.32466302039289E-8,3.28209357144242E-15));
#6041=DIRECTION('',(0.707108063474629,0.707105498896139,-5.113972260303E-8));
#6042=DIRECTION('center_axis',(-4.3246630681754E-8,-0.999999999999996,7.23226223347036E-8));
#6043=DIRECTION('ref_axis',(-0.999999999999999,4.32466306817544E-8,3.28209353688484E-15));
#6044=DIRECTION('center_axis',(4.32466304755366E-8,0.999999999999996,-7.23226115735978E-8));
#6045=DIRECTION('ref_axis',(-0.999999999999999,4.3246630475537E-8,3.28209355179902E-15));
#6046=DIRECTION('center_axis',(-4.32466301206618E-8,-0.999999999999996,
7.23226139149789E-8));
#6047=DIRECTION('ref_axis',(-0.999999999999999,4.32466301206622E-8,3.28209357746449E-15));
#6048=DIRECTION('center_axis',(-4.32466301206618E-8,-0.999999999999996,
7.23226139149789E-8));
#6049=DIRECTION('ref_axis',(-0.999999999999999,4.32466301206622E-8,3.28209357746449E-15));
#6050=DIRECTION('center_axis',(-4.32466301206618E-8,-0.999999999999996,
7.23226139149789E-8));
#6051=DIRECTION('ref_axis',(-0.999999999999999,4.32466301206622E-8,3.28209357746449E-15));
#6052=DIRECTION('center_axis',(-4.32466301206618E-8,-0.999999999999996,
7.23226139149789E-8));
#6053=DIRECTION('ref_axis',(-0.999999999999999,4.32466301206622E-8,3.28209357746449E-15));
#6054=DIRECTION('center_axis',(-4.32466301206618E-8,-0.999999999999996,
7.23226139149789E-8));
#6055=DIRECTION('ref_axis',(-0.999999999999999,4.32466301206622E-8,3.28209357746449E-15));
#6056=DIRECTION('center_axis',(-4.32466301206618E-8,-0.999999999999996,
7.23226139149789E-8));
#6057=DIRECTION('ref_axis',(-0.999999999999999,4.32466301206622E-8,3.28209357746449E-15));
#6058=DIRECTION('center_axis',(-4.32466301206618E-8,-0.999999999999996,
7.23226139149789E-8));
#6059=DIRECTION('ref_axis',(-0.999999999999999,4.32466301206622E-8,3.28209357746449E-15));
#6060=DIRECTION('center_axis',(-4.32466301206618E-8,-0.999999999999996,
7.23226139149789E-8));
#6061=DIRECTION('ref_axis',(-0.999999999999999,4.32466301206622E-8,3.28209357746449E-15));
#6062=DIRECTION('',(4.32466304755366E-8,0.999999999999996,-7.23226115735978E-8));
#6063=DIRECTION('center_axis',(0.999999999999999,-4.32466306341403E-8,-3.28209354032842E-15));
#6064=DIRECTION('ref_axis',(-6.40980291080504E-15,-7.23226139149787E-8,
-0.999999999999997));
#6065=DIRECTION('',(-6.40980291080504E-15,-7.23226139149787E-8,-0.999999999999997));
#6066=DIRECTION('',(4.32466306341399E-8,0.999999999999996,-7.23226166489031E-8));
#6067=DIRECTION('',(-6.40980291080504E-15,-7.23226139149787E-8,-0.999999999999997));
#6068=DIRECTION('',(-6.40980327492976E-15,-7.23226223347034E-8,-0.999999999999997));
#6069=DIRECTION('',(-6.40980291080504E-15,-7.23226139149787E-8,-0.999999999999997));
#6070=DIRECTION('',(4.32466306341399E-8,0.999999999999996,-7.23226166489031E-8));
#6071=DIRECTION('',(-6.40980291080504E-15,-7.23226139149787E-8,-0.999999999999997));
#6072=DIRECTION('center_axis',(-6.40980302903804E-15,-7.23226166489029E-8,
-0.999999999999997));
#6073=DIRECTION('ref_axis',(-0.999999999999999,4.32466301206621E-8,3.2820935774645E-15));
#6074=DIRECTION('',(-0.999999999999999,4.32466301206621E-8,3.2820935774645E-15));
#6075=DIRECTION('',(4.32466306341399E-8,0.999999999999996,-7.23226166489031E-8));
#6076=DIRECTION('',(-0.999999999999999,4.32466301206621E-8,3.2820935774645E-15));
#6077=DIRECTION('',(-0.999999999999999,4.32466306817543E-8,3.28209353688484E-15));
#6078=DIRECTION('',(-0.999999999999999,4.32466301206621E-8,3.2820935774645E-15));
#6079=DIRECTION('',(4.32466306341399E-8,0.999999999999996,-7.23226166489031E-8));
#6080=DIRECTION('',(-0.999999999999999,4.32466301206621E-8,3.2820935774645E-15));
#6081=DIRECTION('center_axis',(-0.999999999999999,4.32466306341403E-8,3.28209354032842E-15));
#6082=DIRECTION('ref_axis',(6.40980291080504E-15,7.23226139149787E-8,0.999999999999997));
#6083=DIRECTION('',(6.40980291080504E-15,7.23226139149787E-8,0.999999999999997));
#6084=DIRECTION('',(4.32466306341399E-8,0.999999999999996,-7.23226166489031E-8));
#6085=DIRECTION('',(6.40980291080504E-15,7.23226139149787E-8,0.999999999999997));
#6086=DIRECTION('',(6.40980327492976E-15,7.23226223347034E-8,0.999999999999997));
#6087=DIRECTION('',(6.40980291080504E-15,7.23226139149787E-8,0.999999999999997));
#6088=DIRECTION('',(4.32466306341399E-8,0.999999999999996,-7.23226166489031E-8));
#6089=DIRECTION('',(6.40980291080504E-15,7.23226139149787E-8,0.999999999999997));
#6090=DIRECTION('center_axis',(-0.707106781186542,8.17197984504648E-8,0.707106781186548));
#6091=DIRECTION('ref_axis',(0.707106781186552,2.05598253106314E-8,0.707106781186543));
#6092=DIRECTION('',(0.707106781186551,2.05598253106314E-8,0.707106781186543));
#6093=DIRECTION('',(4.32466306341399E-8,0.999999999999996,-7.23226166489031E-8));
#6094=DIRECTION('',(0.707106781186551,2.05598253106314E-8,0.707106781186543));
#6095=DIRECTION('',(0.707106781186551,2.05598253106314E-8,0.707106781186543));
#6096=DIRECTION('center_axis',(0.707106781186551,2.05598268807239E-8,0.707106781186543));
#6097=DIRECTION('ref_axis',(0.707106781186542,-8.17197961542046E-8,-0.707106781186548));
#6098=DIRECTION('',(0.707106781186542,-8.17197961542046E-8,-0.707106781186548));
#6099=DIRECTION('',(0.707106781186542,-8.17197961542046E-8,-0.707106781186548));
#6100=DIRECTION('',(4.32466306341399E-8,0.999999999999996,-7.23226166489031E-8));
#6101=DIRECTION('',(0.707106781186542,-8.17197961542046E-8,-0.707106781186548));
#6102=DIRECTION('center_axis',(0.707106781186542,-8.17197984504648E-8,-0.707106781186548));
#6103=DIRECTION('ref_axis',(-0.707106781186552,-2.05598253106314E-8,-0.707106781186543));
#6104=DIRECTION('',(-0.707106781186551,-2.05598253106314E-8,-0.707106781186543));
#6105=DIRECTION('',(-0.707106781186551,-2.05598253106314E-8,-0.707106781186543));
#6106=DIRECTION('',(-0.707106781186551,-2.05598253106314E-8,-0.707106781186543));
#6107=DIRECTION('center_axis',(-4.32466301206618E-8,-0.999999999999996,
7.23226139149789E-8));
#6108=DIRECTION('ref_axis',(0.999999999999999,-4.32466301206622E-8,-3.2820935774645E-15));
#6109=DIRECTION('',(-0.707106781186543,8.17197961542045E-8,0.707106781186547));
#6110=DIRECTION('center_axis',(-0.70710678118655,-2.0559826880724E-8,-0.707106781186544));
#6111=DIRECTION('ref_axis',(-0.707106781186543,8.17197961542045E-8,0.707106781186547));
#6112=DIRECTION('',(-0.707106781186543,8.17197961542045E-8,0.707106781186547));
#6113=DIRECTION('',(-0.707106781186543,8.17197961542045E-8,0.707106781186547));
#6114=DIRECTION('center_axis',(-4.32466301206618E-8,-0.999999999999996,
7.23226139149789E-8));
#6115=DIRECTION('ref_axis',(0.999999999999999,-4.32466301206622E-8,-3.2820935774645E-15));
#6116=DIRECTION('center_axis',(-4.32466301206618E-8,-0.999999999999996,
7.23226139149789E-8));
#6117=DIRECTION('ref_axis',(0.999999999999999,-4.32466301206622E-8,-3.2820935774645E-15));
#6118=DIRECTION('center_axis',(-4.32466301206618E-8,-0.999999999999996,
7.23226139149789E-8));
#6119=DIRECTION('ref_axis',(0.999999999999999,-4.32466301206622E-8,-3.2820935774645E-15));
#6120=DIRECTION('',(0.999999999999999,-4.32466301206621E-8,-3.2820935774645E-15));
#6121=DIRECTION('center_axis',(-4.32466301206618E-8,-0.999999999999996,
7.23226139149789E-8));
#6122=DIRECTION('ref_axis',(0.999999999999999,-4.32466301206622E-8,-3.2820935774645E-15));
#6123=DIRECTION('',(0.999999999999999,-4.32466301206621E-8,-3.2820935774645E-15));
#6124=DIRECTION('center_axis',(-4.32466301206618E-8,-0.999999999999996,
7.23226139149789E-8));
#6125=DIRECTION('ref_axis',(0.999999999999999,-4.32466301206622E-8,-3.2820935774645E-15));
#6126=DIRECTION('center_axis',(-4.32466301206618E-8,-0.999999999999996,
7.23226139149789E-8));
#6127=DIRECTION('ref_axis',(0.999999999999999,-4.32466301206622E-8,-3.2820935774645E-15));
#6128=DIRECTION('center_axis',(-4.32466301206618E-8,-0.999999999999996,
7.23226139149789E-8));
#6129=DIRECTION('ref_axis',(0.999999999999999,-4.32466301206622E-8,-3.2820935774645E-15));
#6130=DIRECTION('center_axis',(6.40980302903804E-15,7.23226166489029E-8,
0.999999999999997));
#6131=DIRECTION('ref_axis',(0.999999999999999,-4.32466301206621E-8,-3.2820935774645E-15));
#6132=DIRECTION('',(0.999999999999999,-4.32466301206621E-8,-3.2820935774645E-15));
#6133=DIRECTION('',(0.999999999999999,-4.32466306817543E-8,-3.28209353688484E-15));
#6134=DIRECTION('',(0.999999999999999,-4.32466301206621E-8,-3.2820935774645E-15));
#6135=DIRECTION('center_axis',(-4.32466301206618E-8,-0.999999999999996,
7.23226139149789E-8));
#6136=DIRECTION('ref_axis',(0.999999999999999,-4.32466301206622E-8,-3.2820935774645E-15));
#6137=DIRECTION('center_axis',(-4.32466301206618E-8,-0.999999999999996,
7.23226139149789E-8));
#6138=DIRECTION('ref_axis',(0.999999999999999,-4.32466301206622E-8,-3.2820935774645E-15));
#6139=DIRECTION('center_axis',(-4.32466301206618E-8,-0.999999999999996,
7.23226139149789E-8));
#6140=DIRECTION('ref_axis',(0.999999999999999,-4.32466301206622E-8,-3.2820935774645E-15));
#6141=DIRECTION('center_axis',(-4.32466301206618E-8,-0.999999999999996,
7.23226139149789E-8));
#6142=DIRECTION('ref_axis',(0.999999999999999,-4.32466301206622E-8,-3.2820935774645E-15));
#6143=DIRECTION('center_axis',(4.3246630681754E-8,0.999999999999996,-7.23226223347036E-8));
#6144=DIRECTION('ref_axis',(-0.999999999999999,4.32466306817539E-8,-3.07219858152892E-15));
#6145=DIRECTION('center_axis',(4.3246630681754E-8,0.999999999999996,-7.23226223347036E-8));
#6146=DIRECTION('ref_axis',(-0.999999999999999,4.32466306817539E-8,-3.07219858152892E-15));
#6147=DIRECTION('center_axis',(4.3246630681754E-8,0.999999999999996,-7.23226223347036E-8));
#6148=DIRECTION('ref_axis',(-0.999999999999999,4.32466306817539E-8,-3.07219858152892E-15));
#6149=DIRECTION('center_axis',(4.3246630681754E-8,0.999999999999996,-7.23226223347036E-8));
#6150=DIRECTION('ref_axis',(-0.999999999999999,4.32466306817539E-8,-3.07219858152892E-15));
#6151=DIRECTION('center_axis',(-4.32466305305886E-8,-0.999999999999996,
7.23226226755612E-8));
#6152=DIRECTION('ref_axis',(-0.999999999999999,4.32466305305885E-8,-3.07219857059624E-15));
#6153=DIRECTION('',(-0.207911648516172,0.978147609725282,-7.07422005130844E-8));
#6154=DIRECTION('center_axis',(-4.3246630681754E-8,-0.999999999999996,7.23226223347036E-8));
#6155=DIRECTION('ref_axis',(-0.999999999999999,4.32466306817539E-8,-3.07219858152892E-15));
#6156=DIRECTION('center_axis',(4.3246630681754E-8,0.999999999999996,-7.23226223347036E-8));
#6157=DIRECTION('ref_axis',(-0.999999999999999,4.32466306817539E-8,-3.07219858152892E-15));
#6158=DIRECTION('center_axis',(4.3246630681754E-8,0.999999999999996,-7.23226223347036E-8));
#6159=DIRECTION('ref_axis',(-0.999999999999999,4.32466306817539E-8,-3.07219858152892E-15));
#6160=DIRECTION('center_axis',(-4.3246630213382E-8,-0.999999999999996,7.23226226755612E-8));
#6161=DIRECTION('ref_axis',(-0.999999999999999,4.32466302133819E-8,-3.07219854765503E-15));
#6162=DIRECTION('center_axis',(-4.3246630681754E-8,-0.999999999999996,7.23226223347036E-8));
#6163=DIRECTION('ref_axis',(0.999999999999999,-4.32466306817539E-8,3.07219858152889E-15));
#6164=DIRECTION('center_axis',(-4.3246630681754E-8,-0.999999999999996,7.23226223347036E-8));
#6165=DIRECTION('ref_axis',(0.999999999999999,-4.32466306817539E-8,3.07219858152889E-15));
#6166=DIRECTION('',(-0.207911648516172,0.978147609725282,-7.07422005130844E-8));
#6167=DIRECTION('center_axis',(-4.3246630681754E-8,-0.999999999999996,7.23226223347036E-8));
#6168=DIRECTION('ref_axis',(-0.999999999999999,4.32466306817539E-8,-3.07219858152892E-15));
#6169=DIRECTION('center_axis',(4.3246630681754E-8,0.999999999999996,-7.23226223347036E-8));
#6170=DIRECTION('ref_axis',(-0.999999999999999,4.32466306817539E-8,-3.07219858152892E-15));
#6171=DIRECTION('center_axis',(-0.328680485331746,0.224859587253342,0.917282565288551));
#6172=DIRECTION('ref_axis',(-4.20030042136421E-8,-0.971243725935294,0.23808743106541));
#6173=DIRECTION('',(0.0508884087634697,0.974049326685387,-0.220540878381459));
#6174=DIRECTION('',(0.94139046576367,-1.63161836772111E-8,0.337318826882313));
#6175=DIRECTION('center_axis',(-0.901385760366383,-0.245841868373325,0.356462461927522));
#6176=DIRECTION('ref_axis',(-0.278904593642385,-0.300088320637776,-0.912227618230217));
#6177=DIRECTION('center_axis',(0.824759989058352,0.224859433505812,-0.518853732386993));
#6178=DIRECTION('ref_axis',(-0.263035667560301,0.96478610976273,-6.97758625184397E-8));
#6179=DIRECTION('',(0.316760224881406,-0.943786325697988,0.0945004304676544));
#6180=DIRECTION('',(-0.532490152227504,-3.81880805445142E-8,-0.846436198293013));
#6181=DIRECTION('center_axis',(4.3246630359785E-8,0.999999999999996,-7.23226239443875E-8));
#6182=DIRECTION('ref_axis',(-0.999999999999999,4.32466303597849E-8,-3.07219855824328E-15));
#6183=DIRECTION('center_axis',(-0.974391185970203,0.224859548837894,-1.62624373945095E-8));
#6184=DIRECTION('ref_axis',(-0.224859548837895,-0.9743911859702,7.0470527330131E-8));
#6185=DIRECTION('center_axis',(-0.974391185970203,0.224859548837894,-1.62624373945095E-8));
#6186=DIRECTION('ref_axis',(-0.224859548837895,-0.9743911859702,7.04705245606407E-8));
#6187=DIRECTION('center_axis',(0.974391185970203,-0.224859548837894,1.62624373945095E-8));
#6188=DIRECTION('ref_axis',(0.224859548837895,0.9743911859702,-7.04705245335703E-8));
#6189=DIRECTION('',(-0.224785868397446,-0.974071902273315,0.0255977063513788));
#6190=DIRECTION('center_axis',(-0.949443536633478,0.224859563603231,0.219077948230939));
#6191=DIRECTION('ref_axis',(-0.230457981348025,-0.97308227752487,7.03758634215679E-8));
#6192=DIRECTION('center_axis',(0.974391205419035,0.22485946455962,-1.62624209681745E-8));
#6193=DIRECTION('ref_axis',(-0.224859464559621,0.974391205419033,-7.04705287117572E-8));
#6194=DIRECTION('center_axis',(0.974391205419035,0.22485946455962,-1.62624209681745E-8));
#6195=DIRECTION('ref_axis',(0.224859464559621,-0.974391205419033,7.04705283411915E-8));
#6196=DIRECTION('',(0.161039675065202,-0.697838780165186,-0.697916370314137));
#6197=DIRECTION('center_axis',(-0.974391205419035,-0.22485946455962,1.62624209681745E-8));
#6198=DIRECTION('ref_axis',(0.224859464559621,-0.974391205419033,7.04705282888626E-8));
#6199=DIRECTION('center_axis',(-4.3246630359785E-8,-0.999999999999996,7.23226222363521E-8));
#6200=DIRECTION('ref_axis',(0.999999999999999,-4.32466303597849E-8,3.07219855824325E-15));
#6201=DIRECTION('',(0.0936149178623384,-0.974391184957086,0.204445752784335));
#6202=DIRECTION('center_axis',(4.3246630681754E-8,0.999999999999996,-7.23226223347036E-8));
#6203=DIRECTION('ref_axis',(0.999999999999999,-4.32466306817539E-8,3.07219858152889E-15));
#6204=DIRECTION('center_axis',(0.405664836397356,0.224859553228002,0.885931273763834));
#6205=DIRECTION('ref_axis',(-4.19175177623909E-8,-0.969267001106381,0.246011139110085));
#6206=DIRECTION('',(0.909215204263731,-6.94303147052639E-8,-0.416326449238644));
#6207=DIRECTION('center_axis',(0.416326449238648,4.77521185487298E-8,0.909215204263731));
#6208=DIRECTION('ref_axis',(0.909215204263731,-6.94302977659312E-8,-0.416326449238644));
#6209=DIRECTION('',(4.32466127670202E-8,0.999999999999996,-7.23226217239415E-8));
#6210=DIRECTION('',(4.32466127670202E-8,0.999999999999996,-7.23226217239415E-8));
#6211=DIRECTION('center_axis',(0.846436198293013,-7.51165823508404E-8,-0.5324901522275));
#6212=DIRECTION('ref_axis',(-0.532490152227504,-3.81880889310548E-8,-0.846436198293013));
#6213=DIRECTION('',(4.32466290975094E-8,0.999999999999996,-7.23226278823744E-8));
#6214=DIRECTION('center_axis',(4.32466127670202E-8,0.999999999999996,-7.23226217239415E-8));
#6215=DIRECTION('ref_axis',(0.779667328731009,1.15700167431704E-8,0.626193944804206));
#6216=DIRECTION('',(4.32466127670202E-8,0.999999999999996,-7.23226217239415E-8));
#6217=DIRECTION('center_axis',(-0.337318826882311,8.26717232351559E-8,0.941390465763667));
#6218=DIRECTION('ref_axis',(0.94139046576367,-1.63161673095783E-8,0.337318826882313));
#6219=DIRECTION('',(4.32466127670202E-8,0.999999999999996,-7.23226217239415E-8));
#6220=DIRECTION('center_axis',(0.974396680258479,-2.58786458157816E-8,0.224835738932346));
#6221=DIRECTION('ref_axis',(0.224835738932343,-8.01943343693405E-8,-0.974396680258477));
#6222=DIRECTION('center_axis',(4.32466127670202E-8,0.999999999999996,-7.23226217239415E-8));
#6223=DIRECTION('ref_axis',(0.996495321015876,-3.70453668747463E-8,0.0836485217649715));
#6224=DIRECTION('center_axis',(4.3246630681754E-8,0.999999999999996,-7.23226223347036E-8));
#6225=DIRECTION('ref_axis',(0.400498419603743,4.89488271426345E-8,0.916297449464366));
#6226=DIRECTION('',(4.3246630681754E-8,0.999999999999996,-7.23226223347036E-8));
#6227=DIRECTION('center_axis',(-4.3246630681754E-8,-0.999999999999996,7.23226223347036E-8));
#6228=DIRECTION('ref_axis',(-0.377334484338812,8.32947652182208E-8,0.926077041573084));
#6229=DIRECTION('',(4.3246630681754E-8,0.999999999999996,-7.23226223347036E-8));
#6230=DIRECTION('center_axis',(4.3246630681754E-8,0.999999999999996,-7.23226223347036E-8));
#6231=DIRECTION('ref_axis',(0.400498419603743,4.89488271426345E-8,0.916297449464366));
#6232=DIRECTION('',(4.3246630681754E-8,0.999999999999996,-7.23226223347036E-8));
#6233=DIRECTION('center_axis',(-4.3246630681754E-8,-0.999999999999996,7.23226223347036E-8));
#6234=DIRECTION('ref_axis',(-0.377334484338812,8.32947652182208E-8,0.926077041573084));
#6235=DIRECTION('',(4.3246630681754E-8,0.999999999999996,-7.23226223347036E-8));
#6236=DIRECTION('',(-4.3246630681754E-8,-0.999999999999996,7.23226223347036E-8));
#6237=DIRECTION('center_axis',(-4.3246630681754E-8,-0.999999999999996,7.23226223347036E-8));
#6238=DIRECTION('ref_axis',(0.400498419603743,4.89488271426345E-8,0.916297449464366));
#6239=DIRECTION('',(4.3246630681754E-8,0.999999999999996,-7.23226223347036E-8));
#6240=DIRECTION('center_axis',(4.3246630681754E-8,0.999999999999996,-7.23226223347036E-8));
#6241=DIRECTION('ref_axis',(-0.571019796443583,-3.46775830062934E-8,-0.820936289896803));
#6242=DIRECTION('center_axis',(-4.3246630681754E-8,-0.999999999999996,7.23226223347036E-8));
#6243=DIRECTION('ref_axis',(-0.571019796443583,-3.46775830062934E-8,-0.820936289896803));
#6244=DIRECTION('center_axis',(-4.3246630681754E-8,-0.999999999999996,7.23226223347036E-8));
#6245=DIRECTION('ref_axis',(0.456230891008985,4.462666366858E-8,0.889861435330887));
#6246=DIRECTION('center_axis',(4.3246630681754E-8,0.999999999999996,-7.23226223347036E-8));
#6247=DIRECTION('ref_axis',(0.456230891008985,4.462666366858E-8,0.889861435330887));
#6248=DIRECTION('',(-4.3246630681754E-8,-0.999999999999996,7.23226223347036E-8));
#6249=DIRECTION('center_axis',(4.3246630681754E-8,0.999999999999996,-7.23226223347036E-8));
#6250=DIRECTION('ref_axis',(-0.999999999999999,4.32466306817535E-8,-8.42902467536648E-15));
#6251=DIRECTION('',(5.68342867187069E-15,-7.23226223347039E-8,-0.999999999999997));
#6252=DIRECTION('center_axis',(-4.3246630681754E-8,-0.999999999999996,7.23226223347036E-8));
#6253=DIRECTION('ref_axis',(-0.302927203260098,8.20250306791229E-8,0.95301369849809));
#6254=DIRECTION('',(-5.30131493732159E-15,7.23226223347039E-8,0.999999999999997));
#6255=DIRECTION('center_axis',(4.3246630681754E-8,0.999999999999996,-7.23226223347036E-8));
#6256=DIRECTION('ref_axis',(-0.302927203260098,8.20250306791229E-8,0.95301369849809));
#6257=DIRECTION('',(4.3246630681754E-8,0.999999999999996,-7.23226223347036E-8));
#6258=DIRECTION('center_axis',(-4.3246630681754E-8,-0.999999999999996,7.23226223347036E-8));
#6259=DIRECTION('ref_axis',(-0.302927203260098,8.20250306791229E-8,0.95301369849809));
#6260=DIRECTION('',(4.3246630681754E-8,0.999999999999996,-7.23226223347036E-8));
#6261=DIRECTION('center_axis',(-0.999999999999999,4.32466306817535E-8,-8.42902467536648E-15));
#6262=DIRECTION('ref_axis',(-5.30131493732158E-15,7.23226223347039E-8,0.999999999999997));
#6263=DIRECTION('',(4.3246630681754E-8,0.999999999999996,-7.23226223347036E-8));
#6264=DIRECTION('',(-5.30131493732159E-15,7.23226223347039E-8,0.999999999999997));
#6265=DIRECTION('center_axis',(-4.3246630681754E-8,-0.999999999999996,7.23226223347036E-8));
#6266=DIRECTION('ref_axis',(0.999999999999999,-4.32466306817535E-8,8.42902467536648E-15));
#6267=DIRECTION('',(0.642787676656398,2.76039376280247E-8,0.766044386924589));
#6268=DIRECTION('',(-5.30131493732159E-15,7.23226223347039E-8,0.999999999999997));
#6269=DIRECTION('',(-0.999999999999999,4.32466369944235E-8,-8.42902513191533E-15));
#6270=DIRECTION('',(5.30131493732159E-15,-7.23226223347039E-8,-0.999999999999997));
#6271=DIRECTION('',(0.642787542716941,-8.32007424821129E-8,-0.766044499313134));
#6272=DIRECTION('center_axis',(4.3246630681754E-8,0.999999999999996,-7.23226223347036E-8));
#6273=DIRECTION('ref_axis',(0.578242336357486,-8.40125335667208E-8,-0.815865062644448));
#6274=DIRECTION('center_axis',(-4.3246630681754E-8,-0.999999999999996,7.23226223347036E-8));
#6275=DIRECTION('ref_axis',(0.578242336357486,-8.40125335667208E-8,-0.815865062644448));
#6276=DIRECTION('center_axis',(0.999999999999999,-4.32466306817535E-8,8.42902467536648E-15));
#6277=DIRECTION('ref_axis',(4.3246630681754E-8,0.999999999999996,-7.23226223347036E-8));
#6278=DIRECTION('',(5.30131444638452E-15,-7.23226336867343E-8,-0.999999999999997));
#6279=DIRECTION('',(4.3246630681754E-8,0.999999999999996,-7.23226223347036E-8));
#6280=DIRECTION('',(-5.30131493732159E-15,7.23226223347039E-8,0.999999999999997));
#6281=DIRECTION('',(-4.3246630681754E-8,-0.999999999999996,7.23226223347036E-8));
#6282=DIRECTION('center_axis',(0.999999999999999,-4.32466306817535E-8,8.81113840991558E-15));
#6283=DIRECTION('ref_axis',(5.68342867187068E-15,-7.23226223347039E-8,-0.999999999999997));
#6284=DIRECTION('',(5.68342867187069E-15,-7.23226223347039E-8,-0.999999999999997));
#6285=DIRECTION('',(4.3246630681754E-8,0.999999999999996,-7.23226223347036E-8));
#6286=DIRECTION('center_axis',(0.766044386924588,-7.96169290673806E-8,-0.642787676656395));
#6287=DIRECTION('ref_axis',(-0.642787676656398,-2.76039376280247E-8,-0.766044386924589));
#6288=DIRECTION('',(-0.642787676656398,-2.76039376280247E-8,-0.766044386924589));
#6289=DIRECTION('',(4.3246630681754E-8,0.999999999999996,-7.23226223347036E-8));
#6290=DIRECTION('',(4.3246630681754E-8,0.999999999999996,-7.23226223347036E-8));
#6291=DIRECTION('center_axis',(0.999999999999999,-4.32466306817535E-8,8.42902467536648E-15));
#6292=DIRECTION('ref_axis',(5.30131493732158E-15,-7.23226223347039E-8,-0.999999999999997));
#6293=DIRECTION('',(-5.30131493732159E-15,7.23226223347039E-8,0.999999999999997));
#6294=DIRECTION('',(4.3246630681754E-8,0.999999999999996,-7.23226223347036E-8));
#6295=DIRECTION('center_axis',(-0.999999999999999,4.32466306817535E-8,-8.42902467536648E-15));
#6296=DIRECTION('ref_axis',(-5.30131493732158E-15,7.23226223347039E-8,0.999999999999997));
#6297=DIRECTION('',(5.30131493732159E-15,-7.23226223347039E-8,-0.999999999999997));
#6298=DIRECTION('',(4.3246630681754E-8,0.999999999999996,-7.23226223347036E-8));
#6299=DIRECTION('',(4.3246630681754E-8,0.999999999999996,-7.23226223347036E-8));
#6300=DIRECTION('center_axis',(-0.766044499313137,-1.33592371457853E-8,
-0.642787542716942));
#6301=DIRECTION('ref_axis',(-0.642787542716941,8.32007424821129E-8,0.766044499313134));
#6302=DIRECTION('',(4.3246630681754E-8,0.999999999999996,-7.23226223347036E-8));
#6303=DIRECTION('',(-0.642787542716941,8.32007424821129E-8,0.766044499313134));
#6304=DIRECTION('center_axis',(-1.50928034678652E-9,-0.0348995689810637,
-0.99939082449507));
#6305=DIRECTION('ref_axis',(-4.32202861878407E-8,-0.999390824495069,0.0348995689810637));
#6306=DIRECTION('',(-4.32202861878407E-8,-0.999390824495069,0.0348995689810638));
#6307=DIRECTION('',(0.999999999999999,-4.32466306817535E-8,8.42902467536648E-15));
#6308=DIRECTION('',(4.32202862710149E-8,0.999390824495069,-0.0348995689810638));
#6309=DIRECTION('',(-0.706891277012494,0.706891336368532,-0.024685239532069));
#6310=DIRECTION('',(-0.999999999999999,4.32466306948126E-8,-8.42948070987338E-15));
#6311=DIRECTION('',(-0.706891338153829,-0.706891275227198,0.0246852395320572));
#6312=DIRECTION('',(-4.32202862710149E-8,-0.999390824495069,0.0348995689810638));
#6313=DIRECTION('',(0.999999999999999,-4.32466306817535E-8,8.42902467536648E-15));
#6314=DIRECTION('',(4.32202861878407E-8,0.999390824495069,-0.0348995689810638));
#6315=DIRECTION('',(0.707106811747904,0.706675998476093,-0.0246777218869919));
#6316=DIRECTION('',(0.999999999999999,-4.32466306817535E-8,8.42902467536648E-15));
#6317=DIRECTION('',(0.707106750625189,-0.706676059636064,0.0246777218870038));
#6318=DIRECTION('center_axis',(-0.999999999999999,4.32466306817535E-8,-8.42902467536648E-15));
#6319=DIRECTION('ref_axis',(4.32202861878408E-8,0.999390824495069,-0.0348995689810637));
#6320=DIRECTION('',(4.32202861878407E-8,0.999390824495069,-0.0348995689810638));
#6321=DIRECTION('',(-1.50928034678652E-9,-0.0348995689810637,-0.99939082449507));
#6322=DIRECTION('',(-4.32202861878407E-8,-0.999390824495069,0.0348995689810637));
#6323=DIRECTION('',(-1.50928034678652E-9,-0.0348995689810637,-0.99939082449507));
#6324=DIRECTION('center_axis',(-4.32202862009078E-8,-0.999390824495069,
0.0348995689810637));
#6325=DIRECTION('ref_axis',(0.999999999999999,-4.32466306948126E-8,8.42948070916252E-15));
#6326=DIRECTION('',(0.999999999999999,-4.32466306948126E-8,8.42948070987338E-15));
#6327=DIRECTION('',(1.50928034678652E-9,0.0348995689810636,0.99939082449507));
#6328=DIRECTION('',(-0.999999999999999,4.32466311016488E-8,3.22075968163886E-15));
#6329=DIRECTION('',(1.50928034678652E-9,0.0348995689810636,0.99939082449507));
#6330=DIRECTION('center_axis',(0.999999999999999,-4.3246630764877E-8,8.43192741742872E-15));
#6331=DIRECTION('ref_axis',(4.32202862710149E-8,0.999390824495069,-0.0348995689810637));
#6332=DIRECTION('',(4.32202862710149E-8,0.999390824495069,-0.0348995689810637));
#6333=DIRECTION('',(1.50928034678652E-9,0.0348995689810636,0.99939082449507));
#6334=DIRECTION('',(-4.32202862710149E-8,-0.999390824495069,0.0348995689810663));
#6335=DIRECTION('',(-1.50928034678652E-9,-0.0348995689810636,-0.99939082449507));
#6336=DIRECTION('center_axis',(0.707322158597543,-0.706460717303236,0.0246702019511188));
#6337=DIRECTION('ref_axis',(0.70689133815383,0.706891275227197,-0.0246852395320571));
#6338=DIRECTION('',(0.706891338153829,0.706891275227198,-0.0246852395320571));
#6339=DIRECTION('',(-0.70689133815383,-0.706891275227197,0.0246852395320673));
#6340=DIRECTION('center_axis',(-1.50929200412839E-9,-0.0348995689810663,
-0.99939082449507));
#6341=DIRECTION('ref_axis',(-4.32202861878407E-8,-0.999390824495069,0.0348995689810663));
#6342=DIRECTION('',(-4.32202862636565E-8,-0.999390824495069,0.0348995689810663));
#6343=DIRECTION('',(0.999999999999999,-4.32466306817535E-8,8.42902467536648E-15));
#6344=DIRECTION('',(4.32202862710149E-8,0.999390824495069,-0.0348995689810663));
#6345=DIRECTION('',(-0.706891277012494,0.706891336368532,-0.0246852395320627));
#6346=DIRECTION('',(0.999999999999999,-4.32466306817535E-8,8.42902467536648E-15));
#6347=DIRECTION('',(4.32202861878407E-8,0.999390824495069,-0.0348995689810663));
#6348=DIRECTION('',(0.707106811747904,0.706675998476092,-0.024677721887002));
#6349=DIRECTION('',(0.999999999999999,-4.32466306817543E-8,-3.23542274940598E-15));
#6350=DIRECTION('',(0.707106750625189,-0.706676059636064,0.0246777218869974));
#6351=DIRECTION('center_axis',(-0.999999999999999,4.3246630764877E-8,-8.43192741742872E-15));
#6352=DIRECTION('ref_axis',(-4.32202862710149E-8,-0.999390824495069,0.0348995689810637));
#6353=DIRECTION('',(-4.32202862710149E-8,-0.999390824495069,0.0348995689810637));
#6354=DIRECTION('',(-1.50928034678652E-9,-0.0348995689810636,-0.99939082449507));
#6355=DIRECTION('',(1.50928034678652E-9,0.0348995689810636,0.99939082449507));
#6356=DIRECTION('center_axis',(-0.707322219701633,-0.706460656124633,0.0246702019511069));
#6357=DIRECTION('ref_axis',(0.706891277012495,-0.706891336368532,0.024685239532069));
#6358=DIRECTION('',(0.706891277012494,-0.706891336368532,0.024685239532069));
#6359=DIRECTION('center_axis',(-0.999999999999999,4.32466311643593E-8,3.21856977884486E-15));
#6360=DIRECTION('ref_axis',(4.32202862636565E-8,0.999390824495069,-0.034899568981067));
#6361=DIRECTION('',(4.32202862636565E-8,0.999390824495069,-0.0348995689810663));
#6362=DIRECTION('',(-1.50929200412839E-9,-0.0348995689810663,-0.99939082449507));
#6363=DIRECTION('',(-4.32202862636565E-8,-0.999390824495069,0.0348995689810637));
#6364=DIRECTION('',(-1.50929200412839E-9,-0.0348995689810663,-0.99939082449507));
#6365=DIRECTION('center_axis',(3.16285798161699E-8,0.731353750943079,0.681998307169078));
#6366=DIRECTION('ref_axis',(-0.999999999999999,4.32466306817535E-8,-8.42902471819843E-15));
#6367=DIRECTION('',(-0.577350293271476,-0.55684926103359,0.597147837093701));
#6368=DIRECTION('',(-0.999999999999999,4.32466306817535E-8,-8.42902467536648E-15));
#6369=DIRECTION('',(0.577350245107768,-0.556849310970497,0.597147837093699));
#6370=DIRECTION('center_axis',(-0.500000020542912,-0.475017668737212,0.724125813546619));
#6371=DIRECTION('ref_axis',(0.688762952903842,-0.724986616915911,5.24329373807752E-8));
#6372=DIRECTION('',(0.707106750625189,-0.706676059636064,0.0246777218870037));
#6373=DIRECTION('',(0.822892442378005,5.5061840636912E-9,0.568197173767312));
#6374=DIRECTION('',(-0.30705546480296,-0.684589702058832,-0.661100507766888));
#6375=DIRECTION('',(0.678598357718609,0.304596168227535,0.668375226353213));
#6376=DIRECTION('center_axis',(-3.00416378106761E-8,-0.694658318434454,
0.719339850578164));
#6377=DIRECTION('ref_axis',(0.999999999999999,-4.32466306817535E-8,8.42902464540653E-15));
#6378=DIRECTION('',(0.999999999999999,-4.32466306817535E-8,8.42902467536648E-15));
#6379=DIRECTION('',(0.307055405590543,-0.684589728617066,-0.66110050776689));
#6380=DIRECTION('center_axis',(0.499999979457077,-0.47501771198385,0.724125813546617));
#6381=DIRECTION('ref_axis',(0.688763015610297,0.724986557342553,-5.24329257234335E-8));
#6382=DIRECTION('',(0.822892442378005,-7.66808351563473E-8,-0.568197173767308));
#6383=DIRECTION('',(0.707106811747904,0.706675998476093,-0.0246777218869919));
#6384=DIRECTION('',(0.678598331373092,-0.304596226921719,-0.668375226353213));
#6385=DIRECTION('center_axis',(0.707106782253785,0.0246776913070114,0.706676029056069));
#6386=DIRECTION('ref_axis',(-0.0348782195220524,0.999391569807834,-7.22786192425273E-8));
#6387=DIRECTION('',(4.32202861878407E-8,0.999390824495069,-0.0348995689810637));
#6388=DIRECTION('center_axis',(-0.707106780119325,0.0246777524669837,0.706676029056072));
#6389=DIRECTION('ref_axis',(-0.0348783059626902,-0.999391566791099,7.2278618673538E-8));
#6390=DIRECTION('center_axis',(0.999999999999999,-4.32466310885897E-8,-3.22121571614575E-15));
#6391=DIRECTION('ref_axis',(-4.32202861878408E-8,-0.999390824495069,0.0348995689810663));
#6392=DIRECTION('',(-4.32202861878407E-8,-0.999390824495069,0.0348995689810663));
#6393=DIRECTION('',(-1.50929200412839E-9,-0.0348995689810663,-0.99939082449507));
#6394=DIRECTION('',(-1.50929200412839E-9,-0.0348995689810663,-0.99939082449507));
#6395=DIRECTION('center_axis',(0.707106750625189,-0.706676059636065,0.0246777218869974));
#6396=DIRECTION('ref_axis',(-0.707106811747905,-0.706675998476092,0.0246777218869978));
#6397=DIRECTION('',(-0.707106811747904,-0.706675998476092,0.024677721887002));
#6398=DIRECTION('',(-0.0348782627423684,7.37869863062502E-8,0.999391568299467));
#6399=DIRECTION('center_axis',(-4.3246630681754E-8,-0.999999999999996,7.23226223347036E-8));
#6400=DIRECTION('ref_axis',(0.999999999999999,-4.32466306817535E-8,8.42902467536648E-15));
#6401=DIRECTION('',(-0.809436869760827,7.74737608721778E-8,0.587206908910128));
#6402=DIRECTION('',(-0.999999999999999,4.32466306817543E-8,3.23542274940598E-15));
#6403=DIRECTION('',(-0.809436869760772,-7.46292613870266E-9,-0.587206908910209));
#6404=DIRECTION('',(-0.034878262742381,-7.07702516109688E-8,-0.999391568299467));
#6405=DIRECTION('center_axis',(-0.707106811747905,-0.706675998476092,0.024677721887002));
#6406=DIRECTION('ref_axis',(-0.707106750625189,0.706676059636064,-0.0246777218870056));
#6407=DIRECTION('',(-0.707106750625189,0.706676059636064,-0.0246777218869974));
#6408=DIRECTION('center_axis',(0.707106780119317,-0.0246777524669858,-0.70667602905608));
#6409=DIRECTION('ref_axis',(0.0348783059626936,0.999391566791099,-7.22786186596602E-8));
#6410=DIRECTION('',(0.707106782253776,0.0246776913070135,0.706676029056078));
#6411=DIRECTION('',(0.678598333421492,-0.257230647449887,0.687994691760108));
#6412=DIRECTION('center_axis',(0.499999977322627,-0.524373155757851,-0.689226244565545));
#6413=DIRECTION('ref_axis',(0.723726296651873,0.690087130393375,-4.99089068961567E-8));
#6414=DIRECTION('',(0.254400646302172,-0.671803311662921,0.695672783426065));
#6415=DIRECTION('center_axis',(-3.11090271001357E-8,-0.719339850578168,
-0.69465831843445));
#6416=DIRECTION('ref_axis',(0.999999999999999,-4.32466419459794E-8,8.42902549243948E-15));
#6417=DIRECTION('',(-0.254400704408823,-0.67180328965894,0.695672783426031));
#6418=DIRECTION('center_axis',(-0.500000022677319,-0.524373112511168,-0.689226244565622));
#6419=DIRECTION('ref_axis',(0.723726236963976,-0.690087192990828,4.99089192751434E-8));
#6420=DIRECTION('',(-0.678598355670272,-0.257230588755738,0.68799469176003));
#6421=DIRECTION('center_axis',(-0.707106782253696,-0.0246776913070164,-0.706676029056158));
#6422=DIRECTION('ref_axis',(0.0348782195220638,-0.999391569807834,7.22786192876302E-8));
#6423=DIRECTION('',(0.707106780119397,-0.0246777524669829,-0.706676029056));
#6424=DIRECTION('center_axis',(1.50928034678652E-9,0.0348995689810636,0.99939082449507));
#6425=DIRECTION('ref_axis',(-0.999999999999999,4.32466306817535E-8,-8.42902467456465E-15));
#6426=DIRECTION('',(4.32202861878407E-8,0.999390824495069,-0.0348995689810637));
#6427=DIRECTION('',(-0.707106750625189,0.706676059636064,-0.0246777218870037));
#6428=DIRECTION('',(-0.999999999999999,4.32466306817535E-8,-8.42902467536648E-15));
#6429=DIRECTION('',(-0.707106811747904,-0.706675998476093,0.0246777218869919));
#6430=DIRECTION('',(-4.32202861878407E-8,-0.999390824495069,0.0348995689810637));
#6431=DIRECTION('',(-0.999999999999999,4.32466306817535E-8,-8.42902467536648E-15));
#6432=DIRECTION('',(-0.999999999999999,4.32466306817535E-8,-8.42902467536648E-15));
#6433=DIRECTION('center_axis',(-0.50000002054292,-0.47501766873722,0.724125813546608));
#6434=DIRECTION('ref_axis',(0.688762952903842,-0.72498661691591,5.2432937658331E-8));
#6435=DIRECTION('',(0.707106750625189,-0.706676059636064,0.0246777218870037));
#6436=DIRECTION('',(0.822892442377997,5.5061840636924E-9,0.568197173767324));
#6437=DIRECTION('',(-0.307055464802919,-0.684589702058845,-0.661100507766894));
#6438=DIRECTION('',(0.678598357718603,0.304596168227534,0.668375226353221));
#6439=DIRECTION('center_axis',(0.499999979457075,-0.475017711983848,0.72412581354662));
#6440=DIRECTION('ref_axis',(0.688763015610296,0.724986557342554,-5.24329248630107E-8));
#6441=DIRECTION('',(0.707106811747904,0.706675998476093,-0.0246777218869919));
#6442=DIRECTION('',(0.678598331373103,-0.304596226921718,-0.668375226353202));
#6443=DIRECTION('',(-0.307055405590545,0.684589728617069,0.661100507766885));
#6444=DIRECTION('',(0.822892442378006,-7.66808351563472E-8,-0.568197173767306));
#6445=DIRECTION('center_axis',(0.707106782253761,0.0246776913070122,0.706676029056093));
#6446=DIRECTION('ref_axis',(-0.0348782195220548,0.999391569807834,-7.22786191835467E-8));
#6447=DIRECTION('',(4.32202861878407E-8,0.999390824495069,-0.0348995689810637));
#6448=DIRECTION('',(-0.707106780119332,0.0246777524669852,0.706676029056065));
#6449=DIRECTION('center_axis',(-3.00416378106759E-8,-0.69465831843445,0.719339850578168));
#6450=DIRECTION('ref_axis',(0.999999999999999,-4.32466306817535E-8,8.42902461893675E-15));
#6451=DIRECTION('',(0.999999999999999,-4.32466306817535E-8,8.42902467536648E-15));
#6452=DIRECTION('center_axis',(-0.707106780119325,0.0246777524669836,0.706676029056073));
#6453=DIRECTION('ref_axis',(-0.0348783059626901,-0.999391566791099,7.22786186214963E-8));
#6454=DIRECTION('',(-0.707106782253769,-0.0246776913070137,-0.706676029056085));
#6455=DIRECTION('center_axis',(0.999999999999999,-4.32466306817535E-8,8.42902467536648E-15));
#6456=DIRECTION('ref_axis',(-4.32202861878408E-8,-0.999390824495069,0.0348995689810643));
#6457=DIRECTION('',(-4.32202861878407E-8,-0.999390824495069,0.0348995689810638));
#6458=DIRECTION('',(-1.50928034678652E-9,-0.0348995689810637,-0.99939082449507));
#6459=DIRECTION('',(-1.50928034678652E-9,-0.0348995689810637,-0.99939082449507));
#6460=DIRECTION('center_axis',(0.707106750625189,-0.706676059636064,0.0246777218870038));
#6461=DIRECTION('ref_axis',(-0.707106811747905,-0.706675998476092,0.0246777218869919));
#6462=DIRECTION('',(-0.707106811747904,-0.706675998476093,0.0246777218869919));
#6463=DIRECTION('',(-0.0348782627423774,7.37869863062505E-8,0.999391568299467));
#6464=DIRECTION('center_axis',(-4.3246630681754E-8,-0.999999999999996,7.23226223347036E-8));
#6465=DIRECTION('ref_axis',(0.999999999999999,-4.32466306817535E-8,8.42902467536648E-15));
#6466=DIRECTION('',(-0.809436869760771,7.74737608721808E-8,0.587206908910205));
#6467=DIRECTION('',(-0.999999999999999,4.32466306817535E-8,-8.42902467536648E-15));
#6468=DIRECTION('',(-0.809436869760764,-7.46292613870381E-9,-0.58720690891022));
#6469=DIRECTION('',(-0.0348782627423668,-7.07702516109695E-8,-0.999391568299468));
#6470=DIRECTION('center_axis',(-0.707106811747905,-0.706675998476092,0.0246777218869919));
#6471=DIRECTION('ref_axis',(-0.707106750625189,0.706676059636065,-0.0246777218870038));
#6472=DIRECTION('',(-0.707106750625189,0.706676059636064,-0.0246777218870038));
#6473=DIRECTION('center_axis',(0.707106780119333,-0.0246777524669834,-0.706676029056065));
#6474=DIRECTION('ref_axis',(0.0348783059626894,0.999391566791099,-7.22786186457825E-8));
#6475=DIRECTION('',(0.707106782253761,0.024677691307014,0.706676029056093));
#6476=DIRECTION('',(0.678598333421482,-0.257230647449887,0.687994691760118));
#6477=DIRECTION('center_axis',(0.499999977322636,-0.52437315575785,-0.68922624456554));
#6478=DIRECTION('ref_axis',(0.723726296651866,0.690087130393382,-4.99089068684011E-8));
#6479=DIRECTION('',(0.254400646302147,-0.67180331166293,0.695672783426066));
#6480=DIRECTION('center_axis',(-3.11090189973293E-8,-0.71933985057816,-0.694658318434459));
#6481=DIRECTION('ref_axis',(0.999999999999999,-4.32466306817535E-8,8.42902472812459E-15));
#6482=DIRECTION('',(-0.254400704408629,-0.671803289658984,0.695672783426059));
#6483=DIRECTION('center_axis',(-0.500000022677366,-0.524373112511219,-0.689226244565549));
#6484=DIRECTION('ref_axis',(0.723726236963977,-0.690087192990827,4.9908919497188E-8));
#6485=DIRECTION('',(-0.678598355670208,-0.257230588755704,0.687994691760107));
#6486=DIRECTION('center_axis',(-0.707106782253769,-0.024677691307012,-0.706676029056085));
#6487=DIRECTION('ref_axis',(0.0348782195220541,-0.999391569807834,7.22786192008939E-8));
#6488=DIRECTION('',(0.707106780119324,-0.0246777524669854,-0.706676029056073));
#6489=DIRECTION('center_axis',(-1.5092888073644E-9,-0.0348995689810664,
-0.99939082449507));
#6490=DIRECTION('ref_axis',(0.999999999999999,-4.32466309757942E-8,-2.6442053748335E-17));
#6491=DIRECTION('',(-4.32202861878407E-8,-0.999390824495069,0.0348995689810664));
#6492=DIRECTION('',(0.999999999999999,-4.3246630977024E-8,-2.63991086102856E-17));
#6493=DIRECTION('',(-4.32202861878407E-8,-0.999390824495069,0.0348995689810664));
#6494=DIRECTION('center_axis',(-0.999999999999999,4.3246630764877E-8,-8.43192741742872E-15));
#6495=DIRECTION('ref_axis',(-4.32202862710149E-8,-0.999390824495069,0.0348995689810637));
#6496=DIRECTION('',(-4.32202861878407E-8,-0.999390824495069,0.0348995689810664));
#6497=DIRECTION('',(-1.50928034678652E-9,-0.0348995689810636,-0.99939082449507));
#6498=DIRECTION('',(1.5092678567776E-9,0.0348995689810661,0.99939082449507));
#6499=DIRECTION('center_axis',(0.999999999999999,-4.3246630764877E-8,8.43192741742872E-15));
#6500=DIRECTION('ref_axis',(4.32202862710149E-8,0.999390824495069,-0.0348995689810637));
#6501=DIRECTION('',(-1.50929283679565E-9,-0.0348995689810661,-0.99939082449507));
#6502=DIRECTION('',(-1.50928034678652E-9,-0.0348995689810636,-0.99939082449507));
#6503=DIRECTION('center_axis',(0.707322158597543,-0.706460717303236,0.0246702019511188));
#6504=DIRECTION('ref_axis',(0.70689133815383,0.706891275227197,-0.0246852395320571));
#6505=DIRECTION('',(1.50928034678652E-9,0.0348995689810636,0.99939082449507));
#6506=DIRECTION('center_axis',(-0.707322219701633,-0.706460656124633,0.0246702019511069));
#6507=DIRECTION('ref_axis',(0.706891277012495,-0.706891336368532,0.024685239532069));
#6508=DIRECTION('',(1.50928034678652E-9,0.0348995689810636,0.99939082449507));
#6509=DIRECTION('center_axis',(-4.32202862009078E-8,-0.999390824495069,
0.0348995689810637));
#6510=DIRECTION('ref_axis',(0.999999999999999,-4.32466306948126E-8,8.42948070916252E-15));
#6511=DIRECTION('center_axis',(4.3246630681754E-8,0.999999999999996,-7.23226223347036E-8));
#6512=DIRECTION('ref_axis',(-0.999999999999999,4.32466306817535E-8,-8.42902467536648E-15));
#6513=DIRECTION('center_axis',(4.3246630681754E-8,0.999999999999996,-7.23226223347036E-8));
#6514=DIRECTION('ref_axis',(-0.47183967660384,8.4171201587368E-8,0.881684365054965));
#6515=DIRECTION('center_axis',(-4.3246630681754E-8,-0.999999999999996,7.23226223347036E-8));
#6516=DIRECTION('ref_axis',(-0.278973828601111,8.15159987105387E-8,0.960298705068184));
#6517=DIRECTION('center_axis',(4.3246630681754E-8,0.999999999999996,-7.23226223347036E-8));
#6518=DIRECTION('ref_axis',(-0.278973828601111,8.15159987105387E-8,0.960298705068184));
#6519=DIRECTION('',(-4.3246630681754E-8,-0.999999999999996,7.23226223347036E-8));
#6520=DIRECTION('center_axis',(4.3246630681754E-8,0.999999999999996,-7.23226223347036E-8));
#6521=DIRECTION('ref_axis',(-0.278973828601111,8.15159987105387E-8,0.960298705068184));
#6522=DIRECTION('center_axis',(4.3246630681754E-8,0.999999999999996,-7.23226223347036E-8));
#6523=DIRECTION('ref_axis',(-0.999999999999999,4.32466307851457E-8,-9.03580357613974E-15));
#6524=DIRECTION('center_axis',(4.3246630681754E-8,0.999999999999996,-7.23226223347036E-8));
#6525=DIRECTION('ref_axis',(-0.47183967660384,8.4171201587368E-8,0.881684365054965));
#6526=DIRECTION('center_axis',(-1.50926765725635E-9,-0.0348995689810664,
-0.99939082449507));
#6527=DIRECTION('ref_axis',(0.999999999999999,-4.32466302381193E-8,2.11107977490592E-14));
#6528=DIRECTION('',(4.32202861878407E-8,0.999390824495069,-0.0348995689810664));
#6529=DIRECTION('',(0.999999999999999,-4.32466302388943E-8,2.11108248160275E-14));
#6530=DIRECTION('center_axis',(4.3246630681754E-8,0.999999999999996,-7.23226223347036E-8));
#6531=DIRECTION('ref_axis',(-0.707106781186552,8.17198025046009E-8,0.707106781186538));
#6532=DIRECTION('center_axis',(-0.826599246739811,0.0196411982742281,0.562448138604377));
#6533=DIRECTION('ref_axis',(-0.0162385122693868,-0.999807093058632,0.0110493162198288));
#6534=DIRECTION('center_axis',(-4.32202861878407E-8,-0.999390824495069,
0.0348995689810662));
#6535=DIRECTION('ref_axis',(1.50927805834654E-9,0.0348995689810662,0.99939082449507));
#6536=DIRECTION('',(4.3246630681754E-8,0.999999999999996,-7.23226223347036E-8));
#6537=DIRECTION('center_axis',(-4.3246630681754E-8,-0.999999999999996,7.23226223347036E-8));
#6538=DIRECTION('ref_axis',(-0.707106781186552,8.17198025046009E-8,0.707106781186538));
#6539=DIRECTION('center_axis',(4.3246630681754E-8,0.999999999999996,-7.23226223347036E-8));
#6540=DIRECTION('ref_axis',(-0.999999999999999,4.32466306817535E-8,-8.42902467536648E-15));
#6541=DIRECTION('',(-0.562556660264949,-3.54646795458625E-8,-0.826758733846547));
#6542=DIRECTION('',(0.999999999999999,-4.32466306817535E-8,8.42902467536648E-15));
#6543=DIRECTION('',(0.999999999999999,-4.32466306817535E-8,8.42902467536648E-15));
#6544=DIRECTION('center_axis',(-0.826599246739811,0.0196411982742281,0.562448138604377));
#6545=DIRECTION('ref_axis',(-0.0237546976726162,-0.999717817355716,7.23022140006191E-8));
#6546=DIRECTION('',(-0.562790978329587,-0.0288479331221238,-0.826095703575202));
#6547=DIRECTION('center_axis',(4.3246630681754E-8,0.999999999999996,-7.23226223347036E-8));
#6548=DIRECTION('ref_axis',(-0.999999999999999,4.32466306817535E-8,-8.42902467536648E-15));
#6549=DIRECTION('',(-0.562556660264959,8.41220397939407E-8,0.826758733846537));
#6550=DIRECTION('',(-0.999999999999999,4.32466306817535E-8,-8.42902467536648E-15));
#6551=DIRECTION('',(5.30131493732159E-15,-7.23226223347039E-8,-0.999999999999997));
#6552=DIRECTION('',(-0.999999999999999,4.32466306817535E-8,-8.42902467536648E-15));
#6553=DIRECTION('center_axis',(-4.3246630681754E-8,-0.999999999999996,7.23226223347036E-8));
#6554=DIRECTION('ref_axis',(0.707106781186544,2.05598308675245E-8,0.70710678118655));
#6555=DIRECTION('center_axis',(4.3246630681754E-8,0.999999999999996,-7.23226223347036E-8));
#6556=DIRECTION('ref_axis',(0.707106781186544,2.05598308675245E-8,0.70710678118655));
#6557=DIRECTION('center_axis',(0.826599248438629,0.0196411267789633,0.562448138604393));
#6558=DIRECTION('ref_axis',(0.0162384257928103,-0.99980709446315,0.0110493162198292));
#6559=DIRECTION('',(-4.3246630681754E-8,-0.999999999999996,7.23226223347036E-8));
#6560=DIRECTION('center_axis',(-4.32202861878407E-8,-0.999390824495069,
0.0348995689810662));
#6561=DIRECTION('ref_axis',(1.50928263522671E-9,0.0348995689810662,0.99939082449507));
#6562=DIRECTION('center_axis',(4.32202861878407E-8,0.999390824495069,-0.0348995689810662));
#6563=DIRECTION('ref_axis',(-0.999999999999999,4.32466306817535E-8,-8.4290246724967E-15));
#6564=DIRECTION('',(-0.562790975834448,0.028847981799751,0.826095703575191));
#6565=DIRECTION('',(0.999999999999999,-4.32466306817535E-8,8.42902467536648E-15));
#6566=DIRECTION('center_axis',(0.826599248438629,0.0196411267789633,0.562448138604393));
#6567=DIRECTION('ref_axis',(-0.0237546112037616,0.999717819410334,-7.23022143909319E-8));
#6568=DIRECTION('center_axis',(-4.3246630681754E-8,-0.999999999999996,7.23226223347036E-8));
#6569=DIRECTION('ref_axis',(5.30131493732159E-15,-7.23226223347039E-8,-0.999999999999997));
#6570=DIRECTION('',(0.999999999999999,-4.32466306817535E-8,8.42902467536648E-15));
#6571=DIRECTION('',(0.999999999999999,-4.32466306817535E-8,8.42902467536648E-15));
#6572=DIRECTION('center_axis',(5.30131493732159E-15,-7.23226223347039E-8,
-0.999999999999997));
#6573=DIRECTION('ref_axis',(4.3246630681754E-8,0.999999999999996,-7.23226223347036E-8));
#6574=DIRECTION('',(-4.3246630681754E-8,-0.999999999999996,7.23226223347036E-8));
#6575=DIRECTION('',(-0.999999999999999,4.32466310427105E-8,-8.54004700393387E-15));
#6576=DIRECTION('center_axis',(-5.30131493732159E-15,7.23226223347039E-8,
0.999999999999997));
#6577=DIRECTION('ref_axis',(4.3246630681754E-8,0.999999999999996,-7.23226223347036E-8));
#6578=DIRECTION('',(-0.999999999999999,4.32466310427105E-8,-8.54004700393387E-15));
#6579=DIRECTION('',(4.3246630681754E-8,0.999999999999996,-7.23226223347036E-8));
#6580=DIRECTION('center_axis',(-0.999999999999999,4.32466306817535E-8,-8.42902467536648E-15));
#6581=DIRECTION('ref_axis',(-4.3246630681754E-8,-0.999999999999996,7.23226223347036E-8));
#6582=DIRECTION('',(-5.30131444638452E-15,7.23226336867343E-8,0.999999999999997));
#6583=DIRECTION('center_axis',(4.3246631042711E-8,0.999999999999996,-7.2322633686734E-8));
#6584=DIRECTION('ref_axis',(5.30131444638421E-15,-7.23226336867343E-8,-0.999999999999997));
#6585=DIRECTION('',(0.,0.,1.));
#6586=DIRECTION('',(1.,0.,0.));
#6587=CARTESIAN_POINT('',(0.,0.,0.));
#6588=CARTESIAN_POINT('',(0.,0.,0.));
#6589=CARTESIAN_POINT('Origin',(1.34874073819586,-303.796043249327,128.161055533901));
#6590=CARTESIAN_POINT('',(1.34874073819586,-303.796043249327,128.161055533901));
#6591=CARTESIAN_POINT('',(-2.15125926180414,-303.796043249327,128.161055533901));
#6592=CARTESIAN_POINT('',(0.473835750728817,-303.796043249352,128.161055533186));
#6593=CARTESIAN_POINT('',(1.34874073819586,-304.494034628948,108.173239043999));
#6594=CARTESIAN_POINT('',(1.34874073819586,-303.796043249327,128.161055533901));
#6595=CARTESIAN_POINT('',(-2.15125926180414,-304.494034628948,108.173239043999));
#6596=CARTESIAN_POINT('',(1.34874073819586,-304.494034628948,108.173239044));
#6597=CARTESIAN_POINT('',(-2.15125926180414,-303.796043249327,128.161055533901));
#6598=CARTESIAN_POINT('Origin',(-0.401259261804141,-304.094277452997,108.159279186859));
#6599=CARTESIAN_POINT('',(1.34874073819586,-303.694520277045,108.145319329718));
#6600=CARTESIAN_POINT('',(1.34874073819586,-303.694520277045,108.145319329718));
#6601=CARTESIAN_POINT('',(-2.15125926180414,-303.694520277045,108.145319329718));
#6602=CARTESIAN_POINT('',(-2.15125926180414,-303.694520277045,108.145319329718));
#6603=CARTESIAN_POINT('',(-2.15125926180414,-304.494034628948,108.173239044));
#6604=CARTESIAN_POINT('Origin',(-0.401069236738225,-305.350749426283,128.215347183117));
#6605=CARTESIAN_POINT('',(3.65912101562699,-302.199237828255,128.105293738716));
#6606=CARTESIAN_POINT('',(3.65912072362368,-308.951285387421,128.341080924048));
#6607=CARTESIAN_POINT('',(3.65912095612493,-303.575115550165,128.15334054712));
#6608=CARTESIAN_POINT('',(-4.4612592165189,-302.199237477076,128.105293738716));
#6609=CARTESIAN_POINT('',(2.97387562252819,-302.199237798621,128.105293738716));
#6610=CARTESIAN_POINT('',(-4.46125950852221,-308.951285036242,128.341080924048));
#6611=CARTESIAN_POINT('',(-4.4612594342472,-307.233809390191,128.281105228541));
#6612=CARTESIAN_POINT('',(-3.13027680675894,-310.281457050997,128.387531648669));
#6613=CARTESIAN_POINT('',(-3.59088499547643,-309.82112941369,128.371456620718));
#6614=CARTESIAN_POINT('',(2.32813790680956,-310.281457287055,128.387531648669));
#6615=CARTESIAN_POINT('',(-0.323514195300443,-310.28145717238,128.387531648669));
#6616=CARTESIAN_POINT('',(3.60333445613429,-309.007037666461,128.343027840655));
#6617=CARTESIAN_POINT('',(1.34874073819586,-302.996528897479,128.133135818037));
#6618=CARTESIAN_POINT('',(1.34874073819586,-304.173639161935,128.174241499031));
#6619=CARTESIAN_POINT('',(-2.15125926180414,-302.996528897328,128.133135822383));
#6620=CARTESIAN_POINT('',(-2.15125926180414,-304.423486871598,128.182966396686));
#6621=CARTESIAN_POINT('',(-1.27616424927118,-302.996528897357,128.133135821544));
#6622=CARTESIAN_POINT('Origin',(1.34874073819586,-302.996528897424,128.133135819619));
#6623=CARTESIAN_POINT('',(1.34874073819586,-302.996528897424,128.133135819619));
#6624=CARTESIAN_POINT('Origin',(-2.15125926180414,-302.996528897424,128.133135819619));
#6625=CARTESIAN_POINT('',(-2.15125926180414,-302.996528897424,128.133135819619));
#6626=CARTESIAN_POINT('Origin',(-2.15125926180414,-303.496224317118,128.15058560437));
#6627=CARTESIAN_POINT('Origin',(-27.1868104430553,-310.481215818592,80.3092008916508));
#6628=CARTESIAN_POINT('',(-25.536810434406,-310.281215889949,80.3092008771862));
#6629=CARTESIAN_POINT('Origin',(-27.186810434406,-310.281215818592,80.3092008771862));
#6630=CARTESIAN_POINT('',(-25.1368104517047,-310.681215907247,80.3092009061153));
#6631=CARTESIAN_POINT('',(-25.3368104430553,-310.481215898598,80.3092008916508));
#6632=CARTESIAN_POINT('Origin',(-27.1868104517047,-310.681215818592,80.3092009061153));
#6633=CARTESIAN_POINT('Origin',(-0.245958957914056,-310.681216258267,90.3396064201974));
#6634=CARTESIAN_POINT('',(-29.9568928802668,-310.681215547132,82.4062301676268));
#6635=CARTESIAN_POINT('',(-25.5847891929297,-310.681215068156,91.6433852842205));
#6636=CARTESIAN_POINT('',(-25.7810306047522,-310.681215089655,91.2287765532899));
#6637=CARTESIAN_POINT('',(-26.6268444889404,-310.681216090795,76.880305091832));
#6638=CARTESIAN_POINT('Origin',(-27.1868104517047,-310.681215818592,80.3092009061153));
#6639=CARTESIAN_POINT('',(-24.2249971192738,-310.681216166299,77.272545873592));
#6640=CARTESIAN_POINT('',(-12.7085889863817,-310.681216528326,79.1532669327908));
#6641=CARTESIAN_POINT('',(-22.151922125023,-310.681216731675,70.6947601766694));
#6642=CARTESIAN_POINT('',(-25.1156569433034,-310.681215923395,80.0985745833942));
#6643=CARTESIAN_POINT('',(-16.6874642942209,-310.68121716619,67.954318989912));
#6644=CARTESIAN_POINT('Origin',(-18.5670710771628,-310.681216862848,71.0246737481637));
#6645=CARTESIAN_POINT('',(-5.66656414693971,-310.681217154864,74.7010828989628));
#6646=CARTESIAN_POINT('',(-5.72364533415738,-310.681217154922,74.6661389934143));
#6647=CARTESIAN_POINT('',(3.82623641147739,-310.681217574478,74.5754908976249));
#6648=CARTESIAN_POINT('Origin',(-1.01975848911118,-310.681217904794,67.1104836355072));
#6649=CARTESIAN_POINT('',(10.8666589072886,-310.681218209494,70.0051200574214));
#6650=CARTESIAN_POINT('',(-1.20596595333604,-310.681217120595,77.8422026558795));
#6651=CARTESIAN_POINT('',(16.4221906133469,-310.681218218147,73.2075113583393));
#6652=CARTESIAN_POINT('Origin',(12.8268366198863,-310.681218075883,73.024673556705));
#6653=CARTESIAN_POINT('',(17.0849134302745,-310.681217557597,82.7371816382997));
#6654=CARTESIAN_POINT('',(16.9757344859675,-310.681217666418,81.1672351777515));
#6655=CARTESIAN_POINT('',(23.5426046473466,-310.681217519478,87.1257425491809));
#6656=CARTESIAN_POINT('',(16.1531183325722,-310.681217563097,82.1039461048451));
#6657=CARTESIAN_POINT('',(23.0179054127253,-310.681217044721,93.3764248231585));
#6658=CARTESIAN_POINT('Origin',(21.5191301954662,-310.681217216628,90.103250087809));
#6659=CARTESIAN_POINT('',(10.9583372809586,-310.681216123817,98.8984587223999));
#6660=CARTESIAN_POINT('',(8.15470083547534,-310.681215909723,100.182234005557));
#6661=CARTESIAN_POINT('',(12.6007108161655,-310.681216006032,101.509144395181));
#6662=CARTESIAN_POINT('',(8.26224027099664,-310.68121631717,94.6127942950014));
#6663=CARTESIAN_POINT('',(9.52294775070964,-310.681215595783,105.341234001958));
#6664=CARTESIAN_POINT('Origin',(10.3999767006036,-310.681215810729,102.893618790973));
#6665=CARTESIAN_POINT('',(6.08844830948235,-310.681215536256,104.110584909392));
#6666=CARTESIAN_POINT('',(1.30690959960504,-310.681215453382,102.397264999147));
#6667=CARTESIAN_POINT('',(5.94881997868564,-310.681215486453,104.71570837706));
#6668=CARTESIAN_POINT('',(7.37211660925404,-310.681215994114,98.5474029357871));
#6669=CARTESIAN_POINT('',(5.94881997868554,-310.681214917639,112.580661846611));
#6670=CARTESIAN_POINT('',(5.94881997868564,-310.681215634301,102.671428254004));
#6671=CARTESIAN_POINT('',(3.14881997868554,-310.681214375924,118.396615121871));
#6672=CARTESIAN_POINT('',(8.85573637247754,-310.68121548004,106.542629731833));
#6673=CARTESIAN_POINT('',(-3.95118002131445,-310.681214068873,118.39661512187));
#6674=CARTESIAN_POINT('',(0.504041053261541,-310.681214261546,118.396615121871));
#6675=CARTESIAN_POINT('',(-6.75118002131445,-310.681214368407,112.580661846611));
#6676=CARTESIAN_POINT('',(-10.0164408202103,-310.681214717714,105.798303190213));
#6677=CARTESIAN_POINT('',(-6.75118002131435,-310.681214937221,104.71570837706));
#6678=CARTESIAN_POINT('',(-6.75118002131435,-310.681215371922,98.7051297461106));
#6679=CARTESIAN_POINT('',(-8.06065593586275,-310.681215291024,99.0406809544973));
#6680=CARTESIAN_POINT('',(-8.7916830108305,-310.681215488537,95.8725442587501));
#6681=CARTESIAN_POINT('',(-23.54521878131,-310.681215022645,93.4922557645582));
#6682=CARTESIAN_POINT('',(-13.7216901481358,-310.681215192907,97.0122204071776));
#6683=CARTESIAN_POINT('Origin',(-22.3308710045337,-310.681215320263,90.103250087809));
#6684=CARTESIAN_POINT('',(-16.4670710771628,-310.681216953666,71.0246737481637));
#6685=CARTESIAN_POINT('Origin',(-18.5670710771628,-310.681216862848,71.0246737481637));
#6686=CARTESIAN_POINT('',(24.2691301954662,-310.681217335556,90.103250087809));
#6687=CARTESIAN_POINT('Origin',(21.5191301954662,-310.681217216628,90.103250087809));
#6688=CARTESIAN_POINT('',(6.11581000502804,-310.681217235996,80.624756968268));
#6689=CARTESIAN_POINT('',(-2.91287697587765,-310.681215847481,94.424784501323));
#6690=CARTESIAN_POINT('',(2.73447256484324,-310.681216715983,85.7930112085339));
#6691=CARTESIAN_POINT('',(2.14314951868084,-310.681217064192,80.6247569682679));
#6692=CARTESIAN_POINT('',(1.05674666749384,-310.681217017208,80.6247569682679));
#6693=CARTESIAN_POINT('',(-6.88553746222485,-310.681215675677,94.4247845013229));
#6694=CARTESIAN_POINT('',(-4.75216686921345,-310.681216003767,91.1640032842943));
#6695=CARTESIAN_POINT('',(-1.68756935400626,-310.681215900472,94.424784501323));
#6696=CARTESIAN_POINT('',(3.62611320199684,-310.681216658226,87.1247809233815));
#6697=CARTESIAN_POINT('',(7.59877443405054,-310.68121683003,87.1247809233816));
#6698=CARTESIAN_POINT('',(1.79822842493694,-310.681216579176,87.1247809233815));
#6699=CARTESIAN_POINT('',(-1.14993096516356,-310.681215923723,94.424784501323));
#6700=CARTESIAN_POINT('',(0.123840033632143,-310.681216119615,92.4778735174123));
#6701=CARTESIAN_POINT('',(2.82272992014584,-310.681216095527,94.424784501323));
#6702=CARTESIAN_POINT('',(1.18023418251904,-310.681216024495,94.424784501323));
#6703=CARTESIAN_POINT('',(5.48415663081614,-310.681216504825,90.3568943353584));
#6704=CARTESIAN_POINT('',(0.380223291848842,-310.681216987951,80.6247569682679));
#6705=CARTESIAN_POINT('',(-4.39581992796765,-310.681216253447,87.9247809233813));
#6706=CARTESIAN_POINT('',(-2.14151435771966,-310.681216600135,84.4791494859028));
#6707=CARTESIAN_POINT('',(-3.59243674533215,-310.681216816147,80.6247569682679));
#6708=CARTESIAN_POINT('',(-1.81104637170055,-310.681216893186,80.6247569682679));
#6709=CARTESIAN_POINT('',(-8.36847996514865,-310.681216081642,87.9247809233813));
#6710=CARTESIAN_POINT('',(-7.50183362847075,-310.681216214923,86.6001406872732));
#6711=CARTESIAN_POINT('',(-2.42904092286345,-310.681216338503,87.9247809233814));
#6712=CARTESIAN_POINT('',(-19.5808710045337,-310.681215439192,90.103250087809));
#6713=CARTESIAN_POINT('Origin',(-22.3308710045337,-310.681215320263,90.103250087809));
#6714=CARTESIAN_POINT('',(12.4999767006036,-310.681215901547,102.893618790973));
#6715=CARTESIAN_POINT('Origin',(10.3999767006036,-310.681215810729,102.893618790973));
#6716=CARTESIAN_POINT('',(14.9268366198863,-310.681218166701,73.024673556705));
#6717=CARTESIAN_POINT('Origin',(12.8268366198863,-310.681218075883,73.024673556705));
#6718=CARTESIAN_POINT('Origin',(-27.1868102787181,-306.681215818592,80.3092006168248));
#6719=CARTESIAN_POINT('',(-25.5368103219648,-307.681215889949,80.3092006891474));
#6720=CARTESIAN_POINT('Origin',(-27.1868103219648,-307.681215818592,80.3092006891474));
#6721=CARTESIAN_POINT('',(-25.5368102787181,-306.681215889949,80.3092006168248));
#6722=CARTESIAN_POINT('Origin',(-18.5670710685135,-310.481216862848,71.0246737336992));
#6723=CARTESIAN_POINT('',(-16.8670710598642,-310.281216936367,71.0246737192346));
#6724=CARTESIAN_POINT('Origin',(-18.5670710598642,-310.281216862848,71.0246737192346));
#6725=CARTESIAN_POINT('',(-16.6670710685135,-310.481216945017,71.0246737336992));
#6726=CARTESIAN_POINT('Origin',(-18.5670709041763,-306.681216862848,71.0246734588732));
#6727=CARTESIAN_POINT('',(-16.8670709041763,-306.681216936367,71.0246734588732));
#6728=CARTESIAN_POINT('Origin',(-18.5670709041763,-306.681216862848,71.0246734588732));
#6729=CARTESIAN_POINT('',(-16.8670709041763,-306.681216936367,71.0246734588732));
#6730=CARTESIAN_POINT('Origin',(12.8268366285356,-310.481218075883,73.0246735422404));
#6731=CARTESIAN_POINT('',(14.5268366371849,-310.281218149402,73.0246735277759));
#6732=CARTESIAN_POINT('Origin',(12.8268366371849,-310.281218075883,73.0246735277759));
#6733=CARTESIAN_POINT('',(14.7268366285356,-310.481218158052,73.0246735422404));
#6734=CARTESIAN_POINT('Origin',(12.8268367928728,-306.681218075883,73.0246732674145));
#6735=CARTESIAN_POINT('',(14.5268367928728,-306.681218149403,73.0246732674145));
#6736=CARTESIAN_POINT('Origin',(12.8268367928728,-306.681218075883,73.0246732674145));
#6737=CARTESIAN_POINT('',(14.5268367928728,-306.681218149402,73.0246732674145));
#6738=CARTESIAN_POINT('Origin',(-3.83679541696459,-307.681216291469,87.7333253718163));
#6739=CARTESIAN_POINT('',(-29.3769036300324,-307.681215489011,83.5566836544179));
#6740=CARTESIAN_POINT('',(-29.9293431333836,-307.681215549318,82.3895179714673));
#6741=CARTESIAN_POINT('',(-24.4197026332698,-307.681214945935,94.0300021815726));
#6742=CARTESIAN_POINT('',(-24.7873692409933,-307.681216146272,77.2131811790812));
#6743=CARTESIAN_POINT('Origin',(-27.1868103219648,-307.681215818592,80.3092006891474));
#6744=CARTESIAN_POINT('',(-26.6320100807094,-307.681216088284,76.9119366561467));
#6745=CARTESIAN_POINT('',(-7.7106910849393,-307.68121668309,80.001938564079));
#6746=CARTESIAN_POINT('Origin',(-27.1868103219648,-307.681215818592,80.3092006891474));
#6747=CARTESIAN_POINT('Origin',(-27.1868102787181,-306.681215818592,80.3092006168248));
#6748=CARTESIAN_POINT('',(-28.9658274777084,-306.681215489274,83.7988642271834));
#6749=CARTESIAN_POINT('Origin',(-27.1868097782331,-295.108405990637,80.3091997798489));
#6750=CARTESIAN_POINT('',(-24.4103442302887,-306.681216138488,77.5462509991729));
#6751=CARTESIAN_POINT('Origin',(-27.1868102787181,-306.681215818592,80.3092006168248));
#6752=CARTESIAN_POINT('Origin',(-27.1868097663875,-294.834498248861,80.3091997600391));
#6753=CARTESIAN_POINT('Origin',(-27.1868103352077,-307.987433601241,80.3092007112939));
#6754=CARTESIAN_POINT('',(-26.5623752701091,-309.293651687432,76.4855345169498));
#6755=CARTESIAN_POINT('',(-26.6751961850716,-306.681216067291,77.1763826584389));
#6756=CARTESIAN_POINT('',(-30.3012449562838,-309.293651082535,82.6136834922216));
#6757=CARTESIAN_POINT('Origin',(-27.1868103916972,-309.29365138389,80.309200805763));
#6758=CARTESIAN_POINT('Origin',(-496.023083970207,-335.520482808909,-884.913036577945));
#6759=CARTESIAN_POINT('Origin',(-12.7005302250318,-307.987434314893,79.1039204286532));
#6760=CARTESIAN_POINT('',(-24.0202819258561,-306.68121615075,77.609951276367));
#6761=CARTESIAN_POINT('',(-12.756940682513,-306.681216504822,79.4493444993978));
#6762=CARTESIAN_POINT('',(-24.5033926068829,-309.281216186614,76.8251590037418));
#6763=CARTESIAN_POINT('',(-23.9805104092108,-306.467174216333,77.6745583739942));
#6764=CARTESIAN_POINT('',(-24.5023806265948,-309.29365175219,76.821948029148));
#6765=CARTESIAN_POINT('',(-24.6473099189503,-307.512710225892,77.2818031084707));
#6766=CARTESIAN_POINT('',(-12.6441197675505,-309.293652124963,78.7584963579086));
#6767=CARTESIAN_POINT('Origin',(10.3999767611489,-309.281215810729,102.893618689721));
#6768=CARTESIAN_POINT('',(11.4581193494331,-308.781217080208,99.5574030866909));
#6769=CARTESIAN_POINT('',(11.7306038523344,-309.281216102397,99.6564236779552));
#6770=CARTESIAN_POINT('Ctrl Pts',(11.4581193494332,-308.781217080208,99.5574030866906));
#6771=CARTESIAN_POINT('Ctrl Pts',(11.5035089576023,-308.864420700221,99.5717992488715));
#6772=CARTESIAN_POINT('Ctrl Pts',(11.5487903527387,-308.947648960326,99.5871798677349));
#6773=CARTESIAN_POINT('Ctrl Pts',(11.5939711951884,-309.030636168028,99.6035765263704));
#6774=CARTESIAN_POINT('Ctrl Pts',(11.639539637856,-309.114335311543,99.6201138496797));
#6775=CARTESIAN_POINT('Ctrl Pts',(11.6850838552612,-309.197934511604,99.6377129838612));
#6776=CARTESIAN_POINT('Ctrl Pts',(11.7306038523347,-309.281216102397,99.656423677955));
#6777=CARTESIAN_POINT('',(11.7306038739576,-308.781217084831,99.656423641794));
#6778=CARTESIAN_POINT('Origin',(10.3999767827721,-308.781216793163,102.89361865356));
#6779=CARTESIAN_POINT('',(11.7306038523344,-309.281216102397,99.6564236779552));
#6780=CARTESIAN_POINT('Origin',(10.3999767611489,-309.281215810729,102.893618689721));
#6781=CARTESIAN_POINT('',(7.52612956438275,-309.281215541963,104.891367995725));
#6782=CARTESIAN_POINT('',(7.37064967058549,-308.78121653537,104.646666641315));
#6783=CARTESIAN_POINT('Ctrl Pts',(7.52612956438323,-309.281215541963,104.891367995725));
#6784=CARTESIAN_POINT('Ctrl Pts',(7.49806653651658,-309.198018132338,104.850998127451));
#6785=CARTESIAN_POINT('Ctrl Pts',(7.47108424588185,-309.114512469245,104.810369539808));
#6786=CARTESIAN_POINT('Ctrl Pts',(7.44512867245239,-309.030898253289,104.769484527368));
#6787=CARTESIAN_POINT('Ctrl Pts',(7.41934157771234,-308.947826780631,104.728864901216));
#6788=CARTESIAN_POINT('Ctrl Pts',(7.39452438156644,-308.864504913901,104.687922973854));
#6789=CARTESIAN_POINT('Ctrl Pts',(7.37064967058559,-308.78121653537,104.646666641315));
#6790=CARTESIAN_POINT('',(7.52612958600602,-308.781216524397,104.891367959564));
#6791=CARTESIAN_POINT('',(7.52612956438275,-309.281215541963,104.891367995725));
#6792=CARTESIAN_POINT('Origin',(10.3999767827721,-308.781216793163,102.89361865356));
#6793=CARTESIAN_POINT('Ctrl Pts',(11.651677385357,-309.281216128421,99.2493911425982));
#6794=CARTESIAN_POINT('Ctrl Pts',(11.6516774164946,-308.561217543122,99.249391090526));
#6795=CARTESIAN_POINT('Ctrl Pts',(11.6743997732247,-309.281216126791,99.2855168523677));
#6796=CARTESIAN_POINT('Ctrl Pts',(11.6743998043623,-308.561217541492,99.2855168002955));
#6797=CARTESIAN_POINT('Ctrl Pts',(11.6934087815657,-309.281216124828,99.3240235016069));
#6798=CARTESIAN_POINT('Ctrl Pts',(11.6934088127033,-308.561217539529,99.3240234495347));
#6799=CARTESIAN_POINT('Ctrl Pts',(11.7224445981825,-309.281216120354,99.4032493076949));
#6800=CARTESIAN_POINT('Ctrl Pts',(11.7224446293201,-308.561217535055,99.4032492556227));
#6801=CARTESIAN_POINT('Ctrl Pts',(11.7326949645952,-309.281216117848,99.4440120096817));
#6802=CARTESIAN_POINT('Ctrl Pts',(11.7326949957328,-308.561217532549,99.4440119576095));
#6803=CARTESIAN_POINT('Ctrl Pts',(11.7455414575212,-309.281216111275,99.542572430835));
#6804=CARTESIAN_POINT('Ctrl Pts',(11.7455414886588,-308.561217525976,99.5425723787628));
#6805=CARTESIAN_POINT('Ctrl Pts',(11.743588570936,-309.281216107028,99.6001466371757));
#6806=CARTESIAN_POINT('Ctrl Pts',(11.7435886020736,-308.561217521729,99.6001465851035));
#6807=CARTESIAN_POINT('Ctrl Pts',(11.7306038523343,-309.281216102397,99.6564236779553));
#6808=CARTESIAN_POINT('Ctrl Pts',(11.7306038834719,-308.561217517098,99.6564236258831));
#6809=CARTESIAN_POINT('',(11.6516748652854,-309.281217429064,99.2493865969854));
#6810=CARTESIAN_POINT('Ctrl Pts',(11.651677385357,-309.281216128421,99.2493911425982));
#6811=CARTESIAN_POINT('Ctrl Pts',(11.6743965076003,-309.281216126791,99.2855116604398));
#6812=CARTESIAN_POINT('Ctrl Pts',(11.6934153153457,-309.281216517047,99.3240413293814));
#6813=CARTESIAN_POINT('Ctrl Pts',(11.7080865450189,-309.281216591937,99.3640725781147));
#6814=CARTESIAN_POINT('Ctrl Pts',(11.7178226625118,-309.281216641635,99.3906381046409));
#6815=CARTESIAN_POINT('Ctrl Pts',(11.7256620715623,-309.281216552446,99.4179146450639));
#6816=CARTESIAN_POINT('Ctrl Pts',(11.7313774267108,-309.281216117679,99.4455659218876));
#6817=CARTESIAN_POINT('Ctrl Pts',(11.7340970761971,-309.281215910795,99.4587237710245));
#6818=CARTESIAN_POINT('Ctrl Pts',(11.7363426347676,-309.281216143881,99.4719975393112));
#6819=CARTESIAN_POINT('Ctrl Pts',(11.73808417528,-309.281215285296,99.4853589265279));
#6820=CARTESIAN_POINT('Ctrl Pts',(11.7409783049712,-309.281213858481,99.5075631687964));
#6821=CARTESIAN_POINT('Ctrl Pts',(11.7424659365007,-309.28120941686,99.5298954507909));
#6822=CARTESIAN_POINT('Ctrl Pts',(11.7424193275886,-309.281194931164,99.552278562742));
#6823=CARTESIAN_POINT('Ctrl Pts',(11.7423462265667,-309.281172211922,99.5873840454312));
#6824=CARTESIAN_POINT('Ctrl Pts',(11.7384967474715,-309.281216105212,99.6222150982294));
#6825=CARTESIAN_POINT('Ctrl Pts',(11.7306038523343,-309.281216102397,99.6564236779552));
#6826=CARTESIAN_POINT('',(11.6516761202744,-308.781217223185,99.2493889140574));
#6827=CARTESIAN_POINT('Ctrl Pts',(11.6516774069803,-308.781217110855,99.2493911064369));
#6828=CARTESIAN_POINT('Ctrl Pts',(11.674399794848,-308.781217109225,99.2855168162064));
#6829=CARTESIAN_POINT('Ctrl Pts',(11.693408803189,-308.781217107262,99.3240234654456));
#6830=CARTESIAN_POINT('Ctrl Pts',(11.7224446198058,-308.781217102788,99.4032492715336));
#6831=CARTESIAN_POINT('Ctrl Pts',(11.7326949862185,-308.781217100282,99.4440119735204));
#6832=CARTESIAN_POINT('Ctrl Pts',(11.7455414791445,-308.781217093709,99.5425723946738));
#6833=CARTESIAN_POINT('Ctrl Pts',(11.7435885925593,-308.781217089463,99.6001466010145));
#6834=CARTESIAN_POINT('Ctrl Pts',(11.7306038739576,-308.781217084831,99.656423641794));
#6835=CARTESIAN_POINT('',(11.6516748770309,-309.281217139385,99.2493867159794));
#6836=CARTESIAN_POINT('Ctrl Pts',(7.52612956438275,-309.281215541963,104.891367995725));
#6837=CARTESIAN_POINT('Ctrl Pts',(7.52612959552028,-308.561216956662,104.891367943653));
#6838=CARTESIAN_POINT('Ctrl Pts',(7.47398737314613,-309.281215537913,104.916185873674));
#6839=CARTESIAN_POINT('Ctrl Pts',(7.47398740428366,-308.561216952612,104.916185821602));
#6840=CARTESIAN_POINT('Ctrl Pts',(7.41819914513513,-309.281215534462,104.930514886943));
#6841=CARTESIAN_POINT('Ctrl Pts',(7.41819917627266,-308.561216949161,104.930514834871));
#6842=CARTESIAN_POINT('Ctrl Pts',(7.31919056016754,-309.281215529549,104.939241112655));
#6843=CARTESIAN_POINT('Ctrl Pts',(7.31919059130507,-308.561216944248,104.939241060583));
#6844=CARTESIAN_POINT('Ctrl Pts',(7.27717034808874,-309.281215527821,104.938028200549));
#6845=CARTESIAN_POINT('Ctrl Pts',(7.27717037922627,-308.56121694252,104.938028148477));
#6846=CARTESIAN_POINT('Ctrl Pts',(7.1940838764617,-309.281215525037,104.926843618504));
#6847=CARTESIAN_POINT('Ctrl Pts',(7.19408390759923,-308.561216939736,104.926843566432));
#6848=CARTESIAN_POINT('Ctrl Pts',(7.15291208152879,-309.281215523984,104.916780935501));
#6849=CARTESIAN_POINT('Ctrl Pts',(7.15291211266632,-308.561216938683,104.916780883429));
#6850=CARTESIAN_POINT('Ctrl Pts',(7.11321297536874,-309.281215523287,104.902679137691));
#6851=CARTESIAN_POINT('Ctrl Pts',(7.11321300650627,-308.561216937986,104.902679085619));
#6852=CARTESIAN_POINT('',(7.11324873295525,-309.28080867943,104.902591426454));
#6853=CARTESIAN_POINT('Ctrl Pts',(7.52612956438275,-309.281215541962,104.891367995725));
#6854=CARTESIAN_POINT('Ctrl Pts',(7.50516644685256,-309.281215540334,104.90134571396));
#6855=CARTESIAN_POINT('Ctrl Pts',(7.48355549827696,-309.281184268754,104.909655836152));
#6856=CARTESIAN_POINT('Ctrl Pts',(7.45026369836858,-309.281178545235,104.919722591793));
#6857=CARTESIAN_POINT('Ctrl Pts',(7.43898090504917,-309.281186429112,104.922684353902));
#6858=CARTESIAN_POINT('Ctrl Pts',(7.40555354554144,-309.281208574071,104.930187255625));
#6859=CARTESIAN_POINT('Ctrl Pts',(7.38319648094611,-309.281215532724,104.933599883545));
#6860=CARTESIAN_POINT('Ctrl Pts',(7.34772431246807,-309.281215530964,104.936726260402));
#6861=CARTESIAN_POINT('Ctrl Pts',(7.33468073673087,-309.281215530353,104.937393639535));
#6862=CARTESIAN_POINT('Ctrl Pts',(7.29299511154294,-309.281215528503,104.938055883242));
#6863=CARTESIAN_POINT('Ctrl Pts',(7.26428088332212,-309.281215527389,104.93629310128));
#6864=CARTESIAN_POINT('Ctrl Pts',(7.19409273736935,-309.281215525037,104.926844811304));
#6865=CARTESIAN_POINT('Ctrl Pts',(7.15290035022406,-309.281215523984,104.916776503417));
#6866=CARTESIAN_POINT('Ctrl Pts',(7.11321643312394,-309.281215523286,104.902680365933));
#6867=CARTESIAN_POINT('',(7.11324742012836,-308.781216505669,104.902589668763));
#6868=CARTESIAN_POINT('',(7.11324700407765,-309.280808679431,104.902590812333));
#6869=CARTESIAN_POINT('Ctrl Pts',(7.52612958600603,-308.781216524397,104.891367959564));
#6870=CARTESIAN_POINT('Ctrl Pts',(7.4739873947694,-308.781216520347,104.916185837513));
#6871=CARTESIAN_POINT('Ctrl Pts',(7.4181991667584,-308.781216516896,104.930514850782));
#6872=CARTESIAN_POINT('Ctrl Pts',(7.31919058179081,-308.781216511983,104.939241076494));
#6873=CARTESIAN_POINT('Ctrl Pts',(7.27717036971201,-308.781216510255,104.938028164388));
#6874=CARTESIAN_POINT('Ctrl Pts',(7.19408469715415,-308.781216507471,104.926843689909));
#6875=CARTESIAN_POINT('Ctrl Pts',(7.15291367996103,-308.781216506418,104.916781284722));
#6876=CARTESIAN_POINT('Ctrl Pts',(7.11321527760462,-308.781216505721,104.902679911638));
#6877=CARTESIAN_POINT('Origin',(10.3999767827722,-308.781216793163,102.89361865356));
#6878=CARTESIAN_POINT('Origin',(10.3999767827721,-308.781216793163,102.89361865356));
#6879=CARTESIAN_POINT('',(9.38802030212528,-308.781216545148,105.717790050851));
#6880=CARTESIAN_POINT('',(1.17198215102067,-308.781216402748,102.773821048039));
#6881=CARTESIAN_POINT('',(12.9392853776513,-308.781217018513,101.296148196877));
#6882=CARTESIAN_POINT('Origin',(10.3999767827722,-308.781216793163,102.89361865356));
#6883=CARTESIAN_POINT('',(8.60081483248237,-308.781217329651,94.3997980966975));
#6884=CARTESIAN_POINT('',(12.0999767827722,-308.781216866683,102.89361865356));
#6885=CARTESIAN_POINT('Origin',(10.3999767827722,-308.781216793163,102.89361865356));
#6886=CARTESIAN_POINT('Origin',(10.3999768735901,-306.681215810729,102.893618501682));
#6887=CARTESIAN_POINT('',(10.2869864703213,-307.115446932507,99.3954428422934));
#6888=CARTESIAN_POINT('Ctrl Pts',(10.2870831393463,-307.116344472845,99.3954397199665));
#6889=CARTESIAN_POINT('Ctrl Pts',(10.3007277491845,-307.116347442278,99.3949993792116));
#6890=CARTESIAN_POINT('Ctrl Pts',(10.3143312039629,-307.119016669908,99.394642427356));
#6891=CARTESIAN_POINT('Ctrl Pts',(10.342258988839,-307.127961506087,99.3940626045151));
#6892=CARTESIAN_POINT('Ctrl Pts',(10.3568549835486,-307.134865565349,99.3938576252152));
#6893=CARTESIAN_POINT('Ctrl Pts',(10.4122733789441,-307.16629721141,99.3933907158905));
#6894=CARTESIAN_POINT('Ctrl Pts',(10.4536103713001,-307.202697425274,99.3938650053888));
#6895=CARTESIAN_POINT('Ctrl Pts',(10.6597056463825,-307.407700482406,99.3990222253462));
#6896=CARTESIAN_POINT('Ctrl Pts',(10.8511451101362,-307.719003624486,99.4217299663684));
#6897=CARTESIAN_POINT('Ctrl Pts',(11.1142827674166,-308.151388681755,99.4625948179883));
#6898=CARTESIAN_POINT('Ctrl Pts',(11.2871319151442,-308.467780280829,99.5031712275886));
#6899=CARTESIAN_POINT('Ctrl Pts',(11.4581193494333,-308.781217080208,99.5574030866905));
#6900=CARTESIAN_POINT('',(6.95981839970156,-307.115446333693,103.538063871643));
#6901=CARTESIAN_POINT('Origin',(10.3999768548499,-307.114549144063,102.893618533022));
#6902=CARTESIAN_POINT('Ctrl Pts',(7.37064967058573,-308.78121653537,104.646666641315));
#6903=CARTESIAN_POINT('Ctrl Pts',(7.28155389550597,-308.470400515593,104.492706037246));
#6904=CARTESIAN_POINT('Ctrl Pts',(7.20517429642306,-308.156706171834,104.334052325266));
#6905=CARTESIAN_POINT('Ctrl Pts',(7.10889481541359,-307.726741458415,104.087882573056));
#6906=CARTESIAN_POINT('Ctrl Pts',(7.04440596274591,-307.410734405774,103.903771980792));
#6907=CARTESIAN_POINT('Ctrl Pts',(6.99439687612128,-307.203345739614,103.701818178233));
#6908=CARTESIAN_POINT('Ctrl Pts',(6.98495762016754,-307.166653197712,103.661347198793));
#6909=CARTESIAN_POINT('Ctrl Pts',(6.97339796662248,-307.134991022135,103.606881702699));
#6910=CARTESIAN_POINT('Ctrl Pts',(6.97043660972906,-307.128040218702,103.592530898889));
#6911=CARTESIAN_POINT('Ctrl Pts',(6.96495595099274,-307.119035652344,103.565036071869));
#6912=CARTESIAN_POINT('Ctrl Pts',(6.96235949873699,-307.116346694651,103.551626633212));
#6913=CARTESIAN_POINT('Ctrl Pts',(6.95983620541889,-307.116343718699,103.538158921852));
#6914=CARTESIAN_POINT('Ctrl Pts',(6.19013497605011,-306.681215553382,103.934569207473));
#6915=CARTESIAN_POINT('Ctrl Pts',(6.45806829526538,-307.627875272616,104.26263601973));
#6916=CARTESIAN_POINT('Ctrl Pts',(6.76403349185711,-308.563883040326,104.601719221998));
#6917=CARTESIAN_POINT('Ctrl Pts',(7.18578954568912,-309.438066837425,104.96713725669));
#6918=CARTESIAN_POINT('Ctrl Pts',(6.2755925918069,-306.649141423425,103.957327816204));
#6919=CARTESIAN_POINT('Ctrl Pts',(6.5462301043864,-307.591647589901,104.285370822245));
#6920=CARTESIAN_POINT('Ctrl Pts',(6.85569343127781,-308.522684524922,104.624410465701));
#6921=CARTESIAN_POINT('Ctrl Pts',(7.27830905750607,-309.385009245451,104.987282466589));
#6922=CARTESIAN_POINT('Ctrl Pts',(6.4638147191753,-306.597509851245,103.952592653566));
#6923=CARTESIAN_POINT('Ctrl Pts',(6.74132412375192,-307.532796447778,104.276306467194));
#6924=CARTESIAN_POINT('Ctrl Pts',(7.05926156384579,-308.455276193978,104.610339106067));
#6925=CARTESIAN_POINT('Ctrl Pts',(7.48631751162413,-309.295946584349,104.960267681949));
#6926=CARTESIAN_POINT('Ctrl Pts',(6.75528960357917,-306.577467193385,103.772378580779));
#6927=CARTESIAN_POINT('Ctrl Pts',(7.03830784881177,-307.509831435841,104.076339670669));
#6928=CARTESIAN_POINT('Ctrl Pts',(7.36266442911758,-308.428589866254,104.385995804928));
#6929=CARTESIAN_POINT('Ctrl Pts',(7.78812296708062,-309.260221473674,104.697396241852));
#6930=CARTESIAN_POINT('Ctrl Pts',(6.84454471924595,-306.633104412286,103.538938529665));
#6931=CARTESIAN_POINT('Ctrl Pts',(7.11743241280775,-307.57345318581,103.827384919234));
#6932=CARTESIAN_POINT('Ctrl Pts',(7.42612754695254,-308.502376895569,104.119133624671));
#6933=CARTESIAN_POINT('Ctrl Pts',(7.83036612784985,-309.358480513559,104.413576726867));
#6934=CARTESIAN_POINT('Ctrl Pts',(6.83670088363901,-306.681215619534,103.406516366213));
#6935=CARTESIAN_POINT('Ctrl Pts',(7.09847130578278,-307.627875341598,103.691767435449));
#6936=CARTESIAN_POINT('Ctrl Pts',(7.39330872846041,-308.563883112503,103.980012271968));
#6937=CARTESIAN_POINT('Ctrl Pts',(7.78069263984041,-309.43806691281,104.280515296406));
#6938=CARTESIAN_POINT('',(6.83670088363871,-306.681215619534,103.406516366213));
#6939=CARTESIAN_POINT('Origin',(40.0981200916772,-296.656571708455,106.169349750517));
#6940=CARTESIAN_POINT('',(6.53936040598152,-306.681215568735,103.935491986365));
#6941=CARTESIAN_POINT('Ctrl Pts',(6.83670088363955,-306.681215619536,103.406516366214));
#6942=CARTESIAN_POINT('Ctrl Pts',(6.844577919116,-306.681215615919,103.461240812007));
#6943=CARTESIAN_POINT('Ctrl Pts',(6.84372961007096,-306.681215611841,103.517106777191));
#6944=CARTESIAN_POINT('Ctrl Pts',(6.82492889248857,-306.681215603221,103.625049774159));
#6945=CARTESIAN_POINT('Ctrl Pts',(6.80726341655064,-306.681215598692,103.67712546162));
#6946=CARTESIAN_POINT('Ctrl Pts',(6.75349764009412,-306.681215589169,103.776643060609));
#6947=CARTESIAN_POINT('Ctrl Pts',(6.71904443798685,-306.681215584677,103.818172245537));
#6948=CARTESIAN_POINT('Ctrl Pts',(6.63852019695777,-306.681215576145,103.887984092496));
#6949=CARTESIAN_POINT('Ctrl Pts',(6.59071087676723,-306.681215572037,103.91619329436));
#6950=CARTESIAN_POINT('Ctrl Pts',(6.53936040580399,-306.68121556842,103.935491985893));
#6951=CARTESIAN_POINT('',(6.46533932628931,-307.59134814252,104.25628561033));
#6952=CARTESIAN_POINT('Ctrl Pts',(6.4653396543738,-307.591348483926,104.256284186726));
#6953=CARTESIAN_POINT('Ctrl Pts',(6.4736726425828,-307.432753454548,104.220170568927));
#6954=CARTESIAN_POINT('Ctrl Pts',(6.48454157098211,-307.272013639007,104.173066653823));
#6955=CARTESIAN_POINT('Ctrl Pts',(6.50899628323284,-306.971280282115,104.067084469832));
#6956=CARTESIAN_POINT('Ctrl Pts',(6.52318725562325,-306.82192498626,104.005583426364));
#6957=CARTESIAN_POINT('Ctrl Pts',(6.53936040641932,-306.681215569004,103.935491985927));
#6958=CARTESIAN_POINT('Ctrl Pts',(6.46533996853364,-307.59134847,104.256284294689));
#6959=CARTESIAN_POINT('Ctrl Pts',(6.65110774737406,-308.168789265856,104.464400109453));
#6960=CARTESIAN_POINT('Ctrl Pts',(6.86097511742426,-308.735841291899,104.678604399314));
#6961=CARTESIAN_POINT('Ctrl Pts',(7.11328103278655,-309.280401835575,104.902502486974));
#6962=CARTESIAN_POINT('Origin',(-25.8262237964274,-307.987432868802,91.2501671250854));
#6963=CARTESIAN_POINT('',(-26.2965175399386,-309.293650643805,91.0746649761686));
#6964=CARTESIAN_POINT('',(-26.1425770101221,-309.293650626941,91.3999025858722));
#6965=CARTESIAN_POINT('',(-25.6638111125493,-306.681215127528,90.7751940545949));
#6966=CARTESIAN_POINT('',(-26.2965175399386,-309.293650643805,91.0746649761686));
#6967=CARTESIAN_POINT('',(-25.5098705827328,-306.681215110664,91.1004316642985));
#6968=CARTESIAN_POINT('Origin',(-25.980164326244,-307.987432885667,90.9249295153818));
#6969=CARTESIAN_POINT('',(-25.7508538494988,-308.486509344908,91.7219864159483));
#6970=CARTESIAN_POINT('Origin',(-23.8437344806239,-300.612041570672,90.8193137541505));
#6971=CARTESIAN_POINT('',(-25.9463355982996,-309.293650605442,91.8145113168029));
#6972=CARTESIAN_POINT('',(-26.2965175399386,-309.293650643805,91.0746649761686));
#6973=CARTESIAN_POINT('',(-25.9463355982996,-309.293650605442,91.8145113168029));
#6974=CARTESIAN_POINT('Origin',(-13.738555972983,-307.987432971422,97.0592897356443));
#6975=CARTESIAN_POINT('',(-7.91706091353555,-306.68121531656,98.7734559980545));
#6976=CARTESIAN_POINT('',(-8.40217621461731,-309.28121525463,99.3396711982175));
#6977=CARTESIAN_POINT('',(-8.16477383475925,-308.008845218987,99.0625807091508));
#6978=CARTESIAN_POINT('',(-22.6734616544234,-306.681215060802,93.4859456950011));
#6979=CARTESIAN_POINT('',(-13.6204943270846,-306.681215217708,96.7298029781579));
#6980=CARTESIAN_POINT('',(-22.9095849462201,-309.29365056823,94.1449192099739));
#6981=CARTESIAN_POINT('',(-22.6734616544234,-306.681215060802,93.4859456950011));
#6982=CARTESIAN_POINT('',(-8.40128587314589,-309.293650819688,99.3435297773936));
#6983=CARTESIAN_POINT('',(-13.8566176188813,-309.293650725136,97.3887764931307));
#6984=CARTESIAN_POINT('',(-8.43409861134751,-308.835349197537,99.2013252947322));
#6985=CARTESIAN_POINT('Origin',(-23.5620846061572,-307.987432801161,93.5393250930248));
#6986=CARTESIAN_POINT('',(-23.6071933120903,-308.486509297076,93.6652145903228));
#6987=CARTESIAN_POINT('Ctrl Pts',(-23.6071933120903,-308.486509297076,93.6652145903228));
#6988=CARTESIAN_POINT('Ctrl Pts',(-23.6055077139162,-308.486509297105,93.6658185734938));
#6989=CARTESIAN_POINT('Ctrl Pts',(-23.6038200276133,-308.486486352139,93.6664167740168));
#6990=CARTESIAN_POINT('Ctrl Pts',(-23.5976461123023,-308.486318679018,93.6685812849432));
#6991=CARTESIAN_POINT('Ctrl Pts',(-23.5931568860284,-308.48603556491,93.6701092803396));
#6992=CARTESIAN_POINT('Ctrl Pts',(-23.5806786820865,-308.484807144018,93.6742308204486));
#6993=CARTESIAN_POINT('Ctrl Pts',(-23.572722899569,-308.483522560635,93.6767159019112));
#6994=CARTESIAN_POINT('Ctrl Pts',(-23.5420341407921,-308.476723835635,93.6857771605535));
#6995=CARTESIAN_POINT('Ctrl Pts',(-23.5200447482768,-308.467905921377,93.6911465395592));
#6996=CARTESIAN_POINT('Ctrl Pts',(-23.4714223416106,-308.441556538604,93.7010690479465));
#6997=CARTESIAN_POINT('Ctrl Pts',(-23.4454659184523,-308.422127234973,93.7048395579394));
#6998=CARTESIAN_POINT('Ctrl Pts',(-23.3786596573233,-308.3626870109,93.7118590087225));
#6999=CARTESIAN_POINT('Ctrl Pts',(-23.3392977077473,-308.315629101844,93.7125690154807));
#7000=CARTESIAN_POINT('Ctrl Pts',(-23.227679841787,-308.162776467784,93.7090572460601));
#7001=CARTESIAN_POINT('Ctrl Pts',(-23.1584718649414,-308.032353476714,93.6967333551603));
#7002=CARTESIAN_POINT('Ctrl Pts',(-22.9294550825792,-307.546040123721,93.6403745500523));
#7003=CARTESIAN_POINT('Ctrl Pts',(-22.7810140606815,-307.07065758143,93.5582551082705));
#7004=CARTESIAN_POINT('Ctrl Pts',(-22.6734616544234,-306.681215060802,93.4859456950011));
#7005=CARTESIAN_POINT('',(-23.6801462520555,-309.293650554875,93.8688118505112));
#7006=CARTESIAN_POINT('',(-23.4440229602589,-306.681215047447,93.2098383355385));
#7007=CARTESIAN_POINT('',(-23.6801462520556,-309.293650554875,93.8688118505112));
#7008=CARTESIAN_POINT('Origin',(-22.3308708880367,-307.987433102913,90.1032498929875));
#7009=CARTESIAN_POINT('Origin',(-22.3308709096201,-308.486509609884,90.103249929082));
#7010=CARTESIAN_POINT('Origin',(-22.3308709445263,-309.293650885562,90.1032499874567));
#7011=CARTESIAN_POINT('Origin',(-0.245958784927596,-306.681216258268,90.3396061309069));
#7012=CARTESIAN_POINT('',(-18.9308708315471,-306.681215467302,90.1032497985184));
#7013=CARTESIAN_POINT('Origin',(-22.3308708315472,-306.681215320263,90.1032497985184));
#7014=CARTESIAN_POINT('Origin',(-22.3308708315472,-306.681215320263,90.1032497985184));
#7015=CARTESIAN_POINT('',(-6.55117984832789,-306.681214947518,104.692932954365));
#7016=CARTESIAN_POINT('',(-8.98688137668261,-306.681215605611,94.1370511599617));
#7017=CARTESIAN_POINT('',(-6.55117984832789,-306.681214743124,107.519076068646));
#7018=CARTESIAN_POINT('',(-6.55117984832779,-306.681215380571,98.7051294568202));
#7019=CARTESIAN_POINT('',(-6.35845112606699,-306.681214746431,107.588589793127));
#7020=CARTESIAN_POINT('Origin',(-0.245958784927394,-306.681216258268,90.339606130907));
#7021=CARTESIAN_POINT('',(-5.69041581840799,-306.681214911659,105.703456156559));
#7022=CARTESIAN_POINT('Origin',(-6.02443515114139,-306.681214829045,106.646022379891));
#7023=CARTESIAN_POINT('',(4.92694090927431,-306.681215364059,105.797002701926));
#7024=CARTESIAN_POINT('Origin',(-0.245958784927394,-306.681216258268,90.339606130907));
#7025=CARTESIAN_POINT('',(5.5616525289277,-306.68121525434,107.693615777879));
#7026=CARTESIAN_POINT('Origin',(5.24429671942741,-306.681215309199,106.745309239793));
#7027=CARTESIAN_POINT('',(5.74882015167211,-306.681215267046,107.629852673433));
#7028=CARTESIAN_POINT('Origin',(-0.245958784927394,-306.681216258268,90.339606130907));
#7029=CARTESIAN_POINT('',(5.74882015167211,-306.68121528645,107.361547841167));
#7030=CARTESIAN_POINT('',(5.7488201516722,-306.681215625652,102.671427964713));
#7031=CARTESIAN_POINT('',(6.3770533564053,-306.681215510528,104.638900845511));
#7032=CARTESIAN_POINT('',(10.1319733242694,-306.681216058777,99.3036081817035));
#7033=CARTESIAN_POINT('Origin',(10.3999768735901,-306.681215810729,102.893618501682));
#7034=CARTESIAN_POINT('',(10.5888301003558,-306.681216112281,98.8476846279874));
#7035=CARTESIAN_POINT('Ctrl Pts',(10.5888300996149,-306.68121611151,98.8476846279636));
#7036=CARTESIAN_POINT('Ctrl Pts',(10.5872868426948,-306.681216107982,98.8955371246585));
#7037=CARTESIAN_POINT('Ctrl Pts',(10.5784392800006,-306.681216104165,98.9430271367188));
#7038=CARTESIAN_POINT('Ctrl Pts',(10.5512235779422,-306.681216097391,99.0204104795591));
#7039=CARTESIAN_POINT('Ctrl Pts',(10.5314754355124,-306.681216093594,99.065696779746));
#7040=CARTESIAN_POINT('Ctrl Pts',(10.4602302150249,-306.68121608379,99.1586621859891));
#7041=CARTESIAN_POINT('Ctrl Pts',(10.416315748437,-306.681216078758,99.1973615196734));
#7042=CARTESIAN_POINT('Ctrl Pts',(10.3319433265113,-306.681216071349,99.2493572628542));
#7043=CARTESIAN_POINT('Ctrl Pts',(10.2941436029446,-306.68121606846,99.2667180299045));
#7044=CARTESIAN_POINT('Ctrl Pts',(10.2150334276756,-306.681216063185,99.2923518860082));
#7045=CARTESIAN_POINT('Ctrl Pts',(10.1737231126187,-306.681216060809,99.3004914520951));
#7046=CARTESIAN_POINT('Ctrl Pts',(10.1319733242701,-306.681216058778,99.303608181704));
#7047=CARTESIAN_POINT('',(22.9346402958641,-306.681217054271,93.1945814930152));
#7048=CARTESIAN_POINT('',(8.0714357186141,-306.681215919274,100.000390675413));
#7049=CARTESIAN_POINT('',(23.4301895730064,-306.681217502653,87.2911593453698));
#7050=CARTESIAN_POINT('Origin',(21.5191303684527,-306.681217216628,90.1032497985186));
#7051=CARTESIAN_POINT('',(16.7904280612899,-306.681217541846,82.7788658880954));
#7052=CARTESIAN_POINT('',(16.0407032582321,-306.681217546272,82.269362901034));
#7053=CARTESIAN_POINT('',(16.1249720728749,-306.681218205121,73.2098937726934));
#7054=CARTESIAN_POINT('',(16.6797815460117,-306.68121765213,81.187816385504));
#7055=CARTESIAN_POINT('',(11.0281929153452,-306.681218198484,70.2539543782807));
#7056=CARTESIAN_POINT('Origin',(12.8268367928728,-306.681218075883,73.0246732674145));
#7057=CARTESIAN_POINT('',(3.98777041953397,-306.681217563468,74.8243252184842));
#7058=CARTESIAN_POINT('',(-1.04443194527948,-306.681217109585,78.0910369767387));
#7059=CARTESIAN_POINT('',(-5.82145813998773,-306.681217129866,74.9541036372754));
#7060=CARTESIAN_POINT('Origin',(-1.01975831612466,-306.681217904794,67.1104833462167));
#7061=CARTESIAN_POINT('',(-16.842358287269,-306.681217141193,68.2073397282245));
#7062=CARTESIAN_POINT('',(-5.87853932720542,-306.681217129925,74.9191597317268));
#7063=CARTESIAN_POINT('',(-21.8592083715441,-306.681216740126,70.752949597714));
#7064=CARTESIAN_POINT('Origin',(-18.5670709041763,-306.681216862848,71.0246734588732));
#7065=CARTESIAN_POINT('',(-25.1771662180263,-306.681215835241,81.2806997881841));
#7066=CARTESIAN_POINT('',(-2.80472541578079,-306.681215837694,94.6247842120325));
#7067=CARTESIAN_POINT('',(6.4856621149036,-306.681217266455,80.4247566789775));
#7068=CARTESIAN_POINT('',(2.9018355907293,-306.681216715302,85.9025082957842));
#7069=CARTESIAN_POINT('',(-7.25538922612739,-306.681215645218,94.6247842120324));
#7070=CARTESIAN_POINT('',(-1.68756918101969,-306.681215886007,94.6247842120325));
#7071=CARTESIAN_POINT('',(2.034998304557,-306.681217073979,80.4247566789774));
#7072=CARTESIAN_POINT('',(-4.91952954912649,-306.681216004448,91.054505618463));
#7073=CARTESIAN_POINT('',(1.0567468404803,-306.681217031673,80.4247566789774));
#7074=CARTESIAN_POINT('',(0.750075084329203,-306.681217018411,80.4247566789774));
#7075=CARTESIAN_POINT('',(-3.70058805226809,-306.681216825934,80.4247566789774));
#7076=CARTESIAN_POINT('',(-1.81104619871399,-306.681216907651,80.4247566789774));
#7077=CARTESIAN_POINT('',(-4.28766827505859,-306.681216243659,88.1247806340909));
#7078=CARTESIAN_POINT('',(-1.97415125320049,-306.681216599453,84.5886464529652));
#7079=CARTESIAN_POINT('',(-8.73833141165594,-306.681216051183,88.1247806340908));
#7080=CARTESIAN_POINT('',(-2.4290407498769,-306.681216324039,88.1247806340909));
#7081=CARTESIAN_POINT('',(-7.66919638701689,-306.681216215605,86.4906431416299));
#7082=CARTESIAN_POINT('',(2.9308813917291,-306.68121608574,94.6247842120326));
#7083=CARTESIAN_POINT('',(7.9686268466217,-306.68121686049,86.9247806340911));
#7084=CARTESIAN_POINT('',(5.6515195817108,-306.681216504144,90.4663915372303));
#7085=CARTESIAN_POINT('',(-1.51978301706079,-306.681215893264,94.6247842120325));
#7086=CARTESIAN_POINT('',(1.1802343555056,-306.68121601003,94.6247842120325));
#7087=CARTESIAN_POINT('',(3.5179620720878,-306.681216668014,86.924780634091));
#7088=CARTESIAN_POINT('',(-0.0435225749315959,-306.681216120296,92.3683757425263));
#7089=CARTESIAN_POINT('',(1.7982285979235,-306.681216593641,86.924780634091));
#7090=CARTESIAN_POINT('Origin',(-23.680146312063,-310.681214989577,93.8688119508635));
#7091=CARTESIAN_POINT('',(-23.6801462947643,-310.281214989577,93.8688119219345));
#7092=CARTESIAN_POINT('',(-23.680146312063,-310.681214989577,93.8688119508635));
#7093=CARTESIAN_POINT('',(-8.4012859158547,-310.28121525439,99.3435298488168));
#7094=CARTESIAN_POINT('',(-13.8566176615901,-310.281215159838,97.3887765645539));
#7095=CARTESIAN_POINT('',(-8.40128593315335,-310.68121525439,99.3435298777459));
#7096=CARTESIAN_POINT('Origin',(-22.3308710045337,-310.681215320264,90.103250087809));
#7097=CARTESIAN_POINT('',(-25.9463356410084,-310.281215040145,91.8145113882261));
#7098=CARTESIAN_POINT('',(-25.946335658307,-310.681215040145,91.8145114171552));
#7099=CARTESIAN_POINT('Origin',(-22.3308709872351,-310.281215320264,90.1032500588799));
#7100=CARTESIAN_POINT('Origin',(-30.4723267904093,-310.68121553598,82.2522308462157));
#7101=CARTESIAN_POINT('',(-30.3012449989925,-310.281215517237,82.6136835636451));
#7102=CARTESIAN_POINT('',(-30.3012448433048,-306.681215517237,82.6136833032834));
#7103=CARTESIAN_POINT('',(-26.1425770528309,-310.281215061643,91.3999026572955));
#7104=CARTESIAN_POINT('Origin',(-27.1868102787181,-306.681215818592,80.3092006168248));
#7105=CARTESIAN_POINT('',(-26.562375312818,-310.281216122134,76.485534588373));
#7106=CARTESIAN_POINT('',(-26.5623751571301,-306.681216122134,76.4855343280116));
#7107=CARTESIAN_POINT('Origin',(-27.186810434406,-310.281215818592,80.3092008771862));
#7108=CARTESIAN_POINT('Origin',(-12.6763543983205,-310.481216543996,78.9558816810614));
#7109=CARTESIAN_POINT('',(-24.5023806693036,-310.28121618689,76.8219481005712));
#7110=CARTESIAN_POINT('',(-22.7282370724341,-312.839613763602,79.7039688753597));
#7111=CARTESIAN_POINT('',(-26.6268444889404,-310.681216090795,76.880305091832));
#7112=CARTESIAN_POINT('',(-12.6441198102593,-310.281216559665,78.7584964293319));
#7113=CARTESIAN_POINT('Origin',(-27.1868104430553,-310.481215818592,80.3092008916508));
#7114=CARTESIAN_POINT('Origin',(-98.9391684063271,-303.176159468674,-45.7932027660498));
#7115=CARTESIAN_POINT('Origin',(-26.5623751571301,-306.681216122134,76.4855343280116));
#7116=CARTESIAN_POINT('',(-24.5023805136158,-306.68121618689,76.8219478402098));
#7117=CARTESIAN_POINT('Origin',(-24.8082430678008,-306.681216103474,77.7924377355209));
#7118=CARTESIAN_POINT('',(-22.5459670280715,-309.28121672045,70.6143243688139));
#7119=CARTESIAN_POINT('',(-25.1527008458714,-309.281216009533,78.8853885946428));
#7120=CARTESIAN_POINT('',(-22.5459670713182,-310.281216720451,70.6143244411365));
#7121=CARTESIAN_POINT('',(-22.5459669156303,-306.681216720451,70.6143241807751));
#7122=CARTESIAN_POINT('',(-25.4971585547473,-310.281215915591,79.9783393380484));
#7123=CARTESIAN_POINT('Origin',(-25.3064077490254,-310.481215919493,80.0384569607213));
#7124=CARTESIAN_POINT('Origin',(13.982691597801,-302.926100540518,-69.7588075599697));
#7125=CARTESIAN_POINT('Origin',(-25.1649335319489,-307.981215922387,80.0830441914134));
#7126=CARTESIAN_POINT('Ctrl Pts',(-21.8592083715441,-306.681216740126,70.7529495977141));
#7127=CARTESIAN_POINT('Ctrl Pts',(-22.0878336860246,-307.545343353084,70.7080718238848));
#7128=CARTESIAN_POINT('Ctrl Pts',(-22.3180620815362,-308.417096711611,70.661481954699));
#7129=CARTESIAN_POINT('Ctrl Pts',(-22.5459670280711,-309.28121672045,70.6143243688126));
#7130=CARTESIAN_POINT('Origin',(17.0272761691345,-307.981217668906,81.1636506221541));
#7131=CARTESIAN_POINT('',(17.4704682586485,-309.281217590298,82.5155734406996));
#7132=CARTESIAN_POINT('',(17.123867091003,-307.956056142236,82.6497676692968));
#7133=CARTESIAN_POINT('',(16.8228531569766,-309.28121823579,73.2031456358635));
#7134=CARTESIAN_POINT('',(17.3747707922573,-309.281217685682,81.1394848588043));
#7135=CARTESIAN_POINT('Origin',(-102.055497391804,-335.100859983346,-1735.9393301159));
#7136=CARTESIAN_POINT('Origin',(12.8268367366522,-307.981218075883,73.0246733614339));
#7137=CARTESIAN_POINT('',(10.648861444212,-309.28121822434,69.6696140118049));
#7138=CARTESIAN_POINT('Origin',(12.8268366804315,-309.281218075883,73.0246734554533));
#7139=CARTESIAN_POINT('',(10.648861444212,-309.28121822434,69.6696140118049));
#7140=CARTESIAN_POINT('Origin',(-1.23409768084611,-307.981217122513,77.7988667935009));
#7141=CARTESIAN_POINT('',(3.60843894840071,-309.281217589324,74.2399848520084));
#7142=CARTESIAN_POINT('',(3.60843894840071,-309.281217589324,74.2399848520084));
#7143=CARTESIAN_POINT('',(-1.42376341641274,-309.281217135441,77.506696610263));
#7144=CARTESIAN_POINT('Origin',(-1.01975837234528,-307.981217904794,67.1104834402362));
#7145=CARTESIAN_POINT('',(-5.45771888828978,-309.281217188568,74.3599322690165));
#7146=CARTESIAN_POINT('Origin',(-1.0197584285659,-309.281217904794,67.1104835342556));
#7147=CARTESIAN_POINT('',(-5.45771888828978,-309.281217188568,74.3599322690165));
#7148=CARTESIAN_POINT('Origin',(-5.69666970135644,-307.981217159276,74.6220740475974));
#7149=CARTESIAN_POINT('',(-16.478619035571,-309.281217199895,67.6131683599657));
#7150=CARTESIAN_POINT('',(-16.478619035571,-309.281217199895,67.6131683599657));
#7151=CARTESIAN_POINT('',(-5.51480007550747,-309.281217188627,74.324988363468));
#7152=CARTESIAN_POINT('Origin',(-18.5670709603969,-307.981216862848,71.0246735528926));
#7153=CARTESIAN_POINT('Origin',(-18.5670710166176,-309.281216862848,71.024673646912));
#7154=CARTESIAN_POINT('Origin',(-18.5670709041763,-306.681216862848,71.0246734588732));
#7155=CARTESIAN_POINT('',(-16.4786190788176,-310.281217199895,67.6131684322883));
#7156=CARTESIAN_POINT('',(-16.4786189231298,-306.681217199895,67.6131681719269));
#7157=CARTESIAN_POINT('Origin',(-18.5670710598642,-310.281216862848,71.0246737192346));
#7158=CARTESIAN_POINT('Origin',(-16.4786189231298,-306.681217199895,67.6131681719269));
#7159=CARTESIAN_POINT('',(-5.45771893153641,-310.281217188568,74.3599323413391));
#7160=CARTESIAN_POINT('',(-5.45771877584854,-306.681217188568,74.3599320809777));
#7161=CARTESIAN_POINT('',(-5.51480011875407,-310.281217188627,74.3249884357906));
#7162=CARTESIAN_POINT('Origin',(-1.01975831612466,-306.681217904794,67.1104833462167));
#7163=CARTESIAN_POINT('',(3.60843890515408,-310.281217589324,74.239984924331));
#7164=CARTESIAN_POINT('',(3.60843906084195,-306.681217589324,74.2399846639696));
#7165=CARTESIAN_POINT('Origin',(-1.01975847181253,-310.281217904794,67.1104836065782));
#7166=CARTESIAN_POINT('Origin',(3.60843906084195,-306.681217589324,74.2399846639696));
#7167=CARTESIAN_POINT('',(10.6488614009653,-310.28121822434,69.6696140841275));
#7168=CARTESIAN_POINT('',(10.6488615566532,-306.68121822434,69.6696138237661));
#7169=CARTESIAN_POINT('',(-1.42376345965935,-310.281217135441,77.5066966825856));
#7170=CARTESIAN_POINT('Origin',(12.8268367928728,-306.681218075883,73.0246732674145));
#7171=CARTESIAN_POINT('',(16.82285311373,-310.28121823579,73.2031457081861));
#7172=CARTESIAN_POINT('',(16.8228532694178,-306.68121823579,73.2031454478247));
#7173=CARTESIAN_POINT('Origin',(12.8268366371849,-310.281218075883,73.0246735277759));
#7174=CARTESIAN_POINT('Origin',(16.8228532694178,-306.68121823579,73.2031454478247));
#7175=CARTESIAN_POINT('',(17.4704682154018,-310.281217590298,82.5155735130222));
#7176=CARTESIAN_POINT('',(17.4704682845964,-308.681217590298,82.5155733973061));
#7177=CARTESIAN_POINT('',(17.3747707490106,-310.281217685682,81.1394849311269));
#7178=CARTESIAN_POINT('Origin',(17.1752526174891,-310.48121767605,81.1533600544392));
#7179=CARTESIAN_POINT('',(17.3041629449635,-310.453753648215,82.6111620016814));
#7180=CARTESIAN_POINT('Ctrl Pts',(16.4221906133469,-310.681218218147,73.207511358339));
#7181=CARTESIAN_POINT('Ctrl Pts',(16.5556376727871,-310.548006496176,73.2062688421608));
#7182=CARTESIAN_POINT('Ctrl Pts',(16.6894243868501,-310.414440251454,73.2048002155477));
#7183=CARTESIAN_POINT('Ctrl Pts',(16.82285311373,-310.28121823579,73.2031457081859));
#7184=CARTESIAN_POINT('Origin',(-18.5670710685135,-310.481216862848,71.0246737336992));
#7185=CARTESIAN_POINT('',(-16.4786190788176,-310.281217199895,67.6131684322883));
#7186=CARTESIAN_POINT('Origin',(-5.61922272645572,-310.481217171775,74.4955637146025));
#7187=CARTESIAN_POINT('',(-5.45771893153641,-310.281217188568,74.3599323413391));
#7188=CARTESIAN_POINT('Origin',(-1.01975848046185,-310.481217904794,67.1104836210427));
#7189=CARTESIAN_POINT('',(3.60843890515408,-310.281217589324,74.239984924331));
#7190=CARTESIAN_POINT('Origin',(-1.3148647064977,-310.481217128018,77.6744496692325));
#7191=CARTESIAN_POINT('',(10.6488614009653,-310.28121822434,69.6696140841275));
#7192=CARTESIAN_POINT('Origin',(12.8268366285356,-310.481218075883,73.0246735422404));
#7193=CARTESIAN_POINT('Origin',(16.2655335885483,-310.481217579922,81.9385290049013));
#7194=CARTESIAN_POINT('',(23.7674351592987,-310.281217553127,86.7949083492933));
#7195=CARTESIAN_POINT('',(16.3779488445243,-310.281217596747,81.7731119049573));
#7196=CARTESIAN_POINT('',(23.5426046473466,-310.681217519478,87.1257425491809));
#7197=CARTESIAN_POINT('Origin',(23.767435142,-310.681217553128,86.7949083782223));
#7198=CARTESIAN_POINT('',(23.7674352025453,-309.281217553128,86.7949082769706));
#7199=CARTESIAN_POINT('',(16.3779488877709,-309.281217596747,81.7731118326347));
#7200=CARTESIAN_POINT('',(23.767435142,-310.681217553128,86.7949083782223));
#7201=CARTESIAN_POINT('Origin',(16.2093260730015,-307.981217571509,82.0212373668344));
#7202=CARTESIAN_POINT('',(23.4301895730064,-306.681217502653,87.2911593453698));
#7203=CARTESIAN_POINT('Origin',(-1.81104625493469,-307.981216885954,80.7247567729968));
#7204=CARTESIAN_POINT('',(-3.37613372494179,-309.281216796572,81.0247568670162));
#7205=CARTESIAN_POINT('',(-3.70058805226809,-306.681216825934,80.4247566789774));
#7206=CARTESIAN_POINT('',(-0.359479886593392,-309.281216927032,81.0247568670162));
#7207=CARTESIAN_POINT('',(-1.81104631115529,-309.281216864257,81.0247568670162));
#7208=CARTESIAN_POINT('',(0.750075084329203,-306.681217018411,80.4247566789774));
#7209=CARTESIAN_POINT('Origin',(-7.41815204593849,-307.981216214583,86.6548891201785));
#7210=CARTESIAN_POINT('',(-7.62877666561589,-309.281216142561,87.5247808221296));
#7211=CARTESIAN_POINT('',(-8.73833141165594,-306.681216051183,88.1247806340908));
#7212=CARTESIAN_POINT('',(-7.16710770486019,-309.281216213561,86.8191350987272));
#7213=CARTESIAN_POINT('Origin',(-2.22519570672,-307.981216600475,84.4244006624553));
#7214=CARTESIAN_POINT('',(-4.61212282726749,-309.281216273021,87.5247808221296));
#7215=CARTESIAN_POINT('',(-2.47624016023959,-309.281216601497,84.2601548719454));
#7216=CARTESIAN_POINT('',(-4.61212282726749,-309.281216273021,87.5247808221296));
#7217=CARTESIAN_POINT('Origin',(-2.4290408060975,-307.981216345735,87.8247807281103));
#7218=CARTESIAN_POINT('',(-2.42904086231809,-309.281216367432,87.5247808221298));
#7219=CARTESIAN_POINT('Origin',(-0.359479774152094,-306.681216927032,81.0247566789774));
#7220=CARTESIAN_POINT('',(-0.359479929840008,-310.281216927032,81.0247569393388));
#7221=CARTESIAN_POINT('',(-0.359479774152094,-306.681216927032,81.0247566789774));
#7222=CARTESIAN_POINT('',(-4.61212287051411,-310.281216273021,87.5247808944523));
#7223=CARTESIAN_POINT('',(-2.47624020348621,-310.281216601497,84.260154944268));
#7224=CARTESIAN_POINT('',(-4.61212271482619,-306.681216273021,87.5247806340909));
#7225=CARTESIAN_POINT('Origin',(-3.37613361250049,-306.681216796572,81.0247566789774));
#7226=CARTESIAN_POINT('',(-3.37613376818841,-310.281216796572,81.0247569393388));
#7227=CARTESIAN_POINT('',(-3.37613361250049,-306.681216796572,81.0247566789774));
#7228=CARTESIAN_POINT('',(-1.81104635440191,-310.281216864257,81.0247569393388));
#7229=CARTESIAN_POINT('Origin',(-4.66848532599779,-307.981216003426,91.2187517772937));
#7230=CARTESIAN_POINT('',(-6.14583352790149,-309.281215736596,94.0247844000712));
#7231=CARTESIAN_POINT('',(-7.25538922612739,-306.681215645218,94.6247842120324));
#7232=CARTESIAN_POINT('',(2.3594523534468,-309.281217044617,81.0247568670162));
#7233=CARTESIAN_POINT('',(-4.41744110286909,-309.281216002404,91.3829979361244));
#7234=CARTESIAN_POINT('',(2.034998304557,-306.681217073979,80.4247566789774));
#7235=CARTESIAN_POINT('Origin',(2.6507912551594,-307.981216716323,85.7382623249924));
#7236=CARTESIAN_POINT('',(5.3761061917951,-309.281217175077,81.0247568670162));
#7237=CARTESIAN_POINT('',(6.4856621149036,-306.681217266455,80.4247566789775));
#7238=CARTESIAN_POINT('',(-3.12917968955309,-309.281215867056,94.0247844000713));
#7239=CARTESIAN_POINT('',(2.3997469195895,-309.281216717345,85.5740163542005));
#7240=CARTESIAN_POINT('',(-3.12917968955309,-309.281215867056,94.0247844000713));
#7241=CARTESIAN_POINT('Origin',(1.05674678425971,-307.981217009976,80.7247567729968));
#7242=CARTESIAN_POINT('',(1.05674672803911,-309.281216988279,81.0247568670162));
#7243=CARTESIAN_POINT('Origin',(-1.68756923724039,-307.981215907704,94.3247843060519));
#7244=CARTESIAN_POINT('',(-1.68756929346099,-309.281215929401,94.0247844000713));
#7245=CARTESIAN_POINT('Origin',(-3.12917957711179,-306.681215867056,94.0247842120325));
#7246=CARTESIAN_POINT('',(-3.12917973279971,-310.281215867056,94.024784472394));
#7247=CARTESIAN_POINT('',(-3.12917957711179,-306.681215867056,94.0247842120325));
#7248=CARTESIAN_POINT('',(-6.1458335711481,-310.281215736596,94.0247844723938));
#7249=CARTESIAN_POINT('',(-1.68756933670761,-310.281215929401,94.024784472394));
#7250=CARTESIAN_POINT('',(-6.14583341546019,-306.681215736596,94.0247842120324));
#7251=CARTESIAN_POINT('Origin',(5.3761063042364,-306.681217175077,81.0247566789775));
#7252=CARTESIAN_POINT('',(5.37610614854849,-310.281217175077,81.0247569393388));
#7253=CARTESIAN_POINT('',(5.3761063042364,-306.681217175077,81.0247566789775));
#7254=CARTESIAN_POINT('',(2.39974687634289,-310.281216717345,85.5740164265231));
#7255=CARTESIAN_POINT('Origin',(0.207521541173203,-307.981216119274,92.532622064939));
#7256=CARTESIAN_POINT('',(-0.410226454850795,-309.281215984642,94.0247844000713));
#7257=CARTESIAN_POINT('',(-1.51978301706079,-306.681215893264,94.6247842120325));
#7258=CARTESIAN_POINT('',(3.8424158683332,-309.281216638651,87.5247808221298));
#7259=CARTESIAN_POINT('',(0.458565657278105,-309.281216118252,92.6968683873517));
#7260=CARTESIAN_POINT('',(3.5179620720878,-306.681216668014,86.924780634091));
#7261=CARTESIAN_POINT('Origin',(1.180234299285,-307.981216031727,94.3247843060519));
#7262=CARTESIAN_POINT('',(2.6064273834975,-309.281216115102,94.0247844000714));
#7263=CARTESIAN_POINT('',(2.9308813917291,-306.68121608574,94.6247842120326));
#7264=CARTESIAN_POINT('',(1.1802342430644,-309.281216053424,94.0247844000713));
#7265=CARTESIAN_POINT('Origin',(1.7982285417029,-307.981216571944,87.2247807281104));
#7266=CARTESIAN_POINT('',(6.8590700154266,-309.281216769112,87.5247808221298));
#7267=CARTESIAN_POINT('',(1.7982284854822,-309.281216550247,87.5247808221298));
#7268=CARTESIAN_POINT('',(6.8590700154266,-309.281216769112,87.5247808221298));
#7269=CARTESIAN_POINT('Origin',(5.4004753586279,-307.981216505166,90.3021453945063));
#7270=CARTESIAN_POINT('',(5.1494311355449,-309.281216506188,90.1378992517822));
#7271=CARTESIAN_POINT('Origin',(3.8424159807745,-306.681216638652,87.524780634091));
#7272=CARTESIAN_POINT('',(3.84241582508659,-310.281216638651,87.5247808944524));
#7273=CARTESIAN_POINT('',(3.8424159807745,-306.681216638652,87.524780634091));
#7274=CARTESIAN_POINT('',(6.85906997217999,-310.281216769112,87.5247808944524));
#7275=CARTESIAN_POINT('',(1.79822844223559,-310.281216550247,87.5247808944524));
#7276=CARTESIAN_POINT('',(6.8590701278679,-306.681216769112,87.5247806340911));
#7277=CARTESIAN_POINT('Origin',(-0.410226342409596,-306.681215984642,94.0247842120325));
#7278=CARTESIAN_POINT('',(-0.410226498097508,-310.281215984642,94.024784472394));
#7279=CARTESIAN_POINT('',(-0.410226342409596,-306.681215984642,94.0247842120325));
#7280=CARTESIAN_POINT('',(0.45856561403139,-310.281216118252,92.6968684596744));
#7281=CARTESIAN_POINT('Origin',(6.14881998733497,-310.48121564295,102.671428239539));
#7282=CARTESIAN_POINT('',(6.34881999598419,-310.281214966098,112.149811349788));
#7283=CARTESIAN_POINT('',(7.07017410527621,-309.559860975392,111.372821942455));
#7284=CARTESIAN_POINT('',(6.34881999598429,-310.281215500458,104.76125861494));
#7285=CARTESIAN_POINT('',(5.94881997868564,-310.681215486453,104.71570837706));
#7286=CARTESIAN_POINT('',(6.34881999598429,-310.2812156516,102.671428225074));
#7287=CARTESIAN_POINT('Origin',(4.7488200354839,-309.367854913217,116.386572832581));
#7288=CARTESIAN_POINT('',(6.34882012676734,-307.257092658339,115.173933220122));
#7289=CARTESIAN_POINT('',(6.34882010734695,-307.706154166802,114.724871776614));
#7290=CARTESIAN_POINT('',(3.14882004553514,-309.13543778593,119.942391488275));
#7291=CARTESIAN_POINT('',(3.14882004553514,-309.13543778593,119.942391488275));
#7292=CARTESIAN_POINT('',(3.14881996362096,-311.029555659632,118.048273888548));
#7293=CARTESIAN_POINT('Origin',(1.25404110768396,-309.681214221658,119.396615049548));
#7294=CARTESIAN_POINT('',(2.63037817670245,-309.135437763509,119.942391488275));
#7295=CARTESIAN_POINT('',(1.94220965399465,-309.135437733748,119.942391488275));
#7296=CARTESIAN_POINT('',(2.63037819090709,-308.806980947655,120.27084825662));
#7297=CARTESIAN_POINT('',(2.63037824285921,-307.605681871018,121.472147159495));
#7298=CARTESIAN_POINT('',(2.25404115095841,-309.19741102914,119.880418215333));
#7299=CARTESIAN_POINT('',(2.01521365487255,-309.445182119572,119.632647150412));
#7300=CARTESIAN_POINT('',(-3.05617995714498,-309.197410799491,119.880418215333));
#7301=CARTESIAN_POINT('',(-0.901069414269087,-309.197410892692,119.880418215333));
#7302=CARTESIAN_POINT('',(-3.43251696332411,-308.806980685455,120.27084825662));
#7303=CARTESIAN_POINT('',(-2.35808742103339,-309.921645578444,119.156183571327));
#7304=CARTESIAN_POINT('',(-3.43251697752875,-309.135437501309,119.942391488275));
#7305=CARTESIAN_POINT('',(-3.43251691584495,-307.70911064867,121.368718134603));
#7306=CARTESIAN_POINT('',(-3.95117995446485,-309.135437478879,119.942391488275));
#7307=CARTESIAN_POINT('',(-2.13913307205575,-309.135437557243,119.942391488275));
#7308=CARTESIAN_POINT('',(-3.95118012214352,-313.012704749954,116.065124778028));
#7309=CARTESIAN_POINT('Origin',(-6.95118001266503,-310.481215363273,98.7051297316461));
#7310=CARTESIAN_POINT('',(-7.1511800040158,-310.281214382269,112.149811349788));
#7311=CARTESIAN_POINT('',(-8.57267254444014,-308.85972182963,110.618684365391));
#7312=CARTESIAN_POINT('',(-7.15118000401571,-310.281214916629,104.76125861494));
#7313=CARTESIAN_POINT('',(-7.15118000401571,-310.281215354623,98.7051297171815));
#7314=CARTESIAN_POINT('',(-6.75118002131435,-310.681214937221,104.71570837706));
#7315=CARTESIAN_POINT('Origin',(-5.55118005028059,-311.351003865149,114.403423722061));
#7316=CARTESIAN_POINT('',(-7.15117987323266,-307.25709207451,115.173933220122));
#7317=CARTESIAN_POINT('',(-7.15117987323266,-307.25709207451,115.173933220122));
#7318=CARTESIAN_POINT('',(-7.15117997841764,-309.689302980345,112.741722666094));
#7319=CARTESIAN_POINT('Origin',(-13.789153904863,-310.481215176373,97.2004984858658));
#7320=CARTESIAN_POINT('',(-23.6801462947643,-310.281214989577,93.8688119219345));
#7321=CARTESIAN_POINT('',(-8.06065593586275,-310.681215291024,99.0406809544973));
#7322=CARTESIAN_POINT('Origin',(-8.98656233823287,-310.481215476857,95.9175113920721));
#7323=CARTESIAN_POINT('',(-9.18144166563523,-310.281215465178,95.962478525394));
#7324=CARTESIAN_POINT('Origin',(7.56699595395506,-310.48121599929,98.592370069109));
#7325=CARTESIAN_POINT('',(6.37705320071749,-310.281215510528,104.638901105872));
#7326=CARTESIAN_POINT('',(7.76187529865608,-310.281216004466,98.637337202431));
#7327=CARTESIAN_POINT('',(6.08844830948235,-310.681215536256,104.110584909392));
#7328=CARTESIAN_POINT('Origin',(1.23944584287797,-310.481215436848,102.585543077835));
#7329=CARTESIAN_POINT('',(9.38802023725539,-310.281215562714,105.717790159335));
#7330=CARTESIAN_POINT('',(9.52294775070964,-310.681215595783,105.341234001958));
#7331=CARTESIAN_POINT('',(1.17198208615079,-310.281215420314,102.773821156523));
#7332=CARTESIAN_POINT('Origin',(10.399976709253,-310.481215810729,102.893618776508));
#7333=CARTESIAN_POINT('',(12.9392853127814,-310.281216036079,101.296148305361));
#7334=CARTESIAN_POINT('',(12.6007108161655,-310.681216006032,101.509144395181));
#7335=CARTESIAN_POINT('Origin',(10.3999767179024,-310.281215810729,102.893618762044));
#7336=CARTESIAN_POINT('Origin',(8.43152751930456,-310.481216332194,94.5062962500914));
#7337=CARTESIAN_POINT('',(11.5400909391519,-310.281216136424,99.0720155935475));
#7338=CARTESIAN_POINT('',(8.60081476761248,-310.281216347217,94.3997982051814));
#7339=CARTESIAN_POINT('',(10.9583372809586,-310.681216123817,98.8984587223999));
#7340=CARTESIAN_POINT('Origin',(8.23796613397236,-310.481215900173,100.364077031945));
#7341=CARTESIAN_POINT('',(23.1844360097195,-310.28121702562,93.7401108759349));
#7342=CARTESIAN_POINT('',(23.0179054127253,-310.681217044721,93.3764248231585));
#7343=CARTESIAN_POINT('',(8.32123143246939,-310.281215890622,100.545920058333));
#7344=CARTESIAN_POINT('Origin',(21.5191302041156,-310.481217216628,90.1032500733445));
#7345=CARTESIAN_POINT('Origin',(21.5191302127649,-310.281217216628,90.1032500588799));
#7346=CARTESIAN_POINT('Origin',(-22.3308709958844,-310.481215320264,90.1032500733444));
#7347=CARTESIAN_POINT('',(-25.9463356410084,-310.281215040145,91.8145113882261));
#7348=CARTESIAN_POINT('Origin',(-25.9618038287915,-310.481215075649,91.3143396052928));
#7349=CARTESIAN_POINT('Origin',(-8.40128593315335,-310.68121525439,99.3435298777459));
#7350=CARTESIAN_POINT('',(-7.15117996076909,-309.281214916628,104.761258542617));
#7351=CARTESIAN_POINT('',(-7.15117982832644,-306.218717416628,104.761258321129));
#7352=CARTESIAN_POINT('',(-8.79136374749833,-309.281215359784,97.6530041147828));
#7353=CARTESIAN_POINT('Origin',(-7.15118002131435,-310.681214749607,107.070653072024));
#7354=CARTESIAN_POINT('',(-7.15117924936207,-292.83121419999,114.67016941956));
#7355=CARTESIAN_POINT('',(-7.15117983294621,-306.325540456247,115.141402653336));
#7356=CARTESIAN_POINT('',(-7.15117924936207,-292.831214691678,107.87163578505));
#7357=CARTESIAN_POINT('',(-7.15117924936207,-292.831214733973,107.286814990027));
#7358=CARTESIAN_POINT('',(-7.15117996076909,-309.281214691678,107.871636974757));
#7359=CARTESIAN_POINT('',(-7.15118002131435,-310.681214691677,107.871637076009));
#7360=CARTESIAN_POINT('',(-7.15117996076909,-309.281215354623,98.7051296448589));
#7361=CARTESIAN_POINT('Origin',(6.34881997868554,-310.68121475973,115.003250087809));
#7362=CARTESIAN_POINT('',(6.34882003923091,-309.281215500458,104.761258542617));
#7363=CARTESIAN_POINT('',(6.34882017167356,-306.218718000458,104.761258321129));
#7364=CARTESIAN_POINT('',(6.34882003923091,-309.281215267401,107.983719046048));
#7365=CARTESIAN_POINT('',(6.34882003923091,-309.2812156516,102.671428152752));
#7366=CARTESIAN_POINT('',(6.34882075063793,-292.831215267401,107.983717856341));
#7367=CARTESIAN_POINT('',(6.34881997868565,-310.681215267401,107.983719147299));
#7368=CARTESIAN_POINT('',(6.34882075063793,-292.831214783819,114.67016941956));
#7369=CARTESIAN_POINT('',(6.34882075063793,-292.831214687408,116.003248796851));
#7370=CARTESIAN_POINT('',(6.34882016107116,-306.46387853859,115.146233515251));
#7371=CARTESIAN_POINT('Origin',(10.399976709253,-310.481215810729,102.893618776508));
#7372=CARTESIAN_POINT('',(12.0999767179024,-310.281215884248,102.893618762044));
#7373=CARTESIAN_POINT('Origin',(10.3999767179024,-310.281215810729,102.893618762044));
#7374=CARTESIAN_POINT('',(12.299976709253,-310.481215892898,102.893618776508));
#7375=CARTESIAN_POINT('Origin',(10.3999767006037,-310.681215810729,102.893618790973));
#7376=CARTESIAN_POINT('',(12.0999767006037,-310.681215884248,102.893618790973));
#7377=CARTESIAN_POINT('Origin',(-22.3308709958844,-310.481215320264,90.1032500733444));
#7378=CARTESIAN_POINT('',(-19.9808709872351,-310.281215421894,90.1032500588799));
#7379=CARTESIAN_POINT('Origin',(-22.3308709872351,-310.281215320264,90.1032500588799));
#7380=CARTESIAN_POINT('',(-19.7808709958844,-310.481215430543,90.1032500733444));
#7381=CARTESIAN_POINT('Origin',(-22.3308710045337,-310.681215320264,90.103250087809));
#7382=CARTESIAN_POINT('',(-19.9808708315473,-306.681215421894,90.1032497985185));
#7383=CARTESIAN_POINT('',(-19.9808710045337,-310.681215421894,90.103250087809));
#7384=CARTESIAN_POINT('',(-20.630870831548,-306.681215511708,88.4807517245585));
#7385=CARTESIAN_POINT('Origin',(-22.3308708315473,-306.681215320264,90.1032497985185));
#7386=CARTESIAN_POINT('',(-20.6308708228987,-306.481216984154,88.4807517100937));
#7387=CARTESIAN_POINT('',(-20.6308708056001,-306.081217691904,88.4807516811647));
#7388=CARTESIAN_POINT('',(-20.7083727489402,-306.481216986407,88.4032497840522));
#7389=CARTESIAN_POINT('Origin',(-22.3308708228988,-306.481217501042,90.1032497840524));
#7390=CARTESIAN_POINT('',(-20.70837275759,-306.681215513962,88.4032497985167));
#7391=CARTESIAN_POINT('',(-20.7083727316416,-306.081217694158,88.4032497551232));
#7392=CARTESIAN_POINT('',(-23.9533689055052,-306.681215373627,88.4032497985167));
#7393=CARTESIAN_POINT('Origin',(-22.3308708315473,-306.681215320264,90.1032497985185));
#7394=CARTESIAN_POINT('',(-23.9533688968573,-306.481216846072,88.4032497840522));
#7395=CARTESIAN_POINT('',(-23.9533688795587,-306.081217553823,88.4032497551232));
#7396=CARTESIAN_POINT('',(-24.0308708228987,-306.481216837115,88.4807517100935));
#7397=CARTESIAN_POINT('Origin',(-22.3308708228988,-306.481217501042,90.1032497840524));
#7398=CARTESIAN_POINT('',(-24.0308708315478,-306.68121536467,88.4807517245592));
#7399=CARTESIAN_POINT('',(-24.0308708056001,-306.081217544866,88.4807516811645));
#7400=CARTESIAN_POINT('',(-24.030870831548,-306.681215129983,91.7257478724761));
#7401=CARTESIAN_POINT('Origin',(-22.3308708315473,-306.681215320264,90.1032497985185));
#7402=CARTESIAN_POINT('',(-24.0308708228987,-306.481216602428,91.7257478580112));
#7403=CARTESIAN_POINT('',(-24.0308708056001,-306.081217310179,91.7257478290823));
#7404=CARTESIAN_POINT('',(-23.9533688968578,-306.481216600175,91.8032497840521));
#7405=CARTESIAN_POINT('Origin',(-22.3308708228988,-306.481217501042,90.1032497840524));
#7406=CARTESIAN_POINT('',(-23.9533689055076,-306.68121512773,91.8032497985166));
#7407=CARTESIAN_POINT('',(-23.9533688795592,-306.081217307926,91.8032497551231));
#7408=CARTESIAN_POINT('',(-20.7083727575876,-306.681215268065,91.8032497985167));
#7409=CARTESIAN_POINT('Origin',(-22.3308708315473,-306.681215320264,90.1032497985185));
#7410=CARTESIAN_POINT('',(-20.7083727489398,-306.48121674051,91.8032497840522));
#7411=CARTESIAN_POINT('',(-20.7083727316411,-306.081217448261,91.8032497551232));
#7412=CARTESIAN_POINT('',(-20.6308708228987,-306.481216749467,91.725747858011));
#7413=CARTESIAN_POINT('Origin',(-22.3308708228988,-306.481217501042,90.1032497840524));
#7414=CARTESIAN_POINT('',(-20.6308708315478,-306.681215277022,91.7257478724768));
#7415=CARTESIAN_POINT('',(-20.6308708056001,-306.081217457218,91.7257478290821));
#7416=CARTESIAN_POINT('Origin',(-22.3308708315473,-306.681215320264,90.1032497985185));
#7417=CARTESIAN_POINT('Origin',(21.5191302041156,-310.481217216628,90.1032500733445));
#7418=CARTESIAN_POINT('',(23.8691302127649,-310.281217318257,90.1032500588799));
#7419=CARTESIAN_POINT('Origin',(21.5191302127649,-310.281217216627,90.1032500588799));
#7420=CARTESIAN_POINT('',(24.0691302041156,-310.481217326907,90.1032500733445));
#7421=CARTESIAN_POINT('Origin',(21.5191301954662,-310.681217216628,90.103250087809));
#7422=CARTESIAN_POINT('',(23.8691303684527,-306.681217318258,90.1032497985185));
#7423=CARTESIAN_POINT('',(23.8691301954662,-310.681217318258,90.103250087809));
#7424=CARTESIAN_POINT('',(23.2191303684518,-306.681217406999,88.4807517245587));
#7425=CARTESIAN_POINT('Origin',(21.5191303684527,-306.681217216628,90.1032497985186));
#7426=CARTESIAN_POINT('',(23.2191303771013,-306.48121593511,88.4807517100939));
#7427=CARTESIAN_POINT('',(23.2191303943999,-306.081216642861,88.4807516811649));
#7428=CARTESIAN_POINT('',(23.1416284510597,-306.481215937364,88.4032497840524));
#7429=CARTESIAN_POINT('Origin',(21.5191303771011,-306.481216451998,90.1032497840526));
#7430=CARTESIAN_POINT('',(23.14162844241,-306.681217409252,88.403249798517));
#7431=CARTESIAN_POINT('',(23.1416284683583,-306.081216645114,88.4032497551234));
#7432=CARTESIAN_POINT('',(19.8966322944946,-306.681217268917,88.4032497985171));
#7433=CARTESIAN_POINT('Origin',(21.5191303684527,-306.681217216628,90.1032497985186));
#7434=CARTESIAN_POINT('',(19.8966323031426,-306.481215797028,88.4032497840524));
#7435=CARTESIAN_POINT('',(19.8966323204412,-306.081216504779,88.4032497551234));
#7436=CARTESIAN_POINT('',(19.8191303771012,-306.481215788072,88.4807517100937));
#7437=CARTESIAN_POINT('Origin',(21.5191303771011,-306.481216451998,90.1032497840526));
#7438=CARTESIAN_POINT('',(19.819130368452,-306.68121725996,88.4807517245596));
#7439=CARTESIAN_POINT('',(19.8191303943999,-306.081216495822,88.4807516811647));
#7440=CARTESIAN_POINT('',(19.8191303684519,-306.681217025274,91.7257478724763));
#7441=CARTESIAN_POINT('Origin',(21.5191303684527,-306.681217216628,90.1032497985186));
#7442=CARTESIAN_POINT('',(19.8191303771013,-306.481215553385,91.7257478580114));
#7443=CARTESIAN_POINT('',(19.8191303943999,-306.081216261136,91.7257478290825));
#7444=CARTESIAN_POINT('',(19.8966323031422,-306.481215551132,91.8032497840524));
#7445=CARTESIAN_POINT('Origin',(21.5191303771011,-306.481216451998,90.1032497840526));
#7446=CARTESIAN_POINT('',(19.8966322944925,-306.68121702302,91.803249798517));
#7447=CARTESIAN_POINT('',(19.8966323204408,-306.081216258882,91.8032497551234));
#7448=CARTESIAN_POINT('',(23.1416284424121,-306.681217163355,91.8032497985171));
#7449=CARTESIAN_POINT('Origin',(21.5191303684527,-306.681217216628,90.1032497985186));
#7450=CARTESIAN_POINT('',(23.1416284510602,-306.481215691467,91.8032497840524));
#7451=CARTESIAN_POINT('',(23.1416284683589,-306.081216399217,91.8032497551234));
#7452=CARTESIAN_POINT('',(23.2191303771013,-306.481215700423,91.7257478580112));
#7453=CARTESIAN_POINT('Origin',(21.5191303771011,-306.481216451998,90.1032497840526));
#7454=CARTESIAN_POINT('',(23.219130368452,-306.681217172312,91.7257478724772));
#7455=CARTESIAN_POINT('',(23.2191303943999,-306.081216408174,91.7257478290823));
#7456=CARTESIAN_POINT('Origin',(21.5191303684527,-306.681217216628,90.1032497985186));
#7457=CARTESIAN_POINT('Origin',(-2.30887728060293,-310.481216600816,84.3696522150853));
#7458=CARTESIAN_POINT('',(-4.39581992796765,-310.681216253447,87.9247809233813));
#7459=CARTESIAN_POINT('',(-0.359479929840008,-310.281216927032,81.0247569393388));
#7460=CARTESIAN_POINT('Origin',(-2.42904091421403,-310.481216352968,87.7247809089169));
#7461=CARTESIAN_POINT('',(-7.62877670886251,-310.281216142561,87.5247808944523));
#7462=CARTESIAN_POINT('',(-2.42904090556471,-310.281216367432,87.5247808944524));
#7463=CARTESIAN_POINT('',(-7.62877670886251,-310.281216142561,87.5247808944523));
#7464=CARTESIAN_POINT('Origin',(-1.81104636305123,-310.481216878722,80.8247569538033));
#7465=CARTESIAN_POINT('',(-3.37613376818841,-310.281216796572,81.0247569393388));
#7466=CARTESIAN_POINT('Origin',(-7.33447068828883,-310.481216214242,86.7096379291616));
#7467=CARTESIAN_POINT('',(-7.1671077481068,-310.281216213561,86.8191351710499));
#7468=CARTESIAN_POINT('Origin',(2.56710972059307,-310.481216716664,85.6835138175284));
#7469=CARTESIAN_POINT('',(-2.91287697587765,-310.681215847481,94.424784501323));
#7470=CARTESIAN_POINT('',(5.37610614854849,-310.281217175077,81.0247569393388));
#7471=CARTESIAN_POINT('Origin',(-1.68756934535693,-310.481215914936,94.2247844868585));
#7472=CARTESIAN_POINT('',(-6.1458335711481,-310.281215736596,94.0247844723938));
#7473=CARTESIAN_POINT('Origin',(1.05674667614317,-310.481217002744,80.8247569538033));
#7474=CARTESIAN_POINT('',(2.35945231020009,-310.281217044617,81.0247569393388));
#7475=CARTESIAN_POINT('',(1.05674668479249,-310.281216988279,81.0247569393388));
#7476=CARTESIAN_POINT('',(2.35945231020009,-310.281217044617,81.0247569393388));
#7477=CARTESIAN_POINT('Origin',(-4.58480400766463,-310.481216003085,91.2735006463707));
#7478=CARTESIAN_POINT('',(-4.41744114611571,-310.281216002404,91.3829980084471));
#7479=CARTESIAN_POINT('Origin',(2.359452465888,-306.681217044617,81.0247566789774));
#7480=CARTESIAN_POINT('',(2.359452465888,-306.681217044617,81.0247566789774));
#7481=CARTESIAN_POINT('Origin',(1.79822843358627,-310.481216564712,87.3247809089169));
#7482=CARTESIAN_POINT('',(7.59877443405054,-310.68121683003,87.1247809233816));
#7483=CARTESIAN_POINT('',(3.84241582508659,-310.281216638651,87.5247808944524));
#7484=CARTESIAN_POINT('Origin',(5.31679386155717,-310.481216505507,90.2473968297316));
#7485=CARTESIAN_POINT('',(2.60642734025089,-310.281216115102,94.024784472394));
#7486=CARTESIAN_POINT('',(5.14943109229829,-310.281216506188,90.1378993241048));
#7487=CARTESIAN_POINT('',(2.60642734025089,-310.281216115102,94.024784472394));
#7488=CARTESIAN_POINT('Origin',(0.291202823831764,-310.481216118934,92.5873709885434));
#7489=CARTESIAN_POINT('',(-0.410226498097508,-310.281215984642,94.024784472394));
#7490=CARTESIAN_POINT('Origin',(1.18023419116837,-310.481216038959,94.2247844868585));
#7491=CARTESIAN_POINT('',(1.18023419981769,-310.281216053424,94.024784472394));
#7492=CARTESIAN_POINT('Origin',(2.6064274959388,-306.681216115102,94.0247842120325));
#7493=CARTESIAN_POINT('',(2.6064274959388,-306.681216115102,94.0247842120325));
#7494=CARTESIAN_POINT('Origin',(6.8590701278679,-306.681216769112,87.5247806340911));
#7495=CARTESIAN_POINT('Origin',(-6.14583341546019,-306.681215736596,94.0247842120324));
#7496=CARTESIAN_POINT('Origin',(-7.62877655317459,-306.681216142561,87.5247806340908));
#7497=CARTESIAN_POINT('',(-7.62877655317459,-306.681216142561,87.5247806340908));
#7498=CARTESIAN_POINT('Origin',(-4.61212271482619,-306.681216273021,87.5247806340909));
#7499=CARTESIAN_POINT('Origin',(-22.3308706888342,-303.381216792967,90.1032495598523));
#7500=CARTESIAN_POINT('',(-20.6308706974835,-303.581216158413,90.1032495743168));
#7501=CARTESIAN_POINT('Origin',(-22.3308706974835,-303.581216084894,90.1032495743168));
#7502=CARTESIAN_POINT('',(-20.2308684994021,-303.181215411081,90.1032495453877));
#7503=CARTESIAN_POINT('',(-20.4308706888355,-303.381216875136,90.1032495598523));
#7504=CARTESIAN_POINT('Origin',(-22.3308706801848,-303.181215320263,90.1032495453877));
#7505=CARTESIAN_POINT('Origin',(-22.3308708315481,-306.681216084895,90.1032497985168));
#7506=CARTESIAN_POINT('',(-20.6308708142494,-306.281216866488,90.1032497695876));
#7507=CARTESIAN_POINT('',(-21.1287892955684,-306.281216758016,91.305331306941));
#7508=CARTESIAN_POINT('Origin',(-22.3308708142495,-306.281217501042,90.1032497695879));
#7509=CARTESIAN_POINT('',(-22.3308708142494,-306.28121667002,91.8032497695877));
#7510=CARTESIAN_POINT('Origin',(-22.3308708142495,-306.281217501042,90.1032497695879));
#7511=CARTESIAN_POINT('',(-23.5329523422666,-306.281216654045,91.3053312976048));
#7512=CARTESIAN_POINT('Origin',(-22.3308708142495,-306.281217501042,90.1032497695879));
#7513=CARTESIAN_POINT('',(-24.0308708142494,-306.281216719449,90.1032497695876));
#7514=CARTESIAN_POINT('Origin',(-22.3308708142495,-306.281217501042,90.1032497695879));
#7515=CARTESIAN_POINT('',(-23.5329524030437,-306.28121682792,88.9011683023478));
#7516=CARTESIAN_POINT('Origin',(-22.3308708142495,-306.281217501042,90.1032497695879));
#7517=CARTESIAN_POINT('',(-22.3308708142494,-306.281216915916,88.4032497695878));
#7518=CARTESIAN_POINT('Origin',(-22.3308708142495,-306.281217501042,90.1032497695879));
#7519=CARTESIAN_POINT('',(-21.1287892862323,-306.281216931892,88.9011682415706));
#7520=CARTESIAN_POINT('Origin',(-22.3308708142495,-306.281217501042,90.1032497695879));
#7521=CARTESIAN_POINT('Origin',(-22.3308708142495,-306.281217501042,90.1032497695879));
#7522=CARTESIAN_POINT('',(-20.6308708315481,-306.681216158414,90.1032497985168));
#7523=CARTESIAN_POINT('Origin',(-20.630870831548,-306.68121604107,91.7257478724754));
#7524=CARTESIAN_POINT('',(-20.6308708142493,-306.281216209987,89.3990867135534));
#7525=CARTESIAN_POINT('',(-20.6308708142493,-306.281216275757,88.4807516956288));
#7526=CARTESIAN_POINT('',(-20.6308708228987,-306.481216917737,89.3990867280179));
#7527=CARTESIAN_POINT('',(-20.630870831548,-306.68121620934,89.3990867424824));
#7528=CARTESIAN_POINT('',(-20.6308708228987,-306.481216275757,88.4807517100933));
#7529=CARTESIAN_POINT('',(-20.630870831548,-306.681215335111,90.9144988354969));
#7530=CARTESIAN_POINT('',(-20.6308708228987,-306.481216815883,90.8074128400864));
#7531=CARTESIAN_POINT('',(-20.6308708228987,-306.481216275757,88.4807517100933));
#7532=CARTESIAN_POINT('',(-20.6308708142493,-306.281216108133,90.8074128256217));
#7533=CARTESIAN_POINT('',(-20.630870831548,-306.681216107487,90.8074128545508));
#7534=CARTESIAN_POINT('',(-20.6308708142493,-306.281216275757,88.4807516956288));
#7535=CARTESIAN_POINT('Origin',(-20.7083727575892,-306.68121627801,88.4032497985166));
#7536=CARTESIAN_POINT('',(-23.0350338702836,-306.281216178037,88.4032497695876));
#7537=CARTESIAN_POINT('',(-20.7083727402905,-306.28121627801,88.4032497695876));
#7538=CARTESIAN_POINT('',(-23.035033878933,-306.481216885786,88.4032497840521));
#7539=CARTESIAN_POINT('',(-23.0350338875822,-306.68121617739,88.4032497985166));
#7540=CARTESIAN_POINT('',(-20.7083727489399,-306.48121627801,88.4032497840521));
#7541=CARTESIAN_POINT('',(-21.5196217945682,-306.681215478296,88.4032497985166));
#7542=CARTESIAN_POINT('',(-21.6267077668644,-306.481216946692,88.4032497840521));
#7543=CARTESIAN_POINT('',(-20.7083727489399,-306.48121627801,88.4032497840521));
#7544=CARTESIAN_POINT('',(-21.6267077582151,-306.281216238942,88.4032497695876));
#7545=CARTESIAN_POINT('',(-21.6267077755137,-306.681216238295,88.4032497985166));
#7546=CARTESIAN_POINT('',(-20.7083727402905,-306.28121627801,88.4032497695876));
#7547=CARTESIAN_POINT('Origin',(-24.030870831548,-306.681216128718,88.4807517245578));
#7548=CARTESIAN_POINT('',(-24.0308708142493,-306.281215961095,90.8074128256218));
#7549=CARTESIAN_POINT('',(-24.0308708142493,-306.281216128718,88.4807516956288));
#7550=CARTESIAN_POINT('',(-24.0308708228987,-306.481216668845,90.8074128400864));
#7551=CARTESIAN_POINT('',(-24.030870831548,-306.681215960448,90.8074128545508));
#7552=CARTESIAN_POINT('',(-24.0308708228987,-306.481216128718,88.4807517100933));
#7553=CARTESIAN_POINT('',(-24.0308708315479,-306.681215305416,89.2920007615381));
#7554=CARTESIAN_POINT('',(-24.0308708228987,-306.481216770698,89.3990867280178));
#7555=CARTESIAN_POINT('',(-24.0308708228987,-306.481216128718,88.4807517100933));
#7556=CARTESIAN_POINT('',(-24.0308708142493,-306.281216062949,89.3990867135533));
#7557=CARTESIAN_POINT('',(-24.030870831548,-306.681216062302,89.3990867424823));
#7558=CARTESIAN_POINT('',(-24.0308708142493,-306.281216128718,88.4807516956288));
#7559=CARTESIAN_POINT('Origin',(-24.030870831548,-306.681215960448,90.8074128545508));
#7560=CARTESIAN_POINT('',(-23.0350338702836,-306.28121593214,91.8032497695876));
#7561=CARTESIAN_POINT('',(-24.6802317328248,-306.281215979329,90.1580519070464));
#7562=CARTESIAN_POINT('',(-23.0350338789329,-306.48121663989,91.8032497840522));
#7563=CARTESIAN_POINT('',(-23.0350338875822,-306.681215931493,91.8032497985166));
#7564=CARTESIAN_POINT('',(-23.7819115869073,-306.481217369357,91.0563720760779));
#7565=CARTESIAN_POINT('',(-24.6802317328248,-306.281215979329,90.1580519070464));
#7566=CARTESIAN_POINT('Origin',(-21.6267077755137,-306.681215992398,91.8032497985166));
#7567=CARTESIAN_POINT('',(-22.2760686767906,-306.281215917352,92.452610688163));
#7568=CARTESIAN_POINT('',(-21.6267077668644,-306.481216700795,91.8032497840521));
#7569=CARTESIAN_POINT('',(-21.1287892995497,-306.48121746609,91.3053313167374));
#7570=CARTESIAN_POINT('',(-21.6267077582151,-306.281215993045,91.8032497695876));
#7571=CARTESIAN_POINT('',(-21.6267077755137,-306.681215992398,91.8032497985166));
#7572=CARTESIAN_POINT('',(-22.2760686767906,-306.281215917352,92.452610688163));
#7573=CARTESIAN_POINT('Origin',(-20.630870831548,-306.68121620934,89.3990867424824));
#7574=CARTESIAN_POINT('',(-22.2760686767906,-306.281216257176,87.7538888510121));
#7575=CARTESIAN_POINT('',(-21.1287892948816,-306.481217639965,88.901168256035));
#7576=CARTESIAN_POINT('',(-22.2760686767906,-306.281216257176,87.7538888510121));
#7577=CARTESIAN_POINT('Origin',(-22.3308708142494,-306.281217501042,90.1032497695877));
#7578=CARTESIAN_POINT('',(-24.6802317328249,-306.281215987256,90.0484476321289));
#7579=CARTESIAN_POINT('Origin',(-23.0350338875822,-306.68121617739,88.4032497985166));
#7580=CARTESIAN_POINT('',(-23.2839931149244,-306.481217564765,88.6522090200436));
#7581=CARTESIAN_POINT('',(-24.6802317328249,-306.281215987256,90.0484476321289));
#7582=CARTESIAN_POINT('Origin',(-22.3308708142494,-306.281217501042,90.1032497695877));
#7583=CARTESIAN_POINT('Origin',(-22.3308708142494,-306.281217501042,90.1032497695877));
#7584=CARTESIAN_POINT('Origin',(-22.3308708142494,-306.281217501042,90.1032497695877));
#7585=CARTESIAN_POINT('',(-23.9533688882081,-306.281215891778,91.8032497695876));
#7586=CARTESIAN_POINT('Origin',(-22.3308708142494,-306.281217501042,90.1032497695877));
#7587=CARTESIAN_POINT('',(-23.9533688882081,-306.281215891778,91.8032497695876));
#7588=CARTESIAN_POINT('Origin',(-22.3308708142494,-306.281217501042,90.1032497695877));
#7589=CARTESIAN_POINT('Origin',(-22.3308708142494,-306.281217501042,90.1032497695877));
#7590=CARTESIAN_POINT('Origin',(-22.3308708142494,-306.281217501042,90.1032497695877));
#7591=CARTESIAN_POINT('Origin',(-23.9533689055068,-306.681215891778,91.8032497985166));
#7592=CARTESIAN_POINT('',(-23.9533688968575,-306.481215891778,91.8032497840521));
#7593=CARTESIAN_POINT('',(-23.142119868527,-306.681215162231,91.8032497985166));
#7594=CARTESIAN_POINT('',(-23.9533688968575,-306.481215891778,91.8032497840521));
#7595=CARTESIAN_POINT('Origin',(-22.3308708228987,-306.481217501042,90.1032497840522));
#7596=CARTESIAN_POINT('Origin',(-22.3308708228987,-306.481217501042,90.1032497840522));
#7597=CARTESIAN_POINT('Origin',(-22.3308708228987,-306.481217501042,90.1032497840522));
#7598=CARTESIAN_POINT('Origin',(-22.3308708228987,-306.481217501042,90.1032497840522));
#7599=CARTESIAN_POINT('Origin',(-22.3308708315472,-306.681215320263,90.1032497985184));
#7600=CARTESIAN_POINT('Origin',(-22.3308708315472,-306.681215320263,90.1032497985184));
#7601=CARTESIAN_POINT('Origin',(-22.3308708315472,-306.681215320263,90.1032497985184));
#7602=CARTESIAN_POINT('Origin',(21.5191305111657,-303.381215743924,90.1032495598525));
#7603=CARTESIAN_POINT('',(23.2191305025164,-303.581215109369,90.1032495743169));
#7604=CARTESIAN_POINT('Origin',(21.5191305025164,-303.58121503585,90.1032495743169));
#7605=CARTESIAN_POINT('',(23.6191297551788,-303.181217307446,90.103249545388));
#7606=CARTESIAN_POINT('',(23.4191305111644,-303.381215826093,90.1032495598525));
#7607=CARTESIAN_POINT('Origin',(21.5191305198149,-303.181217216628,90.103249545388));
#7608=CARTESIAN_POINT('Origin',(21.5191303684519,-306.681215035851,90.1032497985171));
#7609=CARTESIAN_POINT('',(23.2191303857506,-306.281215817444,90.1032497695878));
#7610=CARTESIAN_POINT('',(22.7212119044316,-306.281215708973,91.3053313069412));
#7611=CARTESIAN_POINT('Origin',(21.5191303857505,-306.281216451998,90.1032497695881));
#7612=CARTESIAN_POINT('',(21.5191303857506,-306.281215620976,91.8032497695879));
#7613=CARTESIAN_POINT('Origin',(21.5191303857505,-306.281216451998,90.1032497695881));
#7614=CARTESIAN_POINT('',(20.3170488577334,-306.281215605001,91.3053312976051));
#7615=CARTESIAN_POINT('Origin',(21.5191303857505,-306.281216451998,90.1032497695881));
#7616=CARTESIAN_POINT('',(19.8191303857506,-306.281215670405,90.1032497695878));
#7617=CARTESIAN_POINT('Origin',(21.5191303857505,-306.281216451998,90.1032497695881));
#7618=CARTESIAN_POINT('',(20.3170487969562,-306.281215778876,88.901168302348));
#7619=CARTESIAN_POINT('Origin',(21.5191303857505,-306.281216451998,90.1032497695881));
#7620=CARTESIAN_POINT('',(21.5191303857506,-306.281215866873,88.403249769588));
#7621=CARTESIAN_POINT('Origin',(21.5191303857505,-306.281216451998,90.1032497695881));
#7622=CARTESIAN_POINT('',(22.7212119137676,-306.281215882848,88.9011682415708));
#7623=CARTESIAN_POINT('Origin',(21.5191303857505,-306.281216451998,90.1032497695881));
#7624=CARTESIAN_POINT('Origin',(21.5191303857505,-306.281216451998,90.1032497695881));
#7625=CARTESIAN_POINT('',(23.2191303684519,-306.68121510937,90.1032497985171));
#7626=CARTESIAN_POINT('Origin',(23.219130368452,-306.681214992027,91.7257478724756));
#7627=CARTESIAN_POINT('',(23.2191303857506,-306.281215160943,89.3990867135535));
#7628=CARTESIAN_POINT('',(23.2191303857506,-306.281215226713,88.480751695629));
#7629=CARTESIAN_POINT('',(23.2191303771013,-306.481215868694,89.3990867280181));
#7630=CARTESIAN_POINT('',(23.219130368452,-306.681215160297,89.3990867424826));
#7631=CARTESIAN_POINT('',(23.2191303771013,-306.481215226713,88.4807517100935));
#7632=CARTESIAN_POINT('',(23.2191303684519,-306.681217231476,90.9144988354971));
#7633=CARTESIAN_POINT('',(23.2191303771013,-306.481215766839,90.8074128400865));
#7634=CARTESIAN_POINT('',(23.2191303771013,-306.481215226713,88.4807517100935));
#7635=CARTESIAN_POINT('',(23.2191303857506,-306.28121505909,90.807412825622));
#7636=CARTESIAN_POINT('',(23.219130368452,-306.681215058443,90.807412854551));
#7637=CARTESIAN_POINT('',(23.2191303857506,-306.281215226713,88.480751695629));
#7638=CARTESIAN_POINT('Origin',(23.1416284424108,-306.681215228967,88.4032497985167));
#7639=CARTESIAN_POINT('',(20.8149673297163,-306.281215128993,88.4032497695878));
#7640=CARTESIAN_POINT('',(23.1416284597094,-306.281215228967,88.4032497695878));
#7641=CARTESIAN_POINT('',(20.814967321067,-306.481215836744,88.4032497840524));
#7642=CARTESIAN_POINT('',(20.8149673124177,-306.681215128346,88.4032497985169));
#7643=CARTESIAN_POINT('',(23.1416284510601,-306.481215228967,88.4032497840523));
#7644=CARTESIAN_POINT('',(22.3303794054317,-306.68121737466,88.4032497985169));
#7645=CARTESIAN_POINT('',(22.2232934331356,-306.481215897649,88.4032497840523));
#7646=CARTESIAN_POINT('',(23.1416284510601,-306.481215228967,88.4032497840523));
#7647=CARTESIAN_POINT('',(22.2232934417849,-306.281215189899,88.4032497695878));
#7648=CARTESIAN_POINT('',(22.2232934244863,-306.681215189252,88.4032497985167));
#7649=CARTESIAN_POINT('',(23.1416284597094,-306.281215228967,88.4032497695878));
#7650=CARTESIAN_POINT('Origin',(19.819130368452,-306.681215079675,88.480751724558));
#7651=CARTESIAN_POINT('',(19.8191303857506,-306.281214912051,90.807412825622));
#7652=CARTESIAN_POINT('',(19.8191303857506,-306.281215079675,88.480751695629));
#7653=CARTESIAN_POINT('',(19.8191303771013,-306.481215619801,90.8074128400866));
#7654=CARTESIAN_POINT('',(19.819130368452,-306.681214911404,90.807412854551));
#7655=CARTESIAN_POINT('',(19.8191303771013,-306.481215079675,88.4807517100935));
#7656=CARTESIAN_POINT('',(19.8191303684519,-306.681217201781,89.2920007615384));
#7657=CARTESIAN_POINT('',(19.8191303771013,-306.481215721655,89.3990867280181));
#7658=CARTESIAN_POINT('',(19.8191303771013,-306.481215079675,88.4807517100935));
#7659=CARTESIAN_POINT('',(19.8191303857506,-306.281215013905,89.3990867135535));
#7660=CARTESIAN_POINT('',(19.819130368452,-306.681215013258,89.3990867424826));
#7661=CARTESIAN_POINT('',(19.8191303857506,-306.281215079675,88.480751695629));
#7662=CARTESIAN_POINT('Origin',(19.819130368452,-306.681214911404,90.807412854551));
#7663=CARTESIAN_POINT('',(20.8149673297164,-306.281214883096,91.8032497695878));
#7664=CARTESIAN_POINT('',(19.1697694671751,-306.281214930285,90.1580519070465));
#7665=CARTESIAN_POINT('',(20.814967321067,-306.481215590846,91.8032497840524));
#7666=CARTESIAN_POINT('',(20.8149673124177,-306.681214882449,91.8032497985168));
#7667=CARTESIAN_POINT('',(20.0680896130926,-306.481216320313,91.0563720760781));
#7668=CARTESIAN_POINT('',(19.1697694671751,-306.281214930285,90.1580519070465));
#7669=CARTESIAN_POINT('Origin',(22.2232934244863,-306.681214943355,91.8032497985167));
#7670=CARTESIAN_POINT('',(21.5739325232094,-306.281214868309,92.4526106881633));
#7671=CARTESIAN_POINT('',(22.2232934331356,-306.481215651752,91.8032497840523));
#7672=CARTESIAN_POINT('',(22.7212119004502,-306.481216417046,91.3053313167375));
#7673=CARTESIAN_POINT('',(22.2232934417849,-306.281214944002,91.8032497695877));
#7674=CARTESIAN_POINT('',(22.2232934244863,-306.681214943355,91.8032497985167));
#7675=CARTESIAN_POINT('',(21.5739325232094,-306.281214868309,92.4526106881633));
#7676=CARTESIAN_POINT('Origin',(23.219130368452,-306.681215160297,89.3990867424826));
#7677=CARTESIAN_POINT('',(21.5739325232093,-306.281215208132,87.7538888510123));
#7678=CARTESIAN_POINT('',(22.7212119051183,-306.481216590922,88.9011682560352));
#7679=CARTESIAN_POINT('',(21.5739325232093,-306.281215208132,87.7538888510123));
#7680=CARTESIAN_POINT('Origin',(21.5191303857506,-306.281216451998,90.1032497695879));
#7681=CARTESIAN_POINT('',(19.1697694671751,-306.281214938212,90.048447632129));
#7682=CARTESIAN_POINT('Origin',(20.8149673124177,-306.681215128346,88.4032497985169));
#7683=CARTESIAN_POINT('',(20.5660080850755,-306.481216515722,88.6522090200438));
#7684=CARTESIAN_POINT('',(19.1697694671751,-306.281214938212,90.048447632129));
#7685=CARTESIAN_POINT('Origin',(21.5191303857506,-306.281216451998,90.1032497695879));
#7686=CARTESIAN_POINT('Origin',(21.5191303857506,-306.281216451998,90.1032497695879));
#7687=CARTESIAN_POINT('Origin',(21.5191303857506,-306.281216451998,90.1032497695879));
#7688=CARTESIAN_POINT('',(19.8966323117918,-306.281214842735,91.8032497695878));
#7689=CARTESIAN_POINT('Origin',(21.5191303857506,-306.281216451998,90.1032497695879));
#7690=CARTESIAN_POINT('',(19.8966323117918,-306.281214842735,91.8032497695878));
#7691=CARTESIAN_POINT('Origin',(21.5191303857506,-306.281216451998,90.1032497695879));
#7692=CARTESIAN_POINT('Origin',(21.5191303857506,-306.281216451998,90.1032497695879));
#7693=CARTESIAN_POINT('Origin',(21.5191303857506,-306.281216451998,90.1032497695879));
#7694=CARTESIAN_POINT('Origin',(19.8966322944932,-306.681214842735,91.8032497985168));
#7695=CARTESIAN_POINT('',(19.8966323031425,-306.481214842735,91.8032497840523));
#7696=CARTESIAN_POINT('',(20.7078813314729,-306.681217058596,91.8032497985169));
#7697=CARTESIAN_POINT('',(19.8966323031425,-306.481214842735,91.8032497840523));
#7698=CARTESIAN_POINT('Origin',(21.5191303771012,-306.481216451998,90.1032497840524));
#7699=CARTESIAN_POINT('Origin',(21.5191303771012,-306.481216451998,90.1032497840524));
#7700=CARTESIAN_POINT('Origin',(21.5191303771012,-306.481216451998,90.1032497840524));
#7701=CARTESIAN_POINT('Origin',(21.5191303771012,-306.481216451998,90.1032497840524));
#7702=CARTESIAN_POINT('Origin',(21.5191303684527,-306.681217216628,90.1032497985186));
#7703=CARTESIAN_POINT('Origin',(21.5191303684527,-306.681217216628,90.1032497985186));
#7704=CARTESIAN_POINT('Origin',(21.5191303684527,-306.681217216628,90.1032497985186));
#7705=CARTESIAN_POINT('Origin',(-22.3308708315472,-306.681215320263,90.1032497985184));
#7706=CARTESIAN_POINT('Origin',(-22.3308708315472,-306.681215320263,90.1032497985184));
#7707=CARTESIAN_POINT('',(-19.674818646029,-303.181215435129,90.1032495453892));
#7708=CARTESIAN_POINT('',(-18.9308708315471,-306.681215467302,90.1032497985184));
#7709=CARTESIAN_POINT('Origin',(-22.330870680184,-303.181215320263,90.1032495453892));
#7710=CARTESIAN_POINT('Origin',(-22.330870680184,-303.181215320263,90.1032495453892));
#7711=CARTESIAN_POINT('Origin',(21.5191303684527,-306.681217216628,90.1032497985186));
#7712=CARTESIAN_POINT('Origin',(21.5191303684527,-306.681217216628,90.1032497985186));
#7713=CARTESIAN_POINT('',(24.9191303684527,-306.681217363667,90.1032497985186));
#7714=CARTESIAN_POINT('Origin',(21.5191303684527,-306.681217216628,90.1032497985186));
#7715=CARTESIAN_POINT('Origin',(21.5191303684527,-306.681217216628,90.1032497985186));
#7716=CARTESIAN_POINT('',(24.1751825539708,-303.181217331493,90.1032495453894));
#7717=CARTESIAN_POINT('',(24.9191303684527,-306.681217363667,90.1032497985186));
#7718=CARTESIAN_POINT('Origin',(21.5191305198159,-303.181217216628,90.1032495453894));
#7719=CARTESIAN_POINT('Origin',(21.5191305198159,-303.181217216628,90.1032495453894));
#7720=CARTESIAN_POINT('Origin',(1.2731778336827,-307.981215445115,102.491403850452));
#7721=CARTESIAN_POINT('',(6.37705324396411,-309.281215510528,104.63890103355));
#7722=CARTESIAN_POINT('',(6.37929376790827,-309.238329892914,104.629191020392));
#7723=CARTESIAN_POINT('',(1.1719821293974,-309.281215420314,102.7738210842));
#7724=CARTESIAN_POINT('Ctrl Pts',(11.7312172420702,-309.438188739902,99.3077978111175));
#7725=CARTESIAN_POINT('Ctrl Pts',(11.2833811936462,-308.563970696307,98.9747924387559));
#7726=CARTESIAN_POINT('Ctrl Pts',(10.8862504860258,-307.627919298983,98.7491844806159));
#7727=CARTESIAN_POINT('Ctrl Pts',(10.5080838279822,-306.681216128942,98.5583376502748));
#7728=CARTESIAN_POINT('Ctrl Pts',(11.7708498525086,-309.385129498237,99.3937917234469));
#7729=CARTESIAN_POINT('Ctrl Pts',(11.3253148980752,-308.522771845869,99.0593979128031));
#7730=CARTESIAN_POINT('Ctrl Pts',(10.9274718142462,-307.591691419431,98.8303645231606));
#7731=CARTESIAN_POINT('Ctrl Pts',(10.5487449126001,-306.649141993014,98.6368719369071));
#7732=CARTESIAN_POINT('Ctrl Pts',(11.7893506605637,-309.296063306278,99.6027311252908));
#7733=CARTESIAN_POINT('Ctrl Pts',(11.355497750589,-308.455362446054,99.2612089804556));
#7734=CARTESIAN_POINT('Ctrl Pts',(10.960715222416,-307.532839674263,99.0228197236728));
#7735=CARTESIAN_POINT('Ctrl Pts',(10.5847329730813,-306.597510150331,98.8216826802581));
#7736=CARTESIAN_POINT('Ctrl Pts',(11.5977837329833,-309.260336661422,99.9541472378802));
#7737=CARTESIAN_POINT('Ctrl Pts',(11.2018995363098,-308.428675630927,99.6058722318235));
#7738=CARTESIAN_POINT('Ctrl Pts',(10.8295355518415,-307.509874381444,99.3559543839476));
#7739=CARTESIAN_POINT('Ctrl Pts',(10.4716529990949,-306.577467348823,99.1451759207181));
#7740=CARTESIAN_POINT('Ctrl Pts',(11.329760549724,-309.358599812643,100.05662913845));
#7741=CARTESIAN_POINT('Ctrl Pts',(10.9550135208615,-308.502463962717,99.7254168696289));
#7742=CARTESIAN_POINT('Ctrl Pts',(10.6035155141706,-307.573496797032,99.4869292632458));
#7743=CARTESIAN_POINT('Ctrl Pts',(10.2629688144843,-306.633104867944,99.2826955478874));
#7744=CARTESIAN_POINT('Ctrl Pts',(11.1891158579402,-309.438188663732,100.036832921216));
#7745=CARTESIAN_POINT('Ctrl Pts',(10.8120871544823,-308.563970621785,99.7233868889796));
#7746=CARTESIAN_POINT('Ctrl Pts',(10.4670010246666,-307.627919226719,99.4976754467324));
#7747=CARTESIAN_POINT('Ctrl Pts',(10.1319733242697,-306.681216058777,99.3036081817037));
#7748=CARTESIAN_POINT('',(11.2765294520495,-308.495935192718,98.9933860844577));
#7749=CARTESIAN_POINT('Ctrl Pts',(11.651672575459,-309.281220088284,99.2493817790243));
#7750=CARTESIAN_POINT('Ctrl Pts',(11.5227318239852,-309.02403928851,99.1558763442537));
#7751=CARTESIAN_POINT('Ctrl Pts',(11.397946954772,-308.761853839789,99.0711459218827));
#7752=CARTESIAN_POINT('Ctrl Pts',(11.2765294520495,-308.495935192718,98.9933860844577));
#7753=CARTESIAN_POINT('Ctrl Pts',(11.2765294520497,-308.495935192718,98.9933860844578));
#7754=CARTESIAN_POINT('Ctrl Pts',(11.1750400110684,-308.193574681576,98.9631151675462));
#7755=CARTESIAN_POINT('Ctrl Pts',(11.0546939927555,-307.868896495624,98.9358141243063));
#7756=CARTESIAN_POINT('Ctrl Pts',(10.8297611271311,-307.282222374693,98.8899054541945));
#7757=CARTESIAN_POINT('Ctrl Pts',(10.707242956664,-306.97342139937,98.8676288596692));
#7758=CARTESIAN_POINT('Ctrl Pts',(10.5888301005373,-306.681216113822,98.8476846285824));
#7759=CARTESIAN_POINT('Origin',(20.0059963008569,-296.656626981403,131.185695725029));
#7760=CARTESIAN_POINT('Origin',(8.34688400759179,-307.981216324682,94.5595450845077));
#7761=CARTESIAN_POINT('',(11.5400909823985,-309.281216136424,99.0720155212249));
#7762=CARTESIAN_POINT('',(10.6674606334977,-306.681216117514,98.8116799830709));
#7763=CARTESIAN_POINT('',(8.6008148108591,-309.281216347217,94.3997981328588));
#7764=CARTESIAN_POINT('Origin',(10.3999768173695,-307.981215810729,102.893618595702));
#7765=CARTESIAN_POINT('Origin',(-6.85117990454839,-307.981215367597,98.7051295508395));
#7766=CARTESIAN_POINT('',(-6.61203074607587,-306.944901916275,107.496620107269));
#7767=CARTESIAN_POINT('Origin',(-6.75117988580829,-307.547881375643,107.871636849398));
#7768=CARTESIAN_POINT('Origin',(-0.245957603315969,-279.358591650199,90.3396041548632));
#7769=CARTESIAN_POINT('',(-6.55117984832789,-306.681214947518,104.692932954365));
#7770=CARTESIAN_POINT('Origin',(-8.88912256209049,-307.981215482697,95.8950276373723));
#7771=CARTESIAN_POINT('Origin',(6.0488200954515,-307.981215638626,102.671428058732));
#7772=CARTESIAN_POINT('',(5.81631149866909,-306.973677830129,107.60630470318));
#7773=CARTESIAN_POINT('Origin',(5.9488201141917,-307.547881916769,107.983718920689));
#7774=CARTESIAN_POINT('',(6.46798931072585,-309.797615816215,104.244800810192));
#7775=CARTESIAN_POINT('Origin',(-0.245957661493443,-280.703840866336,90.3396042521552));
#7776=CARTESIAN_POINT('Origin',(21.5191303122321,-307.981217216628,90.103249892538));
#7777=CARTESIAN_POINT('',(23.1844360529661,-309.281217025619,93.7401108036123));
#7778=CARTESIAN_POINT('',(22.9346402958641,-306.681217054271,93.1945814930152));
#7779=CARTESIAN_POINT('Origin',(21.5191302560115,-309.281217216628,90.1032499865574));
#7780=CARTESIAN_POINT('Origin',(8.1963335971651,-307.981215904948,100.273155330712));
#7781=CARTESIAN_POINT('',(8.321231475716,-309.281215890622,100.54591998601));
#7782=CARTESIAN_POINT('Origin',(11.5400909218532,-310.681216136424,99.0720156224766));
#7783=CARTESIAN_POINT('',(23.1844359924208,-310.68121702562,93.740110904864));
#7784=CARTESIAN_POINT('',(11.5400909218532,-310.681216136424,99.0720156224766));
#7785=CARTESIAN_POINT('Origin',(12.9392852954827,-310.681216036079,101.29614833429));
#7786=CARTESIAN_POINT('',(12.939285356028,-309.281216036079,101.296148233039));
#7787=CARTESIAN_POINT('Origin',(10.3999767006037,-310.681215810729,102.893618790973));
#7788=CARTESIAN_POINT('',(9.38802021995674,-310.681215562714,105.717790188264));
#7789=CARTESIAN_POINT('Origin',(6.37705318341884,-310.681215510528,104.638901134802));
#7790=CARTESIAN_POINT('',(6.37705318341884,-310.681215510528,104.638901134802));
#7791=CARTESIAN_POINT('Origin',(6.34881997868565,-310.681215500458,104.761258643869));
#7792=CARTESIAN_POINT('Origin',(21.5191301954662,-310.681217216628,90.103250087809));
#7793=CARTESIAN_POINT('Origin',(-0.245958957913954,-310.681216258267,90.3396064201975));
#7794=CARTESIAN_POINT('',(-6.61203013570637,-292.831214742116,107.49661908653));
#7795=CARTESIAN_POINT('',(-6.61203090765875,-310.681214742116,107.496620377489));
#7796=CARTESIAN_POINT('',(-5.35117924936207,-292.831214766525,107.913071431987));
#7797=CARTESIAN_POINT('Origin',(-0.245958185961579,-292.831216258267,90.3396051292388));
#7798=CARTESIAN_POINT('',(-5.3511796169584,-301.331214766525,107.913072046729));
#7799=CARTESIAN_POINT('',(-5.35117963858171,-301.831214766525,107.913072082891));
#7800=CARTESIAN_POINT('',(4.54882038304159,-301.331215188358,108.000299245346));
#7801=CARTESIAN_POINT('Origin',(-0.245958553557903,-301.331216258268,90.339605743981));
#7802=CARTESIAN_POINT('',(4.54882075063793,-292.831215188358,108.000298630604));
#7803=CARTESIAN_POINT('',(4.54882036141829,-301.831215188358,108.000299281507));
#7804=CARTESIAN_POINT('',(5.81631211028292,-292.831215271667,107.60630368036));
#7805=CARTESIAN_POINT('Origin',(-0.245958185961579,-292.831216258267,90.3396051292388));
#7806=CARTESIAN_POINT('',(5.81631133833055,-310.681215271667,107.606304971319));
#7807=CARTESIAN_POINT('',(5.56165268029086,-303.18121525434,107.69361552475));
#7808=CARTESIAN_POINT('',(5.56165235594114,-310.68121525434,107.69361606717));
#7809=CARTESIAN_POINT('',(-6.35845097470384,-303.181214746431,107.588589539998));
#7810=CARTESIAN_POINT('Origin',(-0.245958633564141,-303.181216258267,90.3396058777779));
#7811=CARTESIAN_POINT('',(-6.35845129905355,-310.681214746431,107.588590082417));
#7812=CARTESIAN_POINT('Origin',(-6.75118002131435,-310.681214708976,107.871637076009));
#7813=CARTESIAN_POINT('Origin',(-6.75117924936207,-292.831214708976,107.87163578505));
#7814=CARTESIAN_POINT('Origin',(-6.02443532412785,-310.681214829045,106.646022669181));
#7815=CARTESIAN_POINT('',(-5.07260769599484,-303.181214848032,106.952656736309));
#7816=CARTESIAN_POINT('Origin',(-6.02443499977814,-303.181214829045,106.646022126762));
#7817=CARTESIAN_POINT('',(-5.07260780411138,-305.681214848032,106.952656917116));
#7818=CARTESIAN_POINT('',(-5.07260802034445,-310.681214848032,106.952657278729));
#7819=CARTESIAN_POINT('Ctrl Pts',(-5.07260780411141,-305.681214848032,106.952656917116));
#7820=CARTESIAN_POINT('Ctrl Pts',(-5.07260780776264,-305.765643360464,106.952656923222));
#7821=CARTESIAN_POINT('Ctrl Pts',(-5.06917054732269,-305.849659484445,106.942526157804));
#7822=CARTESIAN_POINT('Ctrl Pts',(-5.05749884370429,-306.013234191408,106.901916819386));
#7823=CARTESIAN_POINT('Ctrl Pts',(-5.04934134192038,-306.091938737191,106.871559155161));
#7824=CARTESIAN_POINT('Ctrl Pts',(-5.03224499199741,-306.257814649252,106.780905039231));
#7825=CARTESIAN_POINT('Ctrl Pts',(-5.02381495105189,-306.340413843946,106.715802723198));
#7826=CARTESIAN_POINT('Ctrl Pts',(-5.02505885092218,-306.473621406195,106.567437870603));
#7827=CARTESIAN_POINT('Ctrl Pts',(-5.0330906762871,-306.524257900481,106.489373502177));
#7828=CARTESIAN_POINT('Ctrl Pts',(-5.0745343471083,-306.603737054103,106.321452997254));
#7829=CARTESIAN_POINT('Ctrl Pts',(-5.10754261527758,-306.630020568032,106.235847356307));
#7830=CARTESIAN_POINT('Ctrl Pts',(-5.20096334945939,-306.664753098486,106.07073689294));
#7831=CARTESIAN_POINT('Ctrl Pts',(-5.2599566508573,-306.672600125051,105.994170933106));
#7832=CARTESIAN_POINT('Ctrl Pts',(-5.38128205177038,-306.679679852445,105.87689715282));
#7833=CARTESIAN_POINT('Ctrl Pts',(-5.43842095708809,-306.680553917943,105.832522219692));
#7834=CARTESIAN_POINT('Ctrl Pts',(-5.53892634781362,-306.681176993018,105.770582203832));
#7835=CARTESIAN_POINT('Ctrl Pts',(-5.57964087580084,-306.681200226398,105.749215909423));
#7836=CARTESIAN_POINT('Ctrl Pts',(-5.63439028195588,-306.681213870733,105.725120866163));
#7837=CARTESIAN_POINT('Ctrl Pts',(-5.64725696347486,-306.681214497914,105.719777192506));
#7838=CARTESIAN_POINT('Ctrl Pts',(-5.66826962451609,-306.681214923176,105.711559456827));
#7839=CARTESIAN_POINT('Ctrl Pts',(-5.67635571854995,-306.68121491045,105.708517641032));
#7840=CARTESIAN_POINT('Ctrl Pts',(-5.68644974353822,-306.681214911803,105.704868672753));
#7841=CARTESIAN_POINT('Ctrl Pts',(-5.68843203956249,-306.681214911694,105.704159152776));
#7842=CARTESIAN_POINT('Ctrl Pts',(-5.69041581840883,-306.681214911659,105.703456156561));
#7843=CARTESIAN_POINT('Origin',(-0.401179616958405,-301.331214900745,109.017155203002));
#7844=CARTESIAN_POINT('',(-5.3511796169584,-301.331214662352,109.353455902198));
#7845=CARTESIAN_POINT('',(-5.3511796169584,-301.331214674513,109.1853055526));
#7846=CARTESIAN_POINT('',(4.54882038304159,-301.331215090494,109.353455902198));
#7847=CARTESIAN_POINT('Origin',(-0.401179616958305,-301.331216002687,93.7806788230947));
#7848=CARTESIAN_POINT('',(4.54882038304159,-301.331215151587,108.508727224174));
#7849=CARTESIAN_POINT('Origin',(-0.401179638581612,-301.831216002687,93.780678859256));
#7850=CARTESIAN_POINT('',(-5.35117963858171,-301.831214662352,109.353455938359));
#7851=CARTESIAN_POINT('',(-5.35117963858171,-301.831214662352,109.353455938359));
#7852=CARTESIAN_POINT('',(4.54882036141829,-301.831215090494,109.353455938359));
#7853=CARTESIAN_POINT('Origin',(-0.401179638581612,-301.831216002687,93.780678859256));
#7854=CARTESIAN_POINT('',(4.54882036141829,-301.831215090494,109.353455938359));
#7855=CARTESIAN_POINT('Origin',(4.54882036141829,-301.831215188358,108.000299281507));
#7856=CARTESIAN_POINT('',(4.54882075063793,-292.831215090494,109.353455287455));
#7857=CARTESIAN_POINT('',(4.54882036141829,-301.831215090494,109.353455938359));
#7858=CARTESIAN_POINT('',(4.54882075063793,-292.831214609564,116.003248796851));
#7859=CARTESIAN_POINT('Origin',(-0.401179638581712,-301.831214754668,111.036950939861));
#7860=CARTESIAN_POINT('',(-4.06560409665851,-301.831214607144,110.885544936985));
#7861=CARTESIAN_POINT('',(-3.27130152921061,-301.831214573034,111.832157707283));
#7862=CARTESIAN_POINT('',(-4.06560409665851,-301.831214237019,116.003249447754));
#7863=CARTESIAN_POINT('',(-4.06560409665851,-301.831214416607,113.520100193808));
#7864=CARTESIAN_POINT('',(3.26324527598439,-301.831214553967,116.003249447754));
#7865=CARTESIAN_POINT('',(-7.15117963858171,-301.831214103578,116.003249447754));
#7866=CARTESIAN_POINT('',(3.26324527598439,-301.831214924093,110.885544936985));
#7867=CARTESIAN_POINT('',(3.26324527598439,-301.831214918617,110.961247938423));
#7868=CARTESIAN_POINT('',(3.11173047473399,-301.831214904481,111.066113277765));
#7869=CARTESIAN_POINT('Origin',(5.94881997868564,-310.681215250102,107.983719147299));
#7870=CARTESIAN_POINT('Origin',(5.94882075063793,-292.831215250102,107.983717856341));
#7871=CARTESIAN_POINT('Origin',(-3.06560373338684,-293.431214465328,113.44439658486));
#7872=CARTESIAN_POINT('',(-3.06560375122501,-293.83121370806,116.003248869173));
#7873=CARTESIAN_POINT('',(-3.06560375122498,-293.831214078186,110.885544358404));
#7874=CARTESIAN_POINT('',(-3.06560375068547,-293.831213800592,114.723822741481));
#7875=CARTESIAN_POINT('',(-3.06560370743878,-292.831214650391,110.885544286082));
#7876=CARTESIAN_POINT('',(-3.06560409665851,-301.831214650391,110.885544936985));
#7877=CARTESIAN_POINT('',(-3.06560370743888,-292.831214280265,116.003248796851));
#7878=CARTESIAN_POINT('',(-3.06560370743878,-292.831214650391,110.885544286082));
#7879=CARTESIAN_POINT('',(-3.06560370743888,-292.831214280265,116.003248796851));
#7880=CARTESIAN_POINT('Origin',(-5.35117963858171,-301.831214662352,109.353455938359));
#7881=CARTESIAN_POINT('',(-5.35117924936207,-292.831214662352,109.353455287455));
#7882=CARTESIAN_POINT('',(-5.35117924936207,-292.831214811817,107.286814990027));
#7883=CARTESIAN_POINT('',(-5.35117963858171,-301.831214662352,109.353455938359));
#7884=CARTESIAN_POINT('Origin',(-4.06560409665851,-301.831214607144,110.885544936985));
#7885=CARTESIAN_POINT('',(-4.06560370743878,-292.831214607144,110.885544286082));
#7886=CARTESIAN_POINT('',(-5.35117924936207,-292.831214662352,109.353455287455));
#7887=CARTESIAN_POINT('',(-4.06560375933481,-294.031214607145,110.885544372869));
#7888=CARTESIAN_POINT('',(-4.06560409665851,-301.831214607144,110.885544936985));
#7889=CARTESIAN_POINT('',(-4.06560409665851,-301.831214607144,110.885544936985));
#7890=CARTESIAN_POINT('Origin',(-4.06560409665851,-301.831214237019,116.003249447754));
#7891=CARTESIAN_POINT('',(-4.06560375933481,-294.031214237019,116.003248883638));
#7892=CARTESIAN_POINT('',(-4.06560375933481,-294.031214237019,116.003248883638));
#7893=CARTESIAN_POINT('',(-4.06560409665851,-301.831214237019,116.003249447754));
#7894=CARTESIAN_POINT('Origin',(3.26324527598439,-301.831214924093,110.885544936985));
#7895=CARTESIAN_POINT('',(3.26324561330809,-294.031214553967,116.003248883638));
#7896=CARTESIAN_POINT('',(3.26324561330809,-294.031214924093,110.885544372869));
#7897=CARTESIAN_POINT('',(3.26324561330809,-294.031214924093,110.885544372869));
#7898=CARTESIAN_POINT('',(3.26324527598439,-301.831214924093,110.885544936985));
#7899=CARTESIAN_POINT('',(3.26324527598439,-301.831214553967,116.003249447754));
#7900=CARTESIAN_POINT('Origin',(4.54882036141829,-301.831215090494,109.353455938359));
#7901=CARTESIAN_POINT('',(3.26324566520403,-292.831214924093,110.885544286082));
#7902=CARTESIAN_POINT('',(3.26324527598439,-301.831214924093,110.885544936985));
#7903=CARTESIAN_POINT('',(4.54882075063793,-292.831215090494,109.353455287455));
#7904=CARTESIAN_POINT('Origin',(-0.401069285948332,-306.488644900111,122.051304260739));
#7905=CARTESIAN_POINT('',(-4.46125920858836,-302.015858474961,121.895110799254));
#7906=CARTESIAN_POINT('',(-4.46125951787977,-309.167662363925,122.144857812179));
#7907=CARTESIAN_POINT('',(-4.46125946353104,-307.910945790947,122.100972211417));
#7908=CARTESIAN_POINT('',(-3.43251666963097,-302.01585851945,121.895110799254));
#7909=CARTESIAN_POINT('',(4.05912102355763,-302.015858843438,121.895110799254));
#7910=CARTESIAN_POINT('',(-3.43251696051641,-308.742057704167,122.129995337589));
#7911=CARTESIAN_POINT('',(-3.4325167663474,-304.252251644231,121.973207529997));
#7912=CARTESIAN_POINT('',(-3.05617995372782,-309.118394742556,122.14313734324));
#7913=CARTESIAN_POINT('',(-3.15419828625175,-309.020376401801,122.139714460407));
#7914=CARTESIAN_POINT('',(2.25404115437558,-309.118394972205,122.14313734324));
#7915=CARTESIAN_POINT('',(-1.72862467670192,-309.118394799968,122.14313734324));
#7916=CARTESIAN_POINT('',(2.63037819371478,-308.742057966367,122.129995337589));
#7917=CARTESIAN_POINT('',(2.24850610030581,-309.123930025782,122.143330631979));
#7918=CARTESIAN_POINT('',(2.63037848460023,-302.01585878165,121.895110799254));
#7919=CARTESIAN_POINT('',(2.63037824365578,-307.587262467323,122.089668906537));
#7920=CARTESIAN_POINT('',(3.65912102355763,-302.01585882614,121.895110799254));
#7921=CARTESIAN_POINT('',(4.05912102355763,-302.015858843438,121.895110799254));
#7922=CARTESIAN_POINT('',(3.65912071426622,-309.167662715104,122.144857812179));
#7923=CARTESIAN_POINT('',(3.6591209268411,-304.25225195092,121.973207529997));
#7924=CARTESIAN_POINT('',(2.54464667765836,-310.281457745092,122.183752474016));
#7925=CARTESIAN_POINT('',(3.37281447316199,-309.453794520711,122.154849776158));
#7926=CARTESIAN_POINT('',(-3.34678557760774,-310.281457490307,122.183752474016));
#7927=CARTESIAN_POINT('',(-0.323514195300443,-310.281457621054,122.183752474016));
#7928=CARTESIAN_POINT('',(-3.36036505114543,-310.267886287878,122.183278556222));
#7929=CARTESIAN_POINT('Origin',(-4.86125952202217,-309.263447702111,124.149421811086));
#7930=CARTESIAN_POINT('',(-4.86125952443703,-309.319287012481,122.550396491894));
#7931=CARTESIAN_POINT('',(-4.86125920798465,-302.00189863007,122.294867129052));
#7932=CARTESIAN_POINT('',(-4.86125946292732,-307.896985946055,122.500728541215));
#7933=CARTESIAN_POINT('',(-4.86125952262589,-309.277407529703,123.749665481288));
#7934=CARTESIAN_POINT('',(-4.86125952202217,-309.263447702111,124.149421811086));
#7935=CARTESIAN_POINT('',(-4.86125920617351,-301.960019147292,123.494136118446));
#7936=CARTESIAN_POINT('',(-4.86125946111618,-307.855106463278,123.69999753061));
#7937=CARTESIAN_POINT('',(-4.86125920556979,-301.9460593197,123.893892448244));
#7938=CARTESIAN_POINT('Origin',(-3.05617995644453,-309.181213966722,120.344233859149));
#7939=CARTESIAN_POINT('',(-3.05617995070925,-309.048595604594,124.14191899223));
#7940=CARTESIAN_POINT('',(2.25404115739415,-309.048595834243,124.14191899223));
#7941=CARTESIAN_POINT('',(-1.72862467368345,-309.048595662006,124.14191899223));
#7942=CARTESIAN_POINT('',(2.25404116071448,-308.971816782484,126.340578806119));
#7943=CARTESIAN_POINT('',(2.25404115165887,-309.181214196371,120.344233859149));
#7944=CARTESIAN_POINT('',(-3.05617994738882,-308.971816552835,126.340578806119));
#7945=CARTESIAN_POINT('',(-1.72862467036292,-308.971816610247,126.340578806119));
#7946=CARTESIAN_POINT('',(-3.05617995644453,-309.181213966722,120.344233859149));
#7947=CARTESIAN_POINT('Origin',(2.63037819342758,-308.748699127601,120.329130068244));
#7948=CARTESIAN_POINT('',(2.63037819673335,-308.672258828405,124.128776986579));
#7949=CARTESIAN_POINT('',(2.6303784876188,-301.946059643688,123.893892448244));
#7950=CARTESIAN_POINT('',(2.63037824667435,-307.517463329361,124.088450555527));
#7951=CARTESIAN_POINT('',(2.63037849093913,-301.86928059193,126.092552262133));
#7952=CARTESIAN_POINT('',(2.63037848188351,-302.078678005816,120.096207315163));
#7953=CARTESIAN_POINT('',(2.63037820005368,-308.595479776646,126.327436800468));
#7954=CARTESIAN_POINT('',(2.63037824999478,-307.440684277602,126.287110369416));
#7955=CARTESIAN_POINT('',(2.63037819099807,-308.804877190533,120.331091853498));
#7956=CARTESIAN_POINT('Origin',(2.25404115165887,-309.181214196371,120.344233859149));
#7957=CARTESIAN_POINT('',(2.24850610332437,-309.05413088782,124.14211228097));
#7958=CARTESIAN_POINT('',(2.2485061066448,-308.977351836061,126.340772094859));
#7959=CARTESIAN_POINT('Origin',(-0.401069279609336,-306.34206671039,126.248745723618));
#7960=CARTESIAN_POINT('',(-4.46125920224937,-301.86928028524,126.092552262133));
#7961=CARTESIAN_POINT('',(-4.46125951154078,-309.021084174204,126.342299275058));
#7962=CARTESIAN_POINT('',(-4.46125945719204,-307.764367601226,126.298413674297));
#7963=CARTESIAN_POINT('',(-3.43251666329197,-301.86928032973,126.092552262133));
#7964=CARTESIAN_POINT('',(-4.86125920224937,-301.869280267942,126.092552262133));
#7965=CARTESIAN_POINT('',(-3.43251695417742,-308.595479514446,126.327436800468));
#7966=CARTESIAN_POINT('',(-3.4325167600084,-304.10567345451,126.170648992876));
#7967=CARTESIAN_POINT('',(-3.15419827991276,-308.873798212081,126.337155923286));
#7968=CARTESIAN_POINT('',(3.65912102989653,-301.869280636419,126.092552262133));
#7969=CARTESIAN_POINT('',(4.05912102989653,-301.869280653718,126.092552262133));
#7970=CARTESIAN_POINT('',(3.65912072060512,-309.021084525383,126.342299275058));
#7971=CARTESIAN_POINT('',(3.6591209331801,-304.1056737612,126.170648992876));
#7972=CARTESIAN_POINT('',(2.39797944579295,-310.281457434809,126.386312560071));
#7973=CARTESIAN_POINT('',(3.37281447950089,-309.30721633099,126.352291239037));
#7974=CARTESIAN_POINT('',(-3.20011834574244,-310.28145719271,126.386312560071));
#7975=CARTESIAN_POINT('',(-0.323514195300245,-310.281457317114,126.386312560071));
#7976=CARTESIAN_POINT('',(-3.36036504480654,-310.121308098158,126.380720019101));
#7977=CARTESIAN_POINT('Origin',(-3.43251667234768,-302.078677743616,120.096207315163));
#7978=CARTESIAN_POINT('',(-3.4325166666124,-301.946059381488,123.893892448244));
#7979=CARTESIAN_POINT('',(-3.43251695749784,-308.672258566205,124.128776986579));
#7980=CARTESIAN_POINT('',(-3.43251676332883,-304.182452506269,123.971989178987));
#7981=CARTESIAN_POINT('',(-3.43251696323313,-308.804876928333,120.331091853498));
#7982=CARTESIAN_POINT('',(-3.43251667234768,-302.078677743616,120.096207315163));
#7983=CARTESIAN_POINT('Origin',(-3.26328672867436,-308.974107177101,120.337001516004));
#7984=CARTESIAN_POINT('',(-3.15419828323318,-308.950577263839,124.138496109397));
#7985=CARTESIAN_POINT('Origin',(-4.86125951568318,-309.11686951239,128.346863273965));
#7986=CARTESIAN_POINT('',(-4.86125951809803,-309.17270882276,126.747837954773));
#7987=CARTESIAN_POINT('',(-4.86125920164565,-301.855320440349,126.492308591931));
#7988=CARTESIAN_POINT('',(-4.86125945658832,-307.750407756335,126.698170004095));
#7989=CARTESIAN_POINT('',(-4.86125951628689,-309.130829339983,127.947106944167));
#7990=CARTESIAN_POINT('',(-4.86125951568318,-309.11686951239,128.346863273965));
#7991=CARTESIAN_POINT('',(-4.86125919983451,-301.813440957572,127.691577581326));
#7992=CARTESIAN_POINT('',(-4.86125943485091,-307.247769200485,127.881348898743));
#7993=CARTESIAN_POINT('',(-4.8612591992308,-301.79948112998,128.091333911124));
#7994=CARTESIAN_POINT('Origin',(2.97387563087039,-302.006339547518,127.898435660021));
#7995=CARTESIAN_POINT('',(4.05912103231138,-301.813441343348,127.691577581326));
#7996=CARTESIAN_POINT('',(4.05912103231138,-301.813441343348,127.691577581326));
#7997=CARTESIAN_POINT('',(2.97387563921258,-301.813441296415,127.691577581326));
#7998=CARTESIAN_POINT('',(-4.86125919983451,-301.813440957572,127.691577581326));
#7999=CARTESIAN_POINT('Origin',(-3.73230635812786,-309.969444527182,128.176514000197));
#8000=CARTESIAN_POINT('',(-3.30993055679295,-310.681213401972,128.001247658542));
#8001=CARTESIAN_POINT('',(-3.87372772077928,-310.117759640673,127.981571379675));
#8002=CARTESIAN_POINT('',(-3.30957744740075,-310.68121340197,128.001491476261));
#8003=CARTESIAN_POINT('',(-8.96797345156756,-310.681213439832,124.094438194385));
#8004=CARTESIAN_POINT('',(-3.13027680675894,-310.281457050997,128.387531648669));
#8005=CARTESIAN_POINT('',(-4.86125951628689,-309.130829339983,127.947106944167));
#8006=CARTESIAN_POINT('Origin',(-0.323514203944497,-310.481335351744,128.194511562465));
#8007=CARTESIAN_POINT('',(2.50743851287504,-310.681213653536,128.001491476261));
#8008=CARTESIAN_POINT('',(-0.323514212588552,-310.681213531107,128.001491476261));
#8009=CARTESIAN_POINT('',(2.32813790680956,-310.281457287055,128.387531648669));
#8010=CARTESIAN_POINT('Origin',(3.74475580595746,-309.155352792184,128.148085220133));
#8011=CARTESIAN_POINT('',(2.50779162226734,-310.681213653569,128.001247658542));
#8012=CARTESIAN_POINT('',(8.55331407593174,-310.681214216918,123.82688829489));
#8013=CARTESIAN_POINT('',(4.05912071585901,-309.130829725759,127.947106944167));
#8014=CARTESIAN_POINT('',(3.88617715578064,-309.303667917908,127.953142599611));
#8015=CARTESIAN_POINT('',(3.65912072362368,-308.951285387421,128.341080924048));
#8016=CARTESIAN_POINT('Origin',(3.85912095582308,-303.58209547261,127.953462382221));
#8017=CARTESIAN_POINT('',(4.05912095552122,-303.589075395056,127.753584217322));
#8018=CARTESIAN_POINT('Origin',(-4.66125943454906,-307.240789295338,128.081227063642));
#8019=CARTESIAN_POINT('Origin',(4.0591210329151,-301.799481515756,128.091333911124));
#8020=CARTESIAN_POINT('',(4.05912103050024,-301.855320826126,126.492308591932));
#8021=CARTESIAN_POINT('',(4.05912071404786,-309.172709208537,126.747837954773));
#8022=CARTESIAN_POINT('',(4.05912093378381,-304.091713950906,126.570405322674));
#8023=CARTESIAN_POINT('',(4.0591210329151,-301.799481515756,128.091333911124));
#8024=CARTESIAN_POINT('',(4.05912071646272,-309.116869898167,128.346863273965));
#8025=CARTESIAN_POINT('Origin',(4.05912071646272,-309.116869898167,128.346863273965));
#8026=CARTESIAN_POINT('',(2.54969654565745,-310.681213742222,126.800516205383));
#8027=CARTESIAN_POINT('',(3.65565718035466,-309.575926927252,126.76191865759));
#8028=CARTESIAN_POINT('',(2.99257533679814,-310.681214679157,114.11039649059));
#8029=CARTESIAN_POINT('Origin',(-0.245958957914156,-310.681215574202,99.798128271738));
#8030=CARTESIAN_POINT('',(-3.35149938902235,-310.681213487032,126.800272387663));
#8031=CARTESIAN_POINT('',(-3.35183548018305,-310.681213487,126.800516205383));
#8032=CARTESIAN_POINT('',(4.08481034502804,-310.681214198785,121.405592931166));
#8033=CARTESIAN_POINT('',(2.54936045449655,-310.681213742225,126.800272387663));
#8034=CARTESIAN_POINT('',(-0.323514212588354,-310.681213617983,126.800272387664));
#8035=CARTESIAN_POINT('',(-4.52522465836945,-310.681213807452,121.668006473984));
#8036=CARTESIAN_POINT('',(-3.79254369820236,-310.681214381226,114.172591459764));
#8037=CARTESIAN_POINT('Origin',(-3.23208301492613,-310.745053699557,128.403720834093));
#8038=CARTESIAN_POINT('',(-3.64320776890196,-310.390018669956,126.790347437654));
#8039=CARTESIAN_POINT('Origin',(3.85912093348195,-304.098693856053,126.370527157775));
#8040=CARTESIAN_POINT('',(2.15331759174774,-301.921832462181,124.587666124826));
#8041=CARTESIAN_POINT('',(3.65912072060512,-309.021084525383,126.342299275058));
#8042=CARTESIAN_POINT('Origin',(3.51423582992777,-309.441571629121,126.557104948314));
#8043=CARTESIAN_POINT('',(2.39797944579295,-310.281457434809,126.386312560071));
#8044=CARTESIAN_POINT('Origin',(-0.3235142039443,-310.481335467548,126.593292473867));
#8045=CARTESIAN_POINT('',(-3.20011834574244,-310.28145719271,126.386312560071));
#8046=CARTESIAN_POINT('Origin',(-3.50178640685425,-310.255663384057,126.585533728378));
#8047=CARTESIAN_POINT('',(-4.46125951154078,-309.021084174204,126.342299275058));
#8048=CARTESIAN_POINT('Origin',(-4.66125945689018,-307.757387678781,126.498291839196));
#8049=CARTESIAN_POINT('',(0.419488949235087,-302.039616503365,121.214777335508));
#8050=CARTESIAN_POINT('Origin',(-0.401069282929762,-306.418845762149,124.050085909729));
#8051=CARTESIAN_POINT('',(-4.4612595148612,-309.097863225963,124.143639461169));
#8052=CARTESIAN_POINT('',(-4.46125920556979,-301.946059336999,123.893892448244));
#8053=CARTESIAN_POINT('',(-4.46125946051247,-307.841146652984,124.099753860408));
#8054=CARTESIAN_POINT('',(-3.27694403862424,-310.281457348594,124.184971562614));
#8055=CARTESIAN_POINT('',(-3.36036504812686,-310.198087149916,124.182060205212));
#8056=CARTESIAN_POINT('',(2.47480513867485,-310.281457597338,124.184971562614));
#8057=CARTESIAN_POINT('',(-0.323514195300443,-310.28145747632,124.184971562614));
#8058=CARTESIAN_POINT('',(3.65912071728479,-309.097863577142,124.143639461169));
#8059=CARTESIAN_POINT('',(3.37281447618056,-309.383995382749,124.153631425148));
#8060=CARTESIAN_POINT('',(3.6591210265762,-301.946059688178,123.893892448244));
#8061=CARTESIAN_POINT('',(3.65912092985967,-304.182452812958,123.971989178987));
#8062=CARTESIAN_POINT('',(4.0591210265762,-301.946059705476,123.893892448244));
#8063=CARTESIAN_POINT('',(4.0591210265762,-301.946059705476,123.893892448244));
#8064=CARTESIAN_POINT('Origin',(-3.50178641077829,-310.346402263408,123.98711758469));
#8065=CARTESIAN_POINT('',(-3.45659778865825,-310.68121369957,123.798687572486));
#8066=CARTESIAN_POINT('',(-3.64320777342982,-310.494717376899,123.792174964169));
#8067=CARTESIAN_POINT('',(-3.45624467926595,-310.681213699567,123.798931390206));
#8068=CARTESIAN_POINT('',(-7.95171338406625,-310.681213729648,120.694865194817));
#8069=CARTESIAN_POINT('',(-3.27694403862424,-310.281457348594,124.184971562614));
#8070=CARTESIAN_POINT('',(-4.86125952262589,-309.277407529703,123.749665481288));
#8071=CARTESIAN_POINT('Origin',(3.51423582600373,-309.532310508472,123.958688804627));
#8072=CARTESIAN_POINT('',(2.65445885413264,-310.681213963852,123.798687572487));
#8073=CARTESIAN_POINT('',(4.05912070952011,-309.27740791548,123.749665481288));
#8074=CARTESIAN_POINT('',(3.65565717582691,-309.680625634195,123.763746184105));
#8075=CARTESIAN_POINT('',(3.65912071728479,-309.097863577142,124.143639461169));
#8076=CARTESIAN_POINT('',(2.65410574474044,-310.681213963819,123.798931390206));
#8077=CARTESIAN_POINT('',(2.65410574474044,-310.681213963819,123.798931390206));
#8078=CARTESIAN_POINT('',(7.53705400843034,-310.681214418835,120.427315295321));
#8079=CARTESIAN_POINT('Origin',(3.85912092955781,-304.189432735404,123.772111014088));
#8080=CARTESIAN_POINT('',(4.05912102597249,-301.960019533069,123.494136118446));
#8081=CARTESIAN_POINT('',(4.05912092925595,-304.196412657849,123.572232849189));
#8082=CARTESIAN_POINT('',(6.1597741236158,-302.033331511712,121.394762684046));
#8083=CARTESIAN_POINT('Origin',(-0.323514203944497,-310.481335655684,123.99195147641));
#8084=CARTESIAN_POINT('',(-0.323514212588552,-310.681213835047,123.798931390206));
#8085=CARTESIAN_POINT('Origin',(-4.66125946081432,-307.848126558131,123.899875695509));
#8086=CARTESIAN_POINT('',(-3.58696758208994,-301.915546974032,124.767651473364));
#8087=CARTESIAN_POINT('Origin',(4.0591210265762,-301.946059705476,123.893892448244));
#8088=CARTESIAN_POINT('',(4.05912102416135,-302.001899015846,122.294867129052));
#8089=CARTESIAN_POINT('',(4.05912070770897,-309.319287398257,122.550396491894));
#8090=CARTESIAN_POINT('',(4.05912092744481,-304.238292140626,122.372963859795));
#8091=CARTESIAN_POINT('',(4.0591210265762,-301.946059705476,123.893892448244));
#8092=CARTESIAN_POINT('',(4.05912071012382,-309.263448087887,124.149421811086));
#8093=CARTESIAN_POINT('Origin',(4.05912071012382,-309.263448087887,124.149421811086));
#8094=CARTESIAN_POINT('',(2.69636377752274,-310.681214052505,122.597956119328));
#8095=CARTESIAN_POINT('',(3.65565717401577,-309.722505116973,122.564477194711));
#8096=CARTESIAN_POINT('',(3.06573053303894,-310.681214833921,112.01422883338));
#8097=CARTESIAN_POINT('Origin',(-0.245958957914156,-310.681215574202,99.798128271738));
#8098=CARTESIAN_POINT('',(-3.49816662088745,-310.68121378463,122.597712301608));
#8099=CARTESIAN_POINT('',(-3.49850271204835,-310.681213784597,122.597956119328));
#8100=CARTESIAN_POINT('',(3.03426832420814,-310.68121440987,117.858749851207));
#8101=CARTESIAN_POINT('',(2.69602768636195,-310.681214052508,122.597712301608));
#8102=CARTESIAN_POINT('',(-0.323514212588552,-310.681213921923,122.597712301608));
#8103=CARTESIAN_POINT('',(-3.47468263754935,-310.681214109401,118.121163394026));
#8104=CARTESIAN_POINT('',(-3.86569889444285,-310.681214529662,112.076423802553));
#8105=CARTESIAN_POINT('Origin',(-3.23208302126513,-310.891631889278,124.206279371214));
#8106=CARTESIAN_POINT('',(-3.64320777524086,-310.536596859676,122.592905974775));
#8107=CARTESIAN_POINT('Origin',(3.85912092714296,-304.245272045773,122.173085694896));
#8108=CARTESIAN_POINT('',(3.20331758699349,-302.03176614988,121.439585027666));
#8109=CARTESIAN_POINT('',(3.65912071426622,-309.167662715104,122.144857812179));
#8110=CARTESIAN_POINT('Origin',(3.51423582358887,-309.588149818842,122.359663485435));
#8111=CARTESIAN_POINT('',(2.54464667765836,-310.281457745092,122.183752474016));
#8112=CARTESIAN_POINT('Origin',(-0.323514203944497,-310.481335771488,122.390732387812));
#8113=CARTESIAN_POINT('',(-3.34678557760774,-310.281457490307,122.183752474016));
#8114=CARTESIAN_POINT('Origin',(-3.50178641319315,-310.402241573777,122.388092265498));
#8115=CARTESIAN_POINT('',(-4.46125951787977,-309.167662363925,122.144857812179));
#8116=CARTESIAN_POINT('Origin',(-4.66125946322918,-307.903965868501,122.300850376316));
#8117=CARTESIAN_POINT('',(-0.630511055519658,-302.149550100247,118.066696238348));
#8118=CARTESIAN_POINT('Origin',(2.6303784812798,-302.092637833409,119.696450985365));
#8119=CARTESIAN_POINT('',(3.1488203501125,-302.092637855829,119.696450985365));
#8120=CARTESIAN_POINT('',(3.1488201681648,-306.29985042599,119.843370390378));
#8121=CARTESIAN_POINT('',(2.6303784812798,-302.092637833409,119.696450985365));
#8122=CARTESIAN_POINT('',(4.4895994156962,-302.092637913814,119.696450985365));
#8123=CARTESIAN_POINT('',(2.6303784812798,-302.092637833409,119.696450985365));
#8124=CARTESIAN_POINT('Origin',(-3.43251667234768,-302.078677743616,120.096207315163));
#8125=CARTESIAN_POINT('',(-3.4325166729513,-302.092637571209,119.696450985365));
#8126=CARTESIAN_POINT('',(-3.4325166729513,-302.092637571209,119.696450985365));
#8127=CARTESIAN_POINT('',(-3.43251696323313,-308.804876928333,120.331091853498));
#8128=CARTESIAN_POINT('',(-3.43251667499858,-302.139977319681,118.340820768771));
#8129=CARTESIAN_POINT('Origin',(2.63037819342758,-308.748699127601,120.329130068244));
#8130=CARTESIAN_POINT('',(2.63037847953438,-302.132997668084,118.54069893367));
#8131=CARTESIAN_POINT('',(2.63037819099807,-308.804877190533,120.331091853498));
#8132=CARTESIAN_POINT('Origin',(2.25404115165887,-309.181214196371,120.344233859149));
#8133=CARTESIAN_POINT('',(2.25404115165887,-309.181214196371,120.344233859149));
#8134=CARTESIAN_POINT('Origin',(-3.26328672867436,-308.974107177101,120.337001516004));
#8135=CARTESIAN_POINT('',(-3.05617995644453,-309.181213966722,120.344233859149));
#8136=CARTESIAN_POINT('Origin',(-3.05617995644453,-309.181213966722,120.344233859149));
#8137=CARTESIAN_POINT('Origin',(-0.401179696964642,-303.181214989049,107.796189676618));
#8138=CARTESIAN_POINT('',(4.28721434730436,-303.181215246848,107.035124519783));
#8139=CARTESIAN_POINT('Origin',(5.24429687079066,-303.181215309199,106.745308986664));
#8140=CARTESIAN_POINT('Origin',(-0.245958633564141,-303.181216258267,90.3396058777779));
#8141=CARTESIAN_POINT('Origin',(-0.245958784927394,-306.681216258268,90.339606130907));
#8142=CARTESIAN_POINT('',(4.28721423918772,-305.681215246848,107.03512470059));
#8143=CARTESIAN_POINT('',(4.2872141959411,-306.681215246848,107.035124772912));
#8144=CARTESIAN_POINT('Origin',(-0.245958741680778,-305.681216258267,90.3396060585844));
#8145=CARTESIAN_POINT('Origin',(-0.245958741680778,-305.681216258267,90.3396060585844));
#8146=CARTESIAN_POINT('Ctrl Pts',(4.28721423918767,-305.681215246848,107.03512470059));
#8147=CARTESIAN_POINT('Ctrl Pts',(4.28721423499284,-305.778212911641,107.035124707605));
#8148=CARTESIAN_POINT('Ctrl Pts',(4.28284293279255,-305.874856649405,107.021690395793));
#8149=CARTESIAN_POINT('Ctrl Pts',(4.26652784286502,-306.093331332656,106.958322446356));
#8150=CARTESIAN_POINT('Ctrl Pts',(4.25315336850339,-306.206329682962,106.899141856779));
#8151=CARTESIAN_POINT('Ctrl Pts',(4.24200854144172,-306.38698828838,106.753710332523));
#8152=CARTESIAN_POINT('Ctrl Pts',(4.2426384301357,-306.457837970927,106.672154313613));
#8153=CARTESIAN_POINT('Ctrl Pts',(4.27257951177736,-306.567188843792,106.493176793409));
#8154=CARTESIAN_POINT('Ctrl Pts',(4.29974643439793,-306.604122150105,106.401945469694));
#8155=CARTESIAN_POINT('Ctrl Pts',(4.39134648322807,-306.656997925911,106.211689277517));
#8156=CARTESIAN_POINT('Ctrl Pts',(4.45681320004391,-306.669097878589,106.118389975147));
#8157=CARTESIAN_POINT('Ctrl Pts',(4.62056887912474,-306.681171517388,105.95501782882));
#8158=CARTESIAN_POINT('Ctrl Pts',(4.7173725558016,-306.681105018688,105.887277812461));
#8159=CARTESIAN_POINT('Ctrl Pts',(4.84320996817924,-306.681210222278,105.829030635299));
#8160=CARTESIAN_POINT('Ctrl Pts',(4.86247914511826,-306.681213340284,105.820833807945));
#8161=CARTESIAN_POINT('Ctrl Pts',(4.8914680035458,-306.681215250699,105.809566395664));
#8162=CARTESIAN_POINT('Ctrl Pts',(4.90098534186524,-306.681215319896,105.806032583166));
#8163=CARTESIAN_POINT('Ctrl Pts',(4.91600392597361,-306.681215367519,105.800715627312));
#8164=CARTESIAN_POINT('Ctrl Pts',(4.92146167928043,-306.681215363688,105.798836355291));
#8165=CARTESIAN_POINT('Ctrl Pts',(4.92694090927434,-306.681215364058,105.797002701926));
#8166=CARTESIAN_POINT('Origin',(5.24429654644095,-310.681215309199,106.745309529084));
#8167=CARTESIAN_POINT('Origin',(-5.5323069708213,-302.0926374804,119.696450985365));
#8168=CARTESIAN_POINT('',(-3.9511796498875,-302.092637548778,119.696450985365));
#8169=CARTESIAN_POINT('',(-3.95117982585257,-306.161512620425,119.838539528463));
#8170=CARTESIAN_POINT('',(0.408256689645601,-302.092637737309,119.696450985365));
#8171=CARTESIAN_POINT('Origin',(-6.15118002131445,-310.681214219147,115.003250087809));
#8172=CARTESIAN_POINT('',(-6.51353007119611,-302.223980296682,115.935291415288));
#8173=CARTESIAN_POINT('',(-6.24725106251227,-292.831214143004,115.998623202146));
#8174=CARTESIAN_POINT('Origin',(-6.15117784181448,-260.28422549466,115.003246442967));
#8175=CARTESIAN_POINT('',(-6.15117965546488,-302.221607159659,116.003249475988));
#8176=CARTESIAN_POINT('Origin',(-6.15117965697509,-302.256528001473,115.003249478514));
#8177=CARTESIAN_POINT('',(-6.15117924936207,-292.831214146825,116.003248796851));
#8178=CARTESIAN_POINT('',(-6.15118002131445,-310.681214146825,116.003250087809));
#8179=CARTESIAN_POINT('Origin',(-6.15117924936207,-292.831214219147,115.003248796851));
#8180=CARTESIAN_POINT('Origin',(-5.60839147840047,-292.831214485496,111.645031893439));
#8181=CARTESIAN_POINT('',(-6.70163117086817,-292.831214171649,115.330845625942));
#8182=CARTESIAN_POINT('',(-7.15117924936207,-292.831214103578,116.003248796851));
#8183=CARTESIAN_POINT('',(-4.06560370743878,-292.831214607144,110.885544286082));
#8184=CARTESIAN_POINT('Origin',(-5.55117982939939,-306.243526538336,117.4899710909));
#8185=CARTESIAN_POINT('',(-3.7510282826581,-302.082378050175,119.990244224595));
#8186=CARTESIAN_POINT('Origin',(4.80603320792102,-292.83121493143,111.706631863593));
#8187=CARTESIAN_POINT('',(5.44489256378812,-292.83121464865,115.998623202146));
#8188=CARTESIAN_POINT('',(5.88382426602263,-292.831214714286,115.353549302899));
#8189=CARTESIAN_POINT('',(2.26324566520412,-292.831214880846,110.885544286082));
#8190=CARTESIAN_POINT('',(3.26324566520403,-292.831214924093,110.885544286082));
#8191=CARTESIAN_POINT('',(2.26324566520403,-292.83121451072,116.003248796851));
#8192=CARTESIAN_POINT('',(2.26324566520403,-292.83121451072,116.003248796851));
#8193=CARTESIAN_POINT('',(5.34882075063793,-292.831214644161,116.003248796851));
#8194=CARTESIAN_POINT('',(3.26324566520403,-292.831214553967,116.003248796851));
#8195=CARTESIAN_POINT('Origin',(5.34882075063793,-292.831214716483,115.003248796851));
#8196=CARTESIAN_POINT('Origin',(5.34881997868554,-310.681214716483,115.003250087809));
#8197=CARTESIAN_POINT('',(5.71117076006098,-302.223980825359,115.935291415288));
#8198=CARTESIAN_POINT('Origin',(5.34882215818551,-260.284225991996,115.003246442967));
#8199=CARTESIAN_POINT('',(5.34882034453511,-302.221607656995,116.003249475988));
#8200=CARTESIAN_POINT('',(5.34881997868554,-310.681214644161,116.003250087809));
#8201=CARTESIAN_POINT('Origin',(5.34882034302491,-302.25652849881,115.003249478514));
#8202=CARTESIAN_POINT('Origin',(6.34882034601794,-302.187317491163,116.985190552176));
#8203=CARTESIAN_POINT('',(5.08662134525446,-302.191967180996,116.852039569391));
#8204=CARTESIAN_POINT('',(-0.401179655464889,-302.221607408327,116.003249475988));
#8205=CARTESIAN_POINT('Origin',(4.74882016461798,-306.38186448229,117.494801952815));
#8206=CARTESIAN_POINT('Origin',(-4.06560375933481,-294.031214237019,116.003248883638));
#8207=CARTESIAN_POINT('',(-4.06560375933481,-294.031214607145,110.885544372869));
#8208=CARTESIAN_POINT('',(-4.06560375933481,-294.031214237019,116.003248883638));
#8209=CARTESIAN_POINT('Origin',(-4.06560375933481,-294.031214607145,110.885544372869));
#8210=CARTESIAN_POINT('',(2.26324562195753,-293.831214308641,110.885544358404));
#8211=CARTESIAN_POINT('',(2.26324566520412,-292.831214880846,110.885544286082));
#8212=CARTESIAN_POINT('',(2.26324562195753,-293.831214308641,110.885544358404));
#8213=CARTESIAN_POINT('Origin',(-7.15118002131445,-310.681214103578,116.003250087809));
#8214=CARTESIAN_POINT('',(2.26324562195753,-293.831213938515,116.003248869173));
#8215=CARTESIAN_POINT('',(2.26324562195753,-293.831213938515,116.003248869173));
#8216=CARTESIAN_POINT('',(2.26324527598439,-301.83121451072,116.003249447754));
#8217=CARTESIAN_POINT('Origin',(2.26324563925605,-293.431214695783,113.44439658486));
#8218=CARTESIAN_POINT('',(2.26324562195743,-293.831214031046,114.723822741481));
#8219=CARTESIAN_POINT('Origin',(2.26324562195753,-293.831213938515,116.003248869173));
#8220=CARTESIAN_POINT('',(0.,355.,0.));
#8221=UNCERTAINTY_MEASURE_WITH_UNIT(LENGTH_MEASURE(0.01),#8227,
'DISTANCE_ACCURACY_VALUE',
'Maximum model space distance between geometric entities at asserted c
onnectivities');
#8222=UNCERTAINTY_MEASURE_WITH_UNIT(LENGTH_MEASURE(0.01),#8227,
'DISTANCE_ACCURACY_VALUE',
'Maximum model space distance between geometric entities at asserted c
onnectivities');
#8223=UNCERTAINTY_MEASURE_WITH_UNIT(LENGTH_MEASURE(0.01),#8227,
'DISTANCE_ACCURACY_VALUE',
'Maximum model space distance between geometric entities at asserted c
onnectivities');
#8224=(
GEOMETRIC_REPRESENTATION_CONTEXT(3)
GLOBAL_UNCERTAINTY_ASSIGNED_CONTEXT((#8221))
GLOBAL_UNIT_ASSIGNED_CONTEXT((#8227,#8229,#8230))
REPRESENTATION_CONTEXT('','3D')
);
#8225=(
GEOMETRIC_REPRESENTATION_CONTEXT(3)
GLOBAL_UNCERTAINTY_ASSIGNED_CONTEXT((#8222))
GLOBAL_UNIT_ASSIGNED_CONTEXT((#8227,#8229,#8230))
REPRESENTATION_CONTEXT('','3D')
);
#8226=(
GEOMETRIC_REPRESENTATION_CONTEXT(3)
GLOBAL_UNCERTAINTY_ASSIGNED_CONTEXT((#8223))
GLOBAL_UNIT_ASSIGNED_CONTEXT((#8227,#8229,#8230))
REPRESENTATION_CONTEXT('','3D')
);
#8227=(
LENGTH_UNIT()
NAMED_UNIT(*)
SI_UNIT(.MILLI.,.METRE.)
);
#8228=(
LENGTH_UNIT()
NAMED_UNIT(*)
SI_UNIT($,.METRE.)
);
#8229=(
NAMED_UNIT(*)
PLANE_ANGLE_UNIT()
SI_UNIT($,.RADIAN.)
);
#8230=(
NAMED_UNIT(*)
SI_UNIT($,.STERADIAN.)
SOLID_ANGLE_UNIT()
);
#8231=SHAPE_DEFINITION_REPRESENTATION(#8233,#8236);
#8232=SHAPE_DEFINITION_REPRESENTATION(#8234,#8237);
#8233=PRODUCT_DEFINITION_SHAPE('',$,#8239);
#8234=PRODUCT_DEFINITION_SHAPE('',$,#8240);
#8235=PRODUCT_DEFINITION_SHAPE($,$,#14);
#8236=SHAPE_REPRESENTATION('',(#4857,#5253),#8224);
#8237=SHAPE_REPRESENTATION('',(#4858),#8225);
#8238=PRODUCT_DEFINITION_CONTEXT('part definition',#8246,'design');
#8239=PRODUCT_DEFINITION('Dragoburner_exp','(Unsaved)',#8241,#8238);
#8240=PRODUCT_DEFINITION('G2SA_Carrier_DB_36','G2SA_Carrier_DB_36',#8242,
#8238);
#8241=PRODUCT_DEFINITION_FORMATION('',$,#8248);
#8242=PRODUCT_DEFINITION_FORMATION('',$,#8249);
#8243=PRODUCT_RELATED_PRODUCT_CATEGORY('(Unsaved)','(Unsaved)',(#8248));
#8244=PRODUCT_RELATED_PRODUCT_CATEGORY('G2SA_Carrier_DB_36',
'G2SA_Carrier_DB_36',(#8249));
#8245=APPLICATION_PROTOCOL_DEFINITION('international standard',
'automotive_design',2009,#8246);
#8246=APPLICATION_CONTEXT(
'Core Data for Automotive Mechanical Design Process');
#8247=PRODUCT_CONTEXT('part definition',#8246,'mechanical');
#8248=PRODUCT('Dragoburner_exp','(Unsaved)',$,(#8247));
#8249=PRODUCT('G2SA_Carrier_DB_36','G2SA_Carrier_DB_36',$,(#8247));
#8250=PRESENTATION_STYLE_ASSIGNMENT((#8252));
#8251=PRESENTATION_STYLE_ASSIGNMENT((#8253));
#8252=SURFACE_STYLE_USAGE(.BOTH.,#8254);
#8253=SURFACE_STYLE_USAGE(.BOTH.,#8255);
#8254=SURFACE_SIDE_STYLE('',(#8256));
#8255=SURFACE_SIDE_STYLE('',(#8257));
#8256=SURFACE_STYLE_FILL_AREA(#8258);
#8257=SURFACE_STYLE_FILL_AREA(#8259);
#8258=FILL_AREA_STYLE('Steel - Satin',(#8260));
#8259=FILL_AREA_STYLE('Opaque(221,0,0)',(#8261));
#8260=FILL_AREA_STYLE_COLOUR('Steel - Satin',#8262);
#8261=FILL_AREA_STYLE_COLOUR('Opaque(221,0,0)',#8263);
#8262=COLOUR_RGB('Steel - Satin',0.627450980392157,0.627450980392157,0.627450980392157);
#8263=COLOUR_RGB('Opaque(221,0,0)',0.866666666666667,0.,0.);
ENDSEC;
END-ISO-10303-21;
