ISO-10303-21;
HEADER;
/* Generated by software containing ST-Developer
 * from STEP Tools, Inc. (www.steptools.com) 
 */

FILE_DESCRIPTION(
/* description */ (''),
/* implementation_level */ '2;1');

FILE_NAME(
/* name */ 'nozzle-scrubber.step',
/* time_stamp */ '2025-12-21T16:52:56+01:00',
/* author */ (''),
/* organization */ (''),
/* preprocessor_version */ 'ST-DEVELOPER v20.1',
/* originating_system */ 'Autodesk Translation Framework v14.21.0.0',
/* authorisation */ '');

FILE_SCHEMA (('AUTOMOTIVE_DESIGN { 1 0 10303 214 3 1 1 }'));
ENDSEC;

DATA;
#10=MECHANICAL_DESIGN_GEOMETRIC_PRESENTATION_REPRESENTATION('',(#17),#4315);
#11=ITEM_DEFINED_TRANSFORMATION($,$,#2628,#2841);
#12=(
REPRESENTATION_RELATIONSHIP($,$,#4325,#4324)
REPRESENTATION_RELATIONSHIP_WITH_TRANSFORMATION(#11)
SHAPE_REPRESENTATION_RELATIONSHIP()
);
#13=CONTEXT_DEPENDENT_SHAPE_REPRESENTATION(#12,#4323);
#14=NEXT_ASSEMBLY_USAGE_OCCURRENCE('Nozzle Scrubber:1',
'Nozzle Scrubber:1','Nozzle Scrubber:1',#4327,#4328,'Nozzle Scrubber:1');
#15=SHAPE_REPRESENTATION_RELATIONSHIP('SRR','None',#4325,#16);
#16=ADVANCED_BREP_SHAPE_REPRESENTATION('',(#18),#4314);
#17=STYLED_ITEM('',(#4343),#18);
#18=MANIFOLD_SOLID_BREP('Brush Holder',#2626);
#19=FACE_BOUND('',#368,.T.);
#20=FACE_BOUND('',#381,.T.);
#21=FACE_BOUND('',#382,.T.);
#22=FACE_BOUND('',#389,.T.);
#23=FACE_BOUND('',#441,.T.);
#24=FACE_BOUND('',#442,.T.);
#25=FACE_BOUND('',#443,.T.);
#26=FACE_BOUND('',#444,.T.);
#27=FACE_BOUND('',#445,.T.);
#28=CYLINDRICAL_SURFACE('',#2661,5.);
#29=CYLINDRICAL_SURFACE('',#2668,5.);
#30=CYLINDRICAL_SURFACE('',#2675,1.75000000000001);
#31=CYLINDRICAL_SURFACE('',#2681,3.00000000000001);
#32=CYLINDRICAL_SURFACE('',#2686,3.00000000000001);
#33=CYLINDRICAL_SURFACE('',#2691,3.00000000000001);
#34=CYLINDRICAL_SURFACE('',#2719,3.99999999999999);
#35=CYLINDRICAL_SURFACE('',#2728,3.99999999999999);
#36=CYLINDRICAL_SURFACE('',#2742,1.75000000000001);
#37=CYLINDRICAL_SURFACE('',#2804,1.);
#38=CYLINDRICAL_SURFACE('',#2807,1.);
#39=CYLINDRICAL_SURFACE('',#2810,1.);
#40=CYLINDRICAL_SURFACE('',#2821,1.);
#41=CYLINDRICAL_SURFACE('',#2824,1.);
#42=CYLINDRICAL_SURFACE('',#2827,1.);
#43=CIRCLE('',#2641,5.);
#44=CIRCLE('',#2642,4.6);
#45=CIRCLE('',#2647,5.);
#46=CIRCLE('',#2648,4.6);
#47=CIRCLE('',#2656,5.);
#48=CIRCLE('',#2657,4.6);
#49=CIRCLE('',#2665,5.);
#50=CIRCLE('',#2666,4.6);
#51=CIRCLE('',#2676,1.75000000000001);
#52=CIRCLE('',#2677,1.75000000000001);
#53=CIRCLE('',#2679,3.00000000000001);
#54=CIRCLE('',#2682,3.00000000000001);
#55=CIRCLE('',#2684,3.00000000000001);
#56=CIRCLE('',#2687,3.00000000000001);
#57=CIRCLE('',#2689,3.00000000000001);
#58=CIRCLE('',#2692,3.00000000000001);
#59=CIRCLE('',#2697,3.4);
#60=CIRCLE('',#2704,3.4);
#61=CIRCLE('',#2711,3.4);
#62=CIRCLE('',#2720,3.99999999999999);
#63=CIRCLE('',#2721,3.99999999999999);
#64=CIRCLE('',#2725,4.39999999999998);
#65=CIRCLE('',#2729,3.99999999999999);
#66=CIRCLE('',#2730,3.99999999999999);
#67=CIRCLE('',#2734,4.39999999999998);
#68=CIRCLE('',#2737,0.599999999999985);
#69=CIRCLE('',#2738,0.599999999999985);
#70=CIRCLE('',#2739,1.39999999999999);
#71=CIRCLE('',#2743,1.75000000000001);
#72=CIRCLE('',#2744,1.75000000000001);
#73=CIRCLE('',#2746,0.599999999999985);
#74=CIRCLE('',#2747,0.599999999999984);
#75=CIRCLE('',#2748,0.599999999999984);
#76=CIRCLE('',#2750,1.95);
#77=CIRCLE('',#2760,1.95);
#78=CIRCLE('',#2764,1.95);
#79=CIRCLE('',#2771,1.95);
#80=CIRCLE('',#2780,1.);
#81=CIRCLE('',#2781,0.599999999999985);
#82=CIRCLE('',#2784,1.);
#83=CIRCLE('',#2785,0.599999999999984);
#84=CIRCLE('',#2788,1.);
#85=CIRCLE('',#2789,0.599999999999984);
#86=CIRCLE('',#2792,1.);
#87=CIRCLE('',#2793,0.599999999999985);
#88=CIRCLE('',#2796,1.);
#89=CIRCLE('',#2797,0.599999999999985);
#90=CIRCLE('',#2800,1.);
#91=CIRCLE('',#2801,1.39999999999999);
#92=CIRCLE('',#2805,1.);
#93=CIRCLE('',#2808,1.);
#94=CIRCLE('',#2811,1.);
#95=CIRCLE('',#2822,1.);
#96=CIRCLE('',#2825,1.);
#97=CIRCLE('',#2828,1.);
#98=CONICAL_SURFACE('',#2640,4.8,0.785398163397448);
#99=CONICAL_SURFACE('',#2646,4.8,0.785398163397448);
#100=CONICAL_SURFACE('',#2655,4.8,0.785398163397448);
#101=CONICAL_SURFACE('',#2664,4.8,0.785398163397448);
#102=CONICAL_SURFACE('',#2696,3.2,0.785398163397437);
#103=CONICAL_SURFACE('',#2703,3.2,0.785398163397437);
#104=CONICAL_SURFACE('',#2710,3.2,0.785398163397437);
#105=CONICAL_SURFACE('',#2724,4.19999999999998,0.785398163397437);
#106=CONICAL_SURFACE('',#2733,4.19999999999998,0.785398163397437);
#107=CONICAL_SURFACE('',#2753,1.85,0.785398163397437);
#108=CONICAL_SURFACE('',#2759,1.85,0.785398163397437);
#109=CONICAL_SURFACE('',#2767,1.85,0.785398163397437);
#110=CONICAL_SURFACE('',#2775,1.85,0.785398163397437);
#111=CONICAL_SURFACE('',#2779,0.799999999999992,0.785398163397467);
#112=CONICAL_SURFACE('',#2783,0.799999999999992,0.785398163397467);
#113=CONICAL_SURFACE('',#2787,0.799999999999992,0.785398163397467);
#114=CONICAL_SURFACE('',#2791,0.799999999999992,0.785398163397467);
#115=CONICAL_SURFACE('',#2795,0.799999999999992,0.785398163397467);
#116=CONICAL_SURFACE('',#2799,1.19999999999999,0.785398163397434);
#117=CONICAL_SURFACE('',#2813,0.799999999999992,0.785398163397467);
#118=CONICAL_SURFACE('',#2815,0.799999999999992,0.785398163397467);
#119=CONICAL_SURFACE('',#2817,0.799999999999992,0.785398163397467);
#120=CONICAL_SURFACE('',#2830,0.799999999999992,0.785398163397467);
#121=CONICAL_SURFACE('',#2832,0.799999999999992,0.785398163397467);
#122=CONICAL_SURFACE('',#2834,1.19999999999999,0.785398163397434);
#123=FACE_OUTER_BOUND('',#280,.T.);
#124=FACE_OUTER_BOUND('',#281,.T.);
#125=FACE_OUTER_BOUND('',#282,.T.);
#126=FACE_OUTER_BOUND('',#283,.T.);
#127=FACE_OUTER_BOUND('',#284,.T.);
#128=FACE_OUTER_BOUND('',#285,.T.);
#129=FACE_OUTER_BOUND('',#286,.T.);
#130=FACE_OUTER_BOUND('',#287,.T.);
#131=FACE_OUTER_BOUND('',#288,.T.);
#132=FACE_OUTER_BOUND('',#289,.T.);
#133=FACE_OUTER_BOUND('',#290,.T.);
#134=FACE_OUTER_BOUND('',#291,.T.);
#135=FACE_OUTER_BOUND('',#292,.T.);
#136=FACE_OUTER_BOUND('',#293,.T.);
#137=FACE_OUTER_BOUND('',#294,.T.);
#138=FACE_OUTER_BOUND('',#295,.T.);
#139=FACE_OUTER_BOUND('',#296,.T.);
#140=FACE_OUTER_BOUND('',#297,.T.);
#141=FACE_OUTER_BOUND('',#298,.T.);
#142=FACE_OUTER_BOUND('',#299,.T.);
#143=FACE_OUTER_BOUND('',#300,.T.);
#144=FACE_OUTER_BOUND('',#301,.T.);
#145=FACE_OUTER_BOUND('',#302,.T.);
#146=FACE_OUTER_BOUND('',#303,.T.);
#147=FACE_OUTER_BOUND('',#304,.T.);
#148=FACE_OUTER_BOUND('',#305,.T.);
#149=FACE_OUTER_BOUND('',#306,.T.);
#150=FACE_OUTER_BOUND('',#307,.T.);
#151=FACE_OUTER_BOUND('',#308,.T.);
#152=FACE_OUTER_BOUND('',#309,.T.);
#153=FACE_OUTER_BOUND('',#310,.T.);
#154=FACE_OUTER_BOUND('',#311,.T.);
#155=FACE_OUTER_BOUND('',#312,.T.);
#156=FACE_OUTER_BOUND('',#313,.T.);
#157=FACE_OUTER_BOUND('',#314,.T.);
#158=FACE_OUTER_BOUND('',#315,.T.);
#159=FACE_OUTER_BOUND('',#316,.T.);
#160=FACE_OUTER_BOUND('',#317,.T.);
#161=FACE_OUTER_BOUND('',#318,.T.);
#162=FACE_OUTER_BOUND('',#319,.T.);
#163=FACE_OUTER_BOUND('',#320,.T.);
#164=FACE_OUTER_BOUND('',#321,.T.);
#165=FACE_OUTER_BOUND('',#322,.T.);
#166=FACE_OUTER_BOUND('',#323,.T.);
#167=FACE_OUTER_BOUND('',#324,.T.);
#168=FACE_OUTER_BOUND('',#325,.T.);
#169=FACE_OUTER_BOUND('',#326,.T.);
#170=FACE_OUTER_BOUND('',#327,.T.);
#171=FACE_OUTER_BOUND('',#328,.T.);
#172=FACE_OUTER_BOUND('',#329,.T.);
#173=FACE_OUTER_BOUND('',#330,.T.);
#174=FACE_OUTER_BOUND('',#331,.T.);
#175=FACE_OUTER_BOUND('',#332,.T.);
#176=FACE_OUTER_BOUND('',#333,.T.);
#177=FACE_OUTER_BOUND('',#334,.T.);
#178=FACE_OUTER_BOUND('',#335,.T.);
#179=FACE_OUTER_BOUND('',#336,.T.);
#180=FACE_OUTER_BOUND('',#337,.T.);
#181=FACE_OUTER_BOUND('',#338,.T.);
#182=FACE_OUTER_BOUND('',#339,.T.);
#183=FACE_OUTER_BOUND('',#340,.T.);
#184=FACE_OUTER_BOUND('',#341,.T.);
#185=FACE_OUTER_BOUND('',#342,.T.);
#186=FACE_OUTER_BOUND('',#343,.T.);
#187=FACE_OUTER_BOUND('',#344,.T.);
#188=FACE_OUTER_BOUND('',#345,.T.);
#189=FACE_OUTER_BOUND('',#346,.T.);
#190=FACE_OUTER_BOUND('',#347,.T.);
#191=FACE_OUTER_BOUND('',#348,.T.);
#192=FACE_OUTER_BOUND('',#349,.T.);
#193=FACE_OUTER_BOUND('',#350,.T.);
#194=FACE_OUTER_BOUND('',#351,.T.);
#195=FACE_OUTER_BOUND('',#352,.T.);
#196=FACE_OUTER_BOUND('',#353,.T.);
#197=FACE_OUTER_BOUND('',#354,.T.);
#198=FACE_OUTER_BOUND('',#355,.T.);
#199=FACE_OUTER_BOUND('',#356,.T.);
#200=FACE_OUTER_BOUND('',#357,.T.);
#201=FACE_OUTER_BOUND('',#358,.T.);
#202=FACE_OUTER_BOUND('',#359,.T.);
#203=FACE_OUTER_BOUND('',#360,.T.);
#204=FACE_OUTER_BOUND('',#361,.T.);
#205=FACE_OUTER_BOUND('',#362,.T.);
#206=FACE_OUTER_BOUND('',#363,.T.);
#207=FACE_OUTER_BOUND('',#364,.T.);
#208=FACE_OUTER_BOUND('',#365,.T.);
#209=FACE_OUTER_BOUND('',#366,.T.);
#210=FACE_OUTER_BOUND('',#367,.T.);
#211=FACE_OUTER_BOUND('',#369,.T.);
#212=FACE_OUTER_BOUND('',#370,.T.);
#213=FACE_OUTER_BOUND('',#371,.T.);
#214=FACE_OUTER_BOUND('',#372,.T.);
#215=FACE_OUTER_BOUND('',#373,.T.);
#216=FACE_OUTER_BOUND('',#374,.T.);
#217=FACE_OUTER_BOUND('',#375,.T.);
#218=FACE_OUTER_BOUND('',#376,.T.);
#219=FACE_OUTER_BOUND('',#377,.T.);
#220=FACE_OUTER_BOUND('',#378,.T.);
#221=FACE_OUTER_BOUND('',#379,.T.);
#222=FACE_OUTER_BOUND('',#380,.T.);
#223=FACE_OUTER_BOUND('',#383,.T.);
#224=FACE_OUTER_BOUND('',#384,.T.);
#225=FACE_OUTER_BOUND('',#385,.T.);
#226=FACE_OUTER_BOUND('',#386,.T.);
#227=FACE_OUTER_BOUND('',#387,.T.);
#228=FACE_OUTER_BOUND('',#388,.T.);
#229=FACE_OUTER_BOUND('',#390,.T.);
#230=FACE_OUTER_BOUND('',#391,.T.);
#231=FACE_OUTER_BOUND('',#392,.T.);
#232=FACE_OUTER_BOUND('',#393,.T.);
#233=FACE_OUTER_BOUND('',#394,.T.);
#234=FACE_OUTER_BOUND('',#395,.T.);
#235=FACE_OUTER_BOUND('',#396,.T.);
#236=FACE_OUTER_BOUND('',#397,.T.);
#237=FACE_OUTER_BOUND('',#398,.T.);
#238=FACE_OUTER_BOUND('',#399,.T.);
#239=FACE_OUTER_BOUND('',#400,.T.);
#240=FACE_OUTER_BOUND('',#401,.T.);
#241=FACE_OUTER_BOUND('',#402,.T.);
#242=FACE_OUTER_BOUND('',#403,.T.);
#243=FACE_OUTER_BOUND('',#404,.T.);
#244=FACE_OUTER_BOUND('',#405,.T.);
#245=FACE_OUTER_BOUND('',#406,.T.);
#246=FACE_OUTER_BOUND('',#407,.T.);
#247=FACE_OUTER_BOUND('',#408,.T.);
#248=FACE_OUTER_BOUND('',#409,.T.);
#249=FACE_OUTER_BOUND('',#410,.T.);
#250=FACE_OUTER_BOUND('',#411,.T.);
#251=FACE_OUTER_BOUND('',#412,.T.);
#252=FACE_OUTER_BOUND('',#413,.T.);
#253=FACE_OUTER_BOUND('',#414,.T.);
#254=FACE_OUTER_BOUND('',#415,.T.);
#255=FACE_OUTER_BOUND('',#416,.T.);
#256=FACE_OUTER_BOUND('',#417,.T.);
#257=FACE_OUTER_BOUND('',#418,.T.);
#258=FACE_OUTER_BOUND('',#419,.T.);
#259=FACE_OUTER_BOUND('',#420,.T.);
#260=FACE_OUTER_BOUND('',#421,.T.);
#261=FACE_OUTER_BOUND('',#422,.T.);
#262=FACE_OUTER_BOUND('',#423,.T.);
#263=FACE_OUTER_BOUND('',#424,.T.);
#264=FACE_OUTER_BOUND('',#425,.T.);
#265=FACE_OUTER_BOUND('',#426,.T.);
#266=FACE_OUTER_BOUND('',#427,.T.);
#267=FACE_OUTER_BOUND('',#428,.T.);
#268=FACE_OUTER_BOUND('',#429,.T.);
#269=FACE_OUTER_BOUND('',#430,.T.);
#270=FACE_OUTER_BOUND('',#431,.T.);
#271=FACE_OUTER_BOUND('',#432,.T.);
#272=FACE_OUTER_BOUND('',#433,.T.);
#273=FACE_OUTER_BOUND('',#434,.T.);
#274=FACE_OUTER_BOUND('',#435,.T.);
#275=FACE_OUTER_BOUND('',#436,.T.);
#276=FACE_OUTER_BOUND('',#437,.T.);
#277=FACE_OUTER_BOUND('',#438,.T.);
#278=FACE_OUTER_BOUND('',#439,.T.);
#279=FACE_OUTER_BOUND('',#440,.T.);
#280=EDGE_LOOP('',(#1630,#1631,#1632,#1633,#1634));
#281=EDGE_LOOP('',(#1635,#1636,#1637,#1638));
#282=EDGE_LOOP('',(#1639,#1640,#1641));
#283=EDGE_LOOP('',(#1642,#1643,#1644,#1645));
#284=EDGE_LOOP('',(#1646,#1647,#1648,#1649));
#285=EDGE_LOOP('',(#1650,#1651,#1652));
#286=EDGE_LOOP('',(#1653,#1654,#1655,#1656,#1657));
#287=EDGE_LOOP('',(#1658,#1659,#1660,#1661));
#288=EDGE_LOOP('',(#1662,#1663,#1664));
#289=EDGE_LOOP('',(#1665,#1666,#1667,#1668));
#290=EDGE_LOOP('',(#1669,#1670,#1671,#1672));
#291=EDGE_LOOP('',(#1673,#1674,#1675,#1676));
#292=EDGE_LOOP('',(#1677,#1678,#1679,#1680));
#293=EDGE_LOOP('',(#1681,#1682,#1683));
#294=EDGE_LOOP('',(#1684,#1685,#1686,#1687));
#295=EDGE_LOOP('',(#1688,#1689,#1690,#1691));
#296=EDGE_LOOP('',(#1692,#1693,#1694,#1695));
#297=EDGE_LOOP('',(#1696,#1697,#1698,#1699));
#298=EDGE_LOOP('',(#1700,#1701,#1702,#1703,#1704,#1705,#1706));
#299=EDGE_LOOP('',(#1707,#1708,#1709,#1710,#1711));
#300=EDGE_LOOP('',(#1712,#1713,#1714,#1715));
#301=EDGE_LOOP('',(#1716,#1717,#1718,#1719));
#302=EDGE_LOOP('',(#1720,#1721,#1722,#1723));
#303=EDGE_LOOP('',(#1724,#1725,#1726,#1727));
#304=EDGE_LOOP('',(#1728,#1729,#1730,#1731));
#305=EDGE_LOOP('',(#1732,#1733,#1734,#1735));
#306=EDGE_LOOP('',(#1736,#1737,#1738,#1739));
#307=EDGE_LOOP('',(#1740,#1741,#1742,#1743,#1744,#1745,#1746,#1747));
#308=EDGE_LOOP('',(#1748,#1749,#1750,#1751));
#309=EDGE_LOOP('',(#1752,#1753,#1754,#1755));
#310=EDGE_LOOP('',(#1756,#1757,#1758,#1759));
#311=EDGE_LOOP('',(#1760,#1761,#1762,#1763));
#312=EDGE_LOOP('',(#1764,#1765,#1766,#1767));
#313=EDGE_LOOP('',(#1768,#1769,#1770,#1771));
#314=EDGE_LOOP('',(#1772,#1773,#1774,#1775,#1776));
#315=EDGE_LOOP('',(#1777,#1778,#1779,#1780,#1781,#1782));
#316=EDGE_LOOP('',(#1783,#1784,#1785,#1786,#1787,#1788));
#317=EDGE_LOOP('',(#1789,#1790,#1791,#1792,#1793,#1794));
#318=EDGE_LOOP('',(#1795,#1796,#1797,#1798));
#319=EDGE_LOOP('',(#1799,#1800,#1801,#1802));
#320=EDGE_LOOP('',(#1803,#1804,#1805,#1806));
#321=EDGE_LOOP('',(#1807,#1808,#1809,#1810));
#322=EDGE_LOOP('',(#1811,#1812,#1813,#1814));
#323=EDGE_LOOP('',(#1815,#1816,#1817,#1818));
#324=EDGE_LOOP('',(#1819,#1820,#1821,#1822));
#325=EDGE_LOOP('',(#1823,#1824,#1825,#1826));
#326=EDGE_LOOP('',(#1827,#1828,#1829,#1830));
#327=EDGE_LOOP('',(#1831,#1832,#1833,#1834));
#328=EDGE_LOOP('',(#1835,#1836,#1837,#1838));
#329=EDGE_LOOP('',(#1839,#1840,#1841,#1842));
#330=EDGE_LOOP('',(#1843,#1844,#1845,#1846));
#331=EDGE_LOOP('',(#1847,#1848,#1849,#1850));
#332=EDGE_LOOP('',(#1851,#1852,#1853,#1854));
#333=EDGE_LOOP('',(#1855,#1856,#1857,#1858));
#334=EDGE_LOOP('',(#1859,#1860,#1861,#1862));
#335=EDGE_LOOP('',(#1863,#1864,#1865,#1866));
#336=EDGE_LOOP('',(#1867,#1868,#1869,#1870));
#337=EDGE_LOOP('',(#1871,#1872,#1873,#1874));
#338=EDGE_LOOP('',(#1875,#1876,#1877,#1878));
#339=EDGE_LOOP('',(#1879,#1880,#1881,#1882));
#340=EDGE_LOOP('',(#1883,#1884,#1885,#1886));
#341=EDGE_LOOP('',(#1887,#1888,#1889,#1890));
#342=EDGE_LOOP('',(#1891,#1892,#1893,#1894));
#343=EDGE_LOOP('',(#1895,#1896,#1897,#1898));
#344=EDGE_LOOP('',(#1899,#1900,#1901,#1902));
#345=EDGE_LOOP('',(#1903,#1904,#1905,#1906));
#346=EDGE_LOOP('',(#1907,#1908,#1909,#1910));
#347=EDGE_LOOP('',(#1911,#1912,#1913,#1914));
#348=EDGE_LOOP('',(#1915,#1916,#1917,#1918));
#349=EDGE_LOOP('',(#1919,#1920,#1921,#1922));
#350=EDGE_LOOP('',(#1923,#1924,#1925,#1926));
#351=EDGE_LOOP('',(#1927,#1928,#1929,#1930));
#352=EDGE_LOOP('',(#1931,#1932,#1933,#1934));
#353=EDGE_LOOP('',(#1935,#1936,#1937,#1938));
#354=EDGE_LOOP('',(#1939,#1940,#1941,#1942));
#355=EDGE_LOOP('',(#1943,#1944,#1945,#1946));
#356=EDGE_LOOP('',(#1947,#1948,#1949,#1950));
#357=EDGE_LOOP('',(#1951,#1952,#1953,#1954));
#358=EDGE_LOOP('',(#1955,#1956,#1957,#1958));
#359=EDGE_LOOP('',(#1959,#1960,#1961,#1962));
#360=EDGE_LOOP('',(#1963,#1964,#1965,#1966));
#361=EDGE_LOOP('',(#1967,#1968,#1969,#1970));
#362=EDGE_LOOP('',(#1971,#1972,#1973,#1974,#1975,#1976,#1977,#1978,#1979,
#1980,#1981,#1982,#1983,#1984,#1985,#1986));
#363=EDGE_LOOP('',(#1987,#1988,#1989,#1990,#1991,#1992));
#364=EDGE_LOOP('',(#1993,#1994,#1995,#1996,#1997,#1998));
#365=EDGE_LOOP('',(#1999,#2000,#2001,#2002));
#366=EDGE_LOOP('',(#2003,#2004,#2005,#2006,#2007,#2008,#2009,#2010,#2011));
#367=EDGE_LOOP('',(#2012,#2013,#2014,#2015));
#368=EDGE_LOOP('',(#2016,#2017,#2018,#2019));
#369=EDGE_LOOP('',(#2020,#2021,#2022,#2023));
#370=EDGE_LOOP('',(#2024,#2025,#2026,#2027));
#371=EDGE_LOOP('',(#2028,#2029,#2030,#2031));
#372=EDGE_LOOP('',(#2032,#2033,#2034,#2035));
#373=EDGE_LOOP('',(#2036,#2037,#2038,#2039));
#374=EDGE_LOOP('',(#2040,#2041,#2042,#2043));
#375=EDGE_LOOP('',(#2044,#2045,#2046,#2047));
#376=EDGE_LOOP('',(#2048,#2049,#2050,#2051));
#377=EDGE_LOOP('',(#2052,#2053,#2054,#2055));
#378=EDGE_LOOP('',(#2056,#2057,#2058,#2059));
#379=EDGE_LOOP('',(#2060,#2061,#2062,#2063));
#380=EDGE_LOOP('',(#2064,#2065,#2066,#2067));
#381=EDGE_LOOP('',(#2068,#2069,#2070,#2071));
#382=EDGE_LOOP('',(#2072,#2073,#2074,#2075));
#383=EDGE_LOOP('',(#2076,#2077,#2078,#2079));
#384=EDGE_LOOP('',(#2080,#2081,#2082,#2083));
#385=EDGE_LOOP('',(#2084,#2085,#2086,#2087));
#386=EDGE_LOOP('',(#2088,#2089,#2090,#2091));
#387=EDGE_LOOP('',(#2092,#2093,#2094,#2095));
#388=EDGE_LOOP('',(#2096,#2097,#2098,#2099));
#389=EDGE_LOOP('',(#2100,#2101,#2102,#2103));
#390=EDGE_LOOP('',(#2104,#2105,#2106,#2107));
#391=EDGE_LOOP('',(#2108,#2109,#2110,#2111));
#392=EDGE_LOOP('',(#2112,#2113,#2114,#2115));
#393=EDGE_LOOP('',(#2116,#2117,#2118,#2119));
#394=EDGE_LOOP('',(#2120,#2121,#2122,#2123));
#395=EDGE_LOOP('',(#2124,#2125,#2126,#2127));
#396=EDGE_LOOP('',(#2128,#2129,#2130,#2131));
#397=EDGE_LOOP('',(#2132,#2133,#2134,#2135));
#398=EDGE_LOOP('',(#2136,#2137,#2138,#2139));
#399=EDGE_LOOP('',(#2140,#2141,#2142,#2143));
#400=EDGE_LOOP('',(#2144,#2145,#2146,#2147));
#401=EDGE_LOOP('',(#2148,#2149,#2150,#2151));
#402=EDGE_LOOP('',(#2152,#2153,#2154,#2155));
#403=EDGE_LOOP('',(#2156,#2157,#2158,#2159));
#404=EDGE_LOOP('',(#2160,#2161,#2162,#2163));
#405=EDGE_LOOP('',(#2164,#2165,#2166,#2167));
#406=EDGE_LOOP('',(#2168,#2169,#2170,#2171));
#407=EDGE_LOOP('',(#2172,#2173,#2174,#2175));
#408=EDGE_LOOP('',(#2176,#2177,#2178,#2179,#2180));
#409=EDGE_LOOP('',(#2181,#2182,#2183,#2184));
#410=EDGE_LOOP('',(#2185,#2186,#2187,#2188));
#411=EDGE_LOOP('',(#2189,#2190,#2191,#2192));
#412=EDGE_LOOP('',(#2193,#2194,#2195,#2196));
#413=EDGE_LOOP('',(#2197,#2198,#2199,#2200));
#414=EDGE_LOOP('',(#2201,#2202,#2203,#2204));
#415=EDGE_LOOP('',(#2205,#2206,#2207,#2208));
#416=EDGE_LOOP('',(#2209,#2210,#2211,#2212));
#417=EDGE_LOOP('',(#2213,#2214,#2215,#2216));
#418=EDGE_LOOP('',(#2217,#2218,#2219,#2220));
#419=EDGE_LOOP('',(#2221,#2222,#2223,#2224));
#420=EDGE_LOOP('',(#2225,#2226,#2227,#2228));
#421=EDGE_LOOP('',(#2229,#2230,#2231,#2232));
#422=EDGE_LOOP('',(#2233,#2234,#2235,#2236));
#423=EDGE_LOOP('',(#2237,#2238,#2239,#2240,#2241,#2242,#2243,#2244));
#424=EDGE_LOOP('',(#2245,#2246,#2247,#2248));
#425=EDGE_LOOP('',(#2249,#2250,#2251,#2252));
#426=EDGE_LOOP('',(#2253,#2254,#2255,#2256));
#427=EDGE_LOOP('',(#2257,#2258,#2259,#2260));
#428=EDGE_LOOP('',(#2261,#2262,#2263,#2264));
#429=EDGE_LOOP('',(#2265,#2266,#2267,#2268));
#430=EDGE_LOOP('',(#2269,#2270,#2271,#2272));
#431=EDGE_LOOP('',(#2273,#2274,#2275,#2276));
#432=EDGE_LOOP('',(#2277,#2278,#2279,#2280));
#433=EDGE_LOOP('',(#2281,#2282,#2283,#2284));
#434=EDGE_LOOP('',(#2285,#2286,#2287,#2288));
#435=EDGE_LOOP('',(#2289,#2290,#2291,#2292,#2293,#2294,#2295,#2296,#2297,
#2298));
#436=EDGE_LOOP('',(#2299,#2300,#2301,#2302));
#437=EDGE_LOOP('',(#2303,#2304,#2305,#2306));
#438=EDGE_LOOP('',(#2307,#2308,#2309,#2310));
#439=EDGE_LOOP('',(#2311,#2312,#2313,#2314));
#440=EDGE_LOOP('',(#2315,#2316,#2317,#2318,#2319,#2320,#2321,#2322,#2323,
#2324,#2325,#2326,#2327,#2328,#2329,#2330,#2331));
#441=EDGE_LOOP('',(#2332,#2333,#2334,#2335));
#442=EDGE_LOOP('',(#2336,#2337,#2338,#2339));
#443=EDGE_LOOP('',(#2340,#2341,#2342,#2343));
#444=EDGE_LOOP('',(#2344,#2345,#2346,#2347));
#445=EDGE_LOOP('',(#2348,#2349,#2350,#2351));
#446=LINE('',#3583,#752);
#447=LINE('',#3585,#753);
#448=LINE('',#3587,#754);
#449=LINE('',#3589,#755);
#450=LINE('',#3590,#756);
#451=LINE('',#3593,#757);
#452=LINE('',#3595,#758);
#453=LINE('',#3596,#759);
#454=LINE('',#3599,#760);
#455=LINE('',#3601,#761);
#456=LINE('',#3602,#762);
#457=LINE('',#3605,#763);
#458=LINE('',#3606,#764);
#459=LINE('',#3610,#765);
#460=LINE('',#3611,#766);
#461=LINE('',#3612,#767);
#462=LINE('',#3616,#768);
#463=LINE('',#3617,#769);
#464=LINE('',#3618,#770);
#465=LINE('',#3621,#771);
#466=LINE('',#3622,#772);
#467=LINE('',#3624,#773);
#468=LINE('',#3628,#774);
#469=LINE('',#3630,#775);
#470=LINE('',#3631,#776);
#471=LINE('',#3633,#777);
#472=LINE('',#3634,#778);
#473=LINE('',#3638,#779);
#474=LINE('',#3639,#780);
#475=LINE('',#3640,#781);
#476=LINE('',#3644,#782);
#477=LINE('',#3650,#783);
#478=LINE('',#3651,#784);
#479=LINE('',#3652,#785);
#480=LINE('',#3656,#786);
#481=LINE('',#3658,#787);
#482=LINE('',#3659,#788);
#483=LINE('',#3663,#789);
#484=LINE('',#3664,#790);
#485=LINE('',#3665,#791);
#486=LINE('',#3670,#792);
#487=LINE('',#3675,#793);
#488=LINE('',#3676,#794);
#489=LINE('',#3677,#795);
#490=LINE('',#3679,#796);
#491=LINE('',#3680,#797);
#492=LINE('',#3682,#798);
#493=LINE('',#3685,#799);
#494=LINE('',#3687,#800);
#495=LINE('',#3688,#801);
#496=LINE('',#3691,#802);
#497=LINE('',#3693,#803);
#498=LINE('',#3695,#804);
#499=LINE('',#3696,#805);
#500=LINE('',#3700,#806);
#501=LINE('',#3702,#807);
#502=LINE('',#3704,#808);
#503=LINE('',#3705,#809);
#504=LINE('',#3710,#810);
#505=LINE('',#3713,#811);
#506=LINE('',#3714,#812);
#507=LINE('',#3716,#813);
#508=LINE('',#3717,#814);
#509=LINE('',#3719,#815);
#510=LINE('',#3721,#816);
#511=LINE('',#3724,#817);
#512=LINE('',#3726,#818);
#513=LINE('',#3727,#819);
#514=LINE('',#3730,#820);
#515=LINE('',#3732,#821);
#516=LINE('',#3733,#822);
#517=LINE('',#3737,#823);
#518=LINE('',#3742,#824);
#519=LINE('',#3744,#825);
#520=LINE('',#3745,#826);
#521=LINE('',#3747,#827);
#522=LINE('',#3749,#828);
#523=LINE('',#3753,#829);
#524=LINE('',#3754,#830);
#525=LINE('',#3757,#831);
#526=LINE('',#3758,#832);
#527=LINE('',#3761,#833);
#528=LINE('',#3762,#834);
#529=LINE('',#3764,#835);
#530=LINE('',#3770,#836);
#531=LINE('',#3773,#837);
#532=LINE('',#3777,#838);
#533=LINE('',#3781,#839);
#534=LINE('',#3782,#840);
#535=LINE('',#3786,#841);
#536=LINE('',#3787,#842);
#537=LINE('',#3788,#843);
#538=LINE('',#3792,#844);
#539=LINE('',#3796,#845);
#540=LINE('',#3800,#846);
#541=LINE('',#3801,#847);
#542=LINE('',#3805,#848);
#543=LINE('',#3806,#849);
#544=LINE('',#3807,#850);
#545=LINE('',#3811,#851);
#546=LINE('',#3815,#852);
#547=LINE('',#3819,#853);
#548=LINE('',#3820,#854);
#549=LINE('',#3824,#855);
#550=LINE('',#3825,#856);
#551=LINE('',#3826,#857);
#552=LINE('',#3830,#858);
#553=LINE('',#3833,#859);
#554=LINE('',#3834,#860);
#555=LINE('',#3836,#861);
#556=LINE('',#3840,#862);
#557=LINE('',#3841,#863);
#558=LINE('',#3842,#864);
#559=LINE('',#3846,#865);
#560=LINE('',#3849,#866);
#561=LINE('',#3850,#867);
#562=LINE('',#3852,#868);
#563=LINE('',#3855,#869);
#564=LINE('',#3856,#870);
#565=LINE('',#3858,#871);
#566=LINE('',#3862,#872);
#567=LINE('',#3863,#873);
#568=LINE('',#3864,#874);
#569=LINE('',#3868,#875);
#570=LINE('',#3871,#876);
#571=LINE('',#3872,#877);
#572=LINE('',#3874,#878);
#573=LINE('',#3877,#879);
#574=LINE('',#3878,#880);
#575=LINE('',#3880,#881);
#576=LINE('',#3884,#882);
#577=LINE('',#3885,#883);
#578=LINE('',#3886,#884);
#579=LINE('',#3890,#885);
#580=LINE('',#3893,#886);
#581=LINE('',#3894,#887);
#582=LINE('',#3896,#888);
#583=LINE('',#3900,#889);
#584=LINE('',#3902,#890);
#585=LINE('',#3904,#891);
#586=LINE('',#3905,#892);
#587=LINE('',#3908,#893);
#588=LINE('',#3910,#894);
#589=LINE('',#3911,#895);
#590=LINE('',#3915,#896);
#591=LINE('',#3917,#897);
#592=LINE('',#3919,#898);
#593=LINE('',#3920,#899);
#594=LINE('',#3923,#900);
#595=LINE('',#3925,#901);
#596=LINE('',#3926,#902);
#597=LINE('',#3929,#903);
#598=LINE('',#3931,#904);
#599=LINE('',#3932,#905);
#600=LINE('',#3939,#906);
#601=LINE('',#3940,#907);
#602=LINE('',#3941,#908);
#603=LINE('',#3944,#909);
#604=LINE('',#3945,#910);
#605=LINE('',#3949,#911);
#606=LINE('',#3951,#912);
#607=LINE('',#3954,#913);
#608=LINE('',#3956,#914);
#609=LINE('',#3957,#915);
#610=LINE('',#3964,#916);
#611=LINE('',#3965,#917);
#612=LINE('',#3966,#918);
#613=LINE('',#3969,#919);
#614=LINE('',#3970,#920);
#615=LINE('',#3974,#921);
#616=LINE('',#3976,#922);
#617=LINE('',#3979,#923);
#618=LINE('',#3981,#924);
#619=LINE('',#3983,#925);
#620=LINE('',#3987,#926);
#621=LINE('',#3991,#927);
#622=LINE('',#3994,#928);
#623=LINE('',#3998,#929);
#624=LINE('',#4000,#930);
#625=LINE('',#4002,#931);
#626=LINE('',#4004,#932);
#627=LINE('',#4006,#933);
#628=LINE('',#4007,#934);
#629=LINE('',#4011,#935);
#630=LINE('',#4012,#936);
#631=LINE('',#4014,#937);
#632=LINE('',#4016,#938);
#633=LINE('',#4017,#939);
#634=LINE('',#4023,#940);
#635=LINE('',#4026,#941);
#636=LINE('',#4029,#942);
#637=LINE('',#4031,#943);
#638=LINE('',#4033,#944);
#639=LINE('',#4037,#945);
#640=LINE('',#4041,#946);
#641=LINE('',#4046,#947);
#642=LINE('',#4048,#948);
#643=LINE('',#4051,#949);
#644=LINE('',#4054,#950);
#645=LINE('',#4056,#951);
#646=LINE('',#4057,#952);
#647=LINE('',#4059,#953);
#648=LINE('',#4061,#954);
#649=LINE('',#4062,#955);
#650=LINE('',#4064,#956);
#651=LINE('',#4066,#957);
#652=LINE('',#4068,#958);
#653=LINE('',#4071,#959);
#654=LINE('',#4072,#960);
#655=LINE('',#4074,#961);
#656=LINE('',#4078,#962);
#657=LINE('',#4079,#963);
#658=LINE('',#4080,#964);
#659=LINE('',#4084,#965);
#660=LINE('',#4087,#966);
#661=LINE('',#4088,#967);
#662=LINE('',#4090,#968);
#663=LINE('',#4092,#969);
#664=LINE('',#4093,#970);
#665=LINE('',#4096,#971);
#666=LINE('',#4098,#972);
#667=LINE('',#4101,#973);
#668=LINE('',#4104,#974);
#669=LINE('',#4106,#975);
#670=LINE('',#4107,#976);
#671=LINE('',#4109,#977);
#672=LINE('',#4111,#978);
#673=LINE('',#4112,#979);
#674=LINE('',#4114,#980);
#675=LINE('',#4116,#981);
#676=LINE('',#4118,#982);
#677=LINE('',#4122,#983);
#678=LINE('',#4124,#984);
#679=LINE('',#4127,#985);
#680=LINE('',#4130,#986);
#681=LINE('',#4131,#987);
#682=LINE('',#4133,#988);
#683=LINE('',#4135,#989);
#684=LINE('',#4136,#990);
#685=LINE('',#4138,#991);
#686=LINE('',#4140,#992);
#687=LINE('',#4145,#993);
#688=LINE('',#4147,#994);
#689=LINE('',#4149,#995);
#690=LINE('',#4150,#996);
#691=LINE('',#4154,#997);
#692=LINE('',#4159,#998);
#693=LINE('',#4161,#999);
#694=LINE('',#4162,#1000);
#695=LINE('',#4166,#1001);
#696=LINE('',#4172,#1002);
#697=LINE('',#4173,#1003);
#698=LINE('',#4174,#1004);
#699=LINE('',#4178,#1005);
#700=LINE('',#4183,#1006);
#701=LINE('',#4185,#1007);
#702=LINE('',#4186,#1008);
#703=LINE('',#4190,#1009);
#704=LINE('',#4196,#1010);
#705=LINE('',#4197,#1011);
#706=LINE('',#4198,#1012);
#707=LINE('',#4202,#1013);
#708=LINE('',#4207,#1014);
#709=LINE('',#4209,#1015);
#710=LINE('',#4210,#1016);
#711=LINE('',#4214,#1017);
#712=LINE('',#4218,#1018);
#713=LINE('',#4222,#1019);
#714=LINE('',#4223,#1020);
#715=LINE('',#4224,#1021);
#716=LINE('',#4228,#1022);
#717=LINE('',#4231,#1023);
#718=LINE('',#4232,#1024);
#719=LINE('',#4236,#1025);
#720=LINE('',#4239,#1026);
#721=LINE('',#4240,#1027);
#722=LINE('',#4244,#1028);
#723=LINE('',#4246,#1029);
#724=LINE('',#4247,#1030);
#725=LINE('',#4249,#1031);
#726=LINE('',#4251,#1032);
#727=LINE('',#4253,#1033);
#728=LINE('',#4255,#1034);
#729=LINE('',#4257,#1035);
#730=LINE('',#4259,#1036);
#731=LINE('',#4260,#1037);
#732=LINE('',#4264,#1038);
#733=LINE('',#4265,#1039);
#734=LINE('',#4269,#1040);
#735=LINE('',#4272,#1041);
#736=LINE('',#4273,#1042);
#737=LINE('',#4277,#1043);
#738=LINE('',#4280,#1044);
#739=LINE('',#4281,#1045);
#740=LINE('',#4285,#1046);
#741=LINE('',#4287,#1047);
#742=LINE('',#4289,#1048);
#743=LINE('',#4291,#1049);
#744=LINE('',#4293,#1050);
#745=LINE('',#4295,#1051);
#746=LINE('',#4297,#1052);
#747=LINE('',#4299,#1053);
#748=LINE('',#4301,#1054);
#749=LINE('',#4303,#1055);
#750=LINE('',#4305,#1056);
#751=LINE('',#4307,#1057);
#752=VECTOR('',#2848,10.);
#753=VECTOR('',#2849,10.);
#754=VECTOR('',#2850,10.);
#755=VECTOR('',#2851,10.);
#756=VECTOR('',#2852,10.);
#757=VECTOR('',#2855,10.);
#758=VECTOR('',#2856,10.);
#759=VECTOR('',#2857,10.);
#760=VECTOR('',#2860,10.);
#761=VECTOR('',#2861,10.);
#762=VECTOR('',#2862,10.);
#763=VECTOR('',#2865,10.);
#764=VECTOR('',#2866,10.);
#765=VECTOR('',#2869,10.);
#766=VECTOR('',#2870,10.);
#767=VECTOR('',#2871,10.);
#768=VECTOR('',#2874,10.);
#769=VECTOR('',#2875,10.);
#770=VECTOR('',#2876,10.);
#771=VECTOR('',#2879,10.);
#772=VECTOR('',#2880,10.);
#773=VECTOR('',#2883,10.);
#774=VECTOR('',#2886,10.);
#775=VECTOR('',#2887,10.);
#776=VECTOR('',#2888,10.);
#777=VECTOR('',#2891,10.);
#778=VECTOR('',#2892,10.);
#779=VECTOR('',#2895,10.);
#780=VECTOR('',#2896,10.);
#781=VECTOR('',#2897,10.);
#782=VECTOR('',#2900,10.);
#783=VECTOR('',#2907,10.);
#784=VECTOR('',#2908,10.);
#785=VECTOR('',#2909,10.);
#786=VECTOR('',#2912,10.);
#787=VECTOR('',#2913,10.);
#788=VECTOR('',#2914,10.);
#789=VECTOR('',#2917,10.);
#790=VECTOR('',#2918,10.);
#791=VECTOR('',#2919,10.);
#792=VECTOR('',#2924,10.);
#793=VECTOR('',#2929,10.);
#794=VECTOR('',#2930,10.);
#795=VECTOR('',#2931,10.);
#796=VECTOR('',#2934,10.);
#797=VECTOR('',#2935,10.);
#798=VECTOR('',#2938,10.);
#799=VECTOR('',#2941,10.);
#800=VECTOR('',#2942,10.);
#801=VECTOR('',#2943,10.);
#802=VECTOR('',#2946,10.);
#803=VECTOR('',#2947,10.);
#804=VECTOR('',#2948,10.);
#805=VECTOR('',#2949,10.);
#806=VECTOR('',#2952,10.);
#807=VECTOR('',#2953,10.);
#808=VECTOR('',#2954,10.);
#809=VECTOR('',#2955,10.);
#810=VECTOR('',#2960,10.);
#811=VECTOR('',#2965,10.);
#812=VECTOR('',#2966,10.);
#813=VECTOR('',#2969,10.);
#814=VECTOR('',#2970,10.);
#815=VECTOR('',#2973,10.);
#816=VECTOR('',#2976,10.);
#817=VECTOR('',#2979,10.);
#818=VECTOR('',#2980,10.);
#819=VECTOR('',#2981,10.);
#820=VECTOR('',#2984,10.);
#821=VECTOR('',#2985,10.);
#822=VECTOR('',#2986,10.);
#823=VECTOR('',#2989,10.);
#824=VECTOR('',#2996,10.);
#825=VECTOR('',#2997,10.);
#826=VECTOR('',#2998,10.);
#827=VECTOR('',#3001,10.);
#828=VECTOR('',#3004,10.);
#829=VECTOR('',#3009,10.);
#830=VECTOR('',#3010,10.);
#831=VECTOR('',#3013,10.);
#832=VECTOR('',#3014,10.);
#833=VECTOR('',#3017,10.);
#834=VECTOR('',#3018,10.);
#835=VECTOR('',#3021,10.);
#836=VECTOR('',#3026,10.);
#837=VECTOR('',#3029,10.);
#838=VECTOR('',#3032,10.);
#839=VECTOR('',#3035,10.);
#840=VECTOR('',#3036,10.);
#841=VECTOR('',#3039,10.);
#842=VECTOR('',#3040,10.);
#843=VECTOR('',#3041,10.);
#844=VECTOR('',#3046,10.);
#845=VECTOR('',#3049,10.);
#846=VECTOR('',#3052,10.);
#847=VECTOR('',#3053,10.);
#848=VECTOR('',#3056,10.);
#849=VECTOR('',#3057,10.);
#850=VECTOR('',#3058,10.);
#851=VECTOR('',#3063,10.);
#852=VECTOR('',#3066,10.);
#853=VECTOR('',#3069,10.);
#854=VECTOR('',#3070,10.);
#855=VECTOR('',#3073,10.);
#856=VECTOR('',#3074,10.);
#857=VECTOR('',#3075,10.);
#858=VECTOR('',#3080,10.);
#859=VECTOR('',#3083,10.);
#860=VECTOR('',#3084,10.);
#861=VECTOR('',#3087,10.);
#862=VECTOR('',#3090,10.);
#863=VECTOR('',#3091,10.);
#864=VECTOR('',#3092,10.);
#865=VECTOR('',#3097,10.);
#866=VECTOR('',#3100,10.);
#867=VECTOR('',#3101,10.);
#868=VECTOR('',#3104,10.);
#869=VECTOR('',#3107,10.);
#870=VECTOR('',#3108,10.);
#871=VECTOR('',#3111,10.);
#872=VECTOR('',#3114,10.);
#873=VECTOR('',#3115,10.);
#874=VECTOR('',#3116,10.);
#875=VECTOR('',#3121,10.);
#876=VECTOR('',#3124,10.);
#877=VECTOR('',#3125,10.);
#878=VECTOR('',#3128,10.);
#879=VECTOR('',#3131,10.);
#880=VECTOR('',#3132,10.);
#881=VECTOR('',#3135,10.);
#882=VECTOR('',#3138,10.);
#883=VECTOR('',#3139,10.);
#884=VECTOR('',#3140,10.);
#885=VECTOR('',#3145,10.);
#886=VECTOR('',#3148,10.);
#887=VECTOR('',#3149,10.);
#888=VECTOR('',#3152,10.);
#889=VECTOR('',#3155,10.);
#890=VECTOR('',#3156,10.);
#891=VECTOR('',#3157,10.);
#892=VECTOR('',#3158,10.);
#893=VECTOR('',#3161,10.);
#894=VECTOR('',#3162,10.);
#895=VECTOR('',#3163,10.);
#896=VECTOR('',#3166,10.);
#897=VECTOR('',#3167,10.);
#898=VECTOR('',#3168,10.);
#899=VECTOR('',#3169,10.);
#900=VECTOR('',#3172,10.);
#901=VECTOR('',#3173,10.);
#902=VECTOR('',#3174,10.);
#903=VECTOR('',#3177,10.);
#904=VECTOR('',#3178,10.);
#905=VECTOR('',#3179,10.);
#906=VECTOR('',#3188,10.);
#907=VECTOR('',#3189,10.);
#908=VECTOR('',#3190,10.);
#909=VECTOR('',#3193,10.);
#910=VECTOR('',#3194,10.);
#911=VECTOR('',#3199,10.);
#912=VECTOR('',#3202,10.);
#913=VECTOR('',#3205,10.);
#914=VECTOR('',#3206,10.);
#915=VECTOR('',#3207,10.);
#916=VECTOR('',#3216,10.);
#917=VECTOR('',#3217,10.);
#918=VECTOR('',#3218,10.);
#919=VECTOR('',#3221,10.);
#920=VECTOR('',#3222,10.);
#921=VECTOR('',#3227,10.);
#922=VECTOR('',#3230,10.);
#923=VECTOR('',#3233,10.);
#924=VECTOR('',#3234,10.);
#925=VECTOR('',#3235,10.);
#926=VECTOR('',#3238,10.);
#927=VECTOR('',#3241,10.);
#928=VECTOR('',#3244,10.);
#929=VECTOR('',#3247,10.);
#930=VECTOR('',#3248,10.);
#931=VECTOR('',#3249,10.);
#932=VECTOR('',#3250,10.);
#933=VECTOR('',#3251,10.);
#934=VECTOR('',#3252,10.);
#935=VECTOR('',#3255,10.);
#936=VECTOR('',#3256,10.);
#937=VECTOR('',#3257,10.);
#938=VECTOR('',#3258,10.);
#939=VECTOR('',#3259,10.);
#940=VECTOR('',#3264,10.);
#941=VECTOR('',#3267,10.);
#942=VECTOR('',#3270,10.);
#943=VECTOR('',#3271,10.);
#944=VECTOR('',#3272,10.);
#945=VECTOR('',#3275,10.);
#946=VECTOR('',#3278,10.);
#947=VECTOR('',#3283,10.);
#948=VECTOR('',#3284,10.);
#949=VECTOR('',#3287,10.);
#950=VECTOR('',#3290,10.);
#951=VECTOR('',#3291,10.);
#952=VECTOR('',#3292,10.);
#953=VECTOR('',#3295,10.);
#954=VECTOR('',#3296,10.);
#955=VECTOR('',#3297,10.);
#956=VECTOR('',#3300,10.);
#957=VECTOR('',#3303,10.);
#958=VECTOR('',#3306,10.);
#959=VECTOR('',#3309,10.);
#960=VECTOR('',#3310,10.);
#961=VECTOR('',#3313,10.);
#962=VECTOR('',#3316,10.);
#963=VECTOR('',#3317,10.);
#964=VECTOR('',#3318,10.);
#965=VECTOR('',#3323,10.);
#966=VECTOR('',#3326,10.);
#967=VECTOR('',#3327,10.);
#968=VECTOR('',#3330,10.);
#969=VECTOR('',#3333,10.);
#970=VECTOR('',#3334,10.);
#971=VECTOR('',#3335,10.);
#972=VECTOR('',#3336,10.);
#973=VECTOR('',#3339,10.);
#974=VECTOR('',#3342,10.);
#975=VECTOR('',#3343,10.);
#976=VECTOR('',#3344,10.);
#977=VECTOR('',#3347,10.);
#978=VECTOR('',#3348,10.);
#979=VECTOR('',#3349,10.);
#980=VECTOR('',#3352,10.);
#981=VECTOR('',#3355,10.);
#982=VECTOR('',#3358,10.);
#983=VECTOR('',#3361,10.);
#984=VECTOR('',#3362,10.);
#985=VECTOR('',#3365,10.);
#986=VECTOR('',#3368,10.);
#987=VECTOR('',#3369,10.);
#988=VECTOR('',#3372,10.);
#989=VECTOR('',#3375,10.);
#990=VECTOR('',#3376,10.);
#991=VECTOR('',#3379,10.);
#992=VECTOR('',#3382,10.);
#993=VECTOR('',#3387,10.);
#994=VECTOR('',#3388,10.);
#995=VECTOR('',#3389,10.);
#996=VECTOR('',#3390,10.);
#997=VECTOR('',#3393,10.);
#998=VECTOR('',#3400,10.);
#999=VECTOR('',#3401,10.);
#1000=VECTOR('',#3402,10.);
#1001=VECTOR('',#3405,10.);
#1002=VECTOR('',#3412,10.);
#1003=VECTOR('',#3413,10.);
#1004=VECTOR('',#3414,10.);
#1005=VECTOR('',#3417,10.);
#1006=VECTOR('',#3424,10.);
#1007=VECTOR('',#3425,10.);
#1008=VECTOR('',#3426,10.);
#1009=VECTOR('',#3429,10.);
#1010=VECTOR('',#3436,10.);
#1011=VECTOR('',#3437,10.);
#1012=VECTOR('',#3438,10.);
#1013=VECTOR('',#3441,10.);
#1014=VECTOR('',#3448,10.);
#1015=VECTOR('',#3449,10.);
#1016=VECTOR('',#3450,10.);
#1017=VECTOR('',#3453,10.);
#1018=VECTOR('',#3460,10.);
#1019=VECTOR('',#3463,10.);
#1020=VECTOR('',#3464,10.);
#1021=VECTOR('',#3465,10.);
#1022=VECTOR('',#3470,10.);
#1023=VECTOR('',#3473,10.);
#1024=VECTOR('',#3474,10.);
#1025=VECTOR('',#3479,10.);
#1026=VECTOR('',#3482,10.);
#1027=VECTOR('',#3483,10.);
#1028=VECTOR('',#3488,10.);
#1029=VECTOR('',#3491,10.);
#1030=VECTOR('',#3492,10.);
#1031=VECTOR('',#3495,10.);
#1032=VECTOR('',#3498,10.);
#1033=VECTOR('',#3501,10.);
#1034=VECTOR('',#3504,10.);
#1035=VECTOR('',#3507,10.);
#1036=VECTOR('',#3510,10.);
#1037=VECTOR('',#3511,10.);
#1038=VECTOR('',#3516,10.);
#1039=VECTOR('',#3517,10.);
#1040=VECTOR('',#3522,10.);
#1041=VECTOR('',#3525,10.);
#1042=VECTOR('',#3526,10.);
#1043=VECTOR('',#3531,10.);
#1044=VECTOR('',#3534,10.);
#1045=VECTOR('',#3535,10.);
#1046=VECTOR('',#3540,10.);
#1047=VECTOR('',#3543,10.);
#1048=VECTOR('',#3546,10.);
#1049=VECTOR('',#3549,10.);
#1050=VECTOR('',#3552,10.);
#1051=VECTOR('',#3555,10.);
#1052=VECTOR('',#3558,10.);
#1053=VECTOR('',#3561,10.);
#1054=VECTOR('',#3564,10.);
#1055=VECTOR('',#3567,10.);
#1056=VECTOR('',#3570,10.);
#1057=VECTOR('',#3573,10.);
#1058=VERTEX_POINT('',#3581);
#1059=VERTEX_POINT('',#3582);
#1060=VERTEX_POINT('',#3584);
#1061=VERTEX_POINT('',#3586);
#1062=VERTEX_POINT('',#3588);
#1063=VERTEX_POINT('',#3592);
#1064=VERTEX_POINT('',#3594);
#1065=VERTEX_POINT('',#3598);
#1066=VERTEX_POINT('',#3600);
#1067=VERTEX_POINT('',#3604);
#1068=VERTEX_POINT('',#3608);
#1069=VERTEX_POINT('',#3609);
#1070=VERTEX_POINT('',#3614);
#1071=VERTEX_POINT('',#3615);
#1072=VERTEX_POINT('',#3620);
#1073=VERTEX_POINT('',#3626);
#1074=VERTEX_POINT('',#3627);
#1075=VERTEX_POINT('',#3629);
#1076=VERTEX_POINT('',#3636);
#1077=VERTEX_POINT('',#3637);
#1078=VERTEX_POINT('',#3642);
#1079=VERTEX_POINT('',#3643);
#1080=VERTEX_POINT('',#3648);
#1081=VERTEX_POINT('',#3649);
#1082=VERTEX_POINT('',#3654);
#1083=VERTEX_POINT('',#3655);
#1084=VERTEX_POINT('',#3657);
#1085=VERTEX_POINT('',#3661);
#1086=VERTEX_POINT('',#3662);
#1087=VERTEX_POINT('',#3667);
#1088=VERTEX_POINT('',#3669);
#1089=VERTEX_POINT('',#3673);
#1090=VERTEX_POINT('',#3674);
#1091=VERTEX_POINT('',#3684);
#1092=VERTEX_POINT('',#3686);
#1093=VERTEX_POINT('',#3690);
#1094=VERTEX_POINT('',#3692);
#1095=VERTEX_POINT('',#3694);
#1096=VERTEX_POINT('',#3698);
#1097=VERTEX_POINT('',#3699);
#1098=VERTEX_POINT('',#3701);
#1099=VERTEX_POINT('',#3703);
#1100=VERTEX_POINT('',#3707);
#1101=VERTEX_POINT('',#3709);
#1102=VERTEX_POINT('',#3723);
#1103=VERTEX_POINT('',#3725);
#1104=VERTEX_POINT('',#3729);
#1105=VERTEX_POINT('',#3731);
#1106=VERTEX_POINT('',#3735);
#1107=VERTEX_POINT('',#3736);
#1108=VERTEX_POINT('',#3741);
#1109=VERTEX_POINT('',#3743);
#1110=VERTEX_POINT('',#3752);
#1111=VERTEX_POINT('',#3756);
#1112=VERTEX_POINT('',#3760);
#1113=VERTEX_POINT('',#3766);
#1114=VERTEX_POINT('',#3767);
#1115=VERTEX_POINT('',#3769);
#1116=VERTEX_POINT('',#3771);
#1117=VERTEX_POINT('',#3775);
#1118=VERTEX_POINT('',#3776);
#1119=VERTEX_POINT('',#3778);
#1120=VERTEX_POINT('',#3780);
#1121=VERTEX_POINT('',#3784);
#1122=VERTEX_POINT('',#3785);
#1123=VERTEX_POINT('',#3790);
#1124=VERTEX_POINT('',#3794);
#1125=VERTEX_POINT('',#3795);
#1126=VERTEX_POINT('',#3797);
#1127=VERTEX_POINT('',#3799);
#1128=VERTEX_POINT('',#3803);
#1129=VERTEX_POINT('',#3804);
#1130=VERTEX_POINT('',#3809);
#1131=VERTEX_POINT('',#3813);
#1132=VERTEX_POINT('',#3814);
#1133=VERTEX_POINT('',#3816);
#1134=VERTEX_POINT('',#3818);
#1135=VERTEX_POINT('',#3822);
#1136=VERTEX_POINT('',#3823);
#1137=VERTEX_POINT('',#3828);
#1138=VERTEX_POINT('',#3832);
#1139=VERTEX_POINT('',#3838);
#1140=VERTEX_POINT('',#3839);
#1141=VERTEX_POINT('',#3844);
#1142=VERTEX_POINT('',#3848);
#1143=VERTEX_POINT('',#3854);
#1144=VERTEX_POINT('',#3860);
#1145=VERTEX_POINT('',#3861);
#1146=VERTEX_POINT('',#3866);
#1147=VERTEX_POINT('',#3870);
#1148=VERTEX_POINT('',#3876);
#1149=VERTEX_POINT('',#3882);
#1150=VERTEX_POINT('',#3883);
#1151=VERTEX_POINT('',#3888);
#1152=VERTEX_POINT('',#3892);
#1153=VERTEX_POINT('',#3898);
#1154=VERTEX_POINT('',#3899);
#1155=VERTEX_POINT('',#3901);
#1156=VERTEX_POINT('',#3903);
#1157=VERTEX_POINT('',#3907);
#1158=VERTEX_POINT('',#3909);
#1159=VERTEX_POINT('',#3913);
#1160=VERTEX_POINT('',#3914);
#1161=VERTEX_POINT('',#3916);
#1162=VERTEX_POINT('',#3918);
#1163=VERTEX_POINT('',#3922);
#1164=VERTEX_POINT('',#3924);
#1165=VERTEX_POINT('',#3928);
#1166=VERTEX_POINT('',#3930);
#1167=VERTEX_POINT('',#3937);
#1168=VERTEX_POINT('',#3938);
#1169=VERTEX_POINT('',#3943);
#1170=VERTEX_POINT('',#3947);
#1171=VERTEX_POINT('',#3953);
#1172=VERTEX_POINT('',#3955);
#1173=VERTEX_POINT('',#3962);
#1174=VERTEX_POINT('',#3963);
#1175=VERTEX_POINT('',#3968);
#1176=VERTEX_POINT('',#3972);
#1177=VERTEX_POINT('',#3978);
#1178=VERTEX_POINT('',#3980);
#1179=VERTEX_POINT('',#3982);
#1180=VERTEX_POINT('',#3984);
#1181=VERTEX_POINT('',#3986);
#1182=VERTEX_POINT('',#3988);
#1183=VERTEX_POINT('',#3990);
#1184=VERTEX_POINT('',#3992);
#1185=VERTEX_POINT('',#3996);
#1186=VERTEX_POINT('',#3997);
#1187=VERTEX_POINT('',#3999);
#1188=VERTEX_POINT('',#4001);
#1189=VERTEX_POINT('',#4003);
#1190=VERTEX_POINT('',#4005);
#1191=VERTEX_POINT('',#4009);
#1192=VERTEX_POINT('',#4010);
#1193=VERTEX_POINT('',#4013);
#1194=VERTEX_POINT('',#4015);
#1195=VERTEX_POINT('',#4019);
#1196=VERTEX_POINT('',#4020);
#1197=VERTEX_POINT('',#4022);
#1198=VERTEX_POINT('',#4024);
#1199=VERTEX_POINT('',#4028);
#1200=VERTEX_POINT('',#4030);
#1201=VERTEX_POINT('',#4032);
#1202=VERTEX_POINT('',#4034);
#1203=VERTEX_POINT('',#4036);
#1204=VERTEX_POINT('',#4038);
#1205=VERTEX_POINT('',#4040);
#1206=VERTEX_POINT('',#4044);
#1207=VERTEX_POINT('',#4045);
#1208=VERTEX_POINT('',#4047);
#1209=VERTEX_POINT('',#4049);
#1210=VERTEX_POINT('',#4053);
#1211=VERTEX_POINT('',#4055);
#1212=VERTEX_POINT('',#4060);
#1213=VERTEX_POINT('',#4070);
#1214=VERTEX_POINT('',#4076);
#1215=VERTEX_POINT('',#4077);
#1216=VERTEX_POINT('',#4082);
#1217=VERTEX_POINT('',#4086);
#1218=VERTEX_POINT('',#4094);
#1219=VERTEX_POINT('',#4095);
#1220=VERTEX_POINT('',#4097);
#1221=VERTEX_POINT('',#4099);
#1222=VERTEX_POINT('',#4103);
#1223=VERTEX_POINT('',#4105);
#1224=VERTEX_POINT('',#4110);
#1225=VERTEX_POINT('',#4120);
#1226=VERTEX_POINT('',#4121);
#1227=VERTEX_POINT('',#4123);
#1228=VERTEX_POINT('',#4125);
#1229=VERTEX_POINT('',#4129);
#1230=VERTEX_POINT('',#4143);
#1231=VERTEX_POINT('',#4144);
#1232=VERTEX_POINT('',#4146);
#1233=VERTEX_POINT('',#4148);
#1234=VERTEX_POINT('',#4152);
#1235=VERTEX_POINT('',#4153);
#1236=VERTEX_POINT('',#4158);
#1237=VERTEX_POINT('',#4160);
#1238=VERTEX_POINT('',#4164);
#1239=VERTEX_POINT('',#4165);
#1240=VERTEX_POINT('',#4170);
#1241=VERTEX_POINT('',#4171);
#1242=VERTEX_POINT('',#4176);
#1243=VERTEX_POINT('',#4177);
#1244=VERTEX_POINT('',#4182);
#1245=VERTEX_POINT('',#4184);
#1246=VERTEX_POINT('',#4188);
#1247=VERTEX_POINT('',#4189);
#1248=VERTEX_POINT('',#4194);
#1249=VERTEX_POINT('',#4195);
#1250=VERTEX_POINT('',#4200);
#1251=VERTEX_POINT('',#4201);
#1252=VERTEX_POINT('',#4206);
#1253=VERTEX_POINT('',#4208);
#1254=VERTEX_POINT('',#4212);
#1255=VERTEX_POINT('',#4213);
#1256=VERTEX_POINT('',#4220);
#1257=VERTEX_POINT('',#4221);
#1258=VERTEX_POINT('',#4226);
#1259=VERTEX_POINT('',#4230);
#1260=VERTEX_POINT('',#4234);
#1261=VERTEX_POINT('',#4238);
#1262=VERTEX_POINT('',#4242);
#1263=VERTEX_POINT('',#4263);
#1264=VERTEX_POINT('',#4267);
#1265=VERTEX_POINT('',#4271);
#1266=VERTEX_POINT('',#4275);
#1267=VERTEX_POINT('',#4279);
#1268=VERTEX_POINT('',#4283);
#1269=EDGE_CURVE('',#1058,#1059,#446,.T.);
#1270=EDGE_CURVE('',#1059,#1060,#447,.T.);
#1271=EDGE_CURVE('',#1060,#1061,#448,.T.);
#1272=EDGE_CURVE('',#1061,#1062,#449,.T.);
#1273=EDGE_CURVE('',#1062,#1058,#450,.T.);
#1274=EDGE_CURVE('',#1063,#1061,#451,.T.);
#1275=EDGE_CURVE('',#1064,#1063,#452,.T.);
#1276=EDGE_CURVE('',#1062,#1064,#453,.T.);
#1277=EDGE_CURVE('',#1063,#1065,#454,.T.);
#1278=EDGE_CURVE('',#1066,#1063,#455,.T.);
#1279=EDGE_CURVE('',#1065,#1066,#456,.T.);
#1280=EDGE_CURVE('',#1061,#1067,#457,.F.);
#1281=EDGE_CURVE('',#1067,#1066,#458,.T.);
#1282=EDGE_CURVE('',#1068,#1069,#459,.F.);
#1283=EDGE_CURVE('',#1069,#1065,#460,.T.);
#1284=EDGE_CURVE('',#1066,#1068,#461,.T.);
#1285=EDGE_CURVE('',#1070,#1071,#462,.T.);
#1286=EDGE_CURVE('',#1064,#1070,#463,.T.);
#1287=EDGE_CURVE('',#1071,#1064,#464,.T.);
#1288=EDGE_CURVE('',#1058,#1072,#465,.T.);
#1289=EDGE_CURVE('',#1070,#1072,#466,.T.);
#1290=EDGE_CURVE('',#1065,#1071,#467,.T.);
#1291=EDGE_CURVE('',#1073,#1074,#468,.T.);
#1292=EDGE_CURVE('',#1075,#1073,#469,.T.);
#1293=EDGE_CURVE('',#1074,#1075,#470,.T.);
#1294=EDGE_CURVE('',#1071,#1075,#471,.T.);
#1295=EDGE_CURVE('',#1073,#1070,#472,.T.);
#1296=EDGE_CURVE('',#1076,#1077,#473,.T.);
#1297=EDGE_CURVE('',#1077,#1074,#474,.T.);
#1298=EDGE_CURVE('',#1075,#1076,#475,.T.);
#1299=EDGE_CURVE('',#1078,#1079,#476,.T.);
#1300=EDGE_CURVE('',#1079,#1077,#43,.T.);
#1301=EDGE_CURVE('',#1076,#1078,#44,.T.);
#1302=EDGE_CURVE('',#1080,#1081,#477,.T.);
#1303=EDGE_CURVE('',#1081,#1079,#478,.T.);
#1304=EDGE_CURVE('',#1078,#1080,#479,.T.);
#1305=EDGE_CURVE('',#1082,#1083,#480,.T.);
#1306=EDGE_CURVE('',#1084,#1082,#481,.T.);
#1307=EDGE_CURVE('',#1083,#1084,#482,.T.);
#1308=EDGE_CURVE('',#1085,#1086,#483,.T.);
#1309=EDGE_CURVE('',#1086,#1084,#484,.T.);
#1310=EDGE_CURVE('',#1082,#1085,#485,.T.);
#1311=EDGE_CURVE('',#1085,#1087,#45,.T.);
#1312=EDGE_CURVE('',#1087,#1088,#486,.T.);
#1313=EDGE_CURVE('',#1088,#1086,#46,.T.);
#1314=EDGE_CURVE('',#1089,#1090,#487,.T.);
#1315=EDGE_CURVE('',#1090,#1088,#488,.T.);
#1316=EDGE_CURVE('',#1087,#1089,#489,.T.);
#1317=EDGE_CURVE('',#1074,#1082,#490,.T.);
#1318=EDGE_CURVE('',#1083,#1073,#491,.T.);
#1319=EDGE_CURVE('',#1080,#1069,#492,.T.);
#1320=EDGE_CURVE('',#1091,#1067,#493,.T.);
#1321=EDGE_CURVE('',#1091,#1092,#494,.T.);
#1322=EDGE_CURVE('',#1092,#1068,#495,.T.);
#1323=EDGE_CURVE('',#1093,#1092,#496,.T.);
#1324=EDGE_CURVE('',#1092,#1094,#497,.F.);
#1325=EDGE_CURVE('',#1094,#1095,#498,.T.);
#1326=EDGE_CURVE('',#1095,#1093,#499,.T.);
#1327=EDGE_CURVE('',#1096,#1097,#500,.T.);
#1328=EDGE_CURVE('',#1097,#1098,#501,.T.);
#1329=EDGE_CURVE('',#1098,#1099,#502,.T.);
#1330=EDGE_CURVE('',#1099,#1096,#503,.T.);
#1331=EDGE_CURVE('',#1098,#1100,#47,.T.);
#1332=EDGE_CURVE('',#1100,#1101,#504,.T.);
#1333=EDGE_CURVE('',#1101,#1099,#48,.T.);
#1334=EDGE_CURVE('',#1095,#1101,#505,.T.);
#1335=EDGE_CURVE('',#1100,#1093,#506,.T.);
#1336=EDGE_CURVE('',#1093,#1081,#507,.T.);
#1337=EDGE_CURVE('',#1068,#1081,#508,.T.);
#1338=EDGE_CURVE('',#1079,#1100,#509,.T.);
#1339=EDGE_CURVE('',#1098,#1077,#510,.T.);
#1340=EDGE_CURVE('',#1097,#1102,#511,.F.);
#1341=EDGE_CURVE('',#1103,#1102,#512,.T.);
#1342=EDGE_CURVE('',#1085,#1103,#513,.T.);
#1343=EDGE_CURVE('',#1102,#1104,#514,.T.);
#1344=EDGE_CURVE('',#1104,#1105,#515,.T.);
#1345=EDGE_CURVE('',#1105,#1103,#516,.T.);
#1346=EDGE_CURVE('',#1106,#1107,#517,.T.);
#1347=EDGE_CURVE('',#1107,#1103,#49,.T.);
#1348=EDGE_CURVE('',#1105,#1106,#50,.T.);
#1349=EDGE_CURVE('',#1108,#1107,#518,.T.);
#1350=EDGE_CURVE('',#1106,#1109,#519,.T.);
#1351=EDGE_CURVE('',#1109,#1108,#520,.T.);
#1352=EDGE_CURVE('',#1107,#1087,#521,.T.);
#1353=EDGE_CURVE('',#1108,#1089,#522,.T.);
#1354=EDGE_CURVE('',#1110,#1091,#523,.T.);
#1355=EDGE_CURVE('',#1060,#1110,#524,.T.);
#1356=EDGE_CURVE('',#1094,#1111,#525,.T.);
#1357=EDGE_CURVE('',#1111,#1096,#526,.F.);
#1358=EDGE_CURVE('',#1112,#1111,#527,.T.);
#1359=EDGE_CURVE('',#1104,#1112,#528,.F.);
#1360=EDGE_CURVE('',#1112,#1110,#529,.T.);
#1361=EDGE_CURVE('',#1113,#1114,#51,.T.);
#1362=EDGE_CURVE('',#1115,#1113,#530,.T.);
#1363=EDGE_CURVE('',#1116,#1115,#52,.T.);
#1364=EDGE_CURVE('',#1114,#1116,#531,.T.);
#1365=EDGE_CURVE('',#1117,#1118,#532,.T.);
#1366=EDGE_CURVE('',#1119,#1117,#53,.T.);
#1367=EDGE_CURVE('',#1120,#1119,#533,.T.);
#1368=EDGE_CURVE('',#1118,#1120,#534,.T.);
#1369=EDGE_CURVE('',#1121,#1122,#535,.T.);
#1370=EDGE_CURVE('',#1121,#1117,#536,.T.);
#1371=EDGE_CURVE('',#1122,#1118,#537,.T.);
#1372=EDGE_CURVE('',#1123,#1121,#54,.T.);
#1373=EDGE_CURVE('',#1123,#1119,#538,.T.);
#1374=EDGE_CURVE('',#1124,#1125,#539,.T.);
#1375=EDGE_CURVE('',#1126,#1124,#55,.T.);
#1376=EDGE_CURVE('',#1127,#1126,#540,.T.);
#1377=EDGE_CURVE('',#1125,#1127,#541,.T.);
#1378=EDGE_CURVE('',#1128,#1129,#542,.T.);
#1379=EDGE_CURVE('',#1128,#1124,#543,.T.);
#1380=EDGE_CURVE('',#1129,#1125,#544,.T.);
#1381=EDGE_CURVE('',#1130,#1128,#56,.T.);
#1382=EDGE_CURVE('',#1130,#1126,#545,.T.);
#1383=EDGE_CURVE('',#1131,#1132,#546,.T.);
#1384=EDGE_CURVE('',#1133,#1131,#57,.T.);
#1385=EDGE_CURVE('',#1134,#1133,#547,.T.);
#1386=EDGE_CURVE('',#1132,#1134,#548,.T.);
#1387=EDGE_CURVE('',#1135,#1136,#549,.T.);
#1388=EDGE_CURVE('',#1135,#1131,#550,.T.);
#1389=EDGE_CURVE('',#1136,#1132,#551,.T.);
#1390=EDGE_CURVE('',#1137,#1135,#58,.T.);
#1391=EDGE_CURVE('',#1137,#1133,#552,.T.);
#1392=EDGE_CURVE('',#1122,#1138,#553,.T.);
#1393=EDGE_CURVE('',#1138,#1120,#554,.T.);
#1394=EDGE_CURVE('',#1138,#1123,#555,.T.);
#1395=EDGE_CURVE('',#1139,#1140,#556,.T.);
#1396=EDGE_CURVE('',#1121,#1140,#557,.T.);
#1397=EDGE_CURVE('',#1139,#1122,#558,.T.);
#1398=EDGE_CURVE('',#1140,#1141,#59,.T.);
#1399=EDGE_CURVE('',#1123,#1141,#559,.T.);
#1400=EDGE_CURVE('',#1141,#1142,#560,.T.);
#1401=EDGE_CURVE('',#1142,#1138,#561,.T.);
#1402=EDGE_CURVE('',#1142,#1139,#562,.T.);
#1403=EDGE_CURVE('',#1129,#1143,#563,.T.);
#1404=EDGE_CURVE('',#1143,#1127,#564,.T.);
#1405=EDGE_CURVE('',#1143,#1130,#565,.T.);
#1406=EDGE_CURVE('',#1144,#1145,#566,.T.);
#1407=EDGE_CURVE('',#1128,#1145,#567,.T.);
#1408=EDGE_CURVE('',#1144,#1129,#568,.T.);
#1409=EDGE_CURVE('',#1145,#1146,#60,.T.);
#1410=EDGE_CURVE('',#1130,#1146,#569,.T.);
#1411=EDGE_CURVE('',#1146,#1147,#570,.T.);
#1412=EDGE_CURVE('',#1147,#1143,#571,.T.);
#1413=EDGE_CURVE('',#1147,#1144,#572,.T.);
#1414=EDGE_CURVE('',#1136,#1148,#573,.T.);
#1415=EDGE_CURVE('',#1148,#1134,#574,.T.);
#1416=EDGE_CURVE('',#1148,#1137,#575,.T.);
#1417=EDGE_CURVE('',#1149,#1150,#576,.T.);
#1418=EDGE_CURVE('',#1135,#1150,#577,.T.);
#1419=EDGE_CURVE('',#1149,#1136,#578,.T.);
#1420=EDGE_CURVE('',#1150,#1151,#61,.T.);
#1421=EDGE_CURVE('',#1137,#1151,#579,.T.);
#1422=EDGE_CURVE('',#1151,#1152,#580,.T.);
#1423=EDGE_CURVE('',#1152,#1148,#581,.T.);
#1424=EDGE_CURVE('',#1152,#1149,#582,.T.);
#1425=EDGE_CURVE('',#1153,#1154,#583,.T.);
#1426=EDGE_CURVE('',#1153,#1155,#584,.T.);
#1427=EDGE_CURVE('',#1155,#1156,#585,.T.);
#1428=EDGE_CURVE('',#1154,#1156,#586,.T.);
#1429=EDGE_CURVE('',#1157,#1153,#587,.T.);
#1430=EDGE_CURVE('',#1157,#1158,#588,.T.);
#1431=EDGE_CURVE('',#1158,#1155,#589,.T.);
#1432=EDGE_CURVE('',#1159,#1160,#590,.T.);
#1433=EDGE_CURVE('',#1159,#1161,#591,.T.);
#1434=EDGE_CURVE('',#1161,#1162,#592,.T.);
#1435=EDGE_CURVE('',#1160,#1162,#593,.T.);
#1436=EDGE_CURVE('',#1163,#1159,#594,.T.);
#1437=EDGE_CURVE('',#1163,#1164,#595,.T.);
#1438=EDGE_CURVE('',#1164,#1161,#596,.T.);
#1439=EDGE_CURVE('',#1160,#1165,#597,.T.);
#1440=EDGE_CURVE('',#1162,#1166,#598,.T.);
#1441=EDGE_CURVE('',#1165,#1166,#599,.T.);
#1442=EDGE_CURVE('',#1165,#1163,#62,.T.);
#1443=EDGE_CURVE('',#1166,#1164,#63,.T.);
#1444=EDGE_CURVE('',#1167,#1168,#600,.T.);
#1445=EDGE_CURVE('',#1159,#1168,#601,.T.);
#1446=EDGE_CURVE('',#1167,#1160,#602,.T.);
#1447=EDGE_CURVE('',#1168,#1169,#603,.T.);
#1448=EDGE_CURVE('',#1163,#1169,#604,.T.);
#1449=EDGE_CURVE('',#1169,#1170,#64,.T.);
#1450=EDGE_CURVE('',#1165,#1170,#605,.T.);
#1451=EDGE_CURVE('',#1170,#1167,#606,.T.);
#1452=EDGE_CURVE('',#1154,#1171,#607,.T.);
#1453=EDGE_CURVE('',#1156,#1172,#608,.T.);
#1454=EDGE_CURVE('',#1171,#1172,#609,.T.);
#1455=EDGE_CURVE('',#1171,#1157,#65,.T.);
#1456=EDGE_CURVE('',#1172,#1158,#66,.T.);
#1457=EDGE_CURVE('',#1173,#1174,#610,.T.);
#1458=EDGE_CURVE('',#1153,#1174,#611,.T.);
#1459=EDGE_CURVE('',#1173,#1154,#612,.T.);
#1460=EDGE_CURVE('',#1174,#1175,#613,.T.);
#1461=EDGE_CURVE('',#1157,#1175,#614,.T.);
#1462=EDGE_CURVE('',#1175,#1176,#67,.T.);
#1463=EDGE_CURVE('',#1171,#1176,#615,.T.);
#1464=EDGE_CURVE('',#1176,#1173,#616,.T.);
#1465=EDGE_CURVE('',#1177,#1059,#617,.T.);
#1466=EDGE_CURVE('',#1177,#1178,#618,.T.);
#1467=EDGE_CURVE('',#1179,#1178,#619,.T.);
#1468=EDGE_CURVE('',#1180,#1179,#68,.T.);
#1469=EDGE_CURVE('',#1181,#1180,#620,.T.);
#1470=EDGE_CURVE('',#1182,#1181,#69,.T.);
#1471=EDGE_CURVE('',#1183,#1182,#621,.T.);
#1472=EDGE_CURVE('',#1184,#1183,#70,.T.);
#1473=EDGE_CURVE('',#1109,#1184,#622,.T.);
#1474=EDGE_CURVE('',#1185,#1186,#623,.T.);
#1475=EDGE_CURVE('',#1187,#1186,#624,.T.);
#1476=EDGE_CURVE('',#1188,#1187,#625,.T.);
#1477=EDGE_CURVE('',#1189,#1188,#626,.F.);
#1478=EDGE_CURVE('',#1190,#1189,#627,.T.);
#1479=EDGE_CURVE('',#1185,#1190,#628,.F.);
#1480=EDGE_CURVE('',#1191,#1192,#629,.T.);
#1481=EDGE_CURVE('',#1178,#1192,#630,.F.);
#1482=EDGE_CURVE('',#1193,#1177,#631,.F.);
#1483=EDGE_CURVE('',#1194,#1193,#632,.T.);
#1484=EDGE_CURVE('',#1194,#1191,#633,.T.);
#1485=EDGE_CURVE('',#1195,#1196,#71,.T.);
#1486=EDGE_CURVE('',#1197,#1195,#634,.T.);
#1487=EDGE_CURVE('',#1198,#1197,#72,.T.);
#1488=EDGE_CURVE('',#1198,#1196,#635,.T.);
#1489=EDGE_CURVE('',#1190,#1199,#636,.T.);
#1490=EDGE_CURVE('',#1200,#1189,#637,.T.);
#1491=EDGE_CURVE('',#1201,#1200,#638,.T.);
#1492=EDGE_CURVE('',#1202,#1201,#73,.T.);
#1493=EDGE_CURVE('',#1203,#1202,#639,.T.);
#1494=EDGE_CURVE('',#1204,#1203,#74,.T.);
#1495=EDGE_CURVE('',#1205,#1204,#640,.T.);
#1496=EDGE_CURVE('',#1199,#1205,#75,.T.);
#1497=EDGE_CURVE('',#1206,#1207,#641,.T.);
#1498=EDGE_CURVE('',#1208,#1206,#642,.T.);
#1499=EDGE_CURVE('',#1209,#1208,#76,.T.);
#1500=EDGE_CURVE('',#1207,#1209,#643,.T.);
#1501=EDGE_CURVE('',#1114,#1210,#644,.T.);
#1502=EDGE_CURVE('',#1211,#1116,#645,.T.);
#1503=EDGE_CURVE('',#1210,#1211,#646,.T.);
#1504=EDGE_CURVE('',#1115,#1209,#647,.T.);
#1505=EDGE_CURVE('',#1115,#1212,#648,.T.);
#1506=EDGE_CURVE('',#1207,#1212,#649,.T.);
#1507=EDGE_CURVE('',#1116,#1208,#650,.T.);
#1508=EDGE_CURVE('',#1211,#1206,#651,.T.);
#1509=EDGE_CURVE('',#1212,#1211,#652,.T.);
#1510=EDGE_CURVE('',#1210,#1213,#653,.T.);
#1511=EDGE_CURVE('',#1213,#1212,#654,.T.);
#1512=EDGE_CURVE('',#1213,#1113,#655,.T.);
#1513=EDGE_CURVE('',#1214,#1215,#656,.T.);
#1514=EDGE_CURVE('',#1114,#1215,#657,.T.);
#1515=EDGE_CURVE('',#1214,#1210,#658,.T.);
#1516=EDGE_CURVE('',#1215,#1216,#77,.T.);
#1517=EDGE_CURVE('',#1113,#1216,#659,.T.);
#1518=EDGE_CURVE('',#1216,#1217,#660,.T.);
#1519=EDGE_CURVE('',#1213,#1217,#661,.T.);
#1520=EDGE_CURVE('',#1217,#1214,#662,.T.);
#1521=EDGE_CURVE('',#1186,#1191,#663,.T.);
#1522=EDGE_CURVE('',#1187,#1194,#664,.T.);
#1523=EDGE_CURVE('',#1218,#1219,#665,.T.);
#1524=EDGE_CURVE('',#1220,#1218,#666,.T.);
#1525=EDGE_CURVE('',#1221,#1220,#78,.T.);
#1526=EDGE_CURVE('',#1219,#1221,#667,.T.);
#1527=EDGE_CURVE('',#1196,#1222,#668,.T.);
#1528=EDGE_CURVE('',#1223,#1198,#669,.T.);
#1529=EDGE_CURVE('',#1223,#1222,#670,.T.);
#1530=EDGE_CURVE('',#1197,#1221,#671,.T.);
#1531=EDGE_CURVE('',#1197,#1224,#672,.T.);
#1532=EDGE_CURVE('',#1219,#1224,#673,.T.);
#1533=EDGE_CURVE('',#1198,#1220,#674,.T.);
#1534=EDGE_CURVE('',#1223,#1218,#675,.T.);
#1535=EDGE_CURVE('',#1224,#1223,#676,.T.);
#1536=EDGE_CURVE('',#1225,#1226,#677,.T.);
#1537=EDGE_CURVE('',#1227,#1225,#678,.T.);
#1538=EDGE_CURVE('',#1228,#1227,#79,.T.);
#1539=EDGE_CURVE('',#1226,#1228,#679,.T.);
#1540=EDGE_CURVE('',#1222,#1229,#680,.T.);
#1541=EDGE_CURVE('',#1224,#1229,#681,.T.);
#1542=EDGE_CURVE('',#1229,#1195,#682,.T.);
#1543=EDGE_CURVE('',#1196,#1228,#683,.T.);
#1544=EDGE_CURVE('',#1226,#1222,#684,.T.);
#1545=EDGE_CURVE('',#1195,#1227,#685,.T.);
#1546=EDGE_CURVE('',#1229,#1225,#686,.T.);
#1547=EDGE_CURVE('',#1230,#1231,#687,.T.);
#1548=EDGE_CURVE('',#1230,#1232,#688,.T.);
#1549=EDGE_CURVE('',#1233,#1232,#689,.T.);
#1550=EDGE_CURVE('',#1233,#1231,#690,.T.);
#1551=EDGE_CURVE('',#1234,#1235,#691,.T.);
#1552=EDGE_CURVE('',#1234,#1233,#80,.T.);
#1553=EDGE_CURVE('',#1232,#1235,#81,.T.);
#1554=EDGE_CURVE('',#1235,#1236,#692,.T.);
#1555=EDGE_CURVE('',#1237,#1236,#693,.T.);
#1556=EDGE_CURVE('',#1237,#1234,#694,.T.);
#1557=EDGE_CURVE('',#1238,#1239,#695,.T.);
#1558=EDGE_CURVE('',#1238,#1237,#82,.T.);
#1559=EDGE_CURVE('',#1236,#1239,#83,.T.);
#1560=EDGE_CURVE('',#1240,#1241,#696,.T.);
#1561=EDGE_CURVE('',#1240,#1238,#697,.T.);
#1562=EDGE_CURVE('',#1239,#1241,#698,.T.);
#1563=EDGE_CURVE('',#1242,#1243,#699,.T.);
#1564=EDGE_CURVE('',#1242,#1240,#84,.T.);
#1565=EDGE_CURVE('',#1241,#1243,#85,.T.);
#1566=EDGE_CURVE('',#1243,#1244,#700,.T.);
#1567=EDGE_CURVE('',#1245,#1244,#701,.T.);
#1568=EDGE_CURVE('',#1245,#1242,#702,.T.);
#1569=EDGE_CURVE('',#1246,#1247,#703,.T.);
#1570=EDGE_CURVE('',#1246,#1245,#86,.T.);
#1571=EDGE_CURVE('',#1244,#1247,#87,.T.);
#1572=EDGE_CURVE('',#1248,#1249,#704,.T.);
#1573=EDGE_CURVE('',#1248,#1246,#705,.T.);
#1574=EDGE_CURVE('',#1247,#1249,#706,.T.);
#1575=EDGE_CURVE('',#1250,#1251,#707,.T.);
#1576=EDGE_CURVE('',#1250,#1248,#88,.T.);
#1577=EDGE_CURVE('',#1249,#1251,#89,.T.);
#1578=EDGE_CURVE('',#1251,#1252,#708,.T.);
#1579=EDGE_CURVE('',#1253,#1252,#709,.T.);
#1580=EDGE_CURVE('',#1253,#1250,#710,.T.);
#1581=EDGE_CURVE('',#1254,#1255,#711,.T.);
#1582=EDGE_CURVE('',#1254,#1253,#90,.T.);
#1583=EDGE_CURVE('',#1252,#1255,#91,.T.);
#1584=EDGE_CURVE('',#1072,#1193,#712,.T.);
#1585=EDGE_CURVE('',#1256,#1257,#713,.T.);
#1586=EDGE_CURVE('',#1256,#1231,#714,.T.);
#1587=EDGE_CURVE('',#1257,#1233,#715,.T.);
#1588=EDGE_CURVE('',#1257,#1258,#92,.T.);
#1589=EDGE_CURVE('',#1234,#1258,#716,.T.);
#1590=EDGE_CURVE('',#1258,#1259,#717,.T.);
#1591=EDGE_CURVE('',#1259,#1237,#718,.T.);
#1592=EDGE_CURVE('',#1259,#1260,#93,.T.);
#1593=EDGE_CURVE('',#1238,#1260,#719,.T.);
#1594=EDGE_CURVE('',#1260,#1261,#720,.T.);
#1595=EDGE_CURVE('',#1261,#1240,#721,.T.);
#1596=EDGE_CURVE('',#1261,#1262,#94,.T.);
#1597=EDGE_CURVE('',#1242,#1262,#722,.T.);
#1598=EDGE_CURVE('',#1262,#1199,#723,.T.);
#1599=EDGE_CURVE('',#1262,#1185,#724,.T.);
#1600=EDGE_CURVE('',#1261,#1205,#725,.T.);
#1601=EDGE_CURVE('',#1260,#1204,#726,.T.);
#1602=EDGE_CURVE('',#1259,#1203,#727,.T.);
#1603=EDGE_CURVE('',#1258,#1202,#728,.T.);
#1604=EDGE_CURVE('',#1257,#1201,#729,.T.);
#1605=EDGE_CURVE('',#1188,#1256,#730,.T.);
#1606=EDGE_CURVE('',#1200,#1256,#731,.T.);
#1607=EDGE_CURVE('',#1192,#1263,#732,.T.);
#1608=EDGE_CURVE('',#1263,#1245,#733,.T.);
#1609=EDGE_CURVE('',#1263,#1264,#95,.T.);
#1610=EDGE_CURVE('',#1246,#1264,#734,.T.);
#1611=EDGE_CURVE('',#1264,#1265,#735,.T.);
#1612=EDGE_CURVE('',#1265,#1248,#736,.T.);
#1613=EDGE_CURVE('',#1265,#1266,#96,.T.);
#1614=EDGE_CURVE('',#1250,#1266,#737,.T.);
#1615=EDGE_CURVE('',#1266,#1267,#738,.T.);
#1616=EDGE_CURVE('',#1267,#1253,#739,.T.);
#1617=EDGE_CURVE('',#1267,#1268,#97,.T.);
#1618=EDGE_CURVE('',#1254,#1268,#740,.T.);
#1619=EDGE_CURVE('',#1179,#1263,#741,.T.);
#1620=EDGE_CURVE('',#1180,#1264,#742,.T.);
#1621=EDGE_CURVE('',#1181,#1265,#743,.T.);
#1622=EDGE_CURVE('',#1182,#1266,#744,.T.);
#1623=EDGE_CURVE('',#1183,#1267,#745,.T.);
#1624=EDGE_CURVE('',#1184,#1268,#746,.T.);
#1625=EDGE_CURVE('',#1231,#1083,#747,.T.);
#1626=EDGE_CURVE('',#1084,#1230,#748,.T.);
#1627=EDGE_CURVE('',#1268,#1108,#749,.T.);
#1628=EDGE_CURVE('',#1089,#1254,#750,.T.);
#1629=EDGE_CURVE('',#1255,#1090,#751,.T.);
#1630=ORIENTED_EDGE('',*,*,#1269,.T.);
#1631=ORIENTED_EDGE('',*,*,#1270,.T.);
#1632=ORIENTED_EDGE('',*,*,#1271,.T.);
#1633=ORIENTED_EDGE('',*,*,#1272,.T.);
#1634=ORIENTED_EDGE('',*,*,#1273,.T.);
#1635=ORIENTED_EDGE('',*,*,#1272,.F.);
#1636=ORIENTED_EDGE('',*,*,#1274,.F.);
#1637=ORIENTED_EDGE('',*,*,#1275,.F.);
#1638=ORIENTED_EDGE('',*,*,#1276,.F.);
#1639=ORIENTED_EDGE('',*,*,#1277,.F.);
#1640=ORIENTED_EDGE('',*,*,#1278,.F.);
#1641=ORIENTED_EDGE('',*,*,#1279,.F.);
#1642=ORIENTED_EDGE('',*,*,#1280,.T.);
#1643=ORIENTED_EDGE('',*,*,#1281,.T.);
#1644=ORIENTED_EDGE('',*,*,#1278,.T.);
#1645=ORIENTED_EDGE('',*,*,#1274,.T.);
#1646=ORIENTED_EDGE('',*,*,#1282,.T.);
#1647=ORIENTED_EDGE('',*,*,#1283,.T.);
#1648=ORIENTED_EDGE('',*,*,#1279,.T.);
#1649=ORIENTED_EDGE('',*,*,#1284,.T.);
#1650=ORIENTED_EDGE('',*,*,#1285,.F.);
#1651=ORIENTED_EDGE('',*,*,#1286,.F.);
#1652=ORIENTED_EDGE('',*,*,#1287,.F.);
#1653=ORIENTED_EDGE('',*,*,#1288,.F.);
#1654=ORIENTED_EDGE('',*,*,#1273,.F.);
#1655=ORIENTED_EDGE('',*,*,#1276,.T.);
#1656=ORIENTED_EDGE('',*,*,#1286,.T.);
#1657=ORIENTED_EDGE('',*,*,#1289,.T.);
#1658=ORIENTED_EDGE('',*,*,#1277,.T.);
#1659=ORIENTED_EDGE('',*,*,#1290,.T.);
#1660=ORIENTED_EDGE('',*,*,#1287,.T.);
#1661=ORIENTED_EDGE('',*,*,#1275,.T.);
#1662=ORIENTED_EDGE('',*,*,#1291,.F.);
#1663=ORIENTED_EDGE('',*,*,#1292,.F.);
#1664=ORIENTED_EDGE('',*,*,#1293,.F.);
#1665=ORIENTED_EDGE('',*,*,#1285,.T.);
#1666=ORIENTED_EDGE('',*,*,#1294,.T.);
#1667=ORIENTED_EDGE('',*,*,#1292,.T.);
#1668=ORIENTED_EDGE('',*,*,#1295,.T.);
#1669=ORIENTED_EDGE('',*,*,#1296,.T.);
#1670=ORIENTED_EDGE('',*,*,#1297,.T.);
#1671=ORIENTED_EDGE('',*,*,#1293,.T.);
#1672=ORIENTED_EDGE('',*,*,#1298,.T.);
#1673=ORIENTED_EDGE('',*,*,#1299,.T.);
#1674=ORIENTED_EDGE('',*,*,#1300,.T.);
#1675=ORIENTED_EDGE('',*,*,#1296,.F.);
#1676=ORIENTED_EDGE('',*,*,#1301,.T.);
#1677=ORIENTED_EDGE('',*,*,#1302,.T.);
#1678=ORIENTED_EDGE('',*,*,#1303,.T.);
#1679=ORIENTED_EDGE('',*,*,#1299,.F.);
#1680=ORIENTED_EDGE('',*,*,#1304,.T.);
#1681=ORIENTED_EDGE('',*,*,#1305,.F.);
#1682=ORIENTED_EDGE('',*,*,#1306,.F.);
#1683=ORIENTED_EDGE('',*,*,#1307,.F.);
#1684=ORIENTED_EDGE('',*,*,#1308,.T.);
#1685=ORIENTED_EDGE('',*,*,#1309,.T.);
#1686=ORIENTED_EDGE('',*,*,#1306,.T.);
#1687=ORIENTED_EDGE('',*,*,#1310,.T.);
#1688=ORIENTED_EDGE('',*,*,#1308,.F.);
#1689=ORIENTED_EDGE('',*,*,#1311,.T.);
#1690=ORIENTED_EDGE('',*,*,#1312,.T.);
#1691=ORIENTED_EDGE('',*,*,#1313,.T.);
#1692=ORIENTED_EDGE('',*,*,#1314,.T.);
#1693=ORIENTED_EDGE('',*,*,#1315,.T.);
#1694=ORIENTED_EDGE('',*,*,#1312,.F.);
#1695=ORIENTED_EDGE('',*,*,#1316,.T.);
#1696=ORIENTED_EDGE('',*,*,#1291,.T.);
#1697=ORIENTED_EDGE('',*,*,#1317,.T.);
#1698=ORIENTED_EDGE('',*,*,#1305,.T.);
#1699=ORIENTED_EDGE('',*,*,#1318,.T.);
#1700=ORIENTED_EDGE('',*,*,#1304,.F.);
#1701=ORIENTED_EDGE('',*,*,#1301,.F.);
#1702=ORIENTED_EDGE('',*,*,#1298,.F.);
#1703=ORIENTED_EDGE('',*,*,#1294,.F.);
#1704=ORIENTED_EDGE('',*,*,#1290,.F.);
#1705=ORIENTED_EDGE('',*,*,#1283,.F.);
#1706=ORIENTED_EDGE('',*,*,#1319,.F.);
#1707=ORIENTED_EDGE('',*,*,#1284,.F.);
#1708=ORIENTED_EDGE('',*,*,#1281,.F.);
#1709=ORIENTED_EDGE('',*,*,#1320,.F.);
#1710=ORIENTED_EDGE('',*,*,#1321,.T.);
#1711=ORIENTED_EDGE('',*,*,#1322,.T.);
#1712=ORIENTED_EDGE('',*,*,#1323,.T.);
#1713=ORIENTED_EDGE('',*,*,#1324,.T.);
#1714=ORIENTED_EDGE('',*,*,#1325,.T.);
#1715=ORIENTED_EDGE('',*,*,#1326,.T.);
#1716=ORIENTED_EDGE('',*,*,#1327,.T.);
#1717=ORIENTED_EDGE('',*,*,#1328,.T.);
#1718=ORIENTED_EDGE('',*,*,#1329,.T.);
#1719=ORIENTED_EDGE('',*,*,#1330,.T.);
#1720=ORIENTED_EDGE('',*,*,#1329,.F.);
#1721=ORIENTED_EDGE('',*,*,#1331,.T.);
#1722=ORIENTED_EDGE('',*,*,#1332,.T.);
#1723=ORIENTED_EDGE('',*,*,#1333,.T.);
#1724=ORIENTED_EDGE('',*,*,#1334,.T.);
#1725=ORIENTED_EDGE('',*,*,#1332,.F.);
#1726=ORIENTED_EDGE('',*,*,#1335,.T.);
#1727=ORIENTED_EDGE('',*,*,#1326,.F.);
#1728=ORIENTED_EDGE('',*,*,#1323,.F.);
#1729=ORIENTED_EDGE('',*,*,#1336,.T.);
#1730=ORIENTED_EDGE('',*,*,#1337,.F.);
#1731=ORIENTED_EDGE('',*,*,#1322,.F.);
#1732=ORIENTED_EDGE('',*,*,#1303,.F.);
#1733=ORIENTED_EDGE('',*,*,#1336,.F.);
#1734=ORIENTED_EDGE('',*,*,#1335,.F.);
#1735=ORIENTED_EDGE('',*,*,#1338,.F.);
#1736=ORIENTED_EDGE('',*,*,#1300,.F.);
#1737=ORIENTED_EDGE('',*,*,#1338,.T.);
#1738=ORIENTED_EDGE('',*,*,#1331,.F.);
#1739=ORIENTED_EDGE('',*,*,#1339,.T.);
#1740=ORIENTED_EDGE('',*,*,#1297,.F.);
#1741=ORIENTED_EDGE('',*,*,#1339,.F.);
#1742=ORIENTED_EDGE('',*,*,#1328,.F.);
#1743=ORIENTED_EDGE('',*,*,#1340,.T.);
#1744=ORIENTED_EDGE('',*,*,#1341,.F.);
#1745=ORIENTED_EDGE('',*,*,#1342,.F.);
#1746=ORIENTED_EDGE('',*,*,#1310,.F.);
#1747=ORIENTED_EDGE('',*,*,#1317,.F.);
#1748=ORIENTED_EDGE('',*,*,#1343,.T.);
#1749=ORIENTED_EDGE('',*,*,#1344,.T.);
#1750=ORIENTED_EDGE('',*,*,#1345,.T.);
#1751=ORIENTED_EDGE('',*,*,#1341,.T.);
#1752=ORIENTED_EDGE('',*,*,#1346,.T.);
#1753=ORIENTED_EDGE('',*,*,#1347,.T.);
#1754=ORIENTED_EDGE('',*,*,#1345,.F.);
#1755=ORIENTED_EDGE('',*,*,#1348,.T.);
#1756=ORIENTED_EDGE('',*,*,#1349,.T.);
#1757=ORIENTED_EDGE('',*,*,#1346,.F.);
#1758=ORIENTED_EDGE('',*,*,#1350,.T.);
#1759=ORIENTED_EDGE('',*,*,#1351,.T.);
#1760=ORIENTED_EDGE('',*,*,#1311,.F.);
#1761=ORIENTED_EDGE('',*,*,#1342,.T.);
#1762=ORIENTED_EDGE('',*,*,#1347,.F.);
#1763=ORIENTED_EDGE('',*,*,#1352,.T.);
#1764=ORIENTED_EDGE('',*,*,#1316,.F.);
#1765=ORIENTED_EDGE('',*,*,#1352,.F.);
#1766=ORIENTED_EDGE('',*,*,#1349,.F.);
#1767=ORIENTED_EDGE('',*,*,#1353,.T.);
#1768=ORIENTED_EDGE('',*,*,#1302,.F.);
#1769=ORIENTED_EDGE('',*,*,#1319,.T.);
#1770=ORIENTED_EDGE('',*,*,#1282,.F.);
#1771=ORIENTED_EDGE('',*,*,#1337,.T.);
#1772=ORIENTED_EDGE('',*,*,#1354,.T.);
#1773=ORIENTED_EDGE('',*,*,#1320,.T.);
#1774=ORIENTED_EDGE('',*,*,#1280,.F.);
#1775=ORIENTED_EDGE('',*,*,#1271,.F.);
#1776=ORIENTED_EDGE('',*,*,#1355,.T.);
#1777=ORIENTED_EDGE('',*,*,#1325,.F.);
#1778=ORIENTED_EDGE('',*,*,#1356,.T.);
#1779=ORIENTED_EDGE('',*,*,#1357,.T.);
#1780=ORIENTED_EDGE('',*,*,#1330,.F.);
#1781=ORIENTED_EDGE('',*,*,#1333,.F.);
#1782=ORIENTED_EDGE('',*,*,#1334,.F.);
#1783=ORIENTED_EDGE('',*,*,#1340,.F.);
#1784=ORIENTED_EDGE('',*,*,#1327,.F.);
#1785=ORIENTED_EDGE('',*,*,#1357,.F.);
#1786=ORIENTED_EDGE('',*,*,#1358,.F.);
#1787=ORIENTED_EDGE('',*,*,#1359,.F.);
#1788=ORIENTED_EDGE('',*,*,#1343,.F.);
#1789=ORIENTED_EDGE('',*,*,#1360,.F.);
#1790=ORIENTED_EDGE('',*,*,#1358,.T.);
#1791=ORIENTED_EDGE('',*,*,#1356,.F.);
#1792=ORIENTED_EDGE('',*,*,#1324,.F.);
#1793=ORIENTED_EDGE('',*,*,#1321,.F.);
#1794=ORIENTED_EDGE('',*,*,#1354,.F.);
#1795=ORIENTED_EDGE('',*,*,#1361,.F.);
#1796=ORIENTED_EDGE('',*,*,#1362,.F.);
#1797=ORIENTED_EDGE('',*,*,#1363,.F.);
#1798=ORIENTED_EDGE('',*,*,#1364,.F.);
#1799=ORIENTED_EDGE('',*,*,#1365,.F.);
#1800=ORIENTED_EDGE('',*,*,#1366,.F.);
#1801=ORIENTED_EDGE('',*,*,#1367,.F.);
#1802=ORIENTED_EDGE('',*,*,#1368,.F.);
#1803=ORIENTED_EDGE('',*,*,#1369,.F.);
#1804=ORIENTED_EDGE('',*,*,#1370,.T.);
#1805=ORIENTED_EDGE('',*,*,#1365,.T.);
#1806=ORIENTED_EDGE('',*,*,#1371,.F.);
#1807=ORIENTED_EDGE('',*,*,#1372,.F.);
#1808=ORIENTED_EDGE('',*,*,#1373,.T.);
#1809=ORIENTED_EDGE('',*,*,#1366,.T.);
#1810=ORIENTED_EDGE('',*,*,#1370,.F.);
#1811=ORIENTED_EDGE('',*,*,#1374,.F.);
#1812=ORIENTED_EDGE('',*,*,#1375,.F.);
#1813=ORIENTED_EDGE('',*,*,#1376,.F.);
#1814=ORIENTED_EDGE('',*,*,#1377,.F.);
#1815=ORIENTED_EDGE('',*,*,#1378,.F.);
#1816=ORIENTED_EDGE('',*,*,#1379,.T.);
#1817=ORIENTED_EDGE('',*,*,#1374,.T.);
#1818=ORIENTED_EDGE('',*,*,#1380,.F.);
#1819=ORIENTED_EDGE('',*,*,#1381,.F.);
#1820=ORIENTED_EDGE('',*,*,#1382,.T.);
#1821=ORIENTED_EDGE('',*,*,#1375,.T.);
#1822=ORIENTED_EDGE('',*,*,#1379,.F.);
#1823=ORIENTED_EDGE('',*,*,#1383,.F.);
#1824=ORIENTED_EDGE('',*,*,#1384,.F.);
#1825=ORIENTED_EDGE('',*,*,#1385,.F.);
#1826=ORIENTED_EDGE('',*,*,#1386,.F.);
#1827=ORIENTED_EDGE('',*,*,#1387,.F.);
#1828=ORIENTED_EDGE('',*,*,#1388,.T.);
#1829=ORIENTED_EDGE('',*,*,#1383,.T.);
#1830=ORIENTED_EDGE('',*,*,#1389,.F.);
#1831=ORIENTED_EDGE('',*,*,#1390,.F.);
#1832=ORIENTED_EDGE('',*,*,#1391,.T.);
#1833=ORIENTED_EDGE('',*,*,#1384,.T.);
#1834=ORIENTED_EDGE('',*,*,#1388,.F.);
#1835=ORIENTED_EDGE('',*,*,#1392,.F.);
#1836=ORIENTED_EDGE('',*,*,#1371,.T.);
#1837=ORIENTED_EDGE('',*,*,#1368,.T.);
#1838=ORIENTED_EDGE('',*,*,#1393,.F.);
#1839=ORIENTED_EDGE('',*,*,#1394,.F.);
#1840=ORIENTED_EDGE('',*,*,#1393,.T.);
#1841=ORIENTED_EDGE('',*,*,#1367,.T.);
#1842=ORIENTED_EDGE('',*,*,#1373,.F.);
#1843=ORIENTED_EDGE('',*,*,#1395,.T.);
#1844=ORIENTED_EDGE('',*,*,#1396,.F.);
#1845=ORIENTED_EDGE('',*,*,#1369,.T.);
#1846=ORIENTED_EDGE('',*,*,#1397,.F.);
#1847=ORIENTED_EDGE('',*,*,#1396,.T.);
#1848=ORIENTED_EDGE('',*,*,#1398,.T.);
#1849=ORIENTED_EDGE('',*,*,#1399,.F.);
#1850=ORIENTED_EDGE('',*,*,#1372,.T.);
#1851=ORIENTED_EDGE('',*,*,#1394,.T.);
#1852=ORIENTED_EDGE('',*,*,#1399,.T.);
#1853=ORIENTED_EDGE('',*,*,#1400,.T.);
#1854=ORIENTED_EDGE('',*,*,#1401,.T.);
#1855=ORIENTED_EDGE('',*,*,#1402,.T.);
#1856=ORIENTED_EDGE('',*,*,#1397,.T.);
#1857=ORIENTED_EDGE('',*,*,#1392,.T.);
#1858=ORIENTED_EDGE('',*,*,#1401,.F.);
#1859=ORIENTED_EDGE('',*,*,#1403,.F.);
#1860=ORIENTED_EDGE('',*,*,#1380,.T.);
#1861=ORIENTED_EDGE('',*,*,#1377,.T.);
#1862=ORIENTED_EDGE('',*,*,#1404,.F.);
#1863=ORIENTED_EDGE('',*,*,#1405,.F.);
#1864=ORIENTED_EDGE('',*,*,#1404,.T.);
#1865=ORIENTED_EDGE('',*,*,#1376,.T.);
#1866=ORIENTED_EDGE('',*,*,#1382,.F.);
#1867=ORIENTED_EDGE('',*,*,#1406,.T.);
#1868=ORIENTED_EDGE('',*,*,#1407,.F.);
#1869=ORIENTED_EDGE('',*,*,#1378,.T.);
#1870=ORIENTED_EDGE('',*,*,#1408,.F.);
#1871=ORIENTED_EDGE('',*,*,#1407,.T.);
#1872=ORIENTED_EDGE('',*,*,#1409,.T.);
#1873=ORIENTED_EDGE('',*,*,#1410,.F.);
#1874=ORIENTED_EDGE('',*,*,#1381,.T.);
#1875=ORIENTED_EDGE('',*,*,#1405,.T.);
#1876=ORIENTED_EDGE('',*,*,#1410,.T.);
#1877=ORIENTED_EDGE('',*,*,#1411,.T.);
#1878=ORIENTED_EDGE('',*,*,#1412,.T.);
#1879=ORIENTED_EDGE('',*,*,#1413,.T.);
#1880=ORIENTED_EDGE('',*,*,#1408,.T.);
#1881=ORIENTED_EDGE('',*,*,#1403,.T.);
#1882=ORIENTED_EDGE('',*,*,#1412,.F.);
#1883=ORIENTED_EDGE('',*,*,#1414,.F.);
#1884=ORIENTED_EDGE('',*,*,#1389,.T.);
#1885=ORIENTED_EDGE('',*,*,#1386,.T.);
#1886=ORIENTED_EDGE('',*,*,#1415,.F.);
#1887=ORIENTED_EDGE('',*,*,#1416,.F.);
#1888=ORIENTED_EDGE('',*,*,#1415,.T.);
#1889=ORIENTED_EDGE('',*,*,#1385,.T.);
#1890=ORIENTED_EDGE('',*,*,#1391,.F.);
#1891=ORIENTED_EDGE('',*,*,#1417,.T.);
#1892=ORIENTED_EDGE('',*,*,#1418,.F.);
#1893=ORIENTED_EDGE('',*,*,#1387,.T.);
#1894=ORIENTED_EDGE('',*,*,#1419,.F.);
#1895=ORIENTED_EDGE('',*,*,#1418,.T.);
#1896=ORIENTED_EDGE('',*,*,#1420,.T.);
#1897=ORIENTED_EDGE('',*,*,#1421,.F.);
#1898=ORIENTED_EDGE('',*,*,#1390,.T.);
#1899=ORIENTED_EDGE('',*,*,#1416,.T.);
#1900=ORIENTED_EDGE('',*,*,#1421,.T.);
#1901=ORIENTED_EDGE('',*,*,#1422,.T.);
#1902=ORIENTED_EDGE('',*,*,#1423,.T.);
#1903=ORIENTED_EDGE('',*,*,#1424,.T.);
#1904=ORIENTED_EDGE('',*,*,#1419,.T.);
#1905=ORIENTED_EDGE('',*,*,#1414,.T.);
#1906=ORIENTED_EDGE('',*,*,#1423,.F.);
#1907=ORIENTED_EDGE('',*,*,#1425,.F.);
#1908=ORIENTED_EDGE('',*,*,#1426,.T.);
#1909=ORIENTED_EDGE('',*,*,#1427,.T.);
#1910=ORIENTED_EDGE('',*,*,#1428,.F.);
#1911=ORIENTED_EDGE('',*,*,#1429,.F.);
#1912=ORIENTED_EDGE('',*,*,#1430,.T.);
#1913=ORIENTED_EDGE('',*,*,#1431,.T.);
#1914=ORIENTED_EDGE('',*,*,#1426,.F.);
#1915=ORIENTED_EDGE('',*,*,#1432,.F.);
#1916=ORIENTED_EDGE('',*,*,#1433,.T.);
#1917=ORIENTED_EDGE('',*,*,#1434,.T.);
#1918=ORIENTED_EDGE('',*,*,#1435,.F.);
#1919=ORIENTED_EDGE('',*,*,#1436,.F.);
#1920=ORIENTED_EDGE('',*,*,#1437,.T.);
#1921=ORIENTED_EDGE('',*,*,#1438,.T.);
#1922=ORIENTED_EDGE('',*,*,#1433,.F.);
#1923=ORIENTED_EDGE('',*,*,#1439,.F.);
#1924=ORIENTED_EDGE('',*,*,#1435,.T.);
#1925=ORIENTED_EDGE('',*,*,#1440,.T.);
#1926=ORIENTED_EDGE('',*,*,#1441,.F.);
#1927=ORIENTED_EDGE('',*,*,#1442,.F.);
#1928=ORIENTED_EDGE('',*,*,#1441,.T.);
#1929=ORIENTED_EDGE('',*,*,#1443,.T.);
#1930=ORIENTED_EDGE('',*,*,#1437,.F.);
#1931=ORIENTED_EDGE('',*,*,#1444,.T.);
#1932=ORIENTED_EDGE('',*,*,#1445,.F.);
#1933=ORIENTED_EDGE('',*,*,#1432,.T.);
#1934=ORIENTED_EDGE('',*,*,#1446,.F.);
#1935=ORIENTED_EDGE('',*,*,#1447,.T.);
#1936=ORIENTED_EDGE('',*,*,#1448,.F.);
#1937=ORIENTED_EDGE('',*,*,#1436,.T.);
#1938=ORIENTED_EDGE('',*,*,#1445,.T.);
#1939=ORIENTED_EDGE('',*,*,#1448,.T.);
#1940=ORIENTED_EDGE('',*,*,#1449,.T.);
#1941=ORIENTED_EDGE('',*,*,#1450,.F.);
#1942=ORIENTED_EDGE('',*,*,#1442,.T.);
#1943=ORIENTED_EDGE('',*,*,#1439,.T.);
#1944=ORIENTED_EDGE('',*,*,#1450,.T.);
#1945=ORIENTED_EDGE('',*,*,#1451,.T.);
#1946=ORIENTED_EDGE('',*,*,#1446,.T.);
#1947=ORIENTED_EDGE('',*,*,#1452,.F.);
#1948=ORIENTED_EDGE('',*,*,#1428,.T.);
#1949=ORIENTED_EDGE('',*,*,#1453,.T.);
#1950=ORIENTED_EDGE('',*,*,#1454,.F.);
#1951=ORIENTED_EDGE('',*,*,#1455,.F.);
#1952=ORIENTED_EDGE('',*,*,#1454,.T.);
#1953=ORIENTED_EDGE('',*,*,#1456,.T.);
#1954=ORIENTED_EDGE('',*,*,#1430,.F.);
#1955=ORIENTED_EDGE('',*,*,#1457,.T.);
#1956=ORIENTED_EDGE('',*,*,#1458,.F.);
#1957=ORIENTED_EDGE('',*,*,#1425,.T.);
#1958=ORIENTED_EDGE('',*,*,#1459,.F.);
#1959=ORIENTED_EDGE('',*,*,#1460,.T.);
#1960=ORIENTED_EDGE('',*,*,#1461,.F.);
#1961=ORIENTED_EDGE('',*,*,#1429,.T.);
#1962=ORIENTED_EDGE('',*,*,#1458,.T.);
#1963=ORIENTED_EDGE('',*,*,#1461,.T.);
#1964=ORIENTED_EDGE('',*,*,#1462,.T.);
#1965=ORIENTED_EDGE('',*,*,#1463,.F.);
#1966=ORIENTED_EDGE('',*,*,#1455,.T.);
#1967=ORIENTED_EDGE('',*,*,#1452,.T.);
#1968=ORIENTED_EDGE('',*,*,#1463,.T.);
#1969=ORIENTED_EDGE('',*,*,#1464,.T.);
#1970=ORIENTED_EDGE('',*,*,#1459,.T.);
#1971=ORIENTED_EDGE('',*,*,#1465,.F.);
#1972=ORIENTED_EDGE('',*,*,#1466,.T.);
#1973=ORIENTED_EDGE('',*,*,#1467,.F.);
#1974=ORIENTED_EDGE('',*,*,#1468,.F.);
#1975=ORIENTED_EDGE('',*,*,#1469,.F.);
#1976=ORIENTED_EDGE('',*,*,#1470,.F.);
#1977=ORIENTED_EDGE('',*,*,#1471,.F.);
#1978=ORIENTED_EDGE('',*,*,#1472,.F.);
#1979=ORIENTED_EDGE('',*,*,#1473,.F.);
#1980=ORIENTED_EDGE('',*,*,#1350,.F.);
#1981=ORIENTED_EDGE('',*,*,#1348,.F.);
#1982=ORIENTED_EDGE('',*,*,#1344,.F.);
#1983=ORIENTED_EDGE('',*,*,#1359,.T.);
#1984=ORIENTED_EDGE('',*,*,#1360,.T.);
#1985=ORIENTED_EDGE('',*,*,#1355,.F.);
#1986=ORIENTED_EDGE('',*,*,#1270,.F.);
#1987=ORIENTED_EDGE('',*,*,#1474,.T.);
#1988=ORIENTED_EDGE('',*,*,#1475,.F.);
#1989=ORIENTED_EDGE('',*,*,#1476,.F.);
#1990=ORIENTED_EDGE('',*,*,#1477,.F.);
#1991=ORIENTED_EDGE('',*,*,#1478,.F.);
#1992=ORIENTED_EDGE('',*,*,#1479,.F.);
#1993=ORIENTED_EDGE('',*,*,#1480,.T.);
#1994=ORIENTED_EDGE('',*,*,#1481,.F.);
#1995=ORIENTED_EDGE('',*,*,#1466,.F.);
#1996=ORIENTED_EDGE('',*,*,#1482,.F.);
#1997=ORIENTED_EDGE('',*,*,#1483,.F.);
#1998=ORIENTED_EDGE('',*,*,#1484,.T.);
#1999=ORIENTED_EDGE('',*,*,#1485,.F.);
#2000=ORIENTED_EDGE('',*,*,#1486,.F.);
#2001=ORIENTED_EDGE('',*,*,#1487,.F.);
#2002=ORIENTED_EDGE('',*,*,#1488,.T.);
#2003=ORIENTED_EDGE('',*,*,#1489,.F.);
#2004=ORIENTED_EDGE('',*,*,#1478,.T.);
#2005=ORIENTED_EDGE('',*,*,#1490,.F.);
#2006=ORIENTED_EDGE('',*,*,#1491,.F.);
#2007=ORIENTED_EDGE('',*,*,#1492,.F.);
#2008=ORIENTED_EDGE('',*,*,#1493,.F.);
#2009=ORIENTED_EDGE('',*,*,#1494,.F.);
#2010=ORIENTED_EDGE('',*,*,#1495,.F.);
#2011=ORIENTED_EDGE('',*,*,#1496,.F.);
#2012=ORIENTED_EDGE('',*,*,#1434,.F.);
#2013=ORIENTED_EDGE('',*,*,#1438,.F.);
#2014=ORIENTED_EDGE('',*,*,#1443,.F.);
#2015=ORIENTED_EDGE('',*,*,#1440,.F.);
#2016=ORIENTED_EDGE('',*,*,#1497,.F.);
#2017=ORIENTED_EDGE('',*,*,#1498,.F.);
#2018=ORIENTED_EDGE('',*,*,#1499,.F.);
#2019=ORIENTED_EDGE('',*,*,#1500,.F.);
#2020=ORIENTED_EDGE('',*,*,#1501,.F.);
#2021=ORIENTED_EDGE('',*,*,#1364,.T.);
#2022=ORIENTED_EDGE('',*,*,#1502,.F.);
#2023=ORIENTED_EDGE('',*,*,#1503,.F.);
#2024=ORIENTED_EDGE('',*,*,#1500,.T.);
#2025=ORIENTED_EDGE('',*,*,#1504,.F.);
#2026=ORIENTED_EDGE('',*,*,#1505,.T.);
#2027=ORIENTED_EDGE('',*,*,#1506,.F.);
#2028=ORIENTED_EDGE('',*,*,#1507,.F.);
#2029=ORIENTED_EDGE('',*,*,#1363,.T.);
#2030=ORIENTED_EDGE('',*,*,#1504,.T.);
#2031=ORIENTED_EDGE('',*,*,#1499,.T.);
#2032=ORIENTED_EDGE('',*,*,#1502,.T.);
#2033=ORIENTED_EDGE('',*,*,#1507,.T.);
#2034=ORIENTED_EDGE('',*,*,#1498,.T.);
#2035=ORIENTED_EDGE('',*,*,#1508,.F.);
#2036=ORIENTED_EDGE('',*,*,#1497,.T.);
#2037=ORIENTED_EDGE('',*,*,#1506,.T.);
#2038=ORIENTED_EDGE('',*,*,#1509,.T.);
#2039=ORIENTED_EDGE('',*,*,#1508,.T.);
#2040=ORIENTED_EDGE('',*,*,#1510,.F.);
#2041=ORIENTED_EDGE('',*,*,#1503,.T.);
#2042=ORIENTED_EDGE('',*,*,#1509,.F.);
#2043=ORIENTED_EDGE('',*,*,#1511,.F.);
#2044=ORIENTED_EDGE('',*,*,#1512,.F.);
#2045=ORIENTED_EDGE('',*,*,#1511,.T.);
#2046=ORIENTED_EDGE('',*,*,#1505,.F.);
#2047=ORIENTED_EDGE('',*,*,#1362,.T.);
#2048=ORIENTED_EDGE('',*,*,#1513,.T.);
#2049=ORIENTED_EDGE('',*,*,#1514,.F.);
#2050=ORIENTED_EDGE('',*,*,#1501,.T.);
#2051=ORIENTED_EDGE('',*,*,#1515,.F.);
#2052=ORIENTED_EDGE('',*,*,#1514,.T.);
#2053=ORIENTED_EDGE('',*,*,#1516,.T.);
#2054=ORIENTED_EDGE('',*,*,#1517,.F.);
#2055=ORIENTED_EDGE('',*,*,#1361,.T.);
#2056=ORIENTED_EDGE('',*,*,#1512,.T.);
#2057=ORIENTED_EDGE('',*,*,#1517,.T.);
#2058=ORIENTED_EDGE('',*,*,#1518,.T.);
#2059=ORIENTED_EDGE('',*,*,#1519,.F.);
#2060=ORIENTED_EDGE('',*,*,#1520,.T.);
#2061=ORIENTED_EDGE('',*,*,#1515,.T.);
#2062=ORIENTED_EDGE('',*,*,#1510,.T.);
#2063=ORIENTED_EDGE('',*,*,#1519,.T.);
#2064=ORIENTED_EDGE('',*,*,#1521,.T.);
#2065=ORIENTED_EDGE('',*,*,#1484,.F.);
#2066=ORIENTED_EDGE('',*,*,#1522,.F.);
#2067=ORIENTED_EDGE('',*,*,#1475,.T.);
#2068=ORIENTED_EDGE('',*,*,#1520,.F.);
#2069=ORIENTED_EDGE('',*,*,#1518,.F.);
#2070=ORIENTED_EDGE('',*,*,#1516,.F.);
#2071=ORIENTED_EDGE('',*,*,#1513,.F.);
#2072=ORIENTED_EDGE('',*,*,#1523,.F.);
#2073=ORIENTED_EDGE('',*,*,#1524,.F.);
#2074=ORIENTED_EDGE('',*,*,#1525,.F.);
#2075=ORIENTED_EDGE('',*,*,#1526,.F.);
#2076=ORIENTED_EDGE('',*,*,#1527,.F.);
#2077=ORIENTED_EDGE('',*,*,#1488,.F.);
#2078=ORIENTED_EDGE('',*,*,#1528,.F.);
#2079=ORIENTED_EDGE('',*,*,#1529,.T.);
#2080=ORIENTED_EDGE('',*,*,#1526,.T.);
#2081=ORIENTED_EDGE('',*,*,#1530,.F.);
#2082=ORIENTED_EDGE('',*,*,#1531,.T.);
#2083=ORIENTED_EDGE('',*,*,#1532,.F.);
#2084=ORIENTED_EDGE('',*,*,#1530,.T.);
#2085=ORIENTED_EDGE('',*,*,#1525,.T.);
#2086=ORIENTED_EDGE('',*,*,#1533,.F.);
#2087=ORIENTED_EDGE('',*,*,#1487,.T.);
#2088=ORIENTED_EDGE('',*,*,#1528,.T.);
#2089=ORIENTED_EDGE('',*,*,#1533,.T.);
#2090=ORIENTED_EDGE('',*,*,#1524,.T.);
#2091=ORIENTED_EDGE('',*,*,#1534,.F.);
#2092=ORIENTED_EDGE('',*,*,#1523,.T.);
#2093=ORIENTED_EDGE('',*,*,#1532,.T.);
#2094=ORIENTED_EDGE('',*,*,#1535,.T.);
#2095=ORIENTED_EDGE('',*,*,#1534,.T.);
#2096=ORIENTED_EDGE('',*,*,#1427,.F.);
#2097=ORIENTED_EDGE('',*,*,#1431,.F.);
#2098=ORIENTED_EDGE('',*,*,#1456,.F.);
#2099=ORIENTED_EDGE('',*,*,#1453,.F.);
#2100=ORIENTED_EDGE('',*,*,#1536,.F.);
#2101=ORIENTED_EDGE('',*,*,#1537,.F.);
#2102=ORIENTED_EDGE('',*,*,#1538,.F.);
#2103=ORIENTED_EDGE('',*,*,#1539,.F.);
#2104=ORIENTED_EDGE('',*,*,#1540,.F.);
#2105=ORIENTED_EDGE('',*,*,#1529,.F.);
#2106=ORIENTED_EDGE('',*,*,#1535,.F.);
#2107=ORIENTED_EDGE('',*,*,#1541,.T.);
#2108=ORIENTED_EDGE('',*,*,#1542,.F.);
#2109=ORIENTED_EDGE('',*,*,#1541,.F.);
#2110=ORIENTED_EDGE('',*,*,#1531,.F.);
#2111=ORIENTED_EDGE('',*,*,#1486,.T.);
#2112=ORIENTED_EDGE('',*,*,#1539,.T.);
#2113=ORIENTED_EDGE('',*,*,#1543,.F.);
#2114=ORIENTED_EDGE('',*,*,#1527,.T.);
#2115=ORIENTED_EDGE('',*,*,#1544,.F.);
#2116=ORIENTED_EDGE('',*,*,#1545,.F.);
#2117=ORIENTED_EDGE('',*,*,#1485,.T.);
#2118=ORIENTED_EDGE('',*,*,#1543,.T.);
#2119=ORIENTED_EDGE('',*,*,#1538,.T.);
#2120=ORIENTED_EDGE('',*,*,#1542,.T.);
#2121=ORIENTED_EDGE('',*,*,#1545,.T.);
#2122=ORIENTED_EDGE('',*,*,#1537,.T.);
#2123=ORIENTED_EDGE('',*,*,#1546,.F.);
#2124=ORIENTED_EDGE('',*,*,#1536,.T.);
#2125=ORIENTED_EDGE('',*,*,#1544,.T.);
#2126=ORIENTED_EDGE('',*,*,#1540,.T.);
#2127=ORIENTED_EDGE('',*,*,#1546,.T.);
#2128=ORIENTED_EDGE('',*,*,#1547,.F.);
#2129=ORIENTED_EDGE('',*,*,#1548,.T.);
#2130=ORIENTED_EDGE('',*,*,#1549,.F.);
#2131=ORIENTED_EDGE('',*,*,#1550,.T.);
#2132=ORIENTED_EDGE('',*,*,#1551,.F.);
#2133=ORIENTED_EDGE('',*,*,#1552,.T.);
#2134=ORIENTED_EDGE('',*,*,#1549,.T.);
#2135=ORIENTED_EDGE('',*,*,#1553,.T.);
#2136=ORIENTED_EDGE('',*,*,#1551,.T.);
#2137=ORIENTED_EDGE('',*,*,#1554,.T.);
#2138=ORIENTED_EDGE('',*,*,#1555,.F.);
#2139=ORIENTED_EDGE('',*,*,#1556,.T.);
#2140=ORIENTED_EDGE('',*,*,#1557,.F.);
#2141=ORIENTED_EDGE('',*,*,#1558,.T.);
#2142=ORIENTED_EDGE('',*,*,#1555,.T.);
#2143=ORIENTED_EDGE('',*,*,#1559,.T.);
#2144=ORIENTED_EDGE('',*,*,#1560,.F.);
#2145=ORIENTED_EDGE('',*,*,#1561,.T.);
#2146=ORIENTED_EDGE('',*,*,#1557,.T.);
#2147=ORIENTED_EDGE('',*,*,#1562,.T.);
#2148=ORIENTED_EDGE('',*,*,#1563,.F.);
#2149=ORIENTED_EDGE('',*,*,#1564,.T.);
#2150=ORIENTED_EDGE('',*,*,#1560,.T.);
#2151=ORIENTED_EDGE('',*,*,#1565,.T.);
#2152=ORIENTED_EDGE('',*,*,#1563,.T.);
#2153=ORIENTED_EDGE('',*,*,#1566,.T.);
#2154=ORIENTED_EDGE('',*,*,#1567,.F.);
#2155=ORIENTED_EDGE('',*,*,#1568,.T.);
#2156=ORIENTED_EDGE('',*,*,#1569,.F.);
#2157=ORIENTED_EDGE('',*,*,#1570,.T.);
#2158=ORIENTED_EDGE('',*,*,#1567,.T.);
#2159=ORIENTED_EDGE('',*,*,#1571,.T.);
#2160=ORIENTED_EDGE('',*,*,#1572,.F.);
#2161=ORIENTED_EDGE('',*,*,#1573,.T.);
#2162=ORIENTED_EDGE('',*,*,#1569,.T.);
#2163=ORIENTED_EDGE('',*,*,#1574,.T.);
#2164=ORIENTED_EDGE('',*,*,#1575,.F.);
#2165=ORIENTED_EDGE('',*,*,#1576,.T.);
#2166=ORIENTED_EDGE('',*,*,#1572,.T.);
#2167=ORIENTED_EDGE('',*,*,#1577,.T.);
#2168=ORIENTED_EDGE('',*,*,#1575,.T.);
#2169=ORIENTED_EDGE('',*,*,#1578,.T.);
#2170=ORIENTED_EDGE('',*,*,#1579,.F.);
#2171=ORIENTED_EDGE('',*,*,#1580,.T.);
#2172=ORIENTED_EDGE('',*,*,#1581,.F.);
#2173=ORIENTED_EDGE('',*,*,#1582,.T.);
#2174=ORIENTED_EDGE('',*,*,#1579,.T.);
#2175=ORIENTED_EDGE('',*,*,#1583,.T.);
#2176=ORIENTED_EDGE('',*,*,#1584,.T.);
#2177=ORIENTED_EDGE('',*,*,#1482,.T.);
#2178=ORIENTED_EDGE('',*,*,#1465,.T.);
#2179=ORIENTED_EDGE('',*,*,#1269,.F.);
#2180=ORIENTED_EDGE('',*,*,#1288,.T.);
#2181=ORIENTED_EDGE('',*,*,#1585,.F.);
#2182=ORIENTED_EDGE('',*,*,#1586,.T.);
#2183=ORIENTED_EDGE('',*,*,#1550,.F.);
#2184=ORIENTED_EDGE('',*,*,#1587,.F.);
#2185=ORIENTED_EDGE('',*,*,#1588,.F.);
#2186=ORIENTED_EDGE('',*,*,#1587,.T.);
#2187=ORIENTED_EDGE('',*,*,#1552,.F.);
#2188=ORIENTED_EDGE('',*,*,#1589,.T.);
#2189=ORIENTED_EDGE('',*,*,#1590,.F.);
#2190=ORIENTED_EDGE('',*,*,#1589,.F.);
#2191=ORIENTED_EDGE('',*,*,#1556,.F.);
#2192=ORIENTED_EDGE('',*,*,#1591,.F.);
#2193=ORIENTED_EDGE('',*,*,#1592,.F.);
#2194=ORIENTED_EDGE('',*,*,#1591,.T.);
#2195=ORIENTED_EDGE('',*,*,#1558,.F.);
#2196=ORIENTED_EDGE('',*,*,#1593,.T.);
#2197=ORIENTED_EDGE('',*,*,#1594,.F.);
#2198=ORIENTED_EDGE('',*,*,#1593,.F.);
#2199=ORIENTED_EDGE('',*,*,#1561,.F.);
#2200=ORIENTED_EDGE('',*,*,#1595,.F.);
#2201=ORIENTED_EDGE('',*,*,#1596,.F.);
#2202=ORIENTED_EDGE('',*,*,#1595,.T.);
#2203=ORIENTED_EDGE('',*,*,#1564,.F.);
#2204=ORIENTED_EDGE('',*,*,#1597,.T.);
#2205=ORIENTED_EDGE('',*,*,#1479,.T.);
#2206=ORIENTED_EDGE('',*,*,#1489,.T.);
#2207=ORIENTED_EDGE('',*,*,#1598,.F.);
#2208=ORIENTED_EDGE('',*,*,#1599,.T.);
#2209=ORIENTED_EDGE('',*,*,#1600,.F.);
#2210=ORIENTED_EDGE('',*,*,#1596,.T.);
#2211=ORIENTED_EDGE('',*,*,#1598,.T.);
#2212=ORIENTED_EDGE('',*,*,#1496,.T.);
#2213=ORIENTED_EDGE('',*,*,#1601,.F.);
#2214=ORIENTED_EDGE('',*,*,#1594,.T.);
#2215=ORIENTED_EDGE('',*,*,#1600,.T.);
#2216=ORIENTED_EDGE('',*,*,#1495,.T.);
#2217=ORIENTED_EDGE('',*,*,#1602,.F.);
#2218=ORIENTED_EDGE('',*,*,#1592,.T.);
#2219=ORIENTED_EDGE('',*,*,#1601,.T.);
#2220=ORIENTED_EDGE('',*,*,#1494,.T.);
#2221=ORIENTED_EDGE('',*,*,#1603,.F.);
#2222=ORIENTED_EDGE('',*,*,#1590,.T.);
#2223=ORIENTED_EDGE('',*,*,#1602,.T.);
#2224=ORIENTED_EDGE('',*,*,#1493,.T.);
#2225=ORIENTED_EDGE('',*,*,#1604,.F.);
#2226=ORIENTED_EDGE('',*,*,#1588,.T.);
#2227=ORIENTED_EDGE('',*,*,#1603,.T.);
#2228=ORIENTED_EDGE('',*,*,#1492,.T.);
#2229=ORIENTED_EDGE('',*,*,#1490,.T.);
#2230=ORIENTED_EDGE('',*,*,#1477,.T.);
#2231=ORIENTED_EDGE('',*,*,#1605,.T.);
#2232=ORIENTED_EDGE('',*,*,#1606,.F.);
#2233=ORIENTED_EDGE('',*,*,#1585,.T.);
#2234=ORIENTED_EDGE('',*,*,#1604,.T.);
#2235=ORIENTED_EDGE('',*,*,#1491,.T.);
#2236=ORIENTED_EDGE('',*,*,#1606,.T.);
#2237=ORIENTED_EDGE('',*,*,#1607,.F.);
#2238=ORIENTED_EDGE('',*,*,#1480,.F.);
#2239=ORIENTED_EDGE('',*,*,#1521,.F.);
#2240=ORIENTED_EDGE('',*,*,#1474,.F.);
#2241=ORIENTED_EDGE('',*,*,#1599,.F.);
#2242=ORIENTED_EDGE('',*,*,#1597,.F.);
#2243=ORIENTED_EDGE('',*,*,#1568,.F.);
#2244=ORIENTED_EDGE('',*,*,#1608,.F.);
#2245=ORIENTED_EDGE('',*,*,#1609,.F.);
#2246=ORIENTED_EDGE('',*,*,#1608,.T.);
#2247=ORIENTED_EDGE('',*,*,#1570,.F.);
#2248=ORIENTED_EDGE('',*,*,#1610,.T.);
#2249=ORIENTED_EDGE('',*,*,#1611,.F.);
#2250=ORIENTED_EDGE('',*,*,#1610,.F.);
#2251=ORIENTED_EDGE('',*,*,#1573,.F.);
#2252=ORIENTED_EDGE('',*,*,#1612,.F.);
#2253=ORIENTED_EDGE('',*,*,#1613,.F.);
#2254=ORIENTED_EDGE('',*,*,#1612,.T.);
#2255=ORIENTED_EDGE('',*,*,#1576,.F.);
#2256=ORIENTED_EDGE('',*,*,#1614,.T.);
#2257=ORIENTED_EDGE('',*,*,#1615,.F.);
#2258=ORIENTED_EDGE('',*,*,#1614,.F.);
#2259=ORIENTED_EDGE('',*,*,#1580,.F.);
#2260=ORIENTED_EDGE('',*,*,#1616,.F.);
#2261=ORIENTED_EDGE('',*,*,#1617,.F.);
#2262=ORIENTED_EDGE('',*,*,#1616,.T.);
#2263=ORIENTED_EDGE('',*,*,#1582,.F.);
#2264=ORIENTED_EDGE('',*,*,#1618,.T.);
#2265=ORIENTED_EDGE('',*,*,#1481,.T.);
#2266=ORIENTED_EDGE('',*,*,#1607,.T.);
#2267=ORIENTED_EDGE('',*,*,#1619,.F.);
#2268=ORIENTED_EDGE('',*,*,#1467,.T.);
#2269=ORIENTED_EDGE('',*,*,#1619,.T.);
#2270=ORIENTED_EDGE('',*,*,#1609,.T.);
#2271=ORIENTED_EDGE('',*,*,#1620,.F.);
#2272=ORIENTED_EDGE('',*,*,#1468,.T.);
#2273=ORIENTED_EDGE('',*,*,#1620,.T.);
#2274=ORIENTED_EDGE('',*,*,#1611,.T.);
#2275=ORIENTED_EDGE('',*,*,#1621,.F.);
#2276=ORIENTED_EDGE('',*,*,#1469,.T.);
#2277=ORIENTED_EDGE('',*,*,#1621,.T.);
#2278=ORIENTED_EDGE('',*,*,#1613,.T.);
#2279=ORIENTED_EDGE('',*,*,#1622,.F.);
#2280=ORIENTED_EDGE('',*,*,#1470,.T.);
#2281=ORIENTED_EDGE('',*,*,#1623,.F.);
#2282=ORIENTED_EDGE('',*,*,#1471,.T.);
#2283=ORIENTED_EDGE('',*,*,#1622,.T.);
#2284=ORIENTED_EDGE('',*,*,#1615,.T.);
#2285=ORIENTED_EDGE('',*,*,#1623,.T.);
#2286=ORIENTED_EDGE('',*,*,#1617,.T.);
#2287=ORIENTED_EDGE('',*,*,#1624,.F.);
#2288=ORIENTED_EDGE('',*,*,#1472,.T.);
#2289=ORIENTED_EDGE('',*,*,#1625,.F.);
#2290=ORIENTED_EDGE('',*,*,#1586,.F.);
#2291=ORIENTED_EDGE('',*,*,#1605,.F.);
#2292=ORIENTED_EDGE('',*,*,#1476,.T.);
#2293=ORIENTED_EDGE('',*,*,#1522,.T.);
#2294=ORIENTED_EDGE('',*,*,#1483,.T.);
#2295=ORIENTED_EDGE('',*,*,#1584,.F.);
#2296=ORIENTED_EDGE('',*,*,#1289,.F.);
#2297=ORIENTED_EDGE('',*,*,#1295,.F.);
#2298=ORIENTED_EDGE('',*,*,#1318,.F.);
#2299=ORIENTED_EDGE('',*,*,#1626,.T.);
#2300=ORIENTED_EDGE('',*,*,#1547,.T.);
#2301=ORIENTED_EDGE('',*,*,#1625,.T.);
#2302=ORIENTED_EDGE('',*,*,#1307,.T.);
#2303=ORIENTED_EDGE('',*,*,#1473,.T.);
#2304=ORIENTED_EDGE('',*,*,#1624,.T.);
#2305=ORIENTED_EDGE('',*,*,#1627,.T.);
#2306=ORIENTED_EDGE('',*,*,#1351,.F.);
#2307=ORIENTED_EDGE('',*,*,#1627,.F.);
#2308=ORIENTED_EDGE('',*,*,#1618,.F.);
#2309=ORIENTED_EDGE('',*,*,#1628,.F.);
#2310=ORIENTED_EDGE('',*,*,#1353,.F.);
#2311=ORIENTED_EDGE('',*,*,#1628,.T.);
#2312=ORIENTED_EDGE('',*,*,#1581,.T.);
#2313=ORIENTED_EDGE('',*,*,#1629,.T.);
#2314=ORIENTED_EDGE('',*,*,#1314,.F.);
#2315=ORIENTED_EDGE('',*,*,#1629,.F.);
#2316=ORIENTED_EDGE('',*,*,#1583,.F.);
#2317=ORIENTED_EDGE('',*,*,#1578,.F.);
#2318=ORIENTED_EDGE('',*,*,#1577,.F.);
#2319=ORIENTED_EDGE('',*,*,#1574,.F.);
#2320=ORIENTED_EDGE('',*,*,#1571,.F.);
#2321=ORIENTED_EDGE('',*,*,#1566,.F.);
#2322=ORIENTED_EDGE('',*,*,#1565,.F.);
#2323=ORIENTED_EDGE('',*,*,#1562,.F.);
#2324=ORIENTED_EDGE('',*,*,#1559,.F.);
#2325=ORIENTED_EDGE('',*,*,#1554,.F.);
#2326=ORIENTED_EDGE('',*,*,#1553,.F.);
#2327=ORIENTED_EDGE('',*,*,#1548,.F.);
#2328=ORIENTED_EDGE('',*,*,#1626,.F.);
#2329=ORIENTED_EDGE('',*,*,#1309,.F.);
#2330=ORIENTED_EDGE('',*,*,#1313,.F.);
#2331=ORIENTED_EDGE('',*,*,#1315,.F.);
#2332=ORIENTED_EDGE('',*,*,#1451,.F.);
#2333=ORIENTED_EDGE('',*,*,#1449,.F.);
#2334=ORIENTED_EDGE('',*,*,#1447,.F.);
#2335=ORIENTED_EDGE('',*,*,#1444,.F.);
#2336=ORIENTED_EDGE('',*,*,#1424,.F.);
#2337=ORIENTED_EDGE('',*,*,#1422,.F.);
#2338=ORIENTED_EDGE('',*,*,#1420,.F.);
#2339=ORIENTED_EDGE('',*,*,#1417,.F.);
#2340=ORIENTED_EDGE('',*,*,#1402,.F.);
#2341=ORIENTED_EDGE('',*,*,#1400,.F.);
#2342=ORIENTED_EDGE('',*,*,#1398,.F.);
#2343=ORIENTED_EDGE('',*,*,#1395,.F.);
#2344=ORIENTED_EDGE('',*,*,#1413,.F.);
#2345=ORIENTED_EDGE('',*,*,#1411,.F.);
#2346=ORIENTED_EDGE('',*,*,#1409,.F.);
#2347=ORIENTED_EDGE('',*,*,#1406,.F.);
#2348=ORIENTED_EDGE('',*,*,#1464,.F.);
#2349=ORIENTED_EDGE('',*,*,#1462,.F.);
#2350=ORIENTED_EDGE('',*,*,#1460,.F.);
#2351=ORIENTED_EDGE('',*,*,#1457,.F.);
#2352=PLANE('',#2629);
#2353=PLANE('',#2630);
#2354=PLANE('',#2631);
#2355=PLANE('',#2632);
#2356=PLANE('',#2633);
#2357=PLANE('',#2634);
#2358=PLANE('',#2635);
#2359=PLANE('',#2636);
#2360=PLANE('',#2637);
#2361=PLANE('',#2638);
#2362=PLANE('',#2639);
#2363=PLANE('',#2643);
#2364=PLANE('',#2644);
#2365=PLANE('',#2645);
#2366=PLANE('',#2649);
#2367=PLANE('',#2650);
#2368=PLANE('',#2651);
#2369=PLANE('',#2652);
#2370=PLANE('',#2653);
#2371=PLANE('',#2654);
#2372=PLANE('',#2658);
#2373=PLANE('',#2659);
#2374=PLANE('',#2660);
#2375=PLANE('',#2662);
#2376=PLANE('',#2663);
#2377=PLANE('',#2667);
#2378=PLANE('',#2669);
#2379=PLANE('',#2670);
#2380=PLANE('',#2671);
#2381=PLANE('',#2672);
#2382=PLANE('',#2673);
#2383=PLANE('',#2674);
#2384=PLANE('',#2678);
#2385=PLANE('',#2680);
#2386=PLANE('',#2683);
#2387=PLANE('',#2685);
#2388=PLANE('',#2688);
#2389=PLANE('',#2690);
#2390=PLANE('',#2693);
#2391=PLANE('',#2694);
#2392=PLANE('',#2695);
#2393=PLANE('',#2698);
#2394=PLANE('',#2699);
#2395=PLANE('',#2700);
#2396=PLANE('',#2701);
#2397=PLANE('',#2702);
#2398=PLANE('',#2705);
#2399=PLANE('',#2706);
#2400=PLANE('',#2707);
#2401=PLANE('',#2708);
#2402=PLANE('',#2709);
#2403=PLANE('',#2712);
#2404=PLANE('',#2713);
#2405=PLANE('',#2714);
#2406=PLANE('',#2715);
#2407=PLANE('',#2716);
#2408=PLANE('',#2717);
#2409=PLANE('',#2718);
#2410=PLANE('',#2722);
#2411=PLANE('',#2723);
#2412=PLANE('',#2726);
#2413=PLANE('',#2727);
#2414=PLANE('',#2731);
#2415=PLANE('',#2732);
#2416=PLANE('',#2735);
#2417=PLANE('',#2736);
#2418=PLANE('',#2740);
#2419=PLANE('',#2741);
#2420=PLANE('',#2745);
#2421=PLANE('',#2749);
#2422=PLANE('',#2751);
#2423=PLANE('',#2752);
#2424=PLANE('',#2754);
#2425=PLANE('',#2755);
#2426=PLANE('',#2756);
#2427=PLANE('',#2757);
#2428=PLANE('',#2758);
#2429=PLANE('',#2761);
#2430=PLANE('',#2762);
#2431=PLANE('',#2763);
#2432=PLANE('',#2765);
#2433=PLANE('',#2766);
#2434=PLANE('',#2768);
#2435=PLANE('',#2769);
#2436=PLANE('',#2770);
#2437=PLANE('',#2772);
#2438=PLANE('',#2773);
#2439=PLANE('',#2774);
#2440=PLANE('',#2776);
#2441=PLANE('',#2777);
#2442=PLANE('',#2778);
#2443=PLANE('',#2782);
#2444=PLANE('',#2786);
#2445=PLANE('',#2790);
#2446=PLANE('',#2794);
#2447=PLANE('',#2798);
#2448=PLANE('',#2802);
#2449=PLANE('',#2803);
#2450=PLANE('',#2806);
#2451=PLANE('',#2809);
#2452=PLANE('',#2812);
#2453=PLANE('',#2814);
#2454=PLANE('',#2816);
#2455=PLANE('',#2818);
#2456=PLANE('',#2819);
#2457=PLANE('',#2820);
#2458=PLANE('',#2823);
#2459=PLANE('',#2826);
#2460=PLANE('',#2829);
#2461=PLANE('',#2831);
#2462=PLANE('',#2833);
#2463=PLANE('',#2835);
#2464=PLANE('',#2836);
#2465=PLANE('',#2837);
#2466=PLANE('',#2838);
#2467=PLANE('',#2839);
#2468=PLANE('',#2840);
#2469=ADVANCED_FACE('',(#123),#2352,.T.);
#2470=ADVANCED_FACE('',(#124),#2353,.T.);
#2471=ADVANCED_FACE('',(#125),#2354,.T.);
#2472=ADVANCED_FACE('',(#126),#2355,.T.);
#2473=ADVANCED_FACE('',(#127),#2356,.T.);
#2474=ADVANCED_FACE('',(#128),#2357,.T.);
#2475=ADVANCED_FACE('',(#129),#2358,.T.);
#2476=ADVANCED_FACE('',(#130),#2359,.T.);
#2477=ADVANCED_FACE('',(#131),#2360,.T.);
#2478=ADVANCED_FACE('',(#132),#2361,.T.);
#2479=ADVANCED_FACE('',(#133),#2362,.T.);
#2480=ADVANCED_FACE('',(#134),#98,.T.);
#2481=ADVANCED_FACE('',(#135),#2363,.T.);
#2482=ADVANCED_FACE('',(#136),#2364,.T.);
#2483=ADVANCED_FACE('',(#137),#2365,.T.);
#2484=ADVANCED_FACE('',(#138),#99,.T.);
#2485=ADVANCED_FACE('',(#139),#2366,.T.);
#2486=ADVANCED_FACE('',(#140),#2367,.T.);
#2487=ADVANCED_FACE('',(#141),#2368,.T.);
#2488=ADVANCED_FACE('',(#142),#2369,.T.);
#2489=ADVANCED_FACE('',(#143),#2370,.T.);
#2490=ADVANCED_FACE('',(#144),#2371,.T.);
#2491=ADVANCED_FACE('',(#145),#100,.T.);
#2492=ADVANCED_FACE('',(#146),#2372,.T.);
#2493=ADVANCED_FACE('',(#147),#2373,.T.);
#2494=ADVANCED_FACE('',(#148),#2374,.T.);
#2495=ADVANCED_FACE('',(#149),#28,.T.);
#2496=ADVANCED_FACE('',(#150),#2375,.T.);
#2497=ADVANCED_FACE('',(#151),#2376,.T.);
#2498=ADVANCED_FACE('',(#152),#101,.T.);
#2499=ADVANCED_FACE('',(#153),#2377,.T.);
#2500=ADVANCED_FACE('',(#154),#29,.T.);
#2501=ADVANCED_FACE('',(#155),#2378,.T.);
#2502=ADVANCED_FACE('',(#156),#2379,.T.);
#2503=ADVANCED_FACE('',(#157),#2380,.T.);
#2504=ADVANCED_FACE('',(#158),#2381,.F.);
#2505=ADVANCED_FACE('',(#159),#2382,.T.);
#2506=ADVANCED_FACE('',(#160),#2383,.T.);
#2507=ADVANCED_FACE('',(#161),#30,.F.);
#2508=ADVANCED_FACE('',(#162),#2384,.T.);
#2509=ADVANCED_FACE('',(#163),#2385,.F.);
#2510=ADVANCED_FACE('',(#164),#31,.F.);
#2511=ADVANCED_FACE('',(#165),#2386,.T.);
#2512=ADVANCED_FACE('',(#166),#2387,.F.);
#2513=ADVANCED_FACE('',(#167),#32,.F.);
#2514=ADVANCED_FACE('',(#168),#2388,.T.);
#2515=ADVANCED_FACE('',(#169),#2389,.F.);
#2516=ADVANCED_FACE('',(#170),#33,.F.);
#2517=ADVANCED_FACE('',(#171),#2390,.F.);
#2518=ADVANCED_FACE('',(#172),#2391,.F.);
#2519=ADVANCED_FACE('',(#173),#2392,.T.);
#2520=ADVANCED_FACE('',(#174),#102,.F.);
#2521=ADVANCED_FACE('',(#175),#2393,.T.);
#2522=ADVANCED_FACE('',(#176),#2394,.T.);
#2523=ADVANCED_FACE('',(#177),#2395,.F.);
#2524=ADVANCED_FACE('',(#178),#2396,.F.);
#2525=ADVANCED_FACE('',(#179),#2397,.T.);
#2526=ADVANCED_FACE('',(#180),#103,.F.);
#2527=ADVANCED_FACE('',(#181),#2398,.T.);
#2528=ADVANCED_FACE('',(#182),#2399,.T.);
#2529=ADVANCED_FACE('',(#183),#2400,.F.);
#2530=ADVANCED_FACE('',(#184),#2401,.F.);
#2531=ADVANCED_FACE('',(#185),#2402,.T.);
#2532=ADVANCED_FACE('',(#186),#104,.F.);
#2533=ADVANCED_FACE('',(#187),#2403,.T.);
#2534=ADVANCED_FACE('',(#188),#2404,.T.);
#2535=ADVANCED_FACE('',(#189),#2405,.F.);
#2536=ADVANCED_FACE('',(#190),#2406,.F.);
#2537=ADVANCED_FACE('',(#191),#2407,.F.);
#2538=ADVANCED_FACE('',(#192),#2408,.F.);
#2539=ADVANCED_FACE('',(#193),#2409,.F.);
#2540=ADVANCED_FACE('',(#194),#34,.F.);
#2541=ADVANCED_FACE('',(#195),#2410,.T.);
#2542=ADVANCED_FACE('',(#196),#2411,.T.);
#2543=ADVANCED_FACE('',(#197),#105,.F.);
#2544=ADVANCED_FACE('',(#198),#2412,.T.);
#2545=ADVANCED_FACE('',(#199),#2413,.F.);
#2546=ADVANCED_FACE('',(#200),#35,.F.);
#2547=ADVANCED_FACE('',(#201),#2414,.T.);
#2548=ADVANCED_FACE('',(#202),#2415,.T.);
#2549=ADVANCED_FACE('',(#203),#106,.F.);
#2550=ADVANCED_FACE('',(#204),#2416,.T.);
#2551=ADVANCED_FACE('',(#205),#2417,.F.);
#2552=ADVANCED_FACE('',(#206),#2418,.T.);
#2553=ADVANCED_FACE('',(#207),#2419,.T.);
#2554=ADVANCED_FACE('',(#208),#36,.F.);
#2555=ADVANCED_FACE('',(#209),#2420,.F.);
#2556=ADVANCED_FACE('',(#210,#19),#2421,.T.);
#2557=ADVANCED_FACE('',(#211),#2422,.F.);
#2558=ADVANCED_FACE('',(#212),#2423,.T.);
#2559=ADVANCED_FACE('',(#213),#107,.F.);
#2560=ADVANCED_FACE('',(#214),#2424,.T.);
#2561=ADVANCED_FACE('',(#215),#2425,.T.);
#2562=ADVANCED_FACE('',(#216),#2426,.F.);
#2563=ADVANCED_FACE('',(#217),#2427,.F.);
#2564=ADVANCED_FACE('',(#218),#2428,.T.);
#2565=ADVANCED_FACE('',(#219),#108,.F.);
#2566=ADVANCED_FACE('',(#220),#2429,.T.);
#2567=ADVANCED_FACE('',(#221),#2430,.T.);
#2568=ADVANCED_FACE('',(#222,#20,#21),#2431,.T.);
#2569=ADVANCED_FACE('',(#223),#2432,.F.);
#2570=ADVANCED_FACE('',(#224),#2433,.T.);
#2571=ADVANCED_FACE('',(#225),#109,.F.);
#2572=ADVANCED_FACE('',(#226),#2434,.T.);
#2573=ADVANCED_FACE('',(#227),#2435,.T.);
#2574=ADVANCED_FACE('',(#228,#22),#2436,.T.);
#2575=ADVANCED_FACE('',(#229),#2437,.F.);
#2576=ADVANCED_FACE('',(#230),#2438,.F.);
#2577=ADVANCED_FACE('',(#231),#2439,.T.);
#2578=ADVANCED_FACE('',(#232),#110,.F.);
#2579=ADVANCED_FACE('',(#233),#2440,.T.);
#2580=ADVANCED_FACE('',(#234),#2441,.T.);
#2581=ADVANCED_FACE('',(#235),#2442,.T.);
#2582=ADVANCED_FACE('',(#236),#111,.T.);
#2583=ADVANCED_FACE('',(#237),#2443,.T.);
#2584=ADVANCED_FACE('',(#238),#112,.T.);
#2585=ADVANCED_FACE('',(#239),#2444,.T.);
#2586=ADVANCED_FACE('',(#240),#113,.T.);
#2587=ADVANCED_FACE('',(#241),#2445,.T.);
#2588=ADVANCED_FACE('',(#242),#114,.T.);
#2589=ADVANCED_FACE('',(#243),#2446,.T.);
#2590=ADVANCED_FACE('',(#244),#115,.T.);
#2591=ADVANCED_FACE('',(#245),#2447,.T.);
#2592=ADVANCED_FACE('',(#246),#116,.F.);
#2593=ADVANCED_FACE('',(#247),#2448,.T.);
#2594=ADVANCED_FACE('',(#248),#2449,.T.);
#2595=ADVANCED_FACE('',(#249),#37,.T.);
#2596=ADVANCED_FACE('',(#250),#2450,.T.);
#2597=ADVANCED_FACE('',(#251),#38,.T.);
#2598=ADVANCED_FACE('',(#252),#2451,.T.);
#2599=ADVANCED_FACE('',(#253),#39,.T.);
#2600=ADVANCED_FACE('',(#254),#2452,.T.);
#2601=ADVANCED_FACE('',(#255),#117,.T.);
#2602=ADVANCED_FACE('',(#256),#2453,.T.);
#2603=ADVANCED_FACE('',(#257),#118,.T.);
#2604=ADVANCED_FACE('',(#258),#2454,.T.);
#2605=ADVANCED_FACE('',(#259),#119,.T.);
#2606=ADVANCED_FACE('',(#260),#2455,.T.);
#2607=ADVANCED_FACE('',(#261),#2456,.T.);
#2608=ADVANCED_FACE('',(#262),#2457,.T.);
#2609=ADVANCED_FACE('',(#263),#40,.T.);
#2610=ADVANCED_FACE('',(#264),#2458,.T.);
#2611=ADVANCED_FACE('',(#265),#41,.T.);
#2612=ADVANCED_FACE('',(#266),#2459,.T.);
#2613=ADVANCED_FACE('',(#267),#42,.F.);
#2614=ADVANCED_FACE('',(#268),#2460,.T.);
#2615=ADVANCED_FACE('',(#269),#120,.T.);
#2616=ADVANCED_FACE('',(#270),#2461,.T.);
#2617=ADVANCED_FACE('',(#271),#121,.T.);
#2618=ADVANCED_FACE('',(#272),#2462,.T.);
#2619=ADVANCED_FACE('',(#273),#122,.F.);
#2620=ADVANCED_FACE('',(#274),#2463,.T.);
#2621=ADVANCED_FACE('',(#275),#2464,.T.);
#2622=ADVANCED_FACE('',(#276),#2465,.T.);
#2623=ADVANCED_FACE('',(#277),#2466,.T.);
#2624=ADVANCED_FACE('',(#278),#2467,.T.);
#2625=ADVANCED_FACE('',(#279,#23,#24,#25,#26,#27),#2468,.T.);
#2626=CLOSED_SHELL('',(#2469,#2470,#2471,#2472,#2473,#2474,#2475,#2476,
#2477,#2478,#2479,#2480,#2481,#2482,#2483,#2484,#2485,#2486,#2487,#2488,
#2489,#2490,#2491,#2492,#2493,#2494,#2495,#2496,#2497,#2498,#2499,#2500,
#2501,#2502,#2503,#2504,#2505,#2506,#2507,#2508,#2509,#2510,#2511,#2512,
#2513,#2514,#2515,#2516,#2517,#2518,#2519,#2520,#2521,#2522,#2523,#2524,
#2525,#2526,#2527,#2528,#2529,#2530,#2531,#2532,#2533,#2534,#2535,#2536,
#2537,#2538,#2539,#2540,#2541,#2542,#2543,#2544,#2545,#2546,#2547,#2548,
#2549,#2550,#2551,#2552,#2553,#2554,#2555,#2556,#2557,#2558,#2559,#2560,
#2561,#2562,#2563,#2564,#2565,#2566,#2567,#2568,#2569,#2570,#2571,#2572,
#2573,#2574,#2575,#2576,#2577,#2578,#2579,#2580,#2581,#2582,#2583,#2584,
#2585,#2586,#2587,#2588,#2589,#2590,#2591,#2592,#2593,#2594,#2595,#2596,
#2597,#2598,#2599,#2600,#2601,#2602,#2603,#2604,#2605,#2606,#2607,#2608,
#2609,#2610,#2611,#2612,#2613,#2614,#2615,#2616,#2617,#2618,#2619,#2620,
#2621,#2622,#2623,#2624,#2625));
#2627=AXIS2_PLACEMENT_3D('',#3578,#2842,#2843);
#2628=AXIS2_PLACEMENT_3D('',#3579,#2844,#2845);
#2629=AXIS2_PLACEMENT_3D('',#3580,#2846,#2847);
#2630=AXIS2_PLACEMENT_3D('',#3591,#2853,#2854);
#2631=AXIS2_PLACEMENT_3D('',#3597,#2858,#2859);
#2632=AXIS2_PLACEMENT_3D('',#3603,#2863,#2864);
#2633=AXIS2_PLACEMENT_3D('',#3607,#2867,#2868);
#2634=AXIS2_PLACEMENT_3D('',#3613,#2872,#2873);
#2635=AXIS2_PLACEMENT_3D('',#3619,#2877,#2878);
#2636=AXIS2_PLACEMENT_3D('',#3623,#2881,#2882);
#2637=AXIS2_PLACEMENT_3D('',#3625,#2884,#2885);
#2638=AXIS2_PLACEMENT_3D('',#3632,#2889,#2890);
#2639=AXIS2_PLACEMENT_3D('',#3635,#2893,#2894);
#2640=AXIS2_PLACEMENT_3D('',#3641,#2898,#2899);
#2641=AXIS2_PLACEMENT_3D('',#3645,#2901,#2902);
#2642=AXIS2_PLACEMENT_3D('',#3646,#2903,#2904);
#2643=AXIS2_PLACEMENT_3D('',#3647,#2905,#2906);
#2644=AXIS2_PLACEMENT_3D('',#3653,#2910,#2911);
#2645=AXIS2_PLACEMENT_3D('',#3660,#2915,#2916);
#2646=AXIS2_PLACEMENT_3D('',#3666,#2920,#2921);
#2647=AXIS2_PLACEMENT_3D('',#3668,#2922,#2923);
#2648=AXIS2_PLACEMENT_3D('',#3671,#2925,#2926);
#2649=AXIS2_PLACEMENT_3D('',#3672,#2927,#2928);
#2650=AXIS2_PLACEMENT_3D('',#3678,#2932,#2933);
#2651=AXIS2_PLACEMENT_3D('',#3681,#2936,#2937);
#2652=AXIS2_PLACEMENT_3D('',#3683,#2939,#2940);
#2653=AXIS2_PLACEMENT_3D('',#3689,#2944,#2945);
#2654=AXIS2_PLACEMENT_3D('',#3697,#2950,#2951);
#2655=AXIS2_PLACEMENT_3D('',#3706,#2956,#2957);
#2656=AXIS2_PLACEMENT_3D('',#3708,#2958,#2959);
#2657=AXIS2_PLACEMENT_3D('',#3711,#2961,#2962);
#2658=AXIS2_PLACEMENT_3D('',#3712,#2963,#2964);
#2659=AXIS2_PLACEMENT_3D('',#3715,#2967,#2968);
#2660=AXIS2_PLACEMENT_3D('',#3718,#2971,#2972);
#2661=AXIS2_PLACEMENT_3D('',#3720,#2974,#2975);
#2662=AXIS2_PLACEMENT_3D('',#3722,#2977,#2978);
#2663=AXIS2_PLACEMENT_3D('',#3728,#2982,#2983);
#2664=AXIS2_PLACEMENT_3D('',#3734,#2987,#2988);
#2665=AXIS2_PLACEMENT_3D('',#3738,#2990,#2991);
#2666=AXIS2_PLACEMENT_3D('',#3739,#2992,#2993);
#2667=AXIS2_PLACEMENT_3D('',#3740,#2994,#2995);
#2668=AXIS2_PLACEMENT_3D('',#3746,#2999,#3000);
#2669=AXIS2_PLACEMENT_3D('',#3748,#3002,#3003);
#2670=AXIS2_PLACEMENT_3D('',#3750,#3005,#3006);
#2671=AXIS2_PLACEMENT_3D('',#3751,#3007,#3008);
#2672=AXIS2_PLACEMENT_3D('',#3755,#3011,#3012);
#2673=AXIS2_PLACEMENT_3D('',#3759,#3015,#3016);
#2674=AXIS2_PLACEMENT_3D('',#3763,#3019,#3020);
#2675=AXIS2_PLACEMENT_3D('',#3765,#3022,#3023);
#2676=AXIS2_PLACEMENT_3D('',#3768,#3024,#3025);
#2677=AXIS2_PLACEMENT_3D('',#3772,#3027,#3028);
#2678=AXIS2_PLACEMENT_3D('',#3774,#3030,#3031);
#2679=AXIS2_PLACEMENT_3D('',#3779,#3033,#3034);
#2680=AXIS2_PLACEMENT_3D('',#3783,#3037,#3038);
#2681=AXIS2_PLACEMENT_3D('',#3789,#3042,#3043);
#2682=AXIS2_PLACEMENT_3D('',#3791,#3044,#3045);
#2683=AXIS2_PLACEMENT_3D('',#3793,#3047,#3048);
#2684=AXIS2_PLACEMENT_3D('',#3798,#3050,#3051);
#2685=AXIS2_PLACEMENT_3D('',#3802,#3054,#3055);
#2686=AXIS2_PLACEMENT_3D('',#3808,#3059,#3060);
#2687=AXIS2_PLACEMENT_3D('',#3810,#3061,#3062);
#2688=AXIS2_PLACEMENT_3D('',#3812,#3064,#3065);
#2689=AXIS2_PLACEMENT_3D('',#3817,#3067,#3068);
#2690=AXIS2_PLACEMENT_3D('',#3821,#3071,#3072);
#2691=AXIS2_PLACEMENT_3D('',#3827,#3076,#3077);
#2692=AXIS2_PLACEMENT_3D('',#3829,#3078,#3079);
#2693=AXIS2_PLACEMENT_3D('',#3831,#3081,#3082);
#2694=AXIS2_PLACEMENT_3D('',#3835,#3085,#3086);
#2695=AXIS2_PLACEMENT_3D('',#3837,#3088,#3089);
#2696=AXIS2_PLACEMENT_3D('',#3843,#3093,#3094);
#2697=AXIS2_PLACEMENT_3D('',#3845,#3095,#3096);
#2698=AXIS2_PLACEMENT_3D('',#3847,#3098,#3099);
#2699=AXIS2_PLACEMENT_3D('',#3851,#3102,#3103);
#2700=AXIS2_PLACEMENT_3D('',#3853,#3105,#3106);
#2701=AXIS2_PLACEMENT_3D('',#3857,#3109,#3110);
#2702=AXIS2_PLACEMENT_3D('',#3859,#3112,#3113);
#2703=AXIS2_PLACEMENT_3D('',#3865,#3117,#3118);
#2704=AXIS2_PLACEMENT_3D('',#3867,#3119,#3120);
#2705=AXIS2_PLACEMENT_3D('',#3869,#3122,#3123);
#2706=AXIS2_PLACEMENT_3D('',#3873,#3126,#3127);
#2707=AXIS2_PLACEMENT_3D('',#3875,#3129,#3130);
#2708=AXIS2_PLACEMENT_3D('',#3879,#3133,#3134);
#2709=AXIS2_PLACEMENT_3D('',#3881,#3136,#3137);
#2710=AXIS2_PLACEMENT_3D('',#3887,#3141,#3142);
#2711=AXIS2_PLACEMENT_3D('',#3889,#3143,#3144);
#2712=AXIS2_PLACEMENT_3D('',#3891,#3146,#3147);
#2713=AXIS2_PLACEMENT_3D('',#3895,#3150,#3151);
#2714=AXIS2_PLACEMENT_3D('',#3897,#3153,#3154);
#2715=AXIS2_PLACEMENT_3D('',#3906,#3159,#3160);
#2716=AXIS2_PLACEMENT_3D('',#3912,#3164,#3165);
#2717=AXIS2_PLACEMENT_3D('',#3921,#3170,#3171);
#2718=AXIS2_PLACEMENT_3D('',#3927,#3175,#3176);
#2719=AXIS2_PLACEMENT_3D('',#3933,#3180,#3181);
#2720=AXIS2_PLACEMENT_3D('',#3934,#3182,#3183);
#2721=AXIS2_PLACEMENT_3D('',#3935,#3184,#3185);
#2722=AXIS2_PLACEMENT_3D('',#3936,#3186,#3187);
#2723=AXIS2_PLACEMENT_3D('',#3942,#3191,#3192);
#2724=AXIS2_PLACEMENT_3D('',#3946,#3195,#3196);
#2725=AXIS2_PLACEMENT_3D('',#3948,#3197,#3198);
#2726=AXIS2_PLACEMENT_3D('',#3950,#3200,#3201);
#2727=AXIS2_PLACEMENT_3D('',#3952,#3203,#3204);
#2728=AXIS2_PLACEMENT_3D('',#3958,#3208,#3209);
#2729=AXIS2_PLACEMENT_3D('',#3959,#3210,#3211);
#2730=AXIS2_PLACEMENT_3D('',#3960,#3212,#3213);
#2731=AXIS2_PLACEMENT_3D('',#3961,#3214,#3215);
#2732=AXIS2_PLACEMENT_3D('',#3967,#3219,#3220);
#2733=AXIS2_PLACEMENT_3D('',#3971,#3223,#3224);
#2734=AXIS2_PLACEMENT_3D('',#3973,#3225,#3226);
#2735=AXIS2_PLACEMENT_3D('',#3975,#3228,#3229);
#2736=AXIS2_PLACEMENT_3D('',#3977,#3231,#3232);
#2737=AXIS2_PLACEMENT_3D('',#3985,#3236,#3237);
#2738=AXIS2_PLACEMENT_3D('',#3989,#3239,#3240);
#2739=AXIS2_PLACEMENT_3D('',#3993,#3242,#3243);
#2740=AXIS2_PLACEMENT_3D('',#3995,#3245,#3246);
#2741=AXIS2_PLACEMENT_3D('',#4008,#3253,#3254);
#2742=AXIS2_PLACEMENT_3D('',#4018,#3260,#3261);
#2743=AXIS2_PLACEMENT_3D('',#4021,#3262,#3263);
#2744=AXIS2_PLACEMENT_3D('',#4025,#3265,#3266);
#2745=AXIS2_PLACEMENT_3D('',#4027,#3268,#3269);
#2746=AXIS2_PLACEMENT_3D('',#4035,#3273,#3274);
#2747=AXIS2_PLACEMENT_3D('',#4039,#3276,#3277);
#2748=AXIS2_PLACEMENT_3D('',#4042,#3279,#3280);
#2749=AXIS2_PLACEMENT_3D('',#4043,#3281,#3282);
#2750=AXIS2_PLACEMENT_3D('',#4050,#3285,#3286);
#2751=AXIS2_PLACEMENT_3D('',#4052,#3288,#3289);
#2752=AXIS2_PLACEMENT_3D('',#4058,#3293,#3294);
#2753=AXIS2_PLACEMENT_3D('',#4063,#3298,#3299);
#2754=AXIS2_PLACEMENT_3D('',#4065,#3301,#3302);
#2755=AXIS2_PLACEMENT_3D('',#4067,#3304,#3305);
#2756=AXIS2_PLACEMENT_3D('',#4069,#3307,#3308);
#2757=AXIS2_PLACEMENT_3D('',#4073,#3311,#3312);
#2758=AXIS2_PLACEMENT_3D('',#4075,#3314,#3315);
#2759=AXIS2_PLACEMENT_3D('',#4081,#3319,#3320);
#2760=AXIS2_PLACEMENT_3D('',#4083,#3321,#3322);
#2761=AXIS2_PLACEMENT_3D('',#4085,#3324,#3325);
#2762=AXIS2_PLACEMENT_3D('',#4089,#3328,#3329);
#2763=AXIS2_PLACEMENT_3D('',#4091,#3331,#3332);
#2764=AXIS2_PLACEMENT_3D('',#4100,#3337,#3338);
#2765=AXIS2_PLACEMENT_3D('',#4102,#3340,#3341);
#2766=AXIS2_PLACEMENT_3D('',#4108,#3345,#3346);
#2767=AXIS2_PLACEMENT_3D('',#4113,#3350,#3351);
#2768=AXIS2_PLACEMENT_3D('',#4115,#3353,#3354);
#2769=AXIS2_PLACEMENT_3D('',#4117,#3356,#3357);
#2770=AXIS2_PLACEMENT_3D('',#4119,#3359,#3360);
#2771=AXIS2_PLACEMENT_3D('',#4126,#3363,#3364);
#2772=AXIS2_PLACEMENT_3D('',#4128,#3366,#3367);
#2773=AXIS2_PLACEMENT_3D('',#4132,#3370,#3371);
#2774=AXIS2_PLACEMENT_3D('',#4134,#3373,#3374);
#2775=AXIS2_PLACEMENT_3D('',#4137,#3377,#3378);
#2776=AXIS2_PLACEMENT_3D('',#4139,#3380,#3381);
#2777=AXIS2_PLACEMENT_3D('',#4141,#3383,#3384);
#2778=AXIS2_PLACEMENT_3D('',#4142,#3385,#3386);
#2779=AXIS2_PLACEMENT_3D('',#4151,#3391,#3392);
#2780=AXIS2_PLACEMENT_3D('',#4155,#3394,#3395);
#2781=AXIS2_PLACEMENT_3D('',#4156,#3396,#3397);
#2782=AXIS2_PLACEMENT_3D('',#4157,#3398,#3399);
#2783=AXIS2_PLACEMENT_3D('',#4163,#3403,#3404);
#2784=AXIS2_PLACEMENT_3D('',#4167,#3406,#3407);
#2785=AXIS2_PLACEMENT_3D('',#4168,#3408,#3409);
#2786=AXIS2_PLACEMENT_3D('',#4169,#3410,#3411);
#2787=AXIS2_PLACEMENT_3D('',#4175,#3415,#3416);
#2788=AXIS2_PLACEMENT_3D('',#4179,#3418,#3419);
#2789=AXIS2_PLACEMENT_3D('',#4180,#3420,#3421);
#2790=AXIS2_PLACEMENT_3D('',#4181,#3422,#3423);
#2791=AXIS2_PLACEMENT_3D('',#4187,#3427,#3428);
#2792=AXIS2_PLACEMENT_3D('',#4191,#3430,#3431);
#2793=AXIS2_PLACEMENT_3D('',#4192,#3432,#3433);
#2794=AXIS2_PLACEMENT_3D('',#4193,#3434,#3435);
#2795=AXIS2_PLACEMENT_3D('',#4199,#3439,#3440);
#2796=AXIS2_PLACEMENT_3D('',#4203,#3442,#3443);
#2797=AXIS2_PLACEMENT_3D('',#4204,#3444,#3445);
#2798=AXIS2_PLACEMENT_3D('',#4205,#3446,#3447);
#2799=AXIS2_PLACEMENT_3D('',#4211,#3451,#3452);
#2800=AXIS2_PLACEMENT_3D('',#4215,#3454,#3455);
#2801=AXIS2_PLACEMENT_3D('',#4216,#3456,#3457);
#2802=AXIS2_PLACEMENT_3D('',#4217,#3458,#3459);
#2803=AXIS2_PLACEMENT_3D('',#4219,#3461,#3462);
#2804=AXIS2_PLACEMENT_3D('',#4225,#3466,#3467);
#2805=AXIS2_PLACEMENT_3D('',#4227,#3468,#3469);
#2806=AXIS2_PLACEMENT_3D('',#4229,#3471,#3472);
#2807=AXIS2_PLACEMENT_3D('',#4233,#3475,#3476);
#2808=AXIS2_PLACEMENT_3D('',#4235,#3477,#3478);
#2809=AXIS2_PLACEMENT_3D('',#4237,#3480,#3481);
#2810=AXIS2_PLACEMENT_3D('',#4241,#3484,#3485);
#2811=AXIS2_PLACEMENT_3D('',#4243,#3486,#3487);
#2812=AXIS2_PLACEMENT_3D('',#4245,#3489,#3490);
#2813=AXIS2_PLACEMENT_3D('',#4248,#3493,#3494);
#2814=AXIS2_PLACEMENT_3D('',#4250,#3496,#3497);
#2815=AXIS2_PLACEMENT_3D('',#4252,#3499,#3500);
#2816=AXIS2_PLACEMENT_3D('',#4254,#3502,#3503);
#2817=AXIS2_PLACEMENT_3D('',#4256,#3505,#3506);
#2818=AXIS2_PLACEMENT_3D('',#4258,#3508,#3509);
#2819=AXIS2_PLACEMENT_3D('',#4261,#3512,#3513);
#2820=AXIS2_PLACEMENT_3D('',#4262,#3514,#3515);
#2821=AXIS2_PLACEMENT_3D('',#4266,#3518,#3519);
#2822=AXIS2_PLACEMENT_3D('',#4268,#3520,#3521);
#2823=AXIS2_PLACEMENT_3D('',#4270,#3523,#3524);
#2824=AXIS2_PLACEMENT_3D('',#4274,#3527,#3528);
#2825=AXIS2_PLACEMENT_3D('',#4276,#3529,#3530);
#2826=AXIS2_PLACEMENT_3D('',#4278,#3532,#3533);
#2827=AXIS2_PLACEMENT_3D('',#4282,#3536,#3537);
#2828=AXIS2_PLACEMENT_3D('',#4284,#3538,#3539);
#2829=AXIS2_PLACEMENT_3D('',#4286,#3541,#3542);
#2830=AXIS2_PLACEMENT_3D('',#4288,#3544,#3545);
#2831=AXIS2_PLACEMENT_3D('',#4290,#3547,#3548);
#2832=AXIS2_PLACEMENT_3D('',#4292,#3550,#3551);
#2833=AXIS2_PLACEMENT_3D('',#4294,#3553,#3554);
#2834=AXIS2_PLACEMENT_3D('',#4296,#3556,#3557);
#2835=AXIS2_PLACEMENT_3D('',#4298,#3559,#3560);
#2836=AXIS2_PLACEMENT_3D('',#4300,#3562,#3563);
#2837=AXIS2_PLACEMENT_3D('',#4302,#3565,#3566);
#2838=AXIS2_PLACEMENT_3D('',#4304,#3568,#3569);
#2839=AXIS2_PLACEMENT_3D('',#4306,#3571,#3572);
#2840=AXIS2_PLACEMENT_3D('',#4308,#3574,#3575);
#2841=AXIS2_PLACEMENT_3D('',#4309,#3576,#3577);
#2842=DIRECTION('axis',(0.,0.,1.));
#2843=DIRECTION('refdir',(1.,0.,0.));
#2844=DIRECTION('axis',(0.,0.,1.));
#2845=DIRECTION('refdir',(1.,0.,0.));
#2846=DIRECTION('center_axis',(-0.70710678118654,-1.97052433323197E-14,
-0.707106781186555));
#2847=DIRECTION('ref_axis',(-0.707106781186555,0.,0.70710678118654));
#2848=DIRECTION('',(0.577350269189629,0.577350269189617,-0.577350269189632));
#2849=DIRECTION('',(0.,-1.,2.78674223704282E-14));
#2850=DIRECTION('',(-0.577350269189621,0.577350269189664,0.577350269189592));
#2851=DIRECTION('',(0.,1.,-2.78674223704282E-14));
#2852=DIRECTION('',(0.577350269189645,-0.577350269189616,-0.577350269189616));
#2853=DIRECTION('center_axis',(0.,-2.78674223704282E-14,-1.));
#2854=DIRECTION('ref_axis',(0.,-1.,2.78674223704282E-14));
#2855=DIRECTION('',(1.,0.,0.));
#2856=DIRECTION('',(0.,-1.,2.78674223704282E-14));
#2857=DIRECTION('',(-1.,0.,0.));
#2858=DIRECTION('center_axis',(-0.577350269189634,-0.577350269189596,-0.577350269189647));
#2859=DIRECTION('ref_axis',(-0.707106781186555,0.,0.70710678118654));
#2860=DIRECTION('',(-0.707106781186555,6.28036983473516E-14,0.70710678118654));
#2861=DIRECTION('',(0.,0.707106781186579,-0.707106781186516));
#2862=DIRECTION('',(0.707106781186555,-0.70710678118654,-6.28036983473516E-14));
#2863=DIRECTION('center_axis',(0.,-0.707106781186516,-0.707106781186579));
#2864=DIRECTION('ref_axis',(-1.,0.,0.));
#2865=DIRECTION('',(-0.57735026918962,0.577350269189654,-0.577350269189603));
#2866=DIRECTION('',(-1.,0.,0.));
#2867=DIRECTION('center_axis',(-0.70710678118654,-0.707106781186555,5.72092946473778E-15));
#2868=DIRECTION('ref_axis',(8.09061603841211E-15,0.,1.));
#2869=DIRECTION('',(0.705757556807962,-0.705757556807947,-0.0617457854183961));
#2870=DIRECTION('',(0.,-8.09061603841193E-15,-1.));
#2871=DIRECTION('',(0.,8.09061603841193E-15,1.));
#2872=DIRECTION('center_axis',(-0.577350269189652,0.577350269189613,-0.577350269189613));
#2873=DIRECTION('ref_axis',(-0.707106781186524,0.,0.707106781186571));
#2874=DIRECTION('',(-0.707106781186524,-0.707106781186571,0.));
#2875=DIRECTION('',(0.,0.707106781186548,0.707106781186548));
#2876=DIRECTION('',(0.707106781186555,6.28036983473516E-14,-0.70710678118654));
#2877=DIRECTION('center_axis',(0.,0.707106781186548,-0.707106781186548));
#2878=DIRECTION('ref_axis',(-1.,0.,0.));
#2879=DIRECTION('',(0.577350269189635,0.577350269189621,0.577350269189621));
#2880=DIRECTION('',(1.,0.,0.));
#2881=DIRECTION('center_axis',(-0.70710678118654,-1.97052433323197E-14,
-0.707106781186555));
#2882=DIRECTION('ref_axis',(-0.707106781186555,0.,0.70710678118654));
#2883=DIRECTION('',(0.,1.,-2.78674223704282E-14));
#2884=DIRECTION('center_axis',(-0.547797157519446,0.655830423738399,0.519427309171098));
#2885=DIRECTION('ref_axis',(0.688066813431247,0.,0.725647338763513));
#2886=DIRECTION('',(0.,-0.6208706251203,0.783913048024287));
#2887=DIRECTION('',(0.699581645111538,0.699581645111584,-0.145502727280293));
#2888=DIRECTION('',(-0.699581645111561,-0.018596861108958,-0.71431063171417));
#2889=DIRECTION('center_axis',(-0.707106781186571,0.707106781186524,1.73251581647859E-15));
#2890=DIRECTION('ref_axis',(2.45014736468984E-15,0.,1.));
#2891=DIRECTION('',(0.,-2.45014736469E-15,1.));
#2892=DIRECTION('',(0.,2.45014736469E-15,-1.));
#2893=DIRECTION('center_axis',(-0.707106781186555,0.161955266035779,0.688309880652072));
#2894=DIRECTION('ref_axis',(0.697518448882878,0.,0.716566824146934));
#2895=DIRECTION('',(0.707106781186542,0.161955266035788,0.688309880652083));
#2896=DIRECTION('',(0.,0.973417168333577,-0.229039333725544));
#2897=DIRECTION('',(0.,-0.973417168333577,0.229039333725544));
#2898=DIRECTION('center_axis',(1.,0.,0.));
#2899=DIRECTION('ref_axis',(0.,0.115288402856544,0.993332061380678));
#2900=DIRECTION('',(0.707106781186524,0.,0.707106781186571));
#2901=DIRECTION('center_axis',(-1.,0.,0.));
#2902=DIRECTION('ref_axis',(0.,0.115288402856544,0.993332061380678));
#2903=DIRECTION('center_axis',(1.,0.,0.));
#2904=DIRECTION('ref_axis',(0.,0.115288402856544,0.993332061380678));
#2905=DIRECTION('center_axis',(-0.707106781186508,0.,0.707106781186587));
#2906=DIRECTION('ref_axis',(0.707106781186587,0.,0.707106781186508));
#2907=DIRECTION('',(0.540716203060967,-0.644400477571772,0.540716203060907));
#2908=DIRECTION('',(0.,1.,0.));
#2909=DIRECTION('',(0.,-1.,0.));
#2910=DIRECTION('center_axis',(0.547797157519424,0.655830423738432,0.519427309171079));
#2911=DIRECTION('ref_axis',(0.688066813431248,0.,-0.725647338763512));
#2912=DIRECTION('',(0.,0.6208706251203,-0.783913048024287));
#2913=DIRECTION('',(-0.699581645111563,0.018596861108958,0.714310631714168));
#2914=DIRECTION('',(0.699581645111568,-0.699581645111553,0.145502727280299));
#2915=DIRECTION('center_axis',(0.707106781186553,0.16195526603578,0.688309880652074));
#2916=DIRECTION('ref_axis',(0.697518448882881,0.,-0.716566824146932));
#2917=DIRECTION('',(0.707106781186542,-0.161955266035788,-0.688309880652083));
#2918=DIRECTION('',(0.,0.973417168333577,-0.229039333725544));
#2919=DIRECTION('',(0.,-0.973417168333577,0.229039333725544));
#2920=DIRECTION('center_axis',(-1.,0.,0.));
#2921=DIRECTION('ref_axis',(0.,0.115288402856544,0.993332061380678));
#2922=DIRECTION('center_axis',(1.,0.,0.));
#2923=DIRECTION('ref_axis',(0.,0.115288402856544,0.993332061380678));
#2924=DIRECTION('',(0.707106781186524,0.,-0.707106781186571));
#2925=DIRECTION('center_axis',(-1.,0.,0.));
#2926=DIRECTION('ref_axis',(0.,0.115288402856544,0.993332061380678));
#2927=DIRECTION('center_axis',(0.70710678118654,0.,0.707106781186555));
#2928=DIRECTION('ref_axis',(0.707106781186555,0.,-0.70710678118654));
#2929=DIRECTION('',(0.577350269189634,0.577350269189622,-0.577350269189622));
#2930=DIRECTION('',(0.,1.,0.));
#2931=DIRECTION('',(0.,-1.,0.));
#2932=DIRECTION('center_axis',(0.,0.783913048024287,0.6208706251203));
#2933=DIRECTION('ref_axis',(1.,0.,0.));
#2934=DIRECTION('',(1.,0.,0.));
#2935=DIRECTION('',(-1.,0.,0.));
#2936=DIRECTION('center_axis',(-1.,0.,0.));
#2937=DIRECTION('ref_axis',(0.,0.,1.));
#2938=DIRECTION('',(0.,0.17364817766692,-0.98480775301221));
#2939=DIRECTION('center_axis',(0.,-1.,8.09061603841193E-15));
#2940=DIRECTION('ref_axis',(0.,8.09061603841193E-15,1.));
#2941=DIRECTION('',(0.,-8.09061603841193E-15,-1.));
#2942=DIRECTION('',(-1.,0.,0.));
#2943=DIRECTION('',(-1.,0.,0.));
#2944=DIRECTION('center_axis',(0.707106781186536,-0.696364240320032,-0.122787803968967));
#2945=DIRECTION('ref_axis',(-0.171087869746031,0.,-0.985255774317393));
#2946=DIRECTION('',(0.,0.17364817766692,-0.98480775301221));
#2947=DIRECTION('',(-0.707106781186559,-0.696364240320013,-0.122787803968938));
#2948=DIRECTION('',(0.,-0.17364817766692,0.98480775301221));
#2949=DIRECTION('',(-0.540716203060952,-0.644400477571797,0.540716203060892));
#2950=DIRECTION('center_axis',(0.707106781186549,0.161955266035781,0.688309880652078));
#2951=DIRECTION('ref_axis',(0.697518448882884,0.,-0.716566824146928));
#2952=DIRECTION('',(-0.676600373794579,-0.127865907749198,0.725163597967045));
#2953=DIRECTION('',(0.,-0.973417168333577,0.229039333725544));
#2954=DIRECTION('',(0.707106781186546,-0.161955266035787,-0.688309880652079));
#2955=DIRECTION('',(0.,0.973417168333577,-0.229039333725544));
#2956=DIRECTION('center_axis',(-1.,0.,0.));
#2957=DIRECTION('ref_axis',(0.,0.115288402856544,0.993332061380678));
#2958=DIRECTION('center_axis',(1.,0.,0.));
#2959=DIRECTION('ref_axis',(0.,0.115288402856544,0.993332061380678));
#2960=DIRECTION('',(0.707106781186524,0.,-0.707106781186571));
#2961=DIRECTION('center_axis',(-1.,0.,0.));
#2962=DIRECTION('ref_axis',(0.,0.115288402856544,0.993332061380678));
#2963=DIRECTION('center_axis',(0.707106781186508,0.,0.707106781186587));
#2964=DIRECTION('ref_axis',(0.707106781186587,0.,-0.707106781186508));
#2965=DIRECTION('',(0.,1.,0.));
#2966=DIRECTION('',(0.,-1.,0.));
#2967=DIRECTION('center_axis',(0.,-0.98480775301221,-0.17364817766692));
#2968=DIRECTION('ref_axis',(0.,-0.17364817766692,0.98480775301221));
#2969=DIRECTION('',(-1.,0.,0.));
#2970=DIRECTION('',(0.,-0.17364817766692,0.98480775301221));
#2971=DIRECTION('center_axis',(0.,0.,1.));
#2972=DIRECTION('ref_axis',(0.,-1.,0.));
#2973=DIRECTION('',(1.,0.,0.));
#2974=DIRECTION('center_axis',(1.,0.,0.));
#2975=DIRECTION('ref_axis',(0.,0.115288402856544,0.993332061380678));
#2976=DIRECTION('',(-1.,0.,0.));
#2977=DIRECTION('center_axis',(0.,0.229039333725544,0.973417168333577));
#2978=DIRECTION('ref_axis',(1.,0.,0.));
#2979=DIRECTION('',(-1.,0.,0.));
#2980=DIRECTION('',(0.,0.973417168333577,-0.229039333725544));
#2981=DIRECTION('',(-1.,0.,0.));
#2982=DIRECTION('center_axis',(-0.707106781186553,0.16195526603578,0.688309880652074));
#2983=DIRECTION('ref_axis',(0.697518448882881,0.,0.716566824146932));
#2984=DIRECTION('',(-0.676600373794575,0.127865907749198,-0.725163597967049));
#2985=DIRECTION('',(0.,-0.973417168333577,0.229039333725544));
#2986=DIRECTION('',(0.707106781186542,0.161955266035788,0.688309880652083));
#2987=DIRECTION('center_axis',(1.,0.,0.));
#2988=DIRECTION('ref_axis',(0.,0.115288402856544,0.993332061380678));
#2989=DIRECTION('',(0.707106781186524,0.,0.707106781186571));
#2990=DIRECTION('center_axis',(-1.,0.,0.));
#2991=DIRECTION('ref_axis',(0.,0.115288402856544,0.993332061380678));
#2992=DIRECTION('center_axis',(1.,0.,0.));
#2993=DIRECTION('ref_axis',(0.,0.115288402856544,0.993332061380678));
#2994=DIRECTION('center_axis',(-0.70710678118654,0.,0.707106781186555));
#2995=DIRECTION('ref_axis',(0.707106781186555,0.,0.70710678118654));
#2996=DIRECTION('',(0.,1.,0.));
#2997=DIRECTION('',(0.,-1.,0.));
#2998=DIRECTION('',(0.577350269189634,-0.577350269189622,0.577350269189622));
#2999=DIRECTION('center_axis',(1.,0.,0.));
#3000=DIRECTION('ref_axis',(0.,0.115288402856544,0.993332061380678));
#3001=DIRECTION('',(1.,0.,0.));
#3002=DIRECTION('center_axis',(0.,0.,1.));
#3003=DIRECTION('ref_axis',(0.,-1.,0.));
#3004=DIRECTION('',(1.,0.,0.));
#3005=DIRECTION('center_axis',(-0.707106781186536,-0.696364240320032,-0.122787803968967));
#3006=DIRECTION('ref_axis',(-0.171087869746031,0.,0.985255774317393));
#3007=DIRECTION('center_axis',(-0.707106781186571,-0.707106781186524,5.72092946473753E-15));
#3008=DIRECTION('ref_axis',(8.09061603841139E-15,0.,1.));
#3009=DIRECTION('',(-0.701673843159842,0.70167384315989,0.123724030206454));
#3010=DIRECTION('',(0.,8.09061603841193E-15,1.));
#3011=DIRECTION('center_axis',(-1.,0.,0.));
#3012=DIRECTION('ref_axis',(0.,0.,1.));
#3013=DIRECTION('',(0.,0.984807753012216,0.173648177666883));
#3014=DIRECTION('',(0.,0.173648177666906,-0.984807753012212));
#3015=DIRECTION('center_axis',(0.,-0.984807753012212,-0.173648177666906));
#3016=DIRECTION('ref_axis',(0.,-0.173648177666906,0.984807753012212));
#3017=DIRECTION('',(-1.,0.,0.));
#3018=DIRECTION('',(0.,-0.173648177666906,0.984807753012212));
#3019=DIRECTION('center_axis',(0.,-0.173648177666883,0.984807753012216));
#3020=DIRECTION('ref_axis',(0.,0.984807753012216,0.173648177666883));
#3021=DIRECTION('',(0.,-0.984807753012216,-0.173648177666883));
#3022=DIRECTION('center_axis',(1.,0.,0.));
#3023=DIRECTION('ref_axis',(0.,1.,0.));
#3024=DIRECTION('center_axis',(1.,0.,0.));
#3025=DIRECTION('ref_axis',(0.,1.,0.));
#3026=DIRECTION('',(-1.,0.,0.));
#3027=DIRECTION('center_axis',(-1.,0.,0.));
#3028=DIRECTION('ref_axis',(0.,1.,0.));
#3029=DIRECTION('',(1.,0.,0.));
#3030=DIRECTION('center_axis',(1.,0.,0.));
#3031=DIRECTION('ref_axis',(0.,0.,-1.));
#3032=DIRECTION('',(0.,-0.60000000000004,0.79999999999997));
#3033=DIRECTION('center_axis',(-1.,0.,0.));
#3034=DIRECTION('ref_axis',(0.,1.,0.));
#3035=DIRECTION('',(0.,0.60000000000004,0.79999999999997));
#3036=DIRECTION('',(0.,0.,1.));
#3037=DIRECTION('center_axis',(0.,-0.79999999999997,-0.60000000000004));
#3038=DIRECTION('ref_axis',(0.,-0.60000000000004,0.79999999999997));
#3039=DIRECTION('',(0.,-0.60000000000004,0.79999999999997));
#3040=DIRECTION('',(-1.,0.,0.));
#3041=DIRECTION('',(-1.,0.,0.));
#3042=DIRECTION('center_axis',(-1.,0.,0.));
#3043=DIRECTION('ref_axis',(0.,1.,0.));
#3044=DIRECTION('center_axis',(-1.,0.,0.));
#3045=DIRECTION('ref_axis',(0.,1.,0.));
#3046=DIRECTION('',(-1.,0.,0.));
#3047=DIRECTION('center_axis',(1.,0.,0.));
#3048=DIRECTION('ref_axis',(0.,0.,-1.));
#3049=DIRECTION('',(0.,-0.599999999999983,0.800000000000013));
#3050=DIRECTION('center_axis',(-1.,0.,0.));
#3051=DIRECTION('ref_axis',(0.,1.,0.));
#3052=DIRECTION('',(0.,0.599999999999932,0.800000000000051));
#3053=DIRECTION('',(0.,1.77635683940013E-14,1.));
#3054=DIRECTION('center_axis',(0.,-0.800000000000013,-0.599999999999983));
#3055=DIRECTION('ref_axis',(0.,-0.599999999999983,0.800000000000013));
#3056=DIRECTION('',(0.,-0.599999999999983,0.800000000000013));
#3057=DIRECTION('',(-1.,0.,0.));
#3058=DIRECTION('',(-1.,0.,0.));
#3059=DIRECTION('center_axis',(-1.,0.,0.));
#3060=DIRECTION('ref_axis',(0.,1.,0.));
#3061=DIRECTION('center_axis',(-1.,0.,0.));
#3062=DIRECTION('ref_axis',(0.,1.,0.));
#3063=DIRECTION('',(-1.,0.,0.));
#3064=DIRECTION('center_axis',(1.,0.,0.));
#3065=DIRECTION('ref_axis',(0.,0.,-1.));
#3066=DIRECTION('',(0.,-0.59999999999996,0.80000000000003));
#3067=DIRECTION('center_axis',(-1.,0.,0.));
#3068=DIRECTION('ref_axis',(0.,1.,0.));
#3069=DIRECTION('',(0.,0.600000000000062,0.799999999999953));
#3070=DIRECTION('',(0.,0.,1.));
#3071=DIRECTION('center_axis',(0.,-0.80000000000003,-0.59999999999996));
#3072=DIRECTION('ref_axis',(0.,-0.59999999999996,0.80000000000003));
#3073=DIRECTION('',(0.,-0.59999999999996,0.80000000000003));
#3074=DIRECTION('',(-1.,0.,0.));
#3075=DIRECTION('',(-1.,0.,0.));
#3076=DIRECTION('center_axis',(-1.,0.,0.));
#3077=DIRECTION('ref_axis',(0.,1.,0.));
#3078=DIRECTION('center_axis',(-1.,0.,0.));
#3079=DIRECTION('ref_axis',(0.,1.,0.));
#3080=DIRECTION('',(-1.,0.,0.));
#3081=DIRECTION('center_axis',(0.,-1.,0.));
#3082=DIRECTION('ref_axis',(0.,0.,1.));
#3083=DIRECTION('',(0.,0.,1.));
#3084=DIRECTION('',(-1.,0.,0.));
#3085=DIRECTION('center_axis',(0.,-0.79999999999997,0.60000000000004));
#3086=DIRECTION('ref_axis',(0.,0.60000000000004,0.79999999999997));
#3087=DIRECTION('',(0.,0.60000000000004,0.79999999999997));
#3088=DIRECTION('center_axis',(0.707106781186596,0.565685424949178,0.424264068711927));
#3089=DIRECTION('ref_axis',(0.5144957554275,0.,-0.85749292571256));
#3090=DIRECTION('',(0.,0.60000000000004,-0.79999999999997));
#3091=DIRECTION('',(0.707106781186524,-0.565685424949219,-0.424264068711993));
#3092=DIRECTION('',(-0.688247201611648,0.688247201611694,0.229415733870646));
#3093=DIRECTION('center_axis',(1.,0.,0.));
#3094=DIRECTION('ref_axis',(0.,1.,0.));
#3095=DIRECTION('center_axis',(1.,0.,0.));
#3096=DIRECTION('ref_axis',(0.,1.,0.));
#3097=DIRECTION('',(0.707106781186568,-0.565685424949191,0.424264068711956));
#3098=DIRECTION('center_axis',(0.707106781186527,0.565685424949233,-0.424264068711969));
#3099=DIRECTION('ref_axis',(-0.514495755427573,0.,-0.857492925712516));
#3100=DIRECTION('',(0.,-0.60000000000004,-0.79999999999997));
#3101=DIRECTION('',(-0.688247201611687,0.688247201611733,-0.229415733870415));
#3102=DIRECTION('center_axis',(0.70710678118654,0.707106781186555,0.));
#3103=DIRECTION('ref_axis',(0.,0.,-1.));
#3104=DIRECTION('',(0.,0.,-1.));
#3105=DIRECTION('center_axis',(0.,-1.,1.77635683940013E-14));
#3106=DIRECTION('ref_axis',(0.,1.77635683940013E-14,1.));
#3107=DIRECTION('',(0.,1.77635683940013E-14,1.));
#3108=DIRECTION('',(-1.,0.,0.));
#3109=DIRECTION('center_axis',(0.,-0.800000000000051,0.599999999999932));
#3110=DIRECTION('ref_axis',(0.,0.599999999999932,0.800000000000051));
#3111=DIRECTION('',(0.,0.599999999999932,0.800000000000051));
#3112=DIRECTION('center_axis',(0.707106781186552,0.565685424949243,0.424264068711914));
#3113=DIRECTION('ref_axis',(0.514495755427511,0.,-0.857492925712554));
#3114=DIRECTION('',(0.,0.599999999999983,-0.800000000000013));
#3115=DIRECTION('',(0.707106781186612,-0.565685424949164,-0.42426406871192));
#3116=DIRECTION('',(-0.688247201611668,0.688247201611713,0.22941573387053));
#3117=DIRECTION('center_axis',(1.,0.,0.));
#3118=DIRECTION('ref_axis',(0.,1.,0.));
#3119=DIRECTION('center_axis',(1.,0.,0.));
#3120=DIRECTION('ref_axis',(0.,1.,0.));
#3121=DIRECTION('',(0.707106781186493,-0.56568542494932,0.424264068711911));
#3122=DIRECTION('center_axis',(0.707106781186559,0.565685424949265,-0.424264068711874));
#3123=DIRECTION('ref_axis',(-0.514495755427472,0.,-0.857492925712577));
#3124=DIRECTION('',(0.,-0.599999999999932,-0.800000000000051));
#3125=DIRECTION('',(-0.688247201611658,0.688247201611704,-0.229415733870588));
#3126=DIRECTION('center_axis',(0.707106781186571,0.707106781186524,-1.25607396694689E-14));
#3127=DIRECTION('ref_axis',(-1.77635683940001E-14,0.,-1.));
#3128=DIRECTION('',(0.,-1.77635683940013E-14,-1.));
#3129=DIRECTION('center_axis',(0.,-1.,0.));
#3130=DIRECTION('ref_axis',(0.,0.,1.));
#3131=DIRECTION('',(0.,0.,1.));
#3132=DIRECTION('',(-1.,0.,0.));
#3133=DIRECTION('center_axis',(0.,-0.799999999999953,0.600000000000063));
#3134=DIRECTION('ref_axis',(0.,0.600000000000062,0.799999999999953));
#3135=DIRECTION('',(0.,0.600000000000062,0.799999999999953));
#3136=DIRECTION('center_axis',(0.707106781186533,0.56568542494927,0.424264068711909));
#3137=DIRECTION('ref_axis',(0.514495755427517,0.,-0.85749292571255));
#3138=DIRECTION('',(0.,0.59999999999996,-0.80000000000003));
#3139=DIRECTION('',(0.707106781186524,-0.565685424949219,-0.424264068711993));
#3140=DIRECTION('',(-0.688247201611735,0.688247201611659,0.229415733870492));
#3141=DIRECTION('center_axis',(1.,0.,0.));
#3142=DIRECTION('ref_axis',(0.,1.,0.));
#3143=DIRECTION('center_axis',(1.,0.,0.));
#3144=DIRECTION('ref_axis',(0.,1.,0.));
#3145=DIRECTION('',(0.707106781186524,-0.565685424949219,0.424264068711993));
#3146=DIRECTION('center_axis',(0.707106781186571,0.565685424949186,-0.424264068711959));
#3147=DIRECTION('ref_axis',(-0.514495755427541,0.,-0.857492925712536));
#3148=DIRECTION('',(0.,-0.600000000000062,-0.799999999999953));
#3149=DIRECTION('',(-0.688247201611687,0.68824720161161,-0.229415733870781));
#3150=DIRECTION('center_axis',(0.70710678118654,0.707106781186555,0.));
#3151=DIRECTION('ref_axis',(0.,0.,-1.));
#3152=DIRECTION('',(0.,0.,-1.));
#3153=DIRECTION('center_axis',(0.,-1.,1.77635683940029E-14));
#3154=DIRECTION('ref_axis',(0.,1.77635683940029E-14,1.));
#3155=DIRECTION('',(0.,1.77635683940029E-14,1.));
#3156=DIRECTION('',(-1.,0.,0.));
#3157=DIRECTION('',(0.,1.77635683940029E-14,1.));
#3158=DIRECTION('',(-1.,0.,0.));
#3159=DIRECTION('center_axis',(0.,-0.882352941229748,-0.470588235194222));
#3160=DIRECTION('ref_axis',(0.,-0.470588235194222,0.882352941229748));
#3161=DIRECTION('',(0.,-0.470588235194222,0.882352941229748));
#3162=DIRECTION('',(-1.,0.,0.));
#3163=DIRECTION('',(0.,-0.470588235194222,0.882352941229748));
#3164=DIRECTION('center_axis',(0.,-1.,-1.77635683940026E-14));
#3165=DIRECTION('ref_axis',(0.,-1.77635683940026E-14,1.));
#3166=DIRECTION('',(0.,-1.77635683940026E-14,1.));
#3167=DIRECTION('',(-1.,0.,0.));
#3168=DIRECTION('',(0.,-1.77635683940026E-14,1.));
#3169=DIRECTION('',(-1.,0.,0.));
#3170=DIRECTION('center_axis',(0.,-0.88235294117335,-0.470588235299969));
#3171=DIRECTION('ref_axis',(0.,-0.470588235299969,0.88235294117335));
#3172=DIRECTION('',(0.,-0.470588235299969,0.88235294117335));
#3173=DIRECTION('',(-1.,0.,0.));
#3174=DIRECTION('',(0.,-0.470588235299969,0.88235294117335));
#3175=DIRECTION('center_axis',(0.,-0.882352941179637,0.47058823528818));
#3176=DIRECTION('ref_axis',(0.,0.47058823528818,0.882352941179637));
#3177=DIRECTION('',(0.,0.47058823528818,0.882352941179637));
#3178=DIRECTION('',(0.,0.47058823528818,0.882352941179637));
#3179=DIRECTION('',(-1.,0.,0.));
#3180=DIRECTION('center_axis',(-1.,0.,0.));
#3181=DIRECTION('ref_axis',(0.,1.,0.));
#3182=DIRECTION('center_axis',(-1.,0.,0.));
#3183=DIRECTION('ref_axis',(0.,1.,0.));
#3184=DIRECTION('center_axis',(-1.,0.,0.));
#3185=DIRECTION('ref_axis',(0.,1.,0.));
#3186=DIRECTION('center_axis',(0.70710678118654,0.707106781186555,1.25607396694704E-14));
#3187=DIRECTION('ref_axis',(1.7763568394003E-14,0.,-1.));
#3188=DIRECTION('',(0.,1.77635683940026E-14,-1.));
#3189=DIRECTION('',(0.696310623822488,-0.696310623822473,-0.174077655958185));
#3190=DIRECTION('',(-0.69631062382311,0.696310623823095,-0.174077655953207));
#3191=DIRECTION('center_axis',(0.707106781186555,0.623917748103565,0.332756132327215));
#3192=DIRECTION('ref_axis',(0.425797036334207,0.,-0.904818702198958));
#3193=DIRECTION('',(0.,0.470588235299969,-0.88235294117335));
#3194=DIRECTION('',(0.707106781186578,-0.623917748114405,-0.33275613230684));
#3195=DIRECTION('center_axis',(1.,0.,0.));
#3196=DIRECTION('ref_axis',(0.,1.,0.));
#3197=DIRECTION('center_axis',(1.,0.,0.));
#3198=DIRECTION('ref_axis',(0.,1.,0.));
#3199=DIRECTION('',(0.707106781186566,-0.623917748107989,0.332756132318893));
#3200=DIRECTION('center_axis',(0.707106781186529,0.623917748108033,-0.332756132318892));
#3201=DIRECTION('ref_axis',(-0.4257970363255,0.,-0.904818702203055));
#3202=DIRECTION('',(0.,-0.47058823528818,-0.882352941179637));
#3203=DIRECTION('center_axis',(0.,-0.882352941123212,0.470588235393978));
#3204=DIRECTION('ref_axis',(0.,0.470588235393978,0.882352941123212));
#3205=DIRECTION('',(0.,0.470588235393978,0.882352941123212));
#3206=DIRECTION('',(0.,0.470588235393978,0.882352941123212));
#3207=DIRECTION('',(-1.,0.,0.));
#3208=DIRECTION('center_axis',(-1.,0.,0.));
#3209=DIRECTION('ref_axis',(0.,1.,0.));
#3210=DIRECTION('center_axis',(-1.,0.,0.));
#3211=DIRECTION('ref_axis',(0.,1.,0.));
#3212=DIRECTION('center_axis',(-1.,0.,0.));
#3213=DIRECTION('ref_axis',(0.,1.,0.));
#3214=DIRECTION('center_axis',(0.70710678118654,0.707106781186555,-1.25607396694706E-14));
#3215=DIRECTION('ref_axis',(-1.77635683940033E-14,0.,-1.));
#3216=DIRECTION('',(0.,-1.77635683940029E-14,-1.));
#3217=DIRECTION('',(0.696310623827871,-0.696310623827917,-0.174077655914878));
#3218=DIRECTION('',(-0.696310623817706,0.696310623817752,-0.174077655996199));
#3219=DIRECTION('center_axis',(0.707106781186521,0.623917748143473,0.332756132252457));
#3220=DIRECTION('ref_axis',(0.425797036255906,0.,-0.904818702235805));
#3221=DIRECTION('',(0.,0.470588235194222,-0.882352941229748));
#3222=DIRECTION('',(0.707106781186587,-0.623917748143868,-0.332756132251577));
#3223=DIRECTION('center_axis',(1.,0.,0.));
#3224=DIRECTION('ref_axis',(0.,1.,0.));
#3225=DIRECTION('center_axis',(1.,0.,0.));
#3226=DIRECTION('ref_axis',(0.,1.,0.));
#3227=DIRECTION('',(0.707106781186561,-0.623917748068104,0.33275613239369));
#3228=DIRECTION('center_axis',(0.707106781186534,0.623917748068129,-0.332756132393699));
#3229=DIRECTION('ref_axis',(-0.425797036403866,0.,-0.904818702166177));
#3230=DIRECTION('',(0.,-0.470588235393978,-0.882352941123212));
#3231=DIRECTION('center_axis',(1.,0.,0.));
#3232=DIRECTION('ref_axis',(0.,1.,0.));
#3233=DIRECTION('',(0.,-2.45014736469E-15,1.));
#3234=DIRECTION('',(0.,-1.,0.));
#3235=DIRECTION('',(0.,0.,-1.));
#3236=DIRECTION('center_axis',(1.,0.,0.));
#3237=DIRECTION('ref_axis',(0.,-0.923879532511284,0.382683432365096));
#3238=DIRECTION('',(0.,-0.707106781186552,-0.707106781186543));
#3239=DIRECTION('center_axis',(1.,0.,0.));
#3240=DIRECTION('ref_axis',(0.,-0.382683432365063,0.923879532511298));
#3241=DIRECTION('',(0.,-1.,-1.6844763132244E-15));
#3242=DIRECTION('center_axis',(-1.,0.,0.));
#3243=DIRECTION('ref_axis',(0.,0.707106781186548,-0.707106781186548));
#3244=DIRECTION('',(0.,0.,-1.));
#3245=DIRECTION('center_axis',(0.,0.,-1.));
#3246=DIRECTION('ref_axis',(1.,0.,0.));
#3247=DIRECTION('',(-1.,0.,0.));
#3248=DIRECTION('',(0.,-1.,0.));
#3249=DIRECTION('',(-1.,0.,0.));
#3250=DIRECTION('',(-0.707106781186555,-0.70710678118654,0.));
#3251=DIRECTION('',(0.,1.,0.));
#3252=DIRECTION('',(0.707106781186555,-0.70710678118654,0.));
#3253=DIRECTION('center_axis',(0.,0.,1.));
#3254=DIRECTION('ref_axis',(-1.,0.,0.));
#3255=DIRECTION('',(1.,0.,0.));
#3256=DIRECTION('',(-0.707106781186555,0.70710678118654,0.));
#3257=DIRECTION('',(0.707106781186555,0.70710678118654,0.));
#3258=DIRECTION('',(1.,0.,0.));
#3259=DIRECTION('',(0.,-1.,0.));
#3260=DIRECTION('center_axis',(1.,0.,0.));
#3261=DIRECTION('ref_axis',(0.,1.,0.));
#3262=DIRECTION('center_axis',(-1.,0.,0.));
#3263=DIRECTION('ref_axis',(0.,1.,0.));
#3264=DIRECTION('',(1.,0.,0.));
#3265=DIRECTION('center_axis',(1.,0.,0.));
#3266=DIRECTION('ref_axis',(0.,1.,0.));
#3267=DIRECTION('',(1.,0.,0.));
#3268=DIRECTION('center_axis',(1.,0.,0.));
#3269=DIRECTION('ref_axis',(0.,1.,0.));
#3270=DIRECTION('',(0.,0.,-1.));
#3271=DIRECTION('',(0.,-2.45014736469E-15,1.));
#3272=DIRECTION('',(0.,0.707106781186539,0.707106781186556));
#3273=DIRECTION('center_axis',(1.,0.,0.));
#3274=DIRECTION('ref_axis',(0.,0.38268343236511,-0.923879532511278));
#3275=DIRECTION('',(0.,1.,1.83761052351752E-15));
#3276=DIRECTION('center_axis',(1.,0.,0.));
#3277=DIRECTION('ref_axis',(0.,-0.382683432365077,-0.923879532511292));
#3278=DIRECTION('',(0.,0.707106781186543,-0.707106781186552));
#3279=DIRECTION('center_axis',(1.,0.,0.));
#3280=DIRECTION('ref_axis',(0.,-0.923879532511292,-0.382683432365077));
#3281=DIRECTION('center_axis',(1.,0.,0.));
#3282=DIRECTION('ref_axis',(0.,0.,-1.));
#3283=DIRECTION('',(0.,0.,-1.));
#3284=DIRECTION('',(0.,-0.861538461542239,-0.507692307685898));
#3285=DIRECTION('center_axis',(1.,0.,0.));
#3286=DIRECTION('ref_axis',(0.,1.,0.));
#3287=DIRECTION('',(0.,0.861538461534702,-0.507692307698687));
#3288=DIRECTION('center_axis',(0.,-0.507692307685898,0.861538461542239));
#3289=DIRECTION('ref_axis',(0.,-0.861538461542239,-0.507692307685898));
#3290=DIRECTION('',(0.,-0.861538461542239,-0.507692307685898));
#3291=DIRECTION('',(0.,0.861538461542239,0.507692307685898));
#3292=DIRECTION('',(1.,0.,0.));
#3293=DIRECTION('center_axis',(0.707106781186466,0.35899267353003,0.609199688404283));
#3294=DIRECTION('ref_axis',(0.652709025626976,0.,-0.757608690463014));
#3295=DIRECTION('',(0.707106781186575,-0.358992673529959,-0.609199688404199));
#3296=DIRECTION('',(0.,-0.861538461534702,0.507692307698687));
#3297=DIRECTION('',(-0.655610068108078,0.655610068107947,0.374634324629785));
#3298=DIRECTION('center_axis',(1.,0.,0.));
#3299=DIRECTION('ref_axis',(0.,1.,0.));
#3300=DIRECTION('',(0.707106781186544,-0.3589926735209,0.609199688409574));
#3301=DIRECTION('center_axis',(0.707106781186551,0.358992673520944,-0.609199688409539));
#3302=DIRECTION('ref_axis',(-0.652709025630163,0.,-0.757608690460269));
#3303=DIRECTION('',(0.655610068106419,-0.655610068106288,0.374634324635592));
#3304=DIRECTION('center_axis',(0.707106781186477,0.707106781186618,0.));
#3305=DIRECTION('ref_axis',(0.,0.,-1.));
#3306=DIRECTION('',(0.,0.,1.));
#3307=DIRECTION('center_axis',(0.,-1.,0.));
#3308=DIRECTION('ref_axis',(0.,0.,-1.));
#3309=DIRECTION('',(0.,0.,-1.));
#3310=DIRECTION('',(1.,0.,0.));
#3311=DIRECTION('center_axis',(0.,-0.507692307698687,-0.861538461534702));
#3312=DIRECTION('ref_axis',(0.,0.861538461534702,-0.507692307698687));
#3313=DIRECTION('',(0.,0.861538461534702,-0.507692307698687));
#3314=DIRECTION('center_axis',(-0.707106781186551,0.358992673520944,-0.609199688409539));
#3315=DIRECTION('ref_axis',(-0.652709025630163,0.,0.757608690460269));
#3316=DIRECTION('',(0.,0.861538461542239,0.507692307685898));
#3317=DIRECTION('',(-0.707106781186467,-0.358992673529904,0.609199688404357));
#3318=DIRECTION('',(0.655610068106376,0.655610068106478,-0.374634324635334));
#3319=DIRECTION('center_axis',(-1.,0.,0.));
#3320=DIRECTION('ref_axis',(0.,1.,0.));
#3321=DIRECTION('center_axis',(-1.,0.,0.));
#3322=DIRECTION('ref_axis',(0.,1.,0.));
#3323=DIRECTION('',(-0.707106781186575,-0.358992673529959,-0.609199688404199));
#3324=DIRECTION('center_axis',(-0.70710678118652,0.358992673530003,0.609199688404237));
#3325=DIRECTION('ref_axis',(0.652709025626919,0.,0.757608690463064));
#3326=DIRECTION('',(0.,-0.861538461534702,0.507692307698687));
#3327=DIRECTION('',(-0.655610068107949,-0.655610068108051,-0.374634324629828));
#3328=DIRECTION('center_axis',(-0.707106781186603,0.707106781186493,0.));
#3329=DIRECTION('ref_axis',(0.,0.,1.));
#3330=DIRECTION('',(0.,0.,1.));
#3331=DIRECTION('center_axis',(-1.,0.,0.));
#3332=DIRECTION('ref_axis',(0.,0.,-1.));
#3333=DIRECTION('',(0.,0.,1.));
#3334=DIRECTION('',(0.,0.,1.));
#3335=DIRECTION('',(0.,0.,1.));
#3336=DIRECTION('',(0.,-0.861538461534851,0.507692307698434));
#3337=DIRECTION('center_axis',(-1.,0.,0.));
#3338=DIRECTION('ref_axis',(0.,1.,0.));
#3339=DIRECTION('',(0.,0.861538461542092,0.507692307686146));
#3340=DIRECTION('center_axis',(0.,-0.507692307698434,-0.861538461534851));
#3341=DIRECTION('ref_axis',(0.,0.861538461534851,-0.507692307698434));
#3342=DIRECTION('',(0.,-0.861538461534851,0.507692307698434));
#3343=DIRECTION('',(0.,0.861538461534851,-0.507692307698434));
#3344=DIRECTION('',(1.,0.,0.));
#3345=DIRECTION('center_axis',(-0.707106781186615,0.358992673521087,-0.609199688409381));
#3346=DIRECTION('ref_axis',(-0.652709025630032,0.,0.757608690460382));
#3347=DIRECTION('',(-0.707106781186607,-0.35899267352985,0.609199688404227));
#3348=DIRECTION('',(0.,-0.861538461542092,-0.507692307686146));
#3349=DIRECTION('',(0.655610068106397,0.655610068106383,-0.374634324635463));
#3350=DIRECTION('center_axis',(-1.,0.,0.));
#3351=DIRECTION('ref_axis',(0.,1.,0.));
#3352=DIRECTION('',(-0.707106781186498,-0.358992673529795,-0.609199688404385));
#3353=DIRECTION('center_axis',(-0.707106781186597,0.358992673529785,0.609199688404276));
#3354=DIRECTION('ref_axis',(0.652709025626902,0.,0.757608690463078));
#3355=DIRECTION('',(-0.655610068107913,-0.655610068107899,-0.374634324630157));
#3356=DIRECTION('center_axis',(-0.70710678118654,0.707106781186555,0.));
#3357=DIRECTION('ref_axis',(0.,0.,1.));
#3358=DIRECTION('',(0.,0.,-1.));
#3359=DIRECTION('center_axis',(1.,0.,0.));
#3360=DIRECTION('ref_axis',(0.,0.,-1.));
#3361=DIRECTION('',(0.,0.,-1.));
#3362=DIRECTION('',(0.,-0.861538461542092,-0.507692307686146));
#3363=DIRECTION('center_axis',(1.,0.,0.));
#3364=DIRECTION('ref_axis',(0.,1.,0.));
#3365=DIRECTION('',(0.,0.861538461534851,-0.507692307698435));
#3366=DIRECTION('center_axis',(0.,-1.,0.));
#3367=DIRECTION('ref_axis',(0.,0.,-1.));
#3368=DIRECTION('',(0.,0.,1.));
#3369=DIRECTION('',(1.,0.,0.));
#3370=DIRECTION('center_axis',(0.,-0.507692307686146,0.861538461542093));
#3371=DIRECTION('ref_axis',(0.,-0.861538461542092,-0.507692307686146));
#3372=DIRECTION('',(0.,0.861538461542092,0.507692307686146));
#3373=DIRECTION('center_axis',(0.707106781186597,0.358992673529785,0.609199688404276));
#3374=DIRECTION('ref_axis',(0.652709025626902,0.,-0.757608690463078));
#3375=DIRECTION('',(0.707106781186467,-0.358992673529904,-0.609199688404357));
#3376=DIRECTION('',(-0.655610068107913,0.655610068107899,0.374634324630157));
#3377=DIRECTION('center_axis',(1.,0.,0.));
#3378=DIRECTION('ref_axis',(0.,1.,0.));
#3379=DIRECTION('',(0.707106781186534,-0.358992673521146,0.60919968840944));
#3380=DIRECTION('center_axis',(0.707106781186561,0.358992673521114,-0.609199688409428));
#3381=DIRECTION('ref_axis',(-0.652709025630089,0.,-0.757608690460332));
#3382=DIRECTION('',(0.655610068106426,-0.655610068106411,0.374634324635363));
#3383=DIRECTION('center_axis',(0.70710678118654,0.707106781186555,0.));
#3384=DIRECTION('ref_axis',(0.,0.,-1.));
#3385=DIRECTION('center_axis',(0.707106781186493,0.500000000000044,-0.500000000000033));
#3386=DIRECTION('ref_axis',(-0.57735026918968,0.,-0.816496580927688));
#3387=DIRECTION('',(-0.67859834454588,0.678598344545866,-0.281084637714696));
#3388=DIRECTION('',(0.,-0.707106781186539,-0.707106781186556));
#3389=DIRECTION('',(0.707106781186557,-0.499999999999993,0.499999999999993));
#3390=DIRECTION('',(0.,0.707106781186539,0.707106781186556));
#3391=DIRECTION('center_axis',(-1.,0.,0.));
#3392=DIRECTION('ref_axis',(0.,0.38268343236511,-0.923879532511278));
#3393=DIRECTION('',(0.707106781186524,0.,0.707106781186571));
#3394=DIRECTION('center_axis',(1.,0.,0.));
#3395=DIRECTION('ref_axis',(0.,0.38268343236511,-0.923879532511279));
#3396=DIRECTION('center_axis',(-1.,0.,0.));
#3397=DIRECTION('ref_axis',(0.,0.38268343236511,-0.923879532511278));
#3398=DIRECTION('center_axis',(0.70710678118654,1.29938686235902E-15,-0.707106781186555));
#3399=DIRECTION('ref_axis',(-0.707106781186555,0.,-0.70710678118654));
#3400=DIRECTION('',(0.,-1.,-1.83761052351752E-15));
#3401=DIRECTION('',(0.707106781186524,0.,0.707106781186571));
#3402=DIRECTION('',(0.,1.,1.83761052351752E-15));
#3403=DIRECTION('center_axis',(-1.,0.,0.));
#3404=DIRECTION('ref_axis',(0.,-0.382683432365077,-0.923879532511292));
#3405=DIRECTION('',(0.707106781186557,0.499999999999993,0.499999999999993));
#3406=DIRECTION('center_axis',(1.,0.,0.));
#3407=DIRECTION('ref_axis',(0.,-0.382683432365077,-0.923879532511292));
#3408=DIRECTION('center_axis',(-1.,0.,0.));
#3409=DIRECTION('ref_axis',(0.,-0.382683432365077,-0.923879532511292));
#3410=DIRECTION('center_axis',(0.707106781186538,-0.50000000000001,-0.500000000000004));
#3411=DIRECTION('ref_axis',(-0.577350269189634,0.,-0.81649658092772));
#3412=DIRECTION('',(0.707106781186535,0.50000000000004,0.499999999999977));
#3413=DIRECTION('',(0.,0.707106781186543,-0.707106781186552));
#3414=DIRECTION('',(0.,-0.707106781186543,0.707106781186552));
#3415=DIRECTION('center_axis',(-1.,0.,0.));
#3416=DIRECTION('ref_axis',(0.,-0.923879532511292,-0.382683432365077));
#3417=DIRECTION('',(0.707106781186555,0.70710678118654,0.));
#3418=DIRECTION('center_axis',(1.,0.,0.));
#3419=DIRECTION('ref_axis',(0.,-0.923879532511292,-0.382683432365077));
#3420=DIRECTION('center_axis',(-1.,0.,0.));
#3421=DIRECTION('ref_axis',(0.,-0.923879532511292,-0.382683432365077));
#3422=DIRECTION('center_axis',(0.70710678118654,-0.707106781186555,0.));
#3423=DIRECTION('ref_axis',(0.,0.,-1.));
#3424=DIRECTION('',(0.,0.,1.));
#3425=DIRECTION('',(0.707106781186524,0.707106781186571,0.));
#3426=DIRECTION('',(0.,0.,-1.));
#3427=DIRECTION('center_axis',(-1.,0.,0.));
#3428=DIRECTION('ref_axis',(0.,-0.923879532511284,0.382683432365096));
#3429=DIRECTION('',(0.707106781186513,0.500000000000024,-0.500000000000024));
#3430=DIRECTION('center_axis',(1.,0.,0.));
#3431=DIRECTION('ref_axis',(0.,-0.923879532511284,0.382683432365096));
#3432=DIRECTION('center_axis',(-1.,0.,0.));
#3433=DIRECTION('ref_axis',(0.,-0.923879532511284,0.382683432365096));
#3434=DIRECTION('center_axis',(0.707106781186538,-0.500000000000004,0.50000000000001));
#3435=DIRECTION('ref_axis',(0.577350269189639,0.,-0.816496580927717));
#3436=DIRECTION('',(0.707106781186513,0.500000000000024,-0.500000000000024));
#3437=DIRECTION('',(0.,-0.707106781186552,-0.707106781186543));
#3438=DIRECTION('',(0.,0.707106781186552,0.707106781186543));
#3439=DIRECTION('center_axis',(-1.,0.,0.));
#3440=DIRECTION('ref_axis',(0.,-0.382683432365063,0.923879532511298));
#3441=DIRECTION('',(0.707106781186524,0.,-0.707106781186571));
#3442=DIRECTION('center_axis',(1.,0.,0.));
#3443=DIRECTION('ref_axis',(0.,-0.382683432365064,0.923879532511298));
#3444=DIRECTION('center_axis',(-1.,0.,0.));
#3445=DIRECTION('ref_axis',(0.,-0.382683432365063,0.923879532511298));
#3446=DIRECTION('center_axis',(0.707106781186571,-1.19110462382905E-15,
0.707106781186524));
#3447=DIRECTION('ref_axis',(0.707106781186524,0.,-0.707106781186571));
#3448=DIRECTION('',(0.,1.,1.6844763132244E-15));
#3449=DIRECTION('',(0.707106781186555,0.,-0.70710678118654));
#3450=DIRECTION('',(0.,-1.,-1.6844763132244E-15));
#3451=DIRECTION('center_axis',(1.,0.,0.));
#3452=DIRECTION('ref_axis',(0.,0.707106781186547,-0.707106781186547));
#3453=DIRECTION('',(0.707106781186555,0.70710678118654,0.));
#3454=DIRECTION('center_axis',(-1.,0.,0.));
#3455=DIRECTION('ref_axis',(0.,0.707106781186548,-0.707106781186548));
#3456=DIRECTION('center_axis',(1.,0.,0.));
#3457=DIRECTION('ref_axis',(0.,0.707106781186548,-0.707106781186548));
#3458=DIRECTION('center_axis',(-0.70710678118654,0.707106781186555,1.73251581647867E-15));
#3459=DIRECTION('ref_axis',(2.45014736469006E-15,0.,1.));
#3460=DIRECTION('',(0.,2.45014736469E-15,-1.));
#3461=DIRECTION('center_axis',(0.,0.707106781186556,-0.707106781186539));
#3462=DIRECTION('ref_axis',(-1.,0.,0.));
#3463=DIRECTION('',(0.,-0.707106781186539,-0.707106781186556));
#3464=DIRECTION('',(1.,0.,0.));
#3465=DIRECTION('',(1.,0.,0.));
#3466=DIRECTION('center_axis',(-1.,0.,0.));
#3467=DIRECTION('ref_axis',(0.,0.38268343236511,-0.923879532511279));
#3468=DIRECTION('center_axis',(-1.,0.,0.));
#3469=DIRECTION('ref_axis',(0.,0.38268343236511,-0.923879532511279));
#3470=DIRECTION('',(-1.,0.,0.));
#3471=DIRECTION('center_axis',(0.,1.83761052351752E-15,-1.));
#3472=DIRECTION('ref_axis',(0.,1.,1.83761052351752E-15));
#3473=DIRECTION('',(0.,-1.,-1.83761052351752E-15));
#3474=DIRECTION('',(1.,0.,0.));
#3475=DIRECTION('center_axis',(1.,0.,0.));
#3476=DIRECTION('ref_axis',(0.,-0.382683432365077,-0.923879532511292));
#3477=DIRECTION('center_axis',(-1.,0.,0.));
#3478=DIRECTION('ref_axis',(0.,-0.382683432365077,-0.923879532511292));
#3479=DIRECTION('',(-1.,0.,0.));
#3480=DIRECTION('center_axis',(0.,-0.707106781186552,-0.707106781186543));
#3481=DIRECTION('ref_axis',(-1.,0.,0.));
#3482=DIRECTION('',(0.,-0.707106781186543,0.707106781186552));
#3483=DIRECTION('',(1.,0.,0.));
#3484=DIRECTION('center_axis',(-1.,0.,0.));
#3485=DIRECTION('ref_axis',(0.,-0.923879532511292,-0.382683432365077));
#3486=DIRECTION('center_axis',(-1.,0.,0.));
#3487=DIRECTION('ref_axis',(0.,-0.923879532511292,-0.382683432365077));
#3488=DIRECTION('',(-1.,0.,0.));
#3489=DIRECTION('center_axis',(-0.70710678118654,-0.707106781186555,0.));
#3490=DIRECTION('ref_axis',(0.,0.,1.));
#3491=DIRECTION('',(-0.707106781186524,0.707106781186571,0.));
#3492=DIRECTION('',(0.,0.,1.));
#3493=DIRECTION('center_axis',(1.,0.,0.));
#3494=DIRECTION('ref_axis',(0.,-0.923879532511292,-0.382683432365077));
#3495=DIRECTION('',(-0.707106781186557,0.499999999999993,0.499999999999993));
#3496=DIRECTION('center_axis',(-0.707106781186538,-0.50000000000001,-0.500000000000004));
#3497=DIRECTION('ref_axis',(-0.577350269189634,0.,0.81649658092772));
#3498=DIRECTION('',(-0.70710678118658,0.499999999999946,0.500000000000009));
#3499=DIRECTION('center_axis',(1.,0.,0.));
#3500=DIRECTION('ref_axis',(0.,-0.382683432365077,-0.923879532511292));
#3501=DIRECTION('',(-0.707106781186555,0.,0.70710678118654));
#3502=DIRECTION('center_axis',(-0.70710678118654,1.29938686235902E-15,-0.707106781186555));
#3503=DIRECTION('ref_axis',(-0.707106781186555,0.,0.70710678118654));
#3504=DIRECTION('',(-0.707106781186524,0.,0.707106781186571));
#3505=DIRECTION('center_axis',(1.,0.,0.));
#3506=DIRECTION('ref_axis',(0.,0.38268343236511,-0.923879532511278));
#3507=DIRECTION('',(-0.707106781186602,-0.499999999999962,0.499999999999962));
#3508=DIRECTION('center_axis',(-0.70710678118654,0.707106781186555,1.73251581647867E-15));
#3509=DIRECTION('ref_axis',(2.45014736469006E-15,0.,1.));
#3510=DIRECTION('',(0.,2.45014736469E-15,-1.));
#3511=DIRECTION('',(0.678598344545891,0.678598344545876,-0.281084637714646));
#3512=DIRECTION('center_axis',(-0.707106781186493,0.500000000000044,-0.500000000000033));
#3513=DIRECTION('ref_axis',(-0.57735026918968,0.,0.816496580927688));
#3514=DIRECTION('center_axis',(0.,-1.,0.));
#3515=DIRECTION('ref_axis',(0.,0.,-1.));
#3516=DIRECTION('',(0.,0.,1.));
#3517=DIRECTION('',(1.,0.,0.));
#3518=DIRECTION('center_axis',(1.,0.,0.));
#3519=DIRECTION('ref_axis',(0.,-0.923879532511284,0.382683432365096));
#3520=DIRECTION('center_axis',(-1.,0.,0.));
#3521=DIRECTION('ref_axis',(0.,-0.923879532511284,0.382683432365096));
#3522=DIRECTION('',(-1.,0.,0.));
#3523=DIRECTION('center_axis',(0.,-0.707106781186543,0.707106781186552));
#3524=DIRECTION('ref_axis',(1.,0.,0.));
#3525=DIRECTION('',(0.,0.707106781186552,0.707106781186543));
#3526=DIRECTION('',(1.,0.,0.));
#3527=DIRECTION('center_axis',(-1.,0.,0.));
#3528=DIRECTION('ref_axis',(0.,-0.382683432365063,0.923879532511298));
#3529=DIRECTION('center_axis',(-1.,0.,0.));
#3530=DIRECTION('ref_axis',(0.,-0.382683432365064,0.923879532511298));
#3531=DIRECTION('',(-1.,0.,0.));
#3532=DIRECTION('center_axis',(0.,-1.6844763132244E-15,1.));
#3533=DIRECTION('ref_axis',(0.,-1.,-1.6844763132244E-15));
#3534=DIRECTION('',(0.,1.,1.6844763132244E-15));
#3535=DIRECTION('',(1.,0.,0.));
#3536=DIRECTION('center_axis',(1.,0.,0.));
#3537=DIRECTION('ref_axis',(0.,0.707106781186548,-0.707106781186548));
#3538=DIRECTION('center_axis',(1.,0.,0.));
#3539=DIRECTION('ref_axis',(0.,0.707106781186548,-0.707106781186548));
#3540=DIRECTION('',(-1.,0.,0.));
#3541=DIRECTION('center_axis',(-0.70710678118654,-0.707106781186555,0.));
#3542=DIRECTION('ref_axis',(0.,0.,1.));
#3543=DIRECTION('',(0.707106781186524,-0.707106781186571,0.));
#3544=DIRECTION('center_axis',(1.,0.,0.));
#3545=DIRECTION('ref_axis',(0.,-0.923879532511284,0.382683432365096));
#3546=DIRECTION('',(0.707106781186513,-0.500000000000024,0.500000000000024));
#3547=DIRECTION('center_axis',(-0.707106781186538,-0.500000000000004,0.50000000000001));
#3548=DIRECTION('ref_axis',(0.577350269189639,0.,0.816496580927717));
#3549=DIRECTION('',(0.707106781186513,-0.500000000000024,0.500000000000024));
#3550=DIRECTION('center_axis',(1.,0.,0.));
#3551=DIRECTION('ref_axis',(0.,-0.382683432365063,0.923879532511298));
#3552=DIRECTION('',(0.707106781186524,0.,0.707106781186571));
#3553=DIRECTION('center_axis',(-0.707106781186571,-1.19110462382905E-15,
0.707106781186524));
#3554=DIRECTION('ref_axis',(0.707106781186524,0.,0.707106781186571));
#3555=DIRECTION('',(0.707106781186555,0.,0.70710678118654));
#3556=DIRECTION('center_axis',(-1.,0.,0.));
#3557=DIRECTION('ref_axis',(0.,0.707106781186547,-0.707106781186547));
#3558=DIRECTION('',(0.707106781186555,-0.70710678118654,0.));
#3559=DIRECTION('center_axis',(0.,1.,2.45014736469E-15));
#3560=DIRECTION('ref_axis',(0.,-2.45014736469E-15,1.));
#3561=DIRECTION('',(0.,-2.45014736469E-15,1.));
#3562=DIRECTION('center_axis',(0.70710678118654,0.707106781186555,1.73251581647867E-15));
#3563=DIRECTION('ref_axis',(2.45014736469006E-15,0.,-1.));
#3564=DIRECTION('',(0.,2.45014736469E-15,-1.));
#3565=DIRECTION('center_axis',(-0.70710678118654,-0.707106781186555,0.));
#3566=DIRECTION('ref_axis',(0.,0.,1.));
#3567=DIRECTION('',(0.,0.,1.));
#3568=DIRECTION('center_axis',(0.,-1.,0.));
#3569=DIRECTION('ref_axis',(0.,0.,-1.));
#3570=DIRECTION('',(0.,0.,-1.));
#3571=DIRECTION('center_axis',(0.70710678118654,-0.707106781186555,0.));
#3572=DIRECTION('ref_axis',(0.,0.,-1.));
#3573=DIRECTION('',(0.,0.,1.));
#3574=DIRECTION('center_axis',(1.,0.,0.));
#3575=DIRECTION('ref_axis',(0.,1.,0.));
#3576=DIRECTION('',(0.,0.,1.));
#3577=DIRECTION('',(1.,0.,0.));
#3578=CARTESIAN_POINT('',(0.,0.,0.));
#3579=CARTESIAN_POINT('',(0.,0.,0.));
#3580=CARTESIAN_POINT('Origin',(9.6,300.493029073824,-214.749999999918));
#3581=CARTESIAN_POINT('',(9.60000000000004,301.92403876509,-214.749999999918));
#3582=CARTESIAN_POINT('',(10.,302.32403876509,-215.149999999918));
#3583=CARTESIAN_POINT('',(12.2864983847891,304.610537149879,-217.436498384707));
#3584=CARTESIAN_POINT('',(10.,293.400000000028,-215.149999999918));
#3585=CARTESIAN_POINT('',(10.,300.493029073824,-215.149999999918));
#3586=CARTESIAN_POINT('',(9.2,294.200000000028,-214.349999999918));
#3587=CARTESIAN_POINT('',(8.8594951543673,294.540504845661,-214.009495154285));
#3588=CARTESIAN_POINT('',(9.2,302.32403876509,-214.349999999918));
#3589=CARTESIAN_POINT('',(9.2,300.493029073824,-214.349999999918));
#3590=CARTESIAN_POINT('',(9.70516828187757,301.818870483212,-214.855168281795));
#3591=CARTESIAN_POINT('Origin',(10.,302.72403876509,-214.349999999918));
#3592=CARTESIAN_POINT('',(-19.6,294.200000000028,-214.349999999918));
#3593=CARTESIAN_POINT('',(10.,294.200000000028,-214.349999999918));
#3594=CARTESIAN_POINT('',(-19.6,302.32403876509,-214.349999999918));
#3595=CARTESIAN_POINT('',(-19.6,300.276638552501,-214.349999999918));
#3596=CARTESIAN_POINT('',(10.,302.32403876509,-214.349999999918));
#3597=CARTESIAN_POINT('Origin',(-19.6,293.800000000028,-213.949999999918));
#3598=CARTESIAN_POINT('',(-20.,294.200000000028,-213.949999999918));
#3599=CARTESIAN_POINT('',(-19.6,294.200000000028,-214.349999999918));
#3600=CARTESIAN_POINT('',(-19.6,293.800000000028,-213.949999999918));
#3601=CARTESIAN_POINT('',(-19.6,293.800000000028,-213.949999999918));
#3602=CARTESIAN_POINT('',(-20.,294.200000000028,-213.949999999918));
#3603=CARTESIAN_POINT('Origin',(10.,294.000000000028,-214.149999999918));
#3604=CARTESIAN_POINT('',(9.6,293.800000000028,-213.949999999918));
#3605=CARTESIAN_POINT('',(9.22500000000003,294.175000000028,-214.324999999918));
#3606=CARTESIAN_POINT('',(10.,293.800000000028,-213.949999999918));
#3607=CARTESIAN_POINT('Origin',(-19.8,294.000000000028,-212.024999999918));
#3608=CARTESIAN_POINT('',(-19.6,293.800000000028,-209.958846517991));
#3609=CARTESIAN_POINT('',(-20.,294.200000000028,-209.92385105258));
#3610=CARTESIAN_POINT('',(-19.7590638764015,293.95906387643,-209.944930232029));
#3611=CARTESIAN_POINT('',(-20.,294.200000000028,-212.024999999918));
#3612=CARTESIAN_POINT('',(-19.6,293.800000000028,-212.024999999918));
#3613=CARTESIAN_POINT('Origin',(-19.6,302.32403876509,-214.349999999918));
#3614=CARTESIAN_POINT('',(-19.6,302.72403876509,-213.949999999918));
#3615=CARTESIAN_POINT('',(-20.,302.32403876509,-213.949999999918));
#3616=CARTESIAN_POINT('',(-19.6,302.72403876509,-213.949999999918));
#3617=CARTESIAN_POINT('',(-19.6,302.32403876509,-214.349999999918));
#3618=CARTESIAN_POINT('',(-20.,302.32403876509,-213.949999999918));
#3619=CARTESIAN_POINT('Origin',(10.,302.52403876509,-214.149999999918));
#3620=CARTESIAN_POINT('',(10.4,302.72403876509,-213.949999999918));
#3621=CARTESIAN_POINT('',(7.34166666666668,299.665705431756,-217.008333333251));
#3622=CARTESIAN_POINT('',(10.,302.72403876509,-213.949999999918));
#3623=CARTESIAN_POINT('Origin',(-19.8,300.276638552501,-214.149999999918));
#3624=CARTESIAN_POINT('',(-20.,300.276638552501,-213.949999999918));
#3625=CARTESIAN_POINT('Origin',(-20.,302.32403876509,-207.366805863367));
#3626=CARTESIAN_POINT('',(-19.6,302.72403876509,-207.449999999918));
#3627=CARTESIAN_POINT('',(-19.6,302.334671897756,-206.958384266428));
#3628=CARTESIAN_POINT('',(-19.6,302.72403876509,-207.449999999918));
#3629=CARTESIAN_POINT('',(-20.,302.32403876509,-207.366805863367));
#3630=CARTESIAN_POINT('',(-20.,302.32403876509,-207.366805863367));
#3631=CARTESIAN_POINT('',(-19.6,302.334671897756,-206.958384266428));
#3632=CARTESIAN_POINT('Origin',(-19.8,302.52403876509,-226.524999999918));
#3633=CARTESIAN_POINT('',(-20.,302.32403876509,-226.524999999918));
#3634=CARTESIAN_POINT('',(-19.6,302.72403876509,-226.524999999918));
#3635=CARTESIAN_POINT('Origin',(-19.8,298.529628729695,-206.268541746844));
#3636=CARTESIAN_POINT('',(-20.,294.697308204511,-205.572281025584));
#3637=CARTESIAN_POINT('',(-19.6,294.788923938001,-205.18291415825));
#3638=CARTESIAN_POINT('',(-20.,294.697308204511,-205.572281025584));
#3639=CARTESIAN_POINT('',(-19.6,298.57543659644,-206.073858313177));
#3640=CARTESIAN_POINT('',(-20.,298.48382086295,-206.46322518051));
#3641=CARTESIAN_POINT('Origin',(-19.8,293.643727269373,-210.049999999918));
#3642=CARTESIAN_POINT('',(-20.,293.643727269373,-205.449999999918));
#3643=CARTESIAN_POINT('',(-19.6,293.643727269373,-205.049999999918));
#3644=CARTESIAN_POINT('',(-20.,293.643727269373,-205.449999999918));
#3645=CARTESIAN_POINT('Origin',(-19.6,293.643727269373,-210.049999999918));
#3646=CARTESIAN_POINT('Origin',(-20.,293.643727269373,-210.049999999918));
#3647=CARTESIAN_POINT('Origin',(-19.8,300.276638552501,-205.249999999918));
#3648=CARTESIAN_POINT('',(-20.,293.411139351773,-205.449999999918));
#3649=CARTESIAN_POINT('',(-19.6,292.934437914735,-205.049999999918));
#3650=CARTESIAN_POINT('',(-21.9032489238733,295.6793430944,-207.353248923791));
#3651=CARTESIAN_POINT('',(-19.6,300.276638552501,-205.049999999918));
#3652=CARTESIAN_POINT('',(-20.,300.276638552501,-205.449999999918));
#3653=CARTESIAN_POINT('Origin',(15.,302.32403876509,-207.366805863367));
#3654=CARTESIAN_POINT('',(14.6,302.334671897756,-206.958384266428));
#3655=CARTESIAN_POINT('',(14.6,302.72403876509,-207.449999999918));
#3656=CARTESIAN_POINT('',(14.6,302.334671897756,-206.958384266428));
#3657=CARTESIAN_POINT('',(15.,302.32403876509,-207.366805863367));
#3658=CARTESIAN_POINT('',(15.,302.32403876509,-207.366805863367));
#3659=CARTESIAN_POINT('',(14.6,302.72403876509,-207.449999999918));
#3660=CARTESIAN_POINT('Origin',(14.8,299.754667617113,-206.556786190942));
#3661=CARTESIAN_POINT('',(14.6,294.788923938001,-205.18291415825));
#3662=CARTESIAN_POINT('',(15.,294.697308204511,-205.572281025584));
#3663=CARTESIAN_POINT('',(14.6,294.788923938001,-205.18291415825));
#3664=CARTESIAN_POINT('',(15.,299.708859750368,-206.751469624609));
#3665=CARTESIAN_POINT('',(14.6,299.800475483858,-206.362102757275));
#3666=CARTESIAN_POINT('Origin',(14.8,293.643727269373,-210.049999999918));
#3667=CARTESIAN_POINT('',(14.6,293.643727269373,-205.049999999918));
#3668=CARTESIAN_POINT('Origin',(14.6,293.643727269373,-210.049999999918));
#3669=CARTESIAN_POINT('',(15.,293.643727269373,-205.449999999918));
#3670=CARTESIAN_POINT('',(14.6,293.643727269373,-205.049999999918));
#3671=CARTESIAN_POINT('Origin',(15.,293.643727269373,-210.049999999918));
#3672=CARTESIAN_POINT('Origin',(14.8,300.493029073824,-205.249999999918));
#3673=CARTESIAN_POINT('',(14.6,292.800000000028,-205.049999999918));
#3674=CARTESIAN_POINT('',(15.,293.200000000028,-205.449999999918));
#3675=CARTESIAN_POINT('',(17.1655048456327,295.365504845661,-207.615504845551));
#3676=CARTESIAN_POINT('',(15.,300.493029073824,-205.449999999918));
#3677=CARTESIAN_POINT('',(14.6,300.493029073824,-205.049999999918));
#3678=CARTESIAN_POINT('Origin',(10.,302.529355331423,-207.204192133173));
#3679=CARTESIAN_POINT('',(10.,302.334671897756,-206.958384266428));
#3680=CARTESIAN_POINT('',(10.,302.72403876509,-207.449999999918));
#3681=CARTESIAN_POINT('Origin',(-20.,297.829238339913,-209.699999999918));
#3682=CARTESIAN_POINT('',(-20.,294.232538621558,-210.108386745294));
#3683=CARTESIAN_POINT('Origin',(10.,293.800000000028,-214.349999999918));
#3684=CARTESIAN_POINT('',(9.6,293.800000000028,-209.958846517991));
#3685=CARTESIAN_POINT('',(9.6,293.800000000028,-216.599999999918));
#3686=CARTESIAN_POINT('',(-17.4,293.800000000028,-209.958846517991));
#3687=CARTESIAN_POINT('',(10.,293.800000000028,-209.958846517991));
#3688=CARTESIAN_POINT('',(-17.,293.800000000028,-209.958846517991));
#3689=CARTESIAN_POINT('Origin',(-17.2,294.035577070955,-210.143116380827));
#3690=CARTESIAN_POINT('',(-17.4,292.934437914735,-205.049999999918));
#3691=CARTESIAN_POINT('',(-17.4,293.838615520353,-210.17784601636));
#3692=CARTESIAN_POINT('',(-17.,294.193923101233,-209.889387246924));
#3693=CARTESIAN_POINT('',(-10.4499999999998,300.644413883463,-208.751991683206));
#3694=CARTESIAN_POINT('',(-17.,293.411139351773,-205.449999999918));
#3695=CARTESIAN_POINT('',(-17.,294.232538621558,-210.108386745294));
#3696=CARTESIAN_POINT('',(-17.,293.411139351773,-205.449999999918));
#3697=CARTESIAN_POINT('Origin',(-17.2,298.529628729695,-206.268541746844));
#3698=CARTESIAN_POINT('',(-17.,299.310484516644,-206.657734275497));
#3699=CARTESIAN_POINT('',(-17.4,299.234891352525,-206.229024138138));
#3700=CARTESIAN_POINT('',(-10.4234239822699,300.553344992279,-213.706346295284));
#3701=CARTESIAN_POINT('',(-17.4,294.788923938001,-205.18291415825));
#3702=CARTESIAN_POINT('',(-17.4,298.57543659644,-206.073858313177));
#3703=CARTESIAN_POINT('',(-17.,294.697308204511,-205.572281025584));
#3704=CARTESIAN_POINT('',(-17.4,294.788923938001,-205.18291415825));
#3705=CARTESIAN_POINT('',(-17.,298.48382086295,-206.46322518051));
#3706=CARTESIAN_POINT('Origin',(-17.2,293.643727269373,-210.049999999918));
#3707=CARTESIAN_POINT('',(-17.4,293.643727269373,-205.049999999918));
#3708=CARTESIAN_POINT('Origin',(-17.4,293.643727269373,-210.049999999918));
#3709=CARTESIAN_POINT('',(-17.,293.643727269373,-205.449999999918));
#3710=CARTESIAN_POINT('',(-17.4,293.643727269373,-205.049999999918));
#3711=CARTESIAN_POINT('Origin',(-17.,293.643727269373,-210.049999999918));
#3712=CARTESIAN_POINT('Origin',(-17.2,300.276638552501,-205.249999999918));
#3713=CARTESIAN_POINT('',(-17.,300.276638552501,-205.449999999918));
#3714=CARTESIAN_POINT('',(-17.4,300.276638552501,-205.049999999918));
#3715=CARTESIAN_POINT('Origin',(-17.,293.800000000028,-209.958846517991));
#3716=CARTESIAN_POINT('',(-17.,292.934437914735,-205.049999999918));
#3717=CARTESIAN_POINT('',(-19.6,293.838615520353,-210.17784601636));
#3718=CARTESIAN_POINT('Origin',(10.,302.72403876509,-205.049999999918));
#3719=CARTESIAN_POINT('',(10.,293.643727269373,-205.049999999918));
#3720=CARTESIAN_POINT('Origin',(10.,293.643727269373,-210.049999999918));
#3721=CARTESIAN_POINT('',(10.,294.788923938001,-205.18291415825));
#3722=CARTESIAN_POINT('Origin',(10.,298.47403876509,-206.049999999918));
#3723=CARTESIAN_POINT('',(10.4,299.234891352525,-206.229024138138));
#3724=CARTESIAN_POINT('',(10.,299.234891352525,-206.229024138138));
#3725=CARTESIAN_POINT('',(10.4,294.788923938001,-205.18291415825));
#3726=CARTESIAN_POINT('',(10.4,299.800475483858,-206.362102757275));
#3727=CARTESIAN_POINT('',(10.,294.788923938001,-205.18291415825));
#3728=CARTESIAN_POINT('Origin',(10.2,299.754667617113,-206.556786190942));
#3729=CARTESIAN_POINT('',(10.,299.310484516644,-206.657734275497));
#3730=CARTESIAN_POINT('',(9.47985830336792,299.408782408242,-207.215209321021));
#3731=CARTESIAN_POINT('',(10.,294.697308204511,-205.572281025584));
#3732=CARTESIAN_POINT('',(10.,299.708859750368,-206.751469624609));
#3733=CARTESIAN_POINT('',(10.,294.697308204511,-205.572281025584));
#3734=CARTESIAN_POINT('Origin',(10.2,293.643727269373,-210.049999999918));
#3735=CARTESIAN_POINT('',(10.,293.643727269373,-205.449999999918));
#3736=CARTESIAN_POINT('',(10.4,293.643727269373,-205.049999999918));
#3737=CARTESIAN_POINT('',(10.,293.643727269373,-205.449999999918));
#3738=CARTESIAN_POINT('Origin',(10.4,293.643727269373,-210.049999999918));
#3739=CARTESIAN_POINT('Origin',(10.,293.643727269373,-210.049999999918));
#3740=CARTESIAN_POINT('Origin',(10.2,300.493029073824,-205.249999999918));
#3741=CARTESIAN_POINT('',(10.4,292.800000000028,-205.049999999918));
#3742=CARTESIAN_POINT('',(10.4,300.493029073824,-205.049999999918));
#3743=CARTESIAN_POINT('',(10.,293.200000000028,-205.449999999918));
#3744=CARTESIAN_POINT('',(10.,300.493029073824,-205.449999999918));
#3745=CARTESIAN_POINT('',(10.,293.200000000028,-205.449999999918));
#3746=CARTESIAN_POINT('Origin',(10.,293.643727269373,-210.049999999918));
#3747=CARTESIAN_POINT('',(10.,293.643727269373,-205.049999999918));
#3748=CARTESIAN_POINT('Origin',(10.,302.72403876509,-205.049999999918));
#3749=CARTESIAN_POINT('',(10.,292.800000000028,-205.049999999918));
#3750=CARTESIAN_POINT('Origin',(-19.8,294.035577070955,-210.143116380827));
#3751=CARTESIAN_POINT('Origin',(9.8,293.600000000028,-216.599999999918));
#3752=CARTESIAN_POINT('',(10.,293.400000000028,-210.029377310274));
#3753=CARTESIAN_POINT('',(10.085210742355,293.314789257673,-210.044402263198));
#3754=CARTESIAN_POINT('',(10.,293.400000000028,-216.599999999918));
#3755=CARTESIAN_POINT('Origin',(-17.,297.829238339913,-209.699999999918));
#3756=CARTESIAN_POINT('',(-17.,299.708846518102,-208.91695745199));
#3757=CARTESIAN_POINT('',(-17.,298.447888580886,-209.139298357859));
#3758=CARTESIAN_POINT('',(-17.,299.747462038426,-209.135956950359));
#3759=CARTESIAN_POINT('Origin',(10.,299.708846518102,-208.91695745199));
#3760=CARTESIAN_POINT('',(10.,299.708846518102,-208.91695745199));
#3761=CARTESIAN_POINT('',(10.,299.708846518102,-208.91695745199));
#3762=CARTESIAN_POINT('',(10.,300.70736816056,-214.579855089358));
#3763=CARTESIAN_POINT('Origin',(10.,293.800000000028,-209.958846517991));
#3764=CARTESIAN_POINT('',(10.,295.203498120498,-209.711371931978));
#3765=CARTESIAN_POINT('Origin',(10.,276.800000000028,-235.349999999918));
#3766=CARTESIAN_POINT('',(8.2,275.911538461556,-236.857692307603));
#3767=CARTESIAN_POINT('',(8.2,275.911538461556,-233.842307692232));
#3768=CARTESIAN_POINT('Origin',(8.2,276.800000000028,-235.349999999918));
#3769=CARTESIAN_POINT('',(12.3,275.911538461556,-236.857692307603));
#3770=CARTESIAN_POINT('',(10.,275.911538461556,-236.857692307603));
#3771=CARTESIAN_POINT('',(12.3,275.911538461556,-233.842307692232));
#3772=CARTESIAN_POINT('Origin',(12.3,276.800000000028,-235.349999999918));
#3773=CARTESIAN_POINT('',(0.,275.911538461556,-233.842307692232));
#3774=CARTESIAN_POINT('Origin',(12.1,287.262019382559,-235.349999999918));
#3775=CARTESIAN_POINT('',(12.1,290.32403876509,-231.149999999918));
#3776=CARTESIAN_POINT('',(12.1,289.72403876509,-230.349999999918));
#3777=CARTESIAN_POINT('',(12.1,290.480875276234,-231.35911534811));
#3778=CARTESIAN_POINT('',(12.1,290.32403876509,-227.549999999918));
#3779=CARTESIAN_POINT('Origin',(12.1,292.72403876509,-229.349999999918));
#3780=CARTESIAN_POINT('',(12.1,289.72403876509,-228.349999999918));
#3781=CARTESIAN_POINT('',(12.1,287.900875276234,-230.780884651725));
#3782=CARTESIAN_POINT('',(12.1,289.72403876509,-231.849999999918));
#3783=CARTESIAN_POINT('Origin',(15.,290.32403876509,-231.149999999918));
#3784=CARTESIAN_POINT('',(14.6,290.32403876509,-231.149999999918));
#3785=CARTESIAN_POINT('',(14.6,289.72403876509,-230.349999999918));
#3786=CARTESIAN_POINT('',(14.6,289.280875276234,-229.759115348111));
#3787=CARTESIAN_POINT('',(15.,290.32403876509,-231.149999999918));
#3788=CARTESIAN_POINT('',(15.,289.72403876509,-230.349999999918));
#3789=CARTESIAN_POINT('Origin',(15.,292.72403876509,-229.349999999918));
#3790=CARTESIAN_POINT('',(14.6,290.32403876509,-227.549999999918));
#3791=CARTESIAN_POINT('Origin',(14.6,292.72403876509,-229.349999999918));
#3792=CARTESIAN_POINT('',(15.,290.32403876509,-227.549999999918));
#3793=CARTESIAN_POINT('Origin',(12.1,287.262019382559,-235.349999999918));
#3794=CARTESIAN_POINT('',(12.1,279.400000000028,-231.149999999918));
#3795=CARTESIAN_POINT('',(12.1,278.800000000028,-230.349999999918));
#3796=CARTESIAN_POINT('',(12.1,281.523163488884,-233.980884651725));
#3797=CARTESIAN_POINT('',(12.1,279.400000000028,-227.549999999918));
#3798=CARTESIAN_POINT('Origin',(12.1,281.800000000028,-229.349999999918));
#3799=CARTESIAN_POINT('',(12.1,278.800000000028,-228.349999999918));
#3800=CARTESIAN_POINT('',(12.1,278.943163488884,-228.159115348111));
#3801=CARTESIAN_POINT('',(12.1,278.800000000028,-231.849999999918));
#3802=CARTESIAN_POINT('Origin',(15.,279.400000000028,-231.149999999918));
#3803=CARTESIAN_POINT('',(14.6,279.400000000028,-231.149999999918));
#3804=CARTESIAN_POINT('',(14.6,278.800000000028,-230.349999999918));
#3805=CARTESIAN_POINT('',(14.6,280.323163488884,-232.380884651725));
#3806=CARTESIAN_POINT('',(15.,279.400000000028,-231.149999999918));
#3807=CARTESIAN_POINT('',(15.,278.800000000028,-230.349999999918));
#3808=CARTESIAN_POINT('Origin',(15.,281.800000000028,-229.349999999918));
#3809=CARTESIAN_POINT('',(14.6,279.400000000028,-227.549999999918));
#3810=CARTESIAN_POINT('Origin',(14.6,281.800000000028,-229.349999999918));
#3811=CARTESIAN_POINT('',(15.,279.400000000028,-227.549999999918));
#3812=CARTESIAN_POINT('Origin',(12.1,287.262019382559,-235.349999999918));
#3813=CARTESIAN_POINT('',(12.1,285.32403876509,-243.149999999918));
#3814=CARTESIAN_POINT('',(12.1,284.72403876509,-242.349999999918));
#3815=CARTESIAN_POINT('',(12.1,283.500875276234,-240.71911534811));
#3816=CARTESIAN_POINT('',(12.1,285.32403876509,-239.549999999918));
#3817=CARTESIAN_POINT('Origin',(12.1,287.72403876509,-241.349999999918));
#3818=CARTESIAN_POINT('',(12.1,284.72403876509,-240.349999999918));
#3819=CARTESIAN_POINT('',(12.1,286.680875276234,-237.740884651725));
#3820=CARTESIAN_POINT('',(12.1,284.72403876509,-237.849999999918));
#3821=CARTESIAN_POINT('Origin',(15.,285.32403876509,-243.149999999918));
#3822=CARTESIAN_POINT('',(14.6,285.32403876509,-243.149999999918));
#3823=CARTESIAN_POINT('',(14.6,284.72403876509,-242.349999999918));
#3824=CARTESIAN_POINT('',(14.6,282.300875276234,-239.11911534811));
#3825=CARTESIAN_POINT('',(15.,285.32403876509,-243.149999999918));
#3826=CARTESIAN_POINT('',(15.,284.72403876509,-242.349999999918));
#3827=CARTESIAN_POINT('Origin',(15.,287.72403876509,-241.349999999918));
#3828=CARTESIAN_POINT('',(14.6,285.32403876509,-239.549999999918));
#3829=CARTESIAN_POINT('Origin',(14.6,287.72403876509,-241.349999999918));
#3830=CARTESIAN_POINT('',(15.,285.32403876509,-239.549999999918));
#3831=CARTESIAN_POINT('Origin',(15.,289.72403876509,-230.349999999918));
#3832=CARTESIAN_POINT('',(14.6,289.72403876509,-228.349999999918));
#3833=CARTESIAN_POINT('',(14.6,289.72403876509,-225.599999999918));
#3834=CARTESIAN_POINT('',(15.,289.72403876509,-228.349999999918));
#3835=CARTESIAN_POINT('Origin',(15.,289.72403876509,-228.349999999918));
#3836=CARTESIAN_POINT('',(14.6,293.060875276234,-223.900884651725));
#3837=CARTESIAN_POINT('Origin',(14.8,289.120875276234,-229.879115348111));
#3838=CARTESIAN_POINT('',(15.,289.32403876509,-230.483333333251));
#3839=CARTESIAN_POINT('',(15.,290.00403876509,-231.389999999918));
#3840=CARTESIAN_POINT('',(15.,288.960875276234,-229.999115348111));
#3841=CARTESIAN_POINT('',(14.6,290.32403876509,-231.149999999918));
#3842=CARTESIAN_POINT('',(15.,289.32403876509,-230.483333333251));
#3843=CARTESIAN_POINT('Origin',(14.8,292.72403876509,-229.349999999918));
#3844=CARTESIAN_POINT('',(15.,290.00403876509,-227.309999999918));
#3845=CARTESIAN_POINT('Origin',(15.,292.72403876509,-229.349999999918));
#3846=CARTESIAN_POINT('',(14.6,290.32403876509,-227.549999999918));
#3847=CARTESIAN_POINT('Origin',(14.8,292.900875276234,-223.780884651725));
#3848=CARTESIAN_POINT('',(15.,289.32403876509,-228.216666666585));
#3849=CARTESIAN_POINT('',(15.,292.740875276234,-223.660884651725));
#3850=CARTESIAN_POINT('',(15.,289.32403876509,-228.216666666585));
#3851=CARTESIAN_POINT('Origin',(14.8,289.52403876509,-225.599999999918));
#3852=CARTESIAN_POINT('',(15.,289.32403876509,-225.599999999918));
#3853=CARTESIAN_POINT('Origin',(15.,278.800000000028,-230.349999999918));
#3854=CARTESIAN_POINT('',(14.6,278.800000000028,-228.349999999918));
#3855=CARTESIAN_POINT('',(14.6,278.800000000028,-225.599999999918));
#3856=CARTESIAN_POINT('',(15.,278.800000000028,-228.349999999918));
#3857=CARTESIAN_POINT('Origin',(15.,278.800000000028,-228.349999999918));
#3858=CARTESIAN_POINT('',(14.6,284.103163488883,-221.27911534811));
#3859=CARTESIAN_POINT('Origin',(14.8,280.163163488884,-232.500884651725));
#3860=CARTESIAN_POINT('',(15.,278.400000000028,-230.483333333251));
#3861=CARTESIAN_POINT('',(15.,279.080000000029,-231.389999999918));
#3862=CARTESIAN_POINT('',(15.,280.003163488884,-232.620884651725));
#3863=CARTESIAN_POINT('',(14.6,279.400000000028,-231.149999999918));
#3864=CARTESIAN_POINT('',(15.,278.400000000028,-230.483333333251));
#3865=CARTESIAN_POINT('Origin',(14.8,281.800000000028,-229.349999999918));
#3866=CARTESIAN_POINT('',(15.,279.080000000028,-227.309999999918));
#3867=CARTESIAN_POINT('Origin',(15.,281.800000000028,-229.349999999918));
#3868=CARTESIAN_POINT('',(14.6,279.400000000028,-227.549999999918));
#3869=CARTESIAN_POINT('Origin',(14.8,283.943163488883,-221.15911534811));
#3870=CARTESIAN_POINT('',(15.,278.400000000028,-228.216666666585));
#3871=CARTESIAN_POINT('',(15.,283.783163488883,-221.03911534811));
#3872=CARTESIAN_POINT('',(15.,278.400000000028,-228.216666666585));
#3873=CARTESIAN_POINT('Origin',(14.8,278.600000000029,-225.599999999918));
#3874=CARTESIAN_POINT('',(15.,278.400000000029,-225.599999999918));
#3875=CARTESIAN_POINT('Origin',(15.,284.72403876509,-242.349999999918));
#3876=CARTESIAN_POINT('',(14.6,284.72403876509,-240.349999999918));
#3877=CARTESIAN_POINT('',(14.6,284.72403876509,-231.599999999918));
#3878=CARTESIAN_POINT('',(15.,284.72403876509,-240.349999999918));
#3879=CARTESIAN_POINT('Origin',(15.,284.72403876509,-240.349999999918));
#3880=CARTESIAN_POINT('',(14.6,291.840875276235,-230.860884651726));
#3881=CARTESIAN_POINT('Origin',(14.8,282.140875276234,-239.23911534811));
#3882=CARTESIAN_POINT('',(15.,284.32403876509,-242.483333333251));
#3883=CARTESIAN_POINT('',(15.,285.00403876509,-243.389999999918));
#3884=CARTESIAN_POINT('',(15.,281.980875276234,-239.35911534811));
#3885=CARTESIAN_POINT('',(14.6,285.32403876509,-243.149999999918));
#3886=CARTESIAN_POINT('',(15.,284.32403876509,-242.483333333251));
#3887=CARTESIAN_POINT('Origin',(14.8,287.72403876509,-241.349999999918));
#3888=CARTESIAN_POINT('',(15.,285.00403876509,-239.309999999918));
#3889=CARTESIAN_POINT('Origin',(15.,287.72403876509,-241.349999999918));
#3890=CARTESIAN_POINT('',(14.6,285.32403876509,-239.549999999918));
#3891=CARTESIAN_POINT('Origin',(14.8,291.680875276235,-230.740884651726));
#3892=CARTESIAN_POINT('',(15.,284.32403876509,-240.216666666584));
#3893=CARTESIAN_POINT('',(15.,291.520875276235,-230.620884651726));
#3894=CARTESIAN_POINT('',(15.,284.32403876509,-240.216666666584));
#3895=CARTESIAN_POINT('Origin',(14.8,284.52403876509,-231.599999999918));
#3896=CARTESIAN_POINT('',(15.,284.32403876509,-231.599999999918));
#3897=CARTESIAN_POINT('Origin',(15.,293.72403876509,-236.349999999677));
#3898=CARTESIAN_POINT('',(14.6,293.72403876509,-236.349999999677));
#3899=CARTESIAN_POINT('',(14.6,293.72403876509,-234.349999999677));
#3900=CARTESIAN_POINT('',(14.6,293.72403876509,-228.599999999798));
#3901=CARTESIAN_POINT('',(12.5,293.72403876509,-236.349999999677));
#3902=CARTESIAN_POINT('',(15.,293.72403876509,-236.349999999677));
#3903=CARTESIAN_POINT('',(12.5,293.72403876509,-234.349999999677));
#3904=CARTESIAN_POINT('',(12.5,293.72403876509,-234.849999999798));
#3905=CARTESIAN_POINT('',(15.,293.72403876509,-234.349999999677));
#3906=CARTESIAN_POINT('Origin',(15.,294.194627000168,-237.23235294069));
#3907=CARTESIAN_POINT('',(14.6,294.194627000168,-237.23235294069));
#3908=CARTESIAN_POINT('',(14.6,291.243815165857,-231.699580749849));
#3909=CARTESIAN_POINT('',(12.5,294.194627000168,-237.23235294069));
#3910=CARTESIAN_POINT('',(15.,294.194627000168,-237.23235294069));
#3911=CARTESIAN_POINT('',(12.5,292.800908591631,-234.61913092397));
#3912=CARTESIAN_POINT('Origin',(15.,272.800000000028,-236.349999999932));
#3913=CARTESIAN_POINT('',(14.6,272.800000000028,-236.349999999932));
#3914=CARTESIAN_POINT('',(14.6,272.800000000028,-234.349999999932));
#3915=CARTESIAN_POINT('',(14.6,272.800000000028,-228.599999999925));
#3916=CARTESIAN_POINT('',(12.5,272.800000000028,-236.349999999932));
#3917=CARTESIAN_POINT('',(15.,272.800000000028,-236.349999999932));
#3918=CARTESIAN_POINT('',(12.5,272.800000000028,-234.349999999932));
#3919=CARTESIAN_POINT('',(12.5,272.800000000028,-234.849999999925));
#3920=CARTESIAN_POINT('',(15.,272.800000000028,-234.349999999932));
#3921=CARTESIAN_POINT('Origin',(15.,273.270588235274,-237.232352941003));
#3922=CARTESIAN_POINT('',(14.6,273.270588235274,-237.232352941003));
#3923=CARTESIAN_POINT('',(14.6,272.636624983575,-236.043671844087));
#3924=CARTESIAN_POINT('',(12.5,273.270588235274,-237.232352941003));
#3925=CARTESIAN_POINT('',(15.,273.270588235274,-237.232352941003));
#3926=CARTESIAN_POINT('',(12.5,274.193718409202,-238.96322201709));
#3927=CARTESIAN_POINT('Origin',(15.,272.800000000028,-234.349999999932));
#3928=CARTESIAN_POINT('',(14.6,273.270588235274,-233.467647058833));
#3929=CARTESIAN_POINT('',(14.6,278.422092111495,-223.808577290761));
#3930=CARTESIAN_POINT('',(12.5,273.270588235274,-233.467647058833));
#3931=CARTESIAN_POINT('',(12.5,274.429012526754,-231.295601512272));
#3932=CARTESIAN_POINT('',(15.,273.270588235274,-233.467647058833));
#3933=CARTESIAN_POINT('Origin',(15.,276.800000000028,-235.349999999918));
#3934=CARTESIAN_POINT('Origin',(14.6,276.800000000028,-235.349999999918));
#3935=CARTESIAN_POINT('Origin',(12.5,276.800000000028,-235.349999999918));
#3936=CARTESIAN_POINT('Origin',(14.8,272.600000000028,-228.599999999925));
#3937=CARTESIAN_POINT('',(15.,272.400000000028,-234.249999999933));
#3938=CARTESIAN_POINT('',(15.,272.400000000028,-236.449999999933));
#3939=CARTESIAN_POINT('',(15.,272.400000000028,-228.599999999925));
#3940=CARTESIAN_POINT('',(14.6,272.800000000028,-236.349999999932));
#3941=CARTESIAN_POINT('',(15.,272.400000000028,-234.249999999933));
#3942=CARTESIAN_POINT('Origin',(14.8,272.460154395341,-236.137789491147));
#3943=CARTESIAN_POINT('',(15.,272.917647058798,-237.420588235111));
#3944=CARTESIAN_POINT('',(15.,272.283683807106,-236.231907138207));
#3945=CARTESIAN_POINT('',(14.6,273.270588235274,-237.232352941003));
#3946=CARTESIAN_POINT('Origin',(14.8,276.800000000028,-235.349999999918));
#3947=CARTESIAN_POINT('',(15.,272.917647058802,-233.279411764718));
#3948=CARTESIAN_POINT('Origin',(15.,276.800000000028,-235.349999999918));
#3949=CARTESIAN_POINT('',(14.6,273.270588235274,-233.467647058833));
#3950=CARTESIAN_POINT('Origin',(14.8,278.24562152326,-223.714459643703));
#3951=CARTESIAN_POINT('',(15.,278.069150935024,-223.620341996645));
#3952=CARTESIAN_POINT('Origin',(15.,293.72403876509,-234.349999999677));
#3953=CARTESIAN_POINT('',(14.6,294.194627000168,-233.467647059146));
#3954=CARTESIAN_POINT('',(14.6,297.029282294256,-228.152668384179));
#3955=CARTESIAN_POINT('',(12.5,294.194627000168,-233.467647059146));
#3956=CARTESIAN_POINT('',(12.5,293.0362027084,-235.63969260562));
#3957=CARTESIAN_POINT('',(15.,294.194627000168,-233.467647059146));
#3958=CARTESIAN_POINT('Origin',(15.,297.72403876509,-235.349999999918));
#3959=CARTESIAN_POINT('Origin',(14.6,297.72403876509,-235.349999999918));
#3960=CARTESIAN_POINT('Origin',(12.5,297.72403876509,-235.349999999918));
#3961=CARTESIAN_POINT('Origin',(14.8,293.52403876509,-228.599999999798));
#3962=CARTESIAN_POINT('',(15.,293.32403876509,-234.249999999653));
#3963=CARTESIAN_POINT('',(15.,293.32403876509,-236.449999999653));
#3964=CARTESIAN_POINT('',(15.,293.32403876509,-228.599999999798));
#3965=CARTESIAN_POINT('',(14.6,293.72403876509,-236.349999999677));
#3966=CARTESIAN_POINT('',(15.,293.32403876509,-234.249999999653));
#3967=CARTESIAN_POINT('Origin',(14.8,291.067344577611,-231.793698396888));
#3968=CARTESIAN_POINT('',(15.,293.841685823676,-237.420588234767));
#3969=CARTESIAN_POINT('',(15.,290.890873989366,-231.887816043927));
#3970=CARTESIAN_POINT('',(14.6,294.194627000168,-237.23235294069));
#3971=CARTESIAN_POINT('Origin',(14.8,297.72403876509,-235.349999999918));
#3972=CARTESIAN_POINT('',(15.,293.841685823719,-233.279411764988));
#3973=CARTESIAN_POINT('Origin',(15.,297.72403876509,-235.349999999918));
#3974=CARTESIAN_POINT('',(14.6,294.194627000168,-233.467647059146));
#3975=CARTESIAN_POINT('Origin',(14.8,296.852811706032,-228.0585507371));
#3976=CARTESIAN_POINT('',(15.,296.676341117807,-227.964433090021));
#3977=CARTESIAN_POINT('Origin',(10.,298.262019382559,-220.849999999918));
#3978=CARTESIAN_POINT('',(10.,302.32403876509,-232.449999999919));
#3979=CARTESIAN_POINT('',(10.,302.32403876509,-231.099999999918));
#3980=CARTESIAN_POINT('',(10.,272.200000000028,-232.449999999919));
#3981=CARTESIAN_POINT('',(10.,300.493029073824,-232.449999999919));
#3982=CARTESIAN_POINT('',(10.,272.200000000028,-228.764213562291));
#3983=CARTESIAN_POINT('',(10.,272.200000000028,-223.099999999918));
#3984=CARTESIAN_POINT('',(10.,272.375735931317,-228.339949493579));
#3985=CARTESIAN_POINT('Origin',(10.,272.800000000028,-228.764213562291));
#3986=CARTESIAN_POINT('',(10.,274.78994949369,-225.925735931206));
#3987=CARTESIAN_POINT('',(10.,281.323347558136,-219.39233786676));
#3988=CARTESIAN_POINT('',(10.,275.214213562401,-225.749999999918));
#3989=CARTESIAN_POINT('Origin',(10.,275.214213562401,-226.349999999918));
#3990=CARTESIAN_POINT('',(10.,291.800000000028,-225.749999999918));
#3991=CARTESIAN_POINT('',(10.,295.531009691294,-225.749999999918));
#3992=CARTESIAN_POINT('',(10.,293.200000000028,-224.349999999918));
#3993=CARTESIAN_POINT('Origin',(10.,291.800000000028,-224.349999999918));
#3994=CARTESIAN_POINT('',(10.,293.200000000028,-211.949999999918));
#3995=CARTESIAN_POINT('Origin',(8.,302.72403876509,-238.249999999919));
#3996=CARTESIAN_POINT('',(10.4,271.800000000028,-238.249999999919));
#3997=CARTESIAN_POINT('',(8.,271.800000000028,-238.249999999919));
#3998=CARTESIAN_POINT('',(8.5,271.800000000028,-238.249999999919));
#3999=CARTESIAN_POINT('',(8.,302.72403876509,-238.249999999919));
#4000=CARTESIAN_POINT('',(8.,302.72403876509,-238.249999999919));
#4001=CARTESIAN_POINT('',(10.4,302.72403876509,-238.249999999919));
#4002=CARTESIAN_POINT('',(10.,302.72403876509,-238.249999999919));
#4003=CARTESIAN_POINT('',(10.,302.32403876509,-238.249999999919));
#4004=CARTESIAN_POINT('',(9.69999999999997,302.02403876509,-238.249999999919));
#4005=CARTESIAN_POINT('',(10.,272.200000000028,-238.249999999919));
#4006=CARTESIAN_POINT('',(10.,300.493029073824,-238.249999999919));
#4007=CARTESIAN_POINT('',(1.96899030873469,280.231009691294,-238.249999999919));
#4008=CARTESIAN_POINT('Origin',(10.,302.72403876509,-232.449999999919));
#4009=CARTESIAN_POINT('',(8.,271.800000000028,-232.449999999919));
#4010=CARTESIAN_POINT('',(10.4,271.800000000028,-232.449999999919));
#4011=CARTESIAN_POINT('',(9.5,271.800000000028,-232.449999999919));
#4012=CARTESIAN_POINT('',(2.4689903087347,279.731009691294,-232.449999999919));
#4013=CARTESIAN_POINT('',(10.4,302.72403876509,-232.449999999919));
#4014=CARTESIAN_POINT('',(10.2,302.52403876509,-232.449999999919));
#4015=CARTESIAN_POINT('',(8.,302.72403876509,-232.449999999919));
#4016=CARTESIAN_POINT('',(8.,302.72403876509,-232.449999999919));
#4017=CARTESIAN_POINT('',(8.,302.72403876509,-232.449999999919));
#4018=CARTESIAN_POINT('Origin',(0.,297.72403876509,-235.349999999918));
#4019=CARTESIAN_POINT('',(12.3,296.835577226617,-233.842307692232));
#4020=CARTESIAN_POINT('',(12.3,296.835577226617,-236.857692307604));
#4021=CARTESIAN_POINT('Origin',(12.3,297.72403876509,-235.349999999918));
#4022=CARTESIAN_POINT('',(8.2,296.835577226617,-233.842307692232));
#4023=CARTESIAN_POINT('',(0.,296.835577226617,-233.842307692232));
#4024=CARTESIAN_POINT('',(8.2,296.835577226617,-236.857692307604));
#4025=CARTESIAN_POINT('Origin',(8.2,297.72403876509,-235.349999999918));
#4026=CARTESIAN_POINT('',(0.,296.835577226617,-236.857692307604));
#4027=CARTESIAN_POINT('Origin',(10.,298.262019382559,-220.849999999918));
#4028=CARTESIAN_POINT('',(10.,272.200000000028,-241.935786437545));
#4029=CARTESIAN_POINT('',(10.,272.200000000028,-223.099999999918));
#4030=CARTESIAN_POINT('',(10.,302.32403876509,-242.184314574969));
#4031=CARTESIAN_POINT('',(10.,302.32403876509,-233.099999999918));
#4032=CARTESIAN_POINT('',(10.,299.734089271429,-244.77426406863));
#4033=CARTESIAN_POINT('',(10.,305.950691206982,-238.557662133076));
#4034=CARTESIAN_POINT('',(10.,299.309825202717,-244.949999999918));
#4035=CARTESIAN_POINT('Origin',(10.,299.309825202717,-244.349999999918));
#4036=CARTESIAN_POINT('',(10.,275.214213562401,-244.949999999918));
#4037=CARTESIAN_POINT('',(10.,285.031009691294,-244.949999999918));
#4038=CARTESIAN_POINT('',(10.,274.78994949369,-244.77426406863));
#4039=CARTESIAN_POINT('Origin',(10.,275.214213562401,-244.349999999918));
#4040=CARTESIAN_POINT('',(10.,272.375735931317,-242.360050506257));
#4041=CARTESIAN_POINT('',(10.,274.073347558136,-244.057662133076));
#4042=CARTESIAN_POINT('Origin',(10.,272.800000000028,-241.935786437545));
#4043=CARTESIAN_POINT('Origin',(12.5,287.262019382559,-235.349999999918));
#4044=CARTESIAN_POINT('',(12.5,274.850000000028,-234.235714285622));
#4045=CARTESIAN_POINT('',(12.5,274.850000000028,-236.464285714194));
#4046=CARTESIAN_POINT('',(12.5,274.850000000028,-234.849999999914));
#4047=CARTESIAN_POINT('',(12.5,275.810000000019,-233.669999999923));
#4048=CARTESIAN_POINT('',(12.5,279.692709205226,-231.381974932608));
#4049=CARTESIAN_POINT('',(12.5,275.810000000016,-237.02999999991));
#4050=CARTESIAN_POINT('Origin',(12.5,276.800000000028,-235.349999999918));
#4051=CARTESIAN_POINT('',(12.5,279.26193997438,-239.064178913409));
#4052=CARTESIAN_POINT('Origin',(0.,275.911538461556,-233.842307692232));
#4053=CARTESIAN_POINT('',(8.2,275.050000000028,-234.349999999909));
#4054=CARTESIAN_POINT('',(8.2,286.166803025815,-227.799026788396));
#4055=CARTESIAN_POINT('',(12.3,275.050000000028,-234.349999999909));
#4056=CARTESIAN_POINT('',(12.3,279.794247666763,-231.554282624917));
#4057=CARTESIAN_POINT('',(0.,275.050000000028,-234.349999999909));
#4058=CARTESIAN_POINT('Origin',(12.4,279.31270920515,-238.978025067256));
#4059=CARTESIAN_POINT('',(12.3,275.911538461556,-236.857692307603));
#4060=CARTESIAN_POINT('',(12.3,275.050000000028,-236.349999999909));
#4061=CARTESIAN_POINT('',(12.3,279.36347843592,-238.891871221103));
#4062=CARTESIAN_POINT('',(12.5,274.850000000028,-236.464285714194));
#4063=CARTESIAN_POINT('Origin',(12.4,276.800000000028,-235.349999999918));
#4064=CARTESIAN_POINT('',(12.3,275.911538461556,-233.842307692232));
#4065=CARTESIAN_POINT('Origin',(12.4,279.743478435994,-231.468128778763));
#4066=CARTESIAN_POINT('',(12.3,275.050000000028,-234.349999999909));
#4067=CARTESIAN_POINT('Origin',(12.4,274.950000000028,-234.849999999914));
#4068=CARTESIAN_POINT('',(12.3,275.050000000028,-234.849999999914));
#4069=CARTESIAN_POINT('Origin',(0.,275.050000000028,-234.349999999909));
#4070=CARTESIAN_POINT('',(8.2,275.050000000028,-236.349999999909));
#4071=CARTESIAN_POINT('',(8.2,275.050000000028,-233.399999999914));
#4072=CARTESIAN_POINT('',(0.,275.050000000028,-236.349999999909));
#4073=CARTESIAN_POINT('Origin',(0.,275.050000000028,-236.349999999909));
#4074=CARTESIAN_POINT('',(8.2,284.46758409073,-241.899647767738));
#4075=CARTESIAN_POINT('Origin',(8.1,286.116033795047,-227.712872942242));
#4076=CARTESIAN_POINT('',(8.,274.850000000028,-234.235714285623));
#4077=CARTESIAN_POINT('',(8.,275.810000000016,-233.669999999925));
#4078=CARTESIAN_POINT('',(8.,286.065264564278,-227.626719096088));
#4079=CARTESIAN_POINT('',(8.2,275.911538461556,-233.842307692232));
#4080=CARTESIAN_POINT('',(8.,274.850000000028,-234.235714285623));
#4081=CARTESIAN_POINT('Origin',(8.1,276.800000000028,-235.349999999918));
#4082=CARTESIAN_POINT('',(8.,275.810000000016,-237.02999999991));
#4083=CARTESIAN_POINT('Origin',(8.,276.800000000028,-235.349999999918));
#4084=CARTESIAN_POINT('',(8.2,275.911538461556,-236.857692307603));
#4085=CARTESIAN_POINT('Origin',(8.1,284.416814859961,-241.985801613892));
#4086=CARTESIAN_POINT('',(8.,274.850000000028,-236.464285714194));
#4087=CARTESIAN_POINT('',(8.,284.366045629191,-242.071955460045));
#4088=CARTESIAN_POINT('',(8.2,275.050000000028,-236.349999999909));
#4089=CARTESIAN_POINT('Origin',(8.1,274.950000000028,-233.399999999914));
#4090=CARTESIAN_POINT('',(8.,274.850000000028,-233.399999999914));
#4091=CARTESIAN_POINT('Origin',(8.,302.72403876509,-232.449999999919));
#4092=CARTESIAN_POINT('',(8.,271.800000000028,-233.899999999919));
#4093=CARTESIAN_POINT('',(8.,302.72403876509,-238.249999999919));
#4094=CARTESIAN_POINT('',(8.,295.77403876509,-236.464285714194));
#4095=CARTESIAN_POINT('',(8.,295.77403876509,-234.235714285623));
#4096=CARTESIAN_POINT('',(8.,295.77403876509,-233.399999999914));
#4097=CARTESIAN_POINT('',(8.,296.734038765078,-237.029999999911));
#4098=CARTESIAN_POINT('',(8.,297.524665983998,-237.495905325353));
#4099=CARTESIAN_POINT('',(8.,296.734038765078,-233.669999999925));
#4100=CARTESIAN_POINT('Origin',(8.,297.72403876509,-235.349999999918));
#4101=CARTESIAN_POINT('',(8.,299.223884918947,-232.202769230704));
#4102=CARTESIAN_POINT('Origin',(0.,295.97403876509,-236.34999999991));
#4103=CARTESIAN_POINT('',(12.3,295.97403876509,-236.34999999991));
#4104=CARTESIAN_POINT('',(12.3,292.522098790724,-234.315821086411));
#4105=CARTESIAN_POINT('',(8.2,295.97403876509,-236.34999999991));
#4106=CARTESIAN_POINT('',(8.2,297.626204445537,-237.323597633046));
#4107=CARTESIAN_POINT('',(0.,295.97403876509,-236.34999999991));
#4108=CARTESIAN_POINT('Origin',(8.1,299.274654149716,-232.288923076858));
#4109=CARTESIAN_POINT('',(8.2,296.835577226617,-233.842307692232));
#4110=CARTESIAN_POINT('',(8.2,295.97403876509,-234.34999999991));
#4111=CARTESIAN_POINT('',(8.2,299.325423380485,-232.375076923013));
#4112=CARTESIAN_POINT('',(8.,295.77403876509,-234.235714285623));
#4113=CARTESIAN_POINT('Origin',(8.1,297.72403876509,-235.349999999918));
#4114=CARTESIAN_POINT('',(8.2,296.835577226617,-236.857692307604));
#4115=CARTESIAN_POINT('Origin',(8.1,297.575435214767,-237.4097514792));
#4116=CARTESIAN_POINT('',(8.2,295.97403876509,-236.34999999991));
#4117=CARTESIAN_POINT('Origin',(8.1,295.87403876509,-233.399999999914));
#4118=CARTESIAN_POINT('',(8.2,295.97403876509,-233.399999999914));
#4119=CARTESIAN_POINT('Origin',(12.5,287.262019382559,-235.349999999918));
#4120=CARTESIAN_POINT('',(12.5,295.77403876509,-234.235714285623));
#4121=CARTESIAN_POINT('',(12.5,295.77403876509,-236.464285714194));
#4122=CARTESIAN_POINT('',(12.5,295.77403876509,-234.849999999914));
#4123=CARTESIAN_POINT('',(12.5,296.73403876508,-233.669999999924));
#4124=CARTESIAN_POINT('',(12.5,292.851329559896,-235.958025067226));
#4125=CARTESIAN_POINT('',(12.5,296.734038765077,-237.029999999911));
#4126=CARTESIAN_POINT('Origin',(12.5,297.72403876509,-235.349999999918));
#4127=CARTESIAN_POINT('',(12.5,292.420560329185,-234.488128778718));
#4128=CARTESIAN_POINT('Origin',(0.,295.97403876509,-234.34999999991));
#4129=CARTESIAN_POINT('',(12.3,295.97403876509,-234.34999999991));
#4130=CARTESIAN_POINT('',(12.3,295.97403876509,-234.849999999914));
#4131=CARTESIAN_POINT('',(0.,295.97403876509,-234.34999999991));
#4132=CARTESIAN_POINT('Origin',(0.,296.835577226617,-233.842307692232));
#4133=CARTESIAN_POINT('',(12.3,292.952868021434,-236.130332759535));
#4134=CARTESIAN_POINT('Origin',(12.4,292.471329559955,-234.401974932565));
#4135=CARTESIAN_POINT('',(12.3,296.835577226617,-236.857692307604));
#4136=CARTESIAN_POINT('',(12.5,295.77403876509,-236.464285714194));
#4137=CARTESIAN_POINT('Origin',(12.4,297.72403876509,-235.349999999918));
#4138=CARTESIAN_POINT('',(12.3,296.835577226617,-233.842307692232));
#4139=CARTESIAN_POINT('Origin',(12.4,292.902098790665,-236.044178913381));
#4140=CARTESIAN_POINT('',(12.3,295.97403876509,-234.34999999991));
#4141=CARTESIAN_POINT('Origin',(12.4,295.87403876509,-234.849999999914));
#4142=CARTESIAN_POINT('Origin',(14.8,306.09211256322,-238.699083489313));
#4143=CARTESIAN_POINT('',(15.,302.32403876509,-242.184314574969));
#4144=CARTESIAN_POINT('',(14.6,302.72403876509,-242.349999999918));
#4145=CARTESIAN_POINT('',(15.1930403757005,302.130998389389,-242.104354633268));
#4146=CARTESIAN_POINT('',(15.,299.734089271429,-244.77426406863));
#4147=CARTESIAN_POINT('',(15.,305.950691206982,-238.557662133076));
#4148=CARTESIAN_POINT('',(14.6,300.016931983903,-245.057106781104));
#4149=CARTESIAN_POINT('',(14.6,300.016931983903,-245.057106781104));
#4150=CARTESIAN_POINT('',(14.6,306.233533919457,-238.84050484555));
#4151=CARTESIAN_POINT('Origin',(14.8,299.309825202717,-244.349999999918));
#4152=CARTESIAN_POINT('',(14.6,299.309825202717,-245.349999999918));
#4153=CARTESIAN_POINT('',(15.,299.309825202717,-244.949999999918));
#4154=CARTESIAN_POINT('',(14.6,299.309825202717,-245.349999999918));
#4155=CARTESIAN_POINT('Origin',(14.6,299.309825202717,-244.349999999918));
#4156=CARTESIAN_POINT('Origin',(15.,299.309825202717,-244.349999999918));
#4157=CARTESIAN_POINT('Origin',(14.8,285.031009691294,-245.149999999918));
#4158=CARTESIAN_POINT('',(15.,275.214213562401,-244.949999999918));
#4159=CARTESIAN_POINT('',(15.,285.031009691294,-244.949999999918));
#4160=CARTESIAN_POINT('',(14.6,275.214213562401,-245.349999999918));
#4161=CARTESIAN_POINT('',(14.6,275.214213562401,-245.349999999918));
#4162=CARTESIAN_POINT('',(14.6,285.031009691294,-245.349999999918));
#4163=CARTESIAN_POINT('Origin',(14.8,275.214213562401,-244.349999999918));
#4164=CARTESIAN_POINT('',(14.6,274.507106781215,-245.057106781104));
#4165=CARTESIAN_POINT('',(15.,274.78994949369,-244.77426406863));
#4166=CARTESIAN_POINT('',(14.6,274.507106781215,-245.057106781104));
#4167=CARTESIAN_POINT('Origin',(14.6,275.214213562401,-244.349999999918));
#4168=CARTESIAN_POINT('Origin',(15.,275.214213562401,-244.349999999918));
#4169=CARTESIAN_POINT('Origin',(14.8,273.931926201898,-244.199083489313));
#4170=CARTESIAN_POINT('',(14.6,272.092893218842,-242.642893218731));
#4171=CARTESIAN_POINT('',(15.,272.375735931317,-242.360050506257));
#4172=CARTESIAN_POINT('',(14.6,272.092893218842,-242.642893218731));
#4173=CARTESIAN_POINT('',(14.6,273.790504845661,-244.34050484555));
#4174=CARTESIAN_POINT('',(15.,274.073347558136,-244.057662133076));
#4175=CARTESIAN_POINT('Origin',(14.8,272.800000000028,-241.935786437545));
#4176=CARTESIAN_POINT('',(14.6,271.800000000028,-241.935786437545));
#4177=CARTESIAN_POINT('',(15.,272.200000000028,-241.935786437545));
#4178=CARTESIAN_POINT('',(14.6,271.800000000028,-241.935786437545));
#4179=CARTESIAN_POINT('Origin',(14.6,272.800000000028,-241.935786437545));
#4180=CARTESIAN_POINT('Origin',(15.,272.800000000028,-241.935786437545));
#4181=CARTESIAN_POINT('Origin',(14.8,272.000000000028,-223.099999999918));
#4182=CARTESIAN_POINT('',(15.,272.200000000028,-228.764213562291));
#4183=CARTESIAN_POINT('',(15.,272.200000000028,-223.099999999918));
#4184=CARTESIAN_POINT('',(14.6,271.800000000028,-228.764213562291));
#4185=CARTESIAN_POINT('',(14.6,271.800000000028,-228.764213562291));
#4186=CARTESIAN_POINT('',(14.6,271.800000000028,-223.099999999918));
#4187=CARTESIAN_POINT('Origin',(14.8,272.800000000028,-228.764213562291));
#4188=CARTESIAN_POINT('',(14.6,272.092893218842,-228.057106781104));
#4189=CARTESIAN_POINT('',(15.,272.375735931317,-228.339949493579));
#4190=CARTESIAN_POINT('',(14.6,272.092893218842,-228.057106781104));
#4191=CARTESIAN_POINT('Origin',(14.6,272.800000000028,-228.764213562291));
#4192=CARTESIAN_POINT('Origin',(15.,272.800000000028,-228.764213562291));
#4193=CARTESIAN_POINT('Origin',(14.8,281.181926201898,-219.250916510523));
#4194=CARTESIAN_POINT('',(14.6,274.507106781215,-225.642893218731));
#4195=CARTESIAN_POINT('',(15.,274.78994949369,-225.925735931206));
#4196=CARTESIAN_POINT('',(14.6,274.507106781215,-225.642893218731));
#4197=CARTESIAN_POINT('',(14.6,281.040504845661,-219.109495154285));
#4198=CARTESIAN_POINT('',(15.,281.323347558136,-219.39233786676));
#4199=CARTESIAN_POINT('Origin',(14.8,275.214213562401,-226.349999999918));
#4200=CARTESIAN_POINT('',(14.6,275.214213562401,-225.349999999918));
#4201=CARTESIAN_POINT('',(15.,275.214213562401,-225.749999999918));
#4202=CARTESIAN_POINT('',(14.6,275.214213562401,-225.349999999918));
#4203=CARTESIAN_POINT('Origin',(14.6,275.214213562401,-226.349999999918));
#4204=CARTESIAN_POINT('Origin',(15.,275.214213562401,-226.349999999918));
#4205=CARTESIAN_POINT('Origin',(14.8,295.531009691294,-225.549999999918));
#4206=CARTESIAN_POINT('',(15.,291.800000000028,-225.749999999918));
#4207=CARTESIAN_POINT('',(15.,295.531009691294,-225.749999999918));
#4208=CARTESIAN_POINT('',(14.6,291.800000000028,-225.349999999918));
#4209=CARTESIAN_POINT('',(14.6,291.800000000028,-225.349999999918));
#4210=CARTESIAN_POINT('',(14.6,295.531009691294,-225.349999999918));
#4211=CARTESIAN_POINT('Origin',(14.8,291.800000000028,-224.349999999918));
#4212=CARTESIAN_POINT('',(14.6,292.800000000028,-224.349999999918));
#4213=CARTESIAN_POINT('',(15.,293.200000000028,-224.349999999918));
#4214=CARTESIAN_POINT('',(14.6,292.800000000028,-224.349999999918));
#4215=CARTESIAN_POINT('Origin',(14.6,291.800000000028,-224.349999999918));
#4216=CARTESIAN_POINT('Origin',(15.,291.800000000028,-224.349999999918));
#4217=CARTESIAN_POINT('Origin',(10.2,302.52403876509,-233.099999999918));
#4218=CARTESIAN_POINT('',(10.4,302.72403876509,-231.099999999918));
#4219=CARTESIAN_POINT('Origin',(10.,301.22403876509,-243.849999999918));
#4220=CARTESIAN_POINT('',(10.4,302.72403876509,-242.349999999918));
#4221=CARTESIAN_POINT('',(10.4,300.016931983903,-245.057106781104));
#4222=CARTESIAN_POINT('',(10.4,306.233533919457,-238.84050484555));
#4223=CARTESIAN_POINT('',(10.,302.72403876509,-242.349999999918));
#4224=CARTESIAN_POINT('',(10.,300.016931983903,-245.057106781104));
#4225=CARTESIAN_POINT('Origin',(10.,299.309825202717,-244.349999999918));
#4226=CARTESIAN_POINT('',(10.4,299.309825202717,-245.349999999918));
#4227=CARTESIAN_POINT('Origin',(10.4,299.309825202717,-244.349999999918));
#4228=CARTESIAN_POINT('',(10.,299.309825202717,-245.349999999918));
#4229=CARTESIAN_POINT('Origin',(10.,271.800000000028,-245.349999999918));
#4230=CARTESIAN_POINT('',(10.4,275.214213562401,-245.349999999918));
#4231=CARTESIAN_POINT('',(10.4,285.031009691294,-245.349999999918));
#4232=CARTESIAN_POINT('',(10.,275.214213562401,-245.349999999918));
#4233=CARTESIAN_POINT('Origin',(10.,275.214213562401,-244.349999999918));
#4234=CARTESIAN_POINT('',(10.4,274.507106781215,-245.057106781104));
#4235=CARTESIAN_POINT('Origin',(10.4,275.214213562401,-244.349999999918));
#4236=CARTESIAN_POINT('',(10.,274.507106781215,-245.057106781104));
#4237=CARTESIAN_POINT('Origin',(10.,273.300000000028,-243.849999999918));
#4238=CARTESIAN_POINT('',(10.4,272.092893218842,-242.642893218731));
#4239=CARTESIAN_POINT('',(10.4,273.790504845661,-244.34050484555));
#4240=CARTESIAN_POINT('',(10.,272.092893218842,-242.642893218731));
#4241=CARTESIAN_POINT('Origin',(10.,272.800000000028,-241.935786437545));
#4242=CARTESIAN_POINT('',(10.4,271.800000000028,-241.935786437545));
#4243=CARTESIAN_POINT('Origin',(10.4,272.800000000028,-241.935786437545));
#4244=CARTESIAN_POINT('',(10.,271.800000000028,-241.935786437545));
#4245=CARTESIAN_POINT('Origin',(10.2,272.000000000028,-223.099999999918));
#4246=CARTESIAN_POINT('',(10.4,271.800000000028,-241.935786437545));
#4247=CARTESIAN_POINT('',(10.4,271.800000000028,-223.099999999918));
#4248=CARTESIAN_POINT('Origin',(10.2,272.800000000028,-241.935786437545));
#4249=CARTESIAN_POINT('',(10.4,272.092893218842,-242.642893218731));
#4250=CARTESIAN_POINT('Origin',(10.2,273.931926201898,-244.199083489313));
#4251=CARTESIAN_POINT('',(10.4,274.507106781215,-245.057106781104));
#4252=CARTESIAN_POINT('Origin',(10.2,275.214213562401,-244.349999999918));
#4253=CARTESIAN_POINT('',(10.4,275.214213562401,-245.349999999918));
#4254=CARTESIAN_POINT('Origin',(10.2,285.031009691294,-245.149999999918));
#4255=CARTESIAN_POINT('',(10.4,299.309825202717,-245.349999999918));
#4256=CARTESIAN_POINT('Origin',(10.2,299.309825202717,-244.349999999918));
#4257=CARTESIAN_POINT('',(10.4,300.016931983903,-245.057106781104));
#4258=CARTESIAN_POINT('Origin',(10.2,302.52403876509,-233.099999999918));
#4259=CARTESIAN_POINT('',(10.4,302.72403876509,-233.099999999918));
#4260=CARTESIAN_POINT('',(10.,302.32403876509,-242.184314574969));
#4261=CARTESIAN_POINT('Origin',(10.2,306.09211256322,-238.699083489313));
#4262=CARTESIAN_POINT('Origin',(10.,271.800000000028,-225.349999999918));
#4263=CARTESIAN_POINT('',(10.4,271.800000000028,-228.764213562291));
#4264=CARTESIAN_POINT('',(10.4,271.800000000028,-223.099999999918));
#4265=CARTESIAN_POINT('',(10.,271.800000000028,-228.764213562291));
#4266=CARTESIAN_POINT('Origin',(10.,272.800000000028,-228.764213562291));
#4267=CARTESIAN_POINT('',(10.4,272.092893218842,-228.057106781104));
#4268=CARTESIAN_POINT('Origin',(10.4,272.800000000028,-228.764213562291));
#4269=CARTESIAN_POINT('',(10.,272.092893218842,-228.057106781104));
#4270=CARTESIAN_POINT('Origin',(10.,273.300000000028,-226.849999999918));
#4271=CARTESIAN_POINT('',(10.4,274.507106781215,-225.642893218731));
#4272=CARTESIAN_POINT('',(10.4,281.040504845661,-219.109495154285));
#4273=CARTESIAN_POINT('',(10.,274.507106781215,-225.642893218731));
#4274=CARTESIAN_POINT('Origin',(10.,275.214213562401,-226.349999999918));
#4275=CARTESIAN_POINT('',(10.4,275.214213562401,-225.349999999918));
#4276=CARTESIAN_POINT('Origin',(10.4,275.214213562401,-226.349999999918));
#4277=CARTESIAN_POINT('',(10.,275.214213562401,-225.349999999918));
#4278=CARTESIAN_POINT('Origin',(10.,292.800000000028,-225.349999999918));
#4279=CARTESIAN_POINT('',(10.4,291.800000000028,-225.349999999918));
#4280=CARTESIAN_POINT('',(10.4,295.531009691294,-225.349999999918));
#4281=CARTESIAN_POINT('',(10.,291.800000000028,-225.349999999918));
#4282=CARTESIAN_POINT('Origin',(10.,291.800000000028,-224.349999999918));
#4283=CARTESIAN_POINT('',(10.4,292.800000000028,-224.349999999918));
#4284=CARTESIAN_POINT('Origin',(10.4,291.800000000028,-224.349999999918));
#4285=CARTESIAN_POINT('',(10.,292.800000000028,-224.349999999918));
#4286=CARTESIAN_POINT('Origin',(10.2,272.000000000028,-223.099999999918));
#4287=CARTESIAN_POINT('',(10.,272.200000000028,-228.764213562291));
#4288=CARTESIAN_POINT('Origin',(10.2,272.800000000028,-228.764213562291));
#4289=CARTESIAN_POINT('',(10.,272.375735931317,-228.339949493579));
#4290=CARTESIAN_POINT('Origin',(10.2,281.181926201898,-219.250916510523));
#4291=CARTESIAN_POINT('',(10.,274.78994949369,-225.925735931206));
#4292=CARTESIAN_POINT('Origin',(10.2,275.214213562401,-226.349999999918));
#4293=CARTESIAN_POINT('',(10.,275.214213562401,-225.749999999918));
#4294=CARTESIAN_POINT('Origin',(10.2,295.531009691294,-225.549999999918));
#4295=CARTESIAN_POINT('',(10.,291.800000000028,-225.749999999918));
#4296=CARTESIAN_POINT('Origin',(10.2,291.800000000028,-224.349999999918));
#4297=CARTESIAN_POINT('',(10.,293.200000000028,-224.349999999918));
#4298=CARTESIAN_POINT('Origin',(10.,302.72403876509,-245.349999999918));
#4299=CARTESIAN_POINT('',(14.6,302.72403876509,-231.099999999918));
#4300=CARTESIAN_POINT('Origin',(14.8,302.52403876509,-233.099999999918));
#4301=CARTESIAN_POINT('',(15.,302.32403876509,-233.099999999918));
#4302=CARTESIAN_POINT('Origin',(10.2,293.000000000028,-213.949999999918));
#4303=CARTESIAN_POINT('',(10.4,292.800000000028,-211.949999999918));
#4304=CARTESIAN_POINT('Origin',(10.,292.800000000028,-207.049999999918));
#4305=CARTESIAN_POINT('',(14.6,292.800000000028,-211.949999999918));
#4306=CARTESIAN_POINT('Origin',(14.8,293.000000000028,-213.949999999918));
#4307=CARTESIAN_POINT('',(15.,293.200000000028,-211.949999999918));
#4308=CARTESIAN_POINT('Origin',(15.,298.262019382559,-220.849999999918));
#4309=CARTESIAN_POINT('',(0.,0.,0.));
#4310=UNCERTAINTY_MEASURE_WITH_UNIT(LENGTH_MEASURE(0.01),#4316,
'DISTANCE_ACCURACY_VALUE',
'Maximum model space distance between geometric entities at asserted c
onnectivities');
#4311=UNCERTAINTY_MEASURE_WITH_UNIT(LENGTH_MEASURE(0.01),#4316,
'DISTANCE_ACCURACY_VALUE',
'Maximum model space distance between geometric entities at asserted c
onnectivities');
#4312=UNCERTAINTY_MEASURE_WITH_UNIT(LENGTH_MEASURE(0.01),#4316,
'DISTANCE_ACCURACY_VALUE',
'Maximum model space distance between geometric entities at asserted c
onnectivities');
#4313=(
GEOMETRIC_REPRESENTATION_CONTEXT(3)
GLOBAL_UNCERTAINTY_ASSIGNED_CONTEXT((#4310))
GLOBAL_UNIT_ASSIGNED_CONTEXT((#4316,#4317,#4318))
REPRESENTATION_CONTEXT('','3D')
);
#4314=(
GEOMETRIC_REPRESENTATION_CONTEXT(3)
GLOBAL_UNCERTAINTY_ASSIGNED_CONTEXT((#4311))
GLOBAL_UNIT_ASSIGNED_CONTEXT((#4316,#4317,#4318))
REPRESENTATION_CONTEXT('','3D')
);
#4315=(
GEOMETRIC_REPRESENTATION_CONTEXT(3)
GLOBAL_UNCERTAINTY_ASSIGNED_CONTEXT((#4312))
GLOBAL_UNIT_ASSIGNED_CONTEXT((#4316,#4317,#4318))
REPRESENTATION_CONTEXT('','3D')
);
#4316=(
LENGTH_UNIT()
NAMED_UNIT(*)
SI_UNIT(.MILLI.,.METRE.)
);
#4317=(
NAMED_UNIT(*)
PLANE_ANGLE_UNIT()
SI_UNIT($,.RADIAN.)
);
#4318=(
NAMED_UNIT(*)
SI_UNIT($,.STERADIAN.)
SOLID_ANGLE_UNIT()
);
#4319=SHAPE_DEFINITION_REPRESENTATION(#4321,#4324);
#4320=SHAPE_DEFINITION_REPRESENTATION(#4322,#4325);
#4321=PRODUCT_DEFINITION_SHAPE('',$,#4327);
#4322=PRODUCT_DEFINITION_SHAPE('',$,#4328);
#4323=PRODUCT_DEFINITION_SHAPE($,$,#14);
#4324=SHAPE_REPRESENTATION('',(#2627,#2841),#4313);
#4325=SHAPE_REPRESENTATION('',(#2628),#4314);
#4326=PRODUCT_DEFINITION_CONTEXT('part definition',#4334,'design');
#4327=PRODUCT_DEFINITION('(Unsaved)','(Unsaved)',#4329,#4326);
#4328=PRODUCT_DEFINITION('Nozzle Scrubber','Nozzle Scrubber',#4330,#4326);
#4329=PRODUCT_DEFINITION_FORMATION('',$,#4336);
#4330=PRODUCT_DEFINITION_FORMATION('',$,#4337);
#4331=PRODUCT_RELATED_PRODUCT_CATEGORY('(Unsaved)','(Unsaved)',(#4336));
#4332=PRODUCT_RELATED_PRODUCT_CATEGORY('Nozzle Scrubber',
'Nozzle Scrubber',(#4337));
#4333=APPLICATION_PROTOCOL_DEFINITION('international standard',
'automotive_design',2009,#4334);
#4334=APPLICATION_CONTEXT(
'Core Data for Automotive Mechanical Design Process');
#4335=PRODUCT_CONTEXT('part definition',#4334,'mechanical');
#4336=PRODUCT('(Unsaved)','(Unsaved)',$,(#4335));
#4337=PRODUCT('Nozzle Scrubber','Nozzle Scrubber',$,(#4335));
#4338=PRESENTATION_STYLE_ASSIGNMENT((#4348));
#4339=PRESENTATION_STYLE_ASSIGNMENT((#4349));
#4340=PRESENTATION_STYLE_ASSIGNMENT((#4350));
#4341=PRESENTATION_STYLE_ASSIGNMENT((#4351));
#4342=PRESENTATION_STYLE_ASSIGNMENT((#4352));
#4343=PRESENTATION_STYLE_ASSIGNMENT((#4353));
#4344=PRESENTATION_STYLE_ASSIGNMENT((#4354));
#4345=PRESENTATION_STYLE_ASSIGNMENT((#4355));
#4346=PRESENTATION_STYLE_ASSIGNMENT((#4356));
#4347=PRESENTATION_STYLE_ASSIGNMENT((#4357));
#4348=SURFACE_STYLE_USAGE(.BOTH.,#4358);
#4349=SURFACE_STYLE_USAGE(.BOTH.,#4359);
#4350=SURFACE_STYLE_USAGE(.BOTH.,#4360);
#4351=SURFACE_STYLE_USAGE(.BOTH.,#4361);
#4352=SURFACE_STYLE_USAGE(.BOTH.,#4362);
#4353=SURFACE_STYLE_USAGE(.BOTH.,#4363);
#4354=SURFACE_STYLE_USAGE(.BOTH.,#4364);
#4355=SURFACE_STYLE_USAGE(.BOTH.,#4365);
#4356=SURFACE_STYLE_USAGE(.BOTH.,#4366);
#4357=SURFACE_STYLE_USAGE(.BOTH.,#4367);
#4358=SURFACE_SIDE_STYLE('',(#4368));
#4359=SURFACE_SIDE_STYLE('',(#4369));
#4360=SURFACE_SIDE_STYLE('',(#4370));
#4361=SURFACE_SIDE_STYLE('',(#4371));
#4362=SURFACE_SIDE_STYLE('',(#4372));
#4363=SURFACE_SIDE_STYLE('',(#4373));
#4364=SURFACE_SIDE_STYLE('',(#4374));
#4365=SURFACE_SIDE_STYLE('',(#4375));
#4366=SURFACE_SIDE_STYLE('',(#4376));
#4367=SURFACE_SIDE_STYLE('',(#4377));
#4368=SURFACE_STYLE_FILL_AREA(#4378);
#4369=SURFACE_STYLE_FILL_AREA(#4379);
#4370=SURFACE_STYLE_FILL_AREA(#4380);
#4371=SURFACE_STYLE_FILL_AREA(#4381);
#4372=SURFACE_STYLE_FILL_AREA(#4382);
#4373=SURFACE_STYLE_FILL_AREA(#4383);
#4374=SURFACE_STYLE_FILL_AREA(#4384);
#4375=SURFACE_STYLE_FILL_AREA(#4385);
#4376=SURFACE_STYLE_FILL_AREA(#4386);
#4377=SURFACE_STYLE_FILL_AREA(#4387);
#4378=FILL_AREA_STYLE('Heated Bed',(#4388));
#4379=FILL_AREA_STYLE('Bed and connectors',(#4389));
#4380=FILL_AREA_STYLE('Tape panels',(#4390));
#4381=FILL_AREA_STYLE('Rails etc',(#4391));
#4382=FILL_AREA_STYLE('Screws_Nuts',(#4392));
#4383=FILL_AREA_STYLE('Main_Color_TridentGreen_ABS',(#4393));
#4384=FILL_AREA_STYLE('Fans and other black palstic',(#4394));
#4385=FILL_AREA_STYLE('Electronics green',(#4395));
#4386=FILL_AREA_STYLE('Frame - Black Aluminum Extrusions',(#4396));
#4387=FILL_AREA_STYLE('KVP Battleship Gray',(#4397));
#4388=FILL_AREA_STYLE_COLOUR('Heated Bed',#4398);
#4389=FILL_AREA_STYLE_COLOUR('Bed and connectors',#4399);
#4390=FILL_AREA_STYLE_COLOUR('Tape panels',#4400);
#4391=FILL_AREA_STYLE_COLOUR('Rails etc',#4401);
#4392=FILL_AREA_STYLE_COLOUR('Screws_Nuts',#4402);
#4393=FILL_AREA_STYLE_COLOUR('Main_Color_TridentGreen_ABS',#4403);
#4394=FILL_AREA_STYLE_COLOUR('Fans and other black palstic',#4404);
#4395=FILL_AREA_STYLE_COLOUR('Electronics green',#4405);
#4396=FILL_AREA_STYLE_COLOUR('Frame - Black Aluminum Extrusions',#4406);
#4397=FILL_AREA_STYLE_COLOUR('KVP Battleship Gray',#4407);
#4398=COLOUR_RGB('Heated Bed',0.756862745098039,0.266666666666667,0.0862745098039216);
#4399=COLOUR_RGB('Bed and connectors',0.8,0.603921568627451,0.231372549019608);
#4400=COLOUR_RGB('Tape panels',0.250980392156863,0.250980392156863,0.250980392156863);
#4401=COLOUR_RGB('Rails etc',0.96078431372549,0.96078431372549,0.964705882352941);
#4402=COLOUR_RGB('Screws_Nuts',0.796078431372549,0.796078431372549,0.796078431372549);
#4403=COLOUR_RGB('Main_Color_TridentGreen_ABS',0.443137254901961,0.784313725490196,
0.32156862745098);
#4404=COLOUR_RGB('Fans and other black palstic',0.2,0.2,0.2);
#4405=COLOUR_RGB('Electronics green',0.0588235294117647,0.4,0.0588235294117647);
#4406=COLOUR_RGB('Frame - Black Aluminum Extrusions',0.294117647058824,
0.294117647058824,0.294117647058824);
#4407=COLOUR_RGB('KVP Battleship Gray',0.388235294117647,0.4,0.415686274509804);
ENDSEC;
END-ISO-10303-21;
