ISO-10303-21;
HEADER;
/* Generated by software containing ST-Developer
 * from STEP Tools, Inc. (www.steptools.com) 
 */

FILE_DESCRIPTION(
/* description */ (''),
/* implementation_level */ '2;1');

FILE_NAME(
/* name */ 'Trident Nozzle Scrubber.step',
/* time_stamp */ '2025-03-29T21:36:33+01:00',
/* author */ (''),
/* organization */ (''),
/* preprocessor_version */ 'ST-DEVELOPER v20.1',
/* originating_system */ 'Autodesk Translation Framework v14.4.0.0',
/* authorisation */ '');

FILE_SCHEMA (('AUTOMOTIVE_DESIGN { 1 0 10303 214 3 1 1 }'));
ENDSEC;

DATA;
#10=MECHANICAL_DESIGN_GEOMETRIC_PRESENTATION_REPRESENTATION('',(#270,#271,
#272),#7779);
#11=ITEM_DEFINED_TRANSFORMATION($,$,#4659,#5060);
#12=ITEM_DEFINED_TRANSFORMATION($,$,#4666,#5061);
#13=ITEM_DEFINED_TRANSFORMATION($,$,#4658,#5062);
#14=(
REPRESENTATION_RELATIONSHIP($,$,#7797,#7796)
REPRESENTATION_RELATIONSHIP_WITH_TRANSFORMATION(#11)
SHAPE_REPRESENTATION_RELATIONSHIP()
);
#15=(
REPRESENTATION_RELATIONSHIP($,$,#7798,#7796)
REPRESENTATION_RELATIONSHIP_WITH_TRANSFORMATION(#12)
SHAPE_REPRESENTATION_RELATIONSHIP()
);
#16=(
REPRESENTATION_RELATIONSHIP($,$,#7796,#7795)
REPRESENTATION_RELATIONSHIP_WITH_TRANSFORMATION(#13)
SHAPE_REPRESENTATION_RELATIONSHIP()
);
#17=CONTEXT_DEPENDENT_SHAPE_REPRESENTATION(#14,#7792);
#18=CONTEXT_DEPENDENT_SHAPE_REPRESENTATION(#15,#7793);
#19=CONTEXT_DEPENDENT_SHAPE_REPRESENTATION(#16,#7794);
#20=NEXT_ASSEMBLY_USAGE_OCCURRENCE('Brush:1','Brush:1','Brush:1',#7801,
#7802,'Brush:1');
#21=NEXT_ASSEMBLY_USAGE_OCCURRENCE('Bucket:1','Bucket:1','Bucket:1',#7801,
#7803,'Bucket:1');
#22=NEXT_ASSEMBLY_USAGE_OCCURRENCE('Nozzle Scrubber:1',
'Nozzle Scrubber:1','Nozzle Scrubber:1',#7800,#7801,'Nozzle Scrubber:1');
#23=FACE_BOUND('',#639,.T.);
#24=FACE_BOUND('',#640,.T.);
#25=FACE_BOUND('',#641,.T.);
#26=FACE_BOUND('',#664,.T.);
#27=FACE_BOUND('',#747,.T.);
#28=FACE_BOUND('',#748,.T.);
#29=FACE_BOUND('',#749,.T.);
#30=FACE_BOUND('',#750,.T.);
#31=FACE_BOUND('',#751,.T.);
#32=FACE_BOUND('',#759,.T.);
#33=FACE_BOUND('',#766,.T.);
#34=FACE_BOUND('',#767,.T.);
#35=FACE_BOUND('',#780,.T.);
#36=(
BOUNDED_CURVE()
B_SPLINE_CURVE(2,(#6456,#6457,#6458),.UNSPECIFIED.,.F.,.F.)
B_SPLINE_CURVE_WITH_KNOTS((3,3),(0.939584350779515,1.05555360214792),
 .UNSPECIFIED.)
CURVE()
GEOMETRIC_REPRESENTATION_ITEM()
RATIONAL_B_SPLINE_CURVE((1.04843266522917,1.03733057240092,1.01545339355364))
REPRESENTATION_ITEM('')
);
#37=(
BOUNDED_CURVE()
B_SPLINE_CURVE(2,(#6461,#6462,#6463,#6464),.UNSPECIFIED.,.F.,.F.)
B_SPLINE_CURVE_WITH_KNOTS((3,1,3),(56.0150803444428,73.5722295565324,73.6624895439257),
 .UNSPECIFIED.)
CURVE()
GEOMETRIC_REPRESENTATION_ITEM()
RATIONAL_B_SPLINE_CURVE((84.5104470560553,93.9242781797785,101.071685043344,
101.108180526829))
REPRESENTATION_ITEM('')
);
#38=(
BOUNDED_CURVE()
B_SPLINE_CURVE(2,(#6475,#6476,#6477),.UNSPECIFIED.,.F.,.F.)
B_SPLINE_CURVE_WITH_KNOTS((3,3),(0.939584350779405,1.05555360214792),
 .UNSPECIFIED.)
CURVE()
GEOMETRIC_REPRESENTATION_ITEM()
RATIONAL_B_SPLINE_CURVE((1.04843266522917,1.03733057240093,1.01545339355364))
REPRESENTATION_ITEM('')
);
#39=(
BOUNDED_CURVE()
B_SPLINE_CURVE(2,(#6520,#6521,#6522),.UNSPECIFIED.,.F.,.F.)
B_SPLINE_CURVE_WITH_KNOTS((3,3),(181.903432604788,199.550841804271),
 .UNSPECIFIED.)
CURVE()
GEOMETRIC_REPRESENTATION_ITEM()
RATIONAL_B_SPLINE_CURVE((101.108180526829,93.9726739795914,84.5104470560558))
REPRESENTATION_ITEM('')
);
#40=(
BOUNDED_CURVE()
B_SPLINE_CURVE(2,(#6554,#6555,#6556),.UNSPECIFIED.,.F.,.F.)
B_SPLINE_CURVE_WITH_KNOTS((3,3),(252.699803042564,253.581249741728),
 .UNSPECIFIED.)
CURVE()
GEOMETRIC_REPRESENTATION_ITEM()
RATIONAL_B_SPLINE_CURVE((166.31612684517,146.022519009277,125.585326785295))
REPRESENTATION_ITEM('')
);
#41=(
BOUNDED_CURVE()
B_SPLINE_CURVE(2,(#6902,#6903,#6904),.UNSPECIFIED.,.F.,.F.)
B_SPLINE_CURVE_WITH_KNOTS((3,3),(0.159611859165468,0.319223718330936),
 .UNSPECIFIED.)
CURVE()
GEOMETRIC_REPRESENTATION_ITEM()
RATIONAL_B_SPLINE_CURVE((1.,1.06066017177953,1.))
REPRESENTATION_ITEM('')
);
#42=CONICAL_SURFACE('',#4677,4.00000000000001,0.610865238198015);
#43=CONICAL_SURFACE('',#4688,4.00000000000001,0.610865238198015);
#44=CONICAL_SURFACE('',#4696,4.00000000000001,0.610865238198015);
#45=CONICAL_SURFACE('',#4740,1.74999999999999,0.785398163397472);
#46=CONICAL_SURFACE('',#4743,2.25,0.785398163397454);
#47=CONICAL_SURFACE('',#4756,2.25,0.785398163397454);
#48=CONICAL_SURFACE('',#4759,1.74999999999999,0.785398163397472);
#49=CONICAL_SURFACE('',#4773,1.75,0.785398163397581);
#50=CONICAL_SURFACE('',#4776,1.75000000000001,0.785398163397571);
#51=CONICAL_SURFACE('',#4779,1.75000000000001,0.78539816339757);
#52=CONICAL_SURFACE('',#4782,1.75,0.78539816339759);
#53=CONICAL_SURFACE('',#4785,2.5,0.785398163397451);
#54=CONICAL_SURFACE('',#4789,5.5,0.785398163397452);
#55=CONICAL_SURFACE('',#4792,2.25,0.785398163397441);
#56=CONICAL_SURFACE('',#4802,1.79289321881345,0.785398163397451);
#57=CONICAL_SURFACE('',#4807,1.79289321881345,0.78539816339745);
#58=CONICAL_SURFACE('',#4811,6.20710678118655,0.785398163397452);
#59=CONICAL_SURFACE('',#4859,4.8,0.785398163397448);
#60=CONICAL_SURFACE('',#4865,4.8,0.785398163397448);
#61=CONICAL_SURFACE('',#4876,4.8,0.785398163397448);
#62=CONICAL_SURFACE('',#4885,4.8,0.785398163397448);
#63=CONICAL_SURFACE('',#4890,1.19999999999999,0.785398163397434);
#64=CONICAL_SURFACE('',#4894,0.799999999999992,0.785398163397467);
#65=CONICAL_SURFACE('',#4898,0.799999999999992,0.785398163397467);
#66=CONICAL_SURFACE('',#4916,0.799999999999992,0.785398163397467);
#67=CONICAL_SURFACE('',#4920,0.799999999999992,0.785398163397467);
#68=CONICAL_SURFACE('',#4924,0.799999999999992,0.785398163397467);
#69=CONICAL_SURFACE('',#4941,1.19999999999999,0.785398163397434);
#70=CONICAL_SURFACE('',#4944,0.799999999999992,0.785398163397467);
#71=CONICAL_SURFACE('',#4947,0.799999999999992,0.785398163397467);
#72=CONICAL_SURFACE('',#4950,0.799999999999992,0.785398163397467);
#73=CONICAL_SURFACE('',#4953,0.799999999999992,0.785398163397467);
#74=CONICAL_SURFACE('',#4956,0.799999999999992,0.785398163397467);
#75=CONICAL_SURFACE('',#4967,1.85,0.785398163397437);
#76=CONICAL_SURFACE('',#4977,1.85,0.785398163397437);
#77=CONICAL_SURFACE('',#4986,1.85,0.785398163397437);
#78=CONICAL_SURFACE('',#4993,1.85,0.785398163397437);
#79=CONICAL_SURFACE('',#5006,4.19999999999998,0.785398163397437);
#80=CONICAL_SURFACE('',#5013,4.19999999999998,0.785398163397437);
#81=CONICAL_SURFACE('',#5025,3.2,0.785398163397437);
#82=CONICAL_SURFACE('',#5032,3.2,0.785398163397437);
#83=CONICAL_SURFACE('',#5039,3.2,0.785398163397437);
#84=B_SPLINE_CURVE_WITH_KNOTS('',3,(#6442,#6443,#6444,#6445,#6446,#6447,
#6448,#6449),.UNSPECIFIED.,.F.,.F.,(4,2,2,4),(0.886081951371098,0.961568622898723,
1.01014741936797,1.02004551053381),.UNSPECIFIED.);
#85=B_SPLINE_CURVE_WITH_KNOTS('',3,(#6479,#6480,#6481,#6482,#6483,#6484,
#6485,#6486),.UNSPECIFIED.,.F.,.F.,(4,2,2,4),(0.164905107497765,0.216311975048377,
0.264368367390289,0.277458273078398),.UNSPECIFIED.);
#86=B_SPLINE_CURVE_WITH_KNOTS('',3,(#6489,#6490,#6491,#6492,#6493,#6494,
#6495,#6496),.UNSPECIFIED.,.F.,.F.,(4,2,2,4),(0.398882588503663,0.411972494191769,
0.46002888653368,0.511435754084292),.UNSPECIFIED.);
#87=B_SPLINE_CURVE_WITH_KNOTS('',3,(#6504,#6505,#6506,#6507,#6508,#6509,
#6510,#6511),.UNSPECIFIED.,.F.,.F.,(4,2,2,4),(0.420445419253971,0.430343510419612,
0.478922306888859,0.554408978416484),.UNSPECIFIED.);
#88=B_SPLINE_CURVE_WITH_KNOTS('',3,(#6531,#6532,#6533,#6534,#6535,#6536,
#6537,#6538),.UNSPECIFIED.,.F.,.F.,(4,2,2,4),(0.0575380020106752,0.0740448656883387,
0.111081555442447,0.148132409042005),.UNSPECIFIED.);
#89=B_SPLINE_CURVE_WITH_KNOTS('',3,(#6542,#6543,#6544,#6545),
 .UNSPECIFIED.,.F.,.F.,(4,4),(0.161884480162489,0.193509867458684),
 .UNSPECIFIED.);
#90=B_SPLINE_CURVE_WITH_KNOTS('',3,(#6560,#6561,#6562,#6563,#6564,#6565,
#6566,#6567),.UNSPECIFIED.,.F.,.F.,(4,2,2,4),(0.374314102908532,0.389236096376843,
0.431155105605945,0.474815831438103),.UNSPECIFIED.);
#91=B_SPLINE_CURVE_WITH_KNOTS('',3,(#6596,#6597,#6598,#6599,#6600,#6601,
#6602,#6603),.UNSPECIFIED.,.F.,.F.,(4,2,2,4),(0.156202763549254,0.199863489381411,
0.241782498610513,0.256704492078826),.UNSPECIFIED.);
#92=B_SPLINE_CURVE_WITH_KNOTS('',3,(#6625,#6626,#6627,#6628,#6629,#6630,
#6631,#6632),.UNSPECIFIED.,.F.,.F.,(4,2,2,4),(0.181549539092973,0.213569799686672,
0.251257345513282,0.279349192041427),.UNSPECIFIED.);
#93=B_SPLINE_CURVE_WITH_KNOTS('',3,(#6634,#6635,#6636,#6637),
 .UNSPECIFIED.,.F.,.F.,(4,4),(-0.355130819544186,-0.353755313786623),
 .UNSPECIFIED.);
#94=TOROIDAL_SURFACE('',#4674,3.47943294944826,1.);
#95=TOROIDAL_SURFACE('',#4682,3.47943294944826,1.);
#96=TOROIDAL_SURFACE('',#4690,3.47943294944826,1.);
#97=TOROIDAL_SURFACE('',#4698,6.55116891135991,1.);
#98=TOROIDAL_SURFACE('',#4709,6.55116891135991,1.);
#99=TOROIDAL_SURFACE('',#4710,6.55116891135991,1.);
#100=CIRCLE('',#4673,1.00000000000002);
#101=CIRCLE('',#4675,3.47943294944826);
#102=CIRCLE('',#4676,4.29858499373725);
#103=CIRCLE('',#4678,5.73201686707092);
#104=CIRCLE('',#4683,0.999999999999996);
#105=CIRCLE('',#4684,3.47943294944826);
#106=CIRCLE('',#4685,4.29858499373726);
#107=CIRCLE('',#4689,5.73201686707091);
#108=CIRCLE('',#4691,0.999999999999964);
#109=CIRCLE('',#4692,3.47943294944826);
#110=CIRCLE('',#4693,4.29858499373723);
#111=CIRCLE('',#4697,5.73201686707093);
#112=CIRCLE('',#4699,6.55116891135991);
#113=CIRCLE('',#4701,1.);
#114=CIRCLE('',#4702,1.);
#115=CIRCLE('',#4703,1.);
#116=CIRCLE('',#4704,1.);
#117=CIRCLE('',#4706,6.55116891135991);
#118=CIRCLE('',#4707,6.55116891135991);
#119=CIRCLE('',#4708,1.5857864376269);
#120=CIRCLE('',#4711,1.);
#121=CIRCLE('',#4717,3.00000000000001);
#122=CIRCLE('',#4720,2.);
#123=CIRCLE('',#4721,2.);
#124=CIRCLE('',#4724,3.00000000000001);
#125=CIRCLE('',#4726,3.00000000000001);
#126=CIRCLE('',#4730,1.5);
#127=CIRCLE('',#4731,1.50000000000001);
#128=CIRCLE('',#4732,1.50000000000001);
#129=CIRCLE('',#4733,1.49999999999999);
#130=CIRCLE('',#4736,3.);
#131=CIRCLE('',#4738,3.);
#132=CIRCLE('',#4741,1.49999999999998);
#133=CIRCLE('',#4744,2.);
#134=CIRCLE('',#4745,2.50000000000001);
#135=CIRCLE('',#4747,2.);
#136=CIRCLE('',#4752,3.00000000000001);
#137=CIRCLE('',#4757,2.50000000000001);
#138=CIRCLE('',#4760,1.49999999999998);
#139=CIRCLE('',#4765,3.00000000000001);
#140=CIRCLE('',#4770,3.00000000000001);
#141=CIRCLE('',#4774,2.);
#142=CIRCLE('',#4777,2.);
#143=CIRCLE('',#4780,2.);
#144=CIRCLE('',#4783,2.);
#145=CIRCLE('',#4786,2.);
#146=CIRCLE('',#4790,5.);
#147=CIRCLE('',#4791,6.);
#148=CIRCLE('',#4793,2.);
#149=CIRCLE('',#4794,2.49999999999999);
#150=CIRCLE('',#4796,5.);
#151=CIRCLE('',#4803,1.5857864376269);
#152=CIRCLE('',#4804,2.);
#153=CIRCLE('',#4808,2.);
#154=CIRCLE('',#4812,6.41421356237309);
#155=CIRCLE('',#4813,6.);
#156=CIRCLE('',#4816,2.);
#157=CIRCLE('',#4819,2.);
#158=CIRCLE('',#4822,2.);
#159=CIRCLE('',#4825,2.);
#160=CIRCLE('',#4832,1.);
#161=CIRCLE('',#4835,1.);
#162=CIRCLE('',#4838,1.);
#163=CIRCLE('',#4841,1.);
#164=CIRCLE('',#4843,6.);
#165=CIRCLE('',#4860,5.);
#166=CIRCLE('',#4861,4.6);
#167=CIRCLE('',#4866,5.);
#168=CIRCLE('',#4867,4.6);
#169=CIRCLE('',#4877,5.);
#170=CIRCLE('',#4878,4.6);
#171=CIRCLE('',#4886,5.);
#172=CIRCLE('',#4887,4.6);
#173=CIRCLE('',#4891,1.);
#174=CIRCLE('',#4892,1.39999999999999);
#175=CIRCLE('',#4895,1.);
#176=CIRCLE('',#4896,0.599999999999985);
#177=CIRCLE('',#4899,1.);
#178=CIRCLE('',#4900,0.599999999999985);
#179=CIRCLE('',#4906,1.);
#180=CIRCLE('',#4909,1.);
#181=CIRCLE('',#4912,1.);
#182=CIRCLE('',#4917,1.);
#183=CIRCLE('',#4918,0.599999999999985);
#184=CIRCLE('',#4921,1.);
#185=CIRCLE('',#4922,0.599999999999984);
#186=CIRCLE('',#4925,1.);
#187=CIRCLE('',#4926,0.599999999999984);
#188=CIRCLE('',#4929,1.);
#189=CIRCLE('',#4932,1.);
#190=CIRCLE('',#4935,1.);
#191=CIRCLE('',#4942,1.39999999999999);
#192=CIRCLE('',#4945,0.599999999999985);
#193=CIRCLE('',#4948,0.599999999999985);
#194=CIRCLE('',#4951,0.599999999999984);
#195=CIRCLE('',#4954,0.599999999999984);
#196=CIRCLE('',#4957,0.599999999999985);
#197=CIRCLE('',#4960,4.39999999999998);
#198=CIRCLE('',#4961,3.4);
#199=CIRCLE('',#4962,3.4);
#200=CIRCLE('',#4963,3.4);
#201=CIRCLE('',#4964,4.39999999999998);
#202=CIRCLE('',#4968,1.75000000000001);
#203=CIRCLE('',#4969,1.95);
#204=CIRCLE('',#4974,3.99999999999999);
#205=CIRCLE('',#4978,1.95);
#206=CIRCLE('',#4979,1.75000000000001);
#207=CIRCLE('',#4983,1.95);
#208=CIRCLE('',#4987,1.75000000000001);
#209=CIRCLE('',#4994,1.75000000000001);
#210=CIRCLE('',#4995,1.95);
#211=CIRCLE('',#4999,3.99999999999999);
#212=CIRCLE('',#5007,3.99999999999999);
#213=CIRCLE('',#5014,3.99999999999999);
#214=CIRCLE('',#5026,3.00000000000001);
#215=CIRCLE('',#5033,3.00000000000001);
#216=CIRCLE('',#5040,3.00000000000001);
#217=CIRCLE('',#5046,3.00000000000001);
#218=CIRCLE('',#5050,3.00000000000001);
#219=CIRCLE('',#5054,3.00000000000001);
#220=CYLINDRICAL_SURFACE('',#4671,1.);
#221=CYLINDRICAL_SURFACE('',#4686,1.);
#222=CYLINDRICAL_SURFACE('',#4694,1.);
#223=CYLINDRICAL_SURFACE('',#4712,1.);
#224=CYLINDRICAL_SURFACE('',#4719,2.);
#225=CYLINDRICAL_SURFACE('',#4735,3.);
#226=CYLINDRICAL_SURFACE('',#4746,2.);
#227=CYLINDRICAL_SURFACE('',#4751,3.00000000000001);
#228=CYLINDRICAL_SURFACE('',#4764,3.00000000000001);
#229=CYLINDRICAL_SURFACE('',#4769,3.00000000000001);
#230=CYLINDRICAL_SURFACE('',#4795,5.);
#231=CYLINDRICAL_SURFACE('',#4799,2.);
#232=CYLINDRICAL_SURFACE('',#4809,2.);
#233=CYLINDRICAL_SURFACE('',#4815,2.);
#234=CYLINDRICAL_SURFACE('',#4818,2.);
#235=CYLINDRICAL_SURFACE('',#4821,2.);
#236=CYLINDRICAL_SURFACE('',#4824,2.);
#237=CYLINDRICAL_SURFACE('',#4831,1.);
#238=CYLINDRICAL_SURFACE('',#4834,1.);
#239=CYLINDRICAL_SURFACE('',#4837,1.);
#240=CYLINDRICAL_SURFACE('',#4840,1.);
#241=CYLINDRICAL_SURFACE('',#4842,6.);
#242=CYLINDRICAL_SURFACE('',#4882,5.);
#243=CYLINDRICAL_SURFACE('',#4902,5.);
#244=CYLINDRICAL_SURFACE('',#4905,1.);
#245=CYLINDRICAL_SURFACE('',#4908,1.);
#246=CYLINDRICAL_SURFACE('',#4911,1.);
#247=CYLINDRICAL_SURFACE('',#4928,1.);
#248=CYLINDRICAL_SURFACE('',#4931,1.);
#249=CYLINDRICAL_SURFACE('',#4934,1.);
#250=CYLINDRICAL_SURFACE('',#5001,1.75000000000001);
#251=CYLINDRICAL_SURFACE('',#5010,3.99999999999999);
#252=CYLINDRICAL_SURFACE('',#5017,3.99999999999999);
#253=CYLINDRICAL_SURFACE('',#5045,3.00000000000001);
#254=CYLINDRICAL_SURFACE('',#5049,3.00000000000001);
#255=CYLINDRICAL_SURFACE('',#5053,3.00000000000001);
#256=CYLINDRICAL_SURFACE('',#5059,1.75000000000001);
#257=ELLIPSE('',#4669,1.24999999999767,1.);
#258=ELLIPSE('',#4670,1.24999999999767,1.);
#259=ELLIPSE('',#4672,1.66666666666604,1.);
#260=ELLIPSE('',#4681,1.66666666666723,1.);
#261=ELLIPSE('',#4713,1.76776695296308,1.);
#262=ELLIPSE('',#4737,4.24264068711927,3.);
#263=ELLIPSE('',#4800,2.82842712474617,2.);
#264=SHAPE_REPRESENTATION_RELATIONSHIP('SRR','None',#7797,#267);
#265=SHAPE_REPRESENTATION_RELATIONSHIP('SRR','None',#7798,#268);
#266=SHAPE_REPRESENTATION_RELATIONSHIP('SRR','None',#7796,#269);
#267=ADVANCED_BREP_SHAPE_REPRESENTATION('',(#273),#7777);
#268=ADVANCED_BREP_SHAPE_REPRESENTATION('',(#274),#7778);
#269=ADVANCED_BREP_SHAPE_REPRESENTATION('',(#275),#7776);
#270=STYLED_ITEM('',(#7828),#273);
#271=STYLED_ITEM('',(#7824),#274);
#272=STYLED_ITEM('',(#7824),#275);
#273=MANIFOLD_SOLID_BREP('Body1',#4631);
#274=MANIFOLD_SOLID_BREP('Bucket',#4632);
#275=MANIFOLD_SOLID_BREP('Brush Holder',#4633);
#276=FACE_OUTER_BOUND('',#548,.T.);
#277=FACE_OUTER_BOUND('',#549,.T.);
#278=FACE_OUTER_BOUND('',#550,.T.);
#279=FACE_OUTER_BOUND('',#551,.T.);
#280=FACE_OUTER_BOUND('',#552,.T.);
#281=FACE_OUTER_BOUND('',#553,.T.);
#282=FACE_OUTER_BOUND('',#554,.T.);
#283=FACE_OUTER_BOUND('',#555,.T.);
#284=FACE_OUTER_BOUND('',#556,.T.);
#285=FACE_OUTER_BOUND('',#557,.T.);
#286=FACE_OUTER_BOUND('',#558,.T.);
#287=FACE_OUTER_BOUND('',#559,.T.);
#288=FACE_OUTER_BOUND('',#560,.T.);
#289=FACE_OUTER_BOUND('',#561,.T.);
#290=FACE_OUTER_BOUND('',#562,.T.);
#291=FACE_OUTER_BOUND('',#563,.T.);
#292=FACE_OUTER_BOUND('',#564,.T.);
#293=FACE_OUTER_BOUND('',#565,.T.);
#294=FACE_OUTER_BOUND('',#566,.T.);
#295=FACE_OUTER_BOUND('',#567,.T.);
#296=FACE_OUTER_BOUND('',#568,.T.);
#297=FACE_OUTER_BOUND('',#569,.T.);
#298=FACE_OUTER_BOUND('',#570,.T.);
#299=FACE_OUTER_BOUND('',#571,.T.);
#300=FACE_OUTER_BOUND('',#572,.T.);
#301=FACE_OUTER_BOUND('',#573,.T.);
#302=FACE_OUTER_BOUND('',#574,.T.);
#303=FACE_OUTER_BOUND('',#575,.T.);
#304=FACE_OUTER_BOUND('',#576,.T.);
#305=FACE_OUTER_BOUND('',#577,.T.);
#306=FACE_OUTER_BOUND('',#578,.T.);
#307=FACE_OUTER_BOUND('',#579,.T.);
#308=FACE_OUTER_BOUND('',#580,.T.);
#309=FACE_OUTER_BOUND('',#581,.T.);
#310=FACE_OUTER_BOUND('',#582,.T.);
#311=FACE_OUTER_BOUND('',#583,.T.);
#312=FACE_OUTER_BOUND('',#584,.T.);
#313=FACE_OUTER_BOUND('',#585,.T.);
#314=FACE_OUTER_BOUND('',#586,.T.);
#315=FACE_OUTER_BOUND('',#587,.T.);
#316=FACE_OUTER_BOUND('',#588,.T.);
#317=FACE_OUTER_BOUND('',#589,.T.);
#318=FACE_OUTER_BOUND('',#590,.T.);
#319=FACE_OUTER_BOUND('',#591,.T.);
#320=FACE_OUTER_BOUND('',#592,.T.);
#321=FACE_OUTER_BOUND('',#593,.T.);
#322=FACE_OUTER_BOUND('',#594,.T.);
#323=FACE_OUTER_BOUND('',#595,.T.);
#324=FACE_OUTER_BOUND('',#596,.T.);
#325=FACE_OUTER_BOUND('',#597,.T.);
#326=FACE_OUTER_BOUND('',#598,.T.);
#327=FACE_OUTER_BOUND('',#599,.T.);
#328=FACE_OUTER_BOUND('',#600,.T.);
#329=FACE_OUTER_BOUND('',#601,.T.);
#330=FACE_OUTER_BOUND('',#602,.T.);
#331=FACE_OUTER_BOUND('',#603,.T.);
#332=FACE_OUTER_BOUND('',#604,.T.);
#333=FACE_OUTER_BOUND('',#605,.T.);
#334=FACE_OUTER_BOUND('',#606,.T.);
#335=FACE_OUTER_BOUND('',#607,.T.);
#336=FACE_OUTER_BOUND('',#608,.T.);
#337=FACE_OUTER_BOUND('',#609,.T.);
#338=FACE_OUTER_BOUND('',#610,.T.);
#339=FACE_OUTER_BOUND('',#611,.T.);
#340=FACE_OUTER_BOUND('',#612,.T.);
#341=FACE_OUTER_BOUND('',#613,.T.);
#342=FACE_OUTER_BOUND('',#614,.T.);
#343=FACE_OUTER_BOUND('',#615,.T.);
#344=FACE_OUTER_BOUND('',#616,.T.);
#345=FACE_OUTER_BOUND('',#617,.T.);
#346=FACE_OUTER_BOUND('',#618,.T.);
#347=FACE_OUTER_BOUND('',#619,.T.);
#348=FACE_OUTER_BOUND('',#620,.T.);
#349=FACE_OUTER_BOUND('',#621,.T.);
#350=FACE_OUTER_BOUND('',#622,.T.);
#351=FACE_OUTER_BOUND('',#623,.T.);
#352=FACE_OUTER_BOUND('',#624,.T.);
#353=FACE_OUTER_BOUND('',#625,.T.);
#354=FACE_OUTER_BOUND('',#626,.T.);
#355=FACE_OUTER_BOUND('',#627,.T.);
#356=FACE_OUTER_BOUND('',#628,.T.);
#357=FACE_OUTER_BOUND('',#629,.T.);
#358=FACE_OUTER_BOUND('',#630,.T.);
#359=FACE_OUTER_BOUND('',#631,.T.);
#360=FACE_OUTER_BOUND('',#632,.T.);
#361=FACE_OUTER_BOUND('',#633,.T.);
#362=FACE_OUTER_BOUND('',#634,.T.);
#363=FACE_OUTER_BOUND('',#635,.T.);
#364=FACE_OUTER_BOUND('',#636,.T.);
#365=FACE_OUTER_BOUND('',#637,.T.);
#366=FACE_OUTER_BOUND('',#638,.T.);
#367=FACE_OUTER_BOUND('',#642,.T.);
#368=FACE_OUTER_BOUND('',#643,.T.);
#369=FACE_OUTER_BOUND('',#644,.T.);
#370=FACE_OUTER_BOUND('',#645,.T.);
#371=FACE_OUTER_BOUND('',#646,.T.);
#372=FACE_OUTER_BOUND('',#647,.T.);
#373=FACE_OUTER_BOUND('',#648,.T.);
#374=FACE_OUTER_BOUND('',#649,.T.);
#375=FACE_OUTER_BOUND('',#650,.T.);
#376=FACE_OUTER_BOUND('',#651,.T.);
#377=FACE_OUTER_BOUND('',#652,.T.);
#378=FACE_OUTER_BOUND('',#653,.T.);
#379=FACE_OUTER_BOUND('',#654,.T.);
#380=FACE_OUTER_BOUND('',#655,.T.);
#381=FACE_OUTER_BOUND('',#656,.T.);
#382=FACE_OUTER_BOUND('',#657,.T.);
#383=FACE_OUTER_BOUND('',#658,.T.);
#384=FACE_OUTER_BOUND('',#659,.T.);
#385=FACE_OUTER_BOUND('',#660,.T.);
#386=FACE_OUTER_BOUND('',#661,.T.);
#387=FACE_OUTER_BOUND('',#662,.T.);
#388=FACE_OUTER_BOUND('',#663,.T.);
#389=FACE_OUTER_BOUND('',#665,.T.);
#390=FACE_OUTER_BOUND('',#666,.T.);
#391=FACE_OUTER_BOUND('',#667,.T.);
#392=FACE_OUTER_BOUND('',#668,.T.);
#393=FACE_OUTER_BOUND('',#669,.T.);
#394=FACE_OUTER_BOUND('',#670,.T.);
#395=FACE_OUTER_BOUND('',#671,.T.);
#396=FACE_OUTER_BOUND('',#672,.T.);
#397=FACE_OUTER_BOUND('',#673,.T.);
#398=FACE_OUTER_BOUND('',#674,.T.);
#399=FACE_OUTER_BOUND('',#675,.T.);
#400=FACE_OUTER_BOUND('',#676,.T.);
#401=FACE_OUTER_BOUND('',#677,.T.);
#402=FACE_OUTER_BOUND('',#678,.T.);
#403=FACE_OUTER_BOUND('',#679,.T.);
#404=FACE_OUTER_BOUND('',#680,.T.);
#405=FACE_OUTER_BOUND('',#681,.T.);
#406=FACE_OUTER_BOUND('',#682,.T.);
#407=FACE_OUTER_BOUND('',#683,.T.);
#408=FACE_OUTER_BOUND('',#684,.T.);
#409=FACE_OUTER_BOUND('',#685,.T.);
#410=FACE_OUTER_BOUND('',#686,.T.);
#411=FACE_OUTER_BOUND('',#687,.T.);
#412=FACE_OUTER_BOUND('',#688,.T.);
#413=FACE_OUTER_BOUND('',#689,.T.);
#414=FACE_OUTER_BOUND('',#690,.T.);
#415=FACE_OUTER_BOUND('',#691,.T.);
#416=FACE_OUTER_BOUND('',#692,.T.);
#417=FACE_OUTER_BOUND('',#693,.T.);
#418=FACE_OUTER_BOUND('',#694,.T.);
#419=FACE_OUTER_BOUND('',#695,.T.);
#420=FACE_OUTER_BOUND('',#696,.T.);
#421=FACE_OUTER_BOUND('',#697,.T.);
#422=FACE_OUTER_BOUND('',#698,.T.);
#423=FACE_OUTER_BOUND('',#699,.T.);
#424=FACE_OUTER_BOUND('',#700,.T.);
#425=FACE_OUTER_BOUND('',#701,.T.);
#426=FACE_OUTER_BOUND('',#702,.T.);
#427=FACE_OUTER_BOUND('',#703,.T.);
#428=FACE_OUTER_BOUND('',#704,.T.);
#429=FACE_OUTER_BOUND('',#705,.T.);
#430=FACE_OUTER_BOUND('',#706,.T.);
#431=FACE_OUTER_BOUND('',#707,.T.);
#432=FACE_OUTER_BOUND('',#708,.T.);
#433=FACE_OUTER_BOUND('',#709,.T.);
#434=FACE_OUTER_BOUND('',#710,.T.);
#435=FACE_OUTER_BOUND('',#711,.T.);
#436=FACE_OUTER_BOUND('',#712,.T.);
#437=FACE_OUTER_BOUND('',#713,.T.);
#438=FACE_OUTER_BOUND('',#714,.T.);
#439=FACE_OUTER_BOUND('',#715,.T.);
#440=FACE_OUTER_BOUND('',#716,.T.);
#441=FACE_OUTER_BOUND('',#717,.T.);
#442=FACE_OUTER_BOUND('',#718,.T.);
#443=FACE_OUTER_BOUND('',#719,.T.);
#444=FACE_OUTER_BOUND('',#720,.T.);
#445=FACE_OUTER_BOUND('',#721,.T.);
#446=FACE_OUTER_BOUND('',#722,.T.);
#447=FACE_OUTER_BOUND('',#723,.T.);
#448=FACE_OUTER_BOUND('',#724,.T.);
#449=FACE_OUTER_BOUND('',#725,.T.);
#450=FACE_OUTER_BOUND('',#726,.T.);
#451=FACE_OUTER_BOUND('',#727,.T.);
#452=FACE_OUTER_BOUND('',#728,.T.);
#453=FACE_OUTER_BOUND('',#729,.T.);
#454=FACE_OUTER_BOUND('',#730,.T.);
#455=FACE_OUTER_BOUND('',#731,.T.);
#456=FACE_OUTER_BOUND('',#732,.T.);
#457=FACE_OUTER_BOUND('',#733,.T.);
#458=FACE_OUTER_BOUND('',#734,.T.);
#459=FACE_OUTER_BOUND('',#735,.T.);
#460=FACE_OUTER_BOUND('',#736,.T.);
#461=FACE_OUTER_BOUND('',#737,.T.);
#462=FACE_OUTER_BOUND('',#738,.T.);
#463=FACE_OUTER_BOUND('',#739,.T.);
#464=FACE_OUTER_BOUND('',#740,.T.);
#465=FACE_OUTER_BOUND('',#741,.T.);
#466=FACE_OUTER_BOUND('',#742,.T.);
#467=FACE_OUTER_BOUND('',#743,.T.);
#468=FACE_OUTER_BOUND('',#744,.T.);
#469=FACE_OUTER_BOUND('',#745,.T.);
#470=FACE_OUTER_BOUND('',#746,.T.);
#471=FACE_OUTER_BOUND('',#752,.T.);
#472=FACE_OUTER_BOUND('',#753,.T.);
#473=FACE_OUTER_BOUND('',#754,.T.);
#474=FACE_OUTER_BOUND('',#755,.T.);
#475=FACE_OUTER_BOUND('',#756,.T.);
#476=FACE_OUTER_BOUND('',#757,.T.);
#477=FACE_OUTER_BOUND('',#758,.T.);
#478=FACE_OUTER_BOUND('',#760,.T.);
#479=FACE_OUTER_BOUND('',#761,.T.);
#480=FACE_OUTER_BOUND('',#762,.T.);
#481=FACE_OUTER_BOUND('',#763,.T.);
#482=FACE_OUTER_BOUND('',#764,.T.);
#483=FACE_OUTER_BOUND('',#765,.T.);
#484=FACE_OUTER_BOUND('',#768,.T.);
#485=FACE_OUTER_BOUND('',#769,.T.);
#486=FACE_OUTER_BOUND('',#770,.T.);
#487=FACE_OUTER_BOUND('',#771,.T.);
#488=FACE_OUTER_BOUND('',#772,.T.);
#489=FACE_OUTER_BOUND('',#773,.T.);
#490=FACE_OUTER_BOUND('',#774,.T.);
#491=FACE_OUTER_BOUND('',#775,.T.);
#492=FACE_OUTER_BOUND('',#776,.T.);
#493=FACE_OUTER_BOUND('',#777,.T.);
#494=FACE_OUTER_BOUND('',#778,.T.);
#495=FACE_OUTER_BOUND('',#779,.T.);
#496=FACE_OUTER_BOUND('',#781,.T.);
#497=FACE_OUTER_BOUND('',#782,.T.);
#498=FACE_OUTER_BOUND('',#783,.T.);
#499=FACE_OUTER_BOUND('',#784,.T.);
#500=FACE_OUTER_BOUND('',#785,.T.);
#501=FACE_OUTER_BOUND('',#786,.T.);
#502=FACE_OUTER_BOUND('',#787,.T.);
#503=FACE_OUTER_BOUND('',#788,.T.);
#504=FACE_OUTER_BOUND('',#789,.T.);
#505=FACE_OUTER_BOUND('',#790,.T.);
#506=FACE_OUTER_BOUND('',#791,.T.);
#507=FACE_OUTER_BOUND('',#792,.T.);
#508=FACE_OUTER_BOUND('',#793,.T.);
#509=FACE_OUTER_BOUND('',#794,.T.);
#510=FACE_OUTER_BOUND('',#795,.T.);
#511=FACE_OUTER_BOUND('',#796,.T.);
#512=FACE_OUTER_BOUND('',#797,.T.);
#513=FACE_OUTER_BOUND('',#798,.T.);
#514=FACE_OUTER_BOUND('',#799,.T.);
#515=FACE_OUTER_BOUND('',#800,.T.);
#516=FACE_OUTER_BOUND('',#801,.T.);
#517=FACE_OUTER_BOUND('',#802,.T.);
#518=FACE_OUTER_BOUND('',#803,.T.);
#519=FACE_OUTER_BOUND('',#804,.T.);
#520=FACE_OUTER_BOUND('',#805,.T.);
#521=FACE_OUTER_BOUND('',#806,.T.);
#522=FACE_OUTER_BOUND('',#807,.T.);
#523=FACE_OUTER_BOUND('',#808,.T.);
#524=FACE_OUTER_BOUND('',#809,.T.);
#525=FACE_OUTER_BOUND('',#810,.T.);
#526=FACE_OUTER_BOUND('',#811,.T.);
#527=FACE_OUTER_BOUND('',#812,.T.);
#528=FACE_OUTER_BOUND('',#813,.T.);
#529=FACE_OUTER_BOUND('',#814,.T.);
#530=FACE_OUTER_BOUND('',#815,.T.);
#531=FACE_OUTER_BOUND('',#816,.T.);
#532=FACE_OUTER_BOUND('',#817,.T.);
#533=FACE_OUTER_BOUND('',#818,.T.);
#534=FACE_OUTER_BOUND('',#819,.T.);
#535=FACE_OUTER_BOUND('',#820,.T.);
#536=FACE_OUTER_BOUND('',#821,.T.);
#537=FACE_OUTER_BOUND('',#822,.T.);
#538=FACE_OUTER_BOUND('',#823,.T.);
#539=FACE_OUTER_BOUND('',#824,.T.);
#540=FACE_OUTER_BOUND('',#825,.T.);
#541=FACE_OUTER_BOUND('',#826,.T.);
#542=FACE_OUTER_BOUND('',#827,.T.);
#543=FACE_OUTER_BOUND('',#828,.T.);
#544=FACE_OUTER_BOUND('',#829,.T.);
#545=FACE_OUTER_BOUND('',#830,.T.);
#546=FACE_OUTER_BOUND('',#831,.T.);
#547=FACE_OUTER_BOUND('',#832,.T.);
#548=EDGE_LOOP('',(#2878,#2879,#2880,#2881));
#549=EDGE_LOOP('',(#2882,#2883,#2884,#2885));
#550=EDGE_LOOP('',(#2886,#2887,#2888,#2889));
#551=EDGE_LOOP('',(#2890,#2891,#2892,#2893));
#552=EDGE_LOOP('',(#2894,#2895,#2896,#2897));
#553=EDGE_LOOP('',(#2898,#2899,#2900,#2901));
#554=EDGE_LOOP('',(#2902,#2903,#2904,#2905));
#555=EDGE_LOOP('',(#2906,#2907,#2908,#2909,#2910,#2911,#2912));
#556=EDGE_LOOP('',(#2913,#2914,#2915,#2916));
#557=EDGE_LOOP('',(#2917,#2918,#2919,#2920));
#558=EDGE_LOOP('',(#2921,#2922,#2923,#2924,#2925));
#559=EDGE_LOOP('',(#2926,#2927,#2928));
#560=EDGE_LOOP('',(#2929,#2930,#2931,#2932,#2933,#2934,#2935,#2936,#2937,
#2938));
#561=EDGE_LOOP('',(#2939,#2940,#2941,#2942));
#562=EDGE_LOOP('',(#2943,#2944,#2945,#2946));
#563=EDGE_LOOP('',(#2947,#2948,#2949));
#564=EDGE_LOOP('',(#2950,#2951,#2952,#2953,#2954));
#565=EDGE_LOOP('',(#2955,#2956,#2957,#2958));
#566=EDGE_LOOP('',(#2959,#2960,#2961,#2962,#2963));
#567=EDGE_LOOP('',(#2964,#2965,#2966,#2967));
#568=EDGE_LOOP('',(#2968,#2969,#2970,#2971));
#569=EDGE_LOOP('',(#2972,#2973,#2974,#2975));
#570=EDGE_LOOP('',(#2976,#2977,#2978,#2979,#2980,#2981,#2982,#2983,#2984,
#2985,#2986,#2987,#2988,#2989,#2990,#2991,#2992,#2993,#2994,#2995));
#571=EDGE_LOOP('',(#2996,#2997,#2998,#2999,#3000,#3001,#3002,#3003,#3004,
#3005,#3006,#3007,#3008));
#572=EDGE_LOOP('',(#3009,#3010,#3011,#3012));
#573=EDGE_LOOP('',(#3013,#3014,#3015,#3016,#3017));
#574=EDGE_LOOP('',(#3018,#3019,#3020,#3021,#3022));
#575=EDGE_LOOP('',(#3023,#3024,#3025,#3026));
#576=EDGE_LOOP('',(#3027,#3028,#3029,#3030,#3031,#3032,#3033,#3034));
#577=EDGE_LOOP('',(#3035,#3036,#3037,#3038));
#578=EDGE_LOOP('',(#3039,#3040,#3041,#3042));
#579=EDGE_LOOP('',(#3043,#3044,#3045,#3046));
#580=EDGE_LOOP('',(#3047,#3048,#3049));
#581=EDGE_LOOP('',(#3050,#3051,#3052,#3053));
#582=EDGE_LOOP('',(#3054,#3055,#3056,#3057));
#583=EDGE_LOOP('',(#3058,#3059,#3060,#3061));
#584=EDGE_LOOP('',(#3062,#3063,#3064,#3065,#3066,#3067));
#585=EDGE_LOOP('',(#3068,#3069,#3070,#3071,#3072,#3073,#3074,#3075,#3076,
#3077));
#586=EDGE_LOOP('',(#3078,#3079,#3080,#3081));
#587=EDGE_LOOP('',(#3082,#3083,#3084,#3085,#3086));
#588=EDGE_LOOP('',(#3087,#3088,#3089,#3090));
#589=EDGE_LOOP('',(#3091,#3092,#3093,#3094));
#590=EDGE_LOOP('',(#3095,#3096,#3097,#3098));
#591=EDGE_LOOP('',(#3099,#3100,#3101,#3102));
#592=EDGE_LOOP('',(#3103,#3104,#3105,#3106));
#593=EDGE_LOOP('',(#3107,#3108,#3109,#3110));
#594=EDGE_LOOP('',(#3111,#3112,#3113,#3114,#3115,#3116));
#595=EDGE_LOOP('',(#3117,#3118,#3119,#3120));
#596=EDGE_LOOP('',(#3121,#3122,#3123,#3124));
#597=EDGE_LOOP('',(#3125,#3126,#3127,#3128));
#598=EDGE_LOOP('',(#3129,#3130,#3131,#3132));
#599=EDGE_LOOP('',(#3133,#3134,#3135,#3136));
#600=EDGE_LOOP('',(#3137,#3138,#3139,#3140));
#601=EDGE_LOOP('',(#3141,#3142,#3143,#3144));
#602=EDGE_LOOP('',(#3145,#3146,#3147,#3148));
#603=EDGE_LOOP('',(#3149,#3150,#3151,#3152));
#604=EDGE_LOOP('',(#3153,#3154,#3155,#3156));
#605=EDGE_LOOP('',(#3157,#3158,#3159,#3160));
#606=EDGE_LOOP('',(#3161,#3162,#3163,#3164));
#607=EDGE_LOOP('',(#3165,#3166,#3167,#3168));
#608=EDGE_LOOP('',(#3169,#3170,#3171,#3172));
#609=EDGE_LOOP('',(#3173,#3174,#3175,#3176));
#610=EDGE_LOOP('',(#3177,#3178,#3179,#3180));
#611=EDGE_LOOP('',(#3181,#3182,#3183,#3184));
#612=EDGE_LOOP('',(#3185,#3186,#3187,#3188));
#613=EDGE_LOOP('',(#3189,#3190,#3191,#3192));
#614=EDGE_LOOP('',(#3193,#3194,#3195,#3196));
#615=EDGE_LOOP('',(#3197,#3198,#3199,#3200));
#616=EDGE_LOOP('',(#3201,#3202,#3203,#3204));
#617=EDGE_LOOP('',(#3205,#3206,#3207,#3208));
#618=EDGE_LOOP('',(#3209,#3210,#3211,#3212));
#619=EDGE_LOOP('',(#3213,#3214,#3215,#3216));
#620=EDGE_LOOP('',(#3217,#3218,#3219,#3220,#3221));
#621=EDGE_LOOP('',(#3222,#3223,#3224,#3225));
#622=EDGE_LOOP('',(#3226,#3227,#3228,#3229));
#623=EDGE_LOOP('',(#3230,#3231,#3232,#3233));
#624=EDGE_LOOP('',(#3234,#3235,#3236,#3237));
#625=EDGE_LOOP('',(#3238,#3239,#3240,#3241));
#626=EDGE_LOOP('',(#3242,#3243,#3244,#3245));
#627=EDGE_LOOP('',(#3246,#3247,#3248,#3249,#3250,#3251,#3252,#3253,#3254,
#3255));
#628=EDGE_LOOP('',(#3256,#3257,#3258,#3259));
#629=EDGE_LOOP('',(#3260,#3261,#3262,#3263));
#630=EDGE_LOOP('',(#3264,#3265,#3266,#3267,#3268));
#631=EDGE_LOOP('',(#3269,#3270,#3271,#3272));
#632=EDGE_LOOP('',(#3273,#3274,#3275,#3276));
#633=EDGE_LOOP('',(#3277,#3278,#3279,#3280));
#634=EDGE_LOOP('',(#3281,#3282,#3283,#3284));
#635=EDGE_LOOP('',(#3285,#3286,#3287,#3288));
#636=EDGE_LOOP('',(#3289,#3290,#3291,#3292));
#637=EDGE_LOOP('',(#3293,#3294,#3295,#3296));
#638=EDGE_LOOP('',(#3297,#3298,#3299,#3300,#3301,#3302,#3303,#3304,#3305));
#639=EDGE_LOOP('',(#3306,#3307,#3308,#3309));
#640=EDGE_LOOP('',(#3310,#3311,#3312,#3313));
#641=EDGE_LOOP('',(#3314,#3315,#3316,#3317));
#642=EDGE_LOOP('',(#3318,#3319,#3320,#3321));
#643=EDGE_LOOP('',(#3322,#3323,#3324,#3325));
#644=EDGE_LOOP('',(#3326,#3327,#3328,#3329));
#645=EDGE_LOOP('',(#3330,#3331,#3332,#3333));
#646=EDGE_LOOP('',(#3334,#3335,#3336,#3337));
#647=EDGE_LOOP('',(#3338,#3339,#3340,#3341));
#648=EDGE_LOOP('',(#3342,#3343,#3344,#3345));
#649=EDGE_LOOP('',(#3346,#3347,#3348,#3349,#3350,#3351,#3352,#3353));
#650=EDGE_LOOP('',(#3354,#3355,#3356,#3357));
#651=EDGE_LOOP('',(#3358,#3359,#3360,#3361,#3362,#3363,#3364));
#652=EDGE_LOOP('',(#3365,#3366,#3367,#3368,#3369,#3370));
#653=EDGE_LOOP('',(#3371,#3372,#3373,#3374,#3375,#3376,#3377,#3378));
#654=EDGE_LOOP('',(#3379,#3380,#3381,#3382));
#655=EDGE_LOOP('',(#3383,#3384,#3385,#3386));
#656=EDGE_LOOP('',(#3387,#3388,#3389,#3390));
#657=EDGE_LOOP('',(#3391,#3392,#3393,#3394));
#658=EDGE_LOOP('',(#3395,#3396,#3397,#3398));
#659=EDGE_LOOP('',(#3399,#3400,#3401,#3402));
#660=EDGE_LOOP('',(#3403,#3404,#3405,#3406));
#661=EDGE_LOOP('',(#3407,#3408,#3409,#3410,#3411));
#662=EDGE_LOOP('',(#3412,#3413,#3414,#3415,#3416));
#663=EDGE_LOOP('',(#3417,#3418,#3419,#3420,#3421,#3422,#3423,#3424,#3425,
#3426,#3427,#3428));
#664=EDGE_LOOP('',(#3429,#3430,#3431,#3432,#3433,#3434,#3435,#3436,#3437,
#3438,#3439,#3440));
#665=EDGE_LOOP('',(#3441,#3442,#3443,#3444,#3445));
#666=EDGE_LOOP('',(#3446,#3447,#3448,#3449));
#667=EDGE_LOOP('',(#3450,#3451,#3452,#3453,#3454));
#668=EDGE_LOOP('',(#3455,#3456,#3457,#3458));
#669=EDGE_LOOP('',(#3459,#3460,#3461));
#670=EDGE_LOOP('',(#3462,#3463,#3464,#3465));
#671=EDGE_LOOP('',(#3466,#3467,#3468,#3469));
#672=EDGE_LOOP('',(#3470,#3471,#3472));
#673=EDGE_LOOP('',(#3473,#3474,#3475,#3476,#3477));
#674=EDGE_LOOP('',(#3478,#3479,#3480,#3481));
#675=EDGE_LOOP('',(#3482,#3483,#3484));
#676=EDGE_LOOP('',(#3485,#3486,#3487,#3488));
#677=EDGE_LOOP('',(#3489,#3490,#3491,#3492));
#678=EDGE_LOOP('',(#3493,#3494,#3495,#3496));
#679=EDGE_LOOP('',(#3497,#3498,#3499,#3500));
#680=EDGE_LOOP('',(#3501,#3502,#3503));
#681=EDGE_LOOP('',(#3504,#3505,#3506,#3507));
#682=EDGE_LOOP('',(#3508,#3509,#3510,#3511));
#683=EDGE_LOOP('',(#3512,#3513,#3514,#3515));
#684=EDGE_LOOP('',(#3516,#3517,#3518,#3519));
#685=EDGE_LOOP('',(#3520,#3521,#3522,#3523));
#686=EDGE_LOOP('',(#3524,#3525,#3526,#3527,#3528,#3529,#3530));
#687=EDGE_LOOP('',(#3531,#3532,#3533,#3534,#3535));
#688=EDGE_LOOP('',(#3536,#3537,#3538,#3539,#3540,#3541,#3542,#3543,#3544,
#3545));
#689=EDGE_LOOP('',(#3546,#3547,#3548,#3549));
#690=EDGE_LOOP('',(#3550,#3551,#3552,#3553));
#691=EDGE_LOOP('',(#3554,#3555,#3556,#3557));
#692=EDGE_LOOP('',(#3558,#3559,#3560,#3561));
#693=EDGE_LOOP('',(#3562,#3563,#3564,#3565));
#694=EDGE_LOOP('',(#3566,#3567,#3568,#3569));
#695=EDGE_LOOP('',(#3570,#3571,#3572,#3573));
#696=EDGE_LOOP('',(#3574,#3575,#3576,#3577,#3578,#3579,#3580,#3581));
#697=EDGE_LOOP('',(#3582,#3583,#3584,#3585));
#698=EDGE_LOOP('',(#3586,#3587,#3588,#3589));
#699=EDGE_LOOP('',(#3590,#3591,#3592,#3593));
#700=EDGE_LOOP('',(#3594,#3595,#3596,#3597));
#701=EDGE_LOOP('',(#3598,#3599,#3600,#3601));
#702=EDGE_LOOP('',(#3602,#3603,#3604,#3605));
#703=EDGE_LOOP('',(#3606,#3607,#3608,#3609));
#704=EDGE_LOOP('',(#3610,#3611,#3612,#3613));
#705=EDGE_LOOP('',(#3614,#3615,#3616,#3617));
#706=EDGE_LOOP('',(#3618,#3619,#3620,#3621));
#707=EDGE_LOOP('',(#3622,#3623,#3624,#3625));
#708=EDGE_LOOP('',(#3626,#3627,#3628,#3629));
#709=EDGE_LOOP('',(#3630,#3631,#3632,#3633));
#710=EDGE_LOOP('',(#3634,#3635,#3636,#3637));
#711=EDGE_LOOP('',(#3638,#3639,#3640,#3641));
#712=EDGE_LOOP('',(#3642,#3643,#3644,#3645));
#713=EDGE_LOOP('',(#3646,#3647,#3648,#3649));
#714=EDGE_LOOP('',(#3650,#3651,#3652,#3653));
#715=EDGE_LOOP('',(#3654,#3655,#3656,#3657,#3658,#3659,#3660,#3661));
#716=EDGE_LOOP('',(#3662,#3663,#3664,#3665));
#717=EDGE_LOOP('',(#3666,#3667,#3668,#3669));
#718=EDGE_LOOP('',(#3670,#3671,#3672,#3673));
#719=EDGE_LOOP('',(#3674,#3675,#3676,#3677));
#720=EDGE_LOOP('',(#3678,#3679,#3680,#3681));
#721=EDGE_LOOP('',(#3682,#3683,#3684,#3685));
#722=EDGE_LOOP('',(#3686,#3687,#3688,#3689));
#723=EDGE_LOOP('',(#3690,#3691,#3692,#3693));
#724=EDGE_LOOP('',(#3694,#3695,#3696,#3697));
#725=EDGE_LOOP('',(#3698,#3699,#3700,#3701));
#726=EDGE_LOOP('',(#3702,#3703,#3704,#3705));
#727=EDGE_LOOP('',(#3706,#3707,#3708,#3709));
#728=EDGE_LOOP('',(#3710,#3711,#3712,#3713));
#729=EDGE_LOOP('',(#3714,#3715,#3716,#3717));
#730=EDGE_LOOP('',(#3718,#3719,#3720,#3721));
#731=EDGE_LOOP('',(#3722,#3723,#3724,#3725,#3726));
#732=EDGE_LOOP('',(#3727,#3728,#3729,#3730,#3731));
#733=EDGE_LOOP('',(#3732,#3733,#3734,#3735));
#734=EDGE_LOOP('',(#3736,#3737,#3738,#3739));
#735=EDGE_LOOP('',(#3740,#3741,#3742,#3743));
#736=EDGE_LOOP('',(#3744,#3745,#3746,#3747));
#737=EDGE_LOOP('',(#3748,#3749,#3750,#3751));
#738=EDGE_LOOP('',(#3752,#3753,#3754,#3755));
#739=EDGE_LOOP('',(#3756,#3757,#3758,#3759));
#740=EDGE_LOOP('',(#3760,#3761,#3762,#3763));
#741=EDGE_LOOP('',(#3764,#3765,#3766,#3767));
#742=EDGE_LOOP('',(#3768,#3769,#3770,#3771));
#743=EDGE_LOOP('',(#3772,#3773,#3774,#3775));
#744=EDGE_LOOP('',(#3776,#3777,#3778,#3779));
#745=EDGE_LOOP('',(#3780,#3781,#3782,#3783));
#746=EDGE_LOOP('',(#3784,#3785,#3786,#3787,#3788,#3789,#3790,#3791,#3792,
#3793,#3794,#3795,#3796,#3797,#3798,#3799,#3800));
#747=EDGE_LOOP('',(#3801,#3802,#3803,#3804));
#748=EDGE_LOOP('',(#3805,#3806,#3807,#3808));
#749=EDGE_LOOP('',(#3809,#3810,#3811,#3812));
#750=EDGE_LOOP('',(#3813,#3814,#3815,#3816));
#751=EDGE_LOOP('',(#3817,#3818,#3819,#3820));
#752=EDGE_LOOP('',(#3821,#3822,#3823,#3824));
#753=EDGE_LOOP('',(#3825,#3826,#3827,#3828));
#754=EDGE_LOOP('',(#3829,#3830,#3831,#3832));
#755=EDGE_LOOP('',(#3833,#3834,#3835,#3836));
#756=EDGE_LOOP('',(#3837,#3838,#3839,#3840));
#757=EDGE_LOOP('',(#3841,#3842,#3843,#3844));
#758=EDGE_LOOP('',(#3845,#3846,#3847,#3848));
#759=EDGE_LOOP('',(#3849,#3850,#3851,#3852));
#760=EDGE_LOOP('',(#3853,#3854,#3855,#3856));
#761=EDGE_LOOP('',(#3857,#3858,#3859,#3860));
#762=EDGE_LOOP('',(#3861,#3862,#3863,#3864));
#763=EDGE_LOOP('',(#3865,#3866,#3867,#3868));
#764=EDGE_LOOP('',(#3869,#3870,#3871,#3872));
#765=EDGE_LOOP('',(#3873,#3874,#3875,#3876));
#766=EDGE_LOOP('',(#3877,#3878,#3879,#3880));
#767=EDGE_LOOP('',(#3881,#3882,#3883,#3884));
#768=EDGE_LOOP('',(#3885,#3886,#3887,#3888));
#769=EDGE_LOOP('',(#3889,#3890,#3891,#3892));
#770=EDGE_LOOP('',(#3893,#3894,#3895,#3896));
#771=EDGE_LOOP('',(#3897,#3898,#3899,#3900));
#772=EDGE_LOOP('',(#3901,#3902,#3903,#3904));
#773=EDGE_LOOP('',(#3905,#3906,#3907,#3908));
#774=EDGE_LOOP('',(#3909,#3910,#3911,#3912));
#775=EDGE_LOOP('',(#3913,#3914,#3915,#3916));
#776=EDGE_LOOP('',(#3917,#3918,#3919,#3920));
#777=EDGE_LOOP('',(#3921,#3922,#3923,#3924));
#778=EDGE_LOOP('',(#3925,#3926,#3927,#3928));
#779=EDGE_LOOP('',(#3929,#3930,#3931,#3932));
#780=EDGE_LOOP('',(#3933,#3934,#3935,#3936));
#781=EDGE_LOOP('',(#3937,#3938,#3939,#3940,#3941,#3942,#3943,#3944,#3945));
#782=EDGE_LOOP('',(#3946,#3947,#3948,#3949));
#783=EDGE_LOOP('',(#3950,#3951,#3952,#3953,#3954,#3955));
#784=EDGE_LOOP('',(#3956,#3957,#3958,#3959,#3960,#3961));
#785=EDGE_LOOP('',(#3962,#3963,#3964,#3965,#3966,#3967,#3968,#3969,#3970,
#3971,#3972,#3973,#3974,#3975,#3976,#3977));
#786=EDGE_LOOP('',(#3978,#3979,#3980,#3981));
#787=EDGE_LOOP('',(#3982,#3983,#3984,#3985));
#788=EDGE_LOOP('',(#3986,#3987,#3988,#3989));
#789=EDGE_LOOP('',(#3990,#3991,#3992,#3993));
#790=EDGE_LOOP('',(#3994,#3995,#3996,#3997));
#791=EDGE_LOOP('',(#3998,#3999,#4000,#4001));
#792=EDGE_LOOP('',(#4002,#4003,#4004,#4005));
#793=EDGE_LOOP('',(#4006,#4007,#4008,#4009));
#794=EDGE_LOOP('',(#4010,#4011,#4012,#4013));
#795=EDGE_LOOP('',(#4014,#4015,#4016,#4017));
#796=EDGE_LOOP('',(#4018,#4019,#4020,#4021));
#797=EDGE_LOOP('',(#4022,#4023,#4024,#4025));
#798=EDGE_LOOP('',(#4026,#4027,#4028,#4029));
#799=EDGE_LOOP('',(#4030,#4031,#4032,#4033));
#800=EDGE_LOOP('',(#4034,#4035,#4036,#4037));
#801=EDGE_LOOP('',(#4038,#4039,#4040,#4041));
#802=EDGE_LOOP('',(#4042,#4043,#4044,#4045));
#803=EDGE_LOOP('',(#4046,#4047,#4048,#4049));
#804=EDGE_LOOP('',(#4050,#4051,#4052,#4053));
#805=EDGE_LOOP('',(#4054,#4055,#4056,#4057));
#806=EDGE_LOOP('',(#4058,#4059,#4060,#4061));
#807=EDGE_LOOP('',(#4062,#4063,#4064,#4065));
#808=EDGE_LOOP('',(#4066,#4067,#4068,#4069));
#809=EDGE_LOOP('',(#4070,#4071,#4072,#4073));
#810=EDGE_LOOP('',(#4074,#4075,#4076,#4077));
#811=EDGE_LOOP('',(#4078,#4079,#4080,#4081));
#812=EDGE_LOOP('',(#4082,#4083,#4084,#4085));
#813=EDGE_LOOP('',(#4086,#4087,#4088,#4089));
#814=EDGE_LOOP('',(#4090,#4091,#4092,#4093));
#815=EDGE_LOOP('',(#4094,#4095,#4096,#4097));
#816=EDGE_LOOP('',(#4098,#4099,#4100,#4101));
#817=EDGE_LOOP('',(#4102,#4103,#4104,#4105));
#818=EDGE_LOOP('',(#4106,#4107,#4108,#4109));
#819=EDGE_LOOP('',(#4110,#4111,#4112,#4113));
#820=EDGE_LOOP('',(#4114,#4115,#4116,#4117,#4118,#4119));
#821=EDGE_LOOP('',(#4120,#4121,#4122,#4123));
#822=EDGE_LOOP('',(#4124,#4125,#4126,#4127));
#823=EDGE_LOOP('',(#4128,#4129,#4130,#4131));
#824=EDGE_LOOP('',(#4132,#4133,#4134,#4135));
#825=EDGE_LOOP('',(#4136,#4137,#4138,#4139));
#826=EDGE_LOOP('',(#4140,#4141,#4142,#4143));
#827=EDGE_LOOP('',(#4144,#4145,#4146,#4147));
#828=EDGE_LOOP('',(#4148,#4149,#4150,#4151));
#829=EDGE_LOOP('',(#4152,#4153,#4154,#4155));
#830=EDGE_LOOP('',(#4156,#4157,#4158,#4159,#4160,#4161));
#831=EDGE_LOOP('',(#4162,#4163,#4164,#4165,#4166,#4167));
#832=EDGE_LOOP('',(#4168,#4169,#4170,#4171));
#833=LINE('',#6385,#1337);
#834=LINE('',#6387,#1338);
#835=LINE('',#6389,#1339);
#836=LINE('',#6390,#1340);
#837=LINE('',#6393,#1341);
#838=LINE('',#6395,#1342);
#839=LINE('',#6396,#1343);
#840=LINE('',#6399,#1344);
#841=LINE('',#6401,#1345);
#842=LINE('',#6402,#1346);
#843=LINE('',#6404,#1347);
#844=LINE('',#6405,#1348);
#845=LINE('',#6412,#1349);
#846=LINE('',#6414,#1350);
#847=LINE('',#6416,#1351);
#848=LINE('',#6417,#1352);
#849=LINE('',#6420,#1353);
#850=LINE('',#6422,#1354);
#851=LINE('',#6426,#1355);
#852=LINE('',#6429,#1356);
#853=LINE('',#6435,#1357);
#854=LINE('',#6438,#1358);
#855=LINE('',#6454,#1359);
#856=LINE('',#6466,#1360);
#857=LINE('',#6469,#1361);
#858=LINE('',#6473,#1362);
#859=LINE('',#6488,#1363);
#860=LINE('',#6514,#1364);
#861=LINE('',#6515,#1365);
#862=LINE('',#6517,#1366);
#863=LINE('',#6546,#1367);
#864=LINE('',#6547,#1368);
#865=LINE('',#6550,#1369);
#866=LINE('',#6551,#1370);
#867=LINE('',#6571,#1371);
#868=LINE('',#6573,#1372);
#869=LINE('',#6575,#1373);
#870=LINE('',#6577,#1374);
#871=LINE('',#6579,#1375);
#872=LINE('',#6583,#1376);
#873=LINE('',#6587,#1377);
#874=LINE('',#6591,#1378);
#875=LINE('',#6595,#1379);
#876=LINE('',#6604,#1380);
#877=LINE('',#6608,#1381);
#878=LINE('',#6610,#1382);
#879=LINE('',#6612,#1383);
#880=LINE('',#6614,#1384);
#881=LINE('',#6618,#1385);
#882=LINE('',#6621,#1386);
#883=LINE('',#6642,#1387);
#884=LINE('',#6643,#1388);
#885=LINE('',#6646,#1389);
#886=LINE('',#6648,#1390);
#887=LINE('',#6650,#1391);
#888=LINE('',#6651,#1392);
#889=LINE('',#6655,#1393);
#890=LINE('',#6657,#1394);
#891=LINE('',#6660,#1395);
#892=LINE('',#6664,#1396);
#893=LINE('',#6666,#1397);
#894=LINE('',#6668,#1398);
#895=LINE('',#6669,#1399);
#896=LINE('',#6675,#1400);
#897=LINE('',#6679,#1401);
#898=LINE('',#6681,#1402);
#899=LINE('',#6682,#1403);
#900=LINE('',#6686,#1404);
#901=LINE('',#6690,#1405);
#902=LINE('',#6691,#1406);
#903=LINE('',#6695,#1407);
#904=LINE('',#6699,#1408);
#905=LINE('',#6700,#1409);
#906=LINE('',#6704,#1410);
#907=LINE('',#6705,#1411);
#908=LINE('',#6706,#1412);
#909=LINE('',#6709,#1413);
#910=LINE('',#6710,#1414);
#911=LINE('',#6712,#1415);
#912=LINE('',#6713,#1416);
#913=LINE('',#6716,#1417);
#914=LINE('',#6720,#1418);
#915=LINE('',#6724,#1419);
#916=LINE('',#6728,#1420);
#917=LINE('',#6731,#1421);
#918=LINE('',#6735,#1422);
#919=LINE('',#6737,#1423);
#920=LINE('',#6739,#1424);
#921=LINE('',#6740,#1425);
#922=LINE('',#6748,#1426);
#923=LINE('',#6749,#1427);
#924=LINE('',#6752,#1428);
#925=LINE('',#6756,#1429);
#926=LINE('',#6757,#1430);
#927=LINE('',#6761,#1431);
#928=LINE('',#6766,#1432);
#929=LINE('',#6770,#1433);
#930=LINE('',#6772,#1434);
#931=LINE('',#6773,#1435);
#932=LINE('',#6777,#1436);
#933=LINE('',#6779,#1437);
#934=LINE('',#6780,#1438);
#935=LINE('',#6785,#1439);
#936=LINE('',#6786,#1440);
#937=LINE('',#6789,#1441);
#938=LINE('',#6790,#1442);
#939=LINE('',#6793,#1443);
#940=LINE('',#6794,#1444);
#941=LINE('',#6796,#1445);
#942=LINE('',#6799,#1446);
#943=LINE('',#6801,#1447);
#944=LINE('',#6805,#1448);
#945=LINE('',#6806,#1449);
#946=LINE('',#6809,#1450);
#947=LINE('',#6812,#1451);
#948=LINE('',#6815,#1452);
#949=LINE('',#6816,#1453);
#950=LINE('',#6819,#1454);
#951=LINE('',#6821,#1455);
#952=LINE('',#6822,#1456);
#953=LINE('',#6826,#1457);
#954=LINE('',#6829,#1458);
#955=LINE('',#6830,#1459);
#956=LINE('',#6832,#1460);
#957=LINE('',#6835,#1461);
#958=LINE('',#6837,#1462);
#959=LINE('',#6838,#1463);
#960=LINE('',#6842,#1464);
#961=LINE('',#6845,#1465);
#962=LINE('',#6846,#1466);
#963=LINE('',#6848,#1467);
#964=LINE('',#6852,#1468);
#965=LINE('',#6855,#1469);
#966=LINE('',#6856,#1470);
#967=LINE('',#6860,#1471);
#968=LINE('',#6863,#1472);
#969=LINE('',#6864,#1473);
#970=LINE('',#6868,#1474);
#971=LINE('',#6871,#1475);
#972=LINE('',#6872,#1476);
#973=LINE('',#6876,#1477);
#974=LINE('',#6879,#1478);
#975=LINE('',#6881,#1479);
#976=LINE('',#6882,#1480);
#977=LINE('',#6885,#1481);
#978=LINE('',#6889,#1482);
#979=LINE('',#6890,#1483);
#980=LINE('',#6892,#1484);
#981=LINE('',#6896,#1485);
#982=LINE('',#6910,#1486);
#983=LINE('',#6912,#1487);
#984=LINE('',#6916,#1488);
#985=LINE('',#6917,#1489);
#986=LINE('',#6918,#1490);
#987=LINE('',#6921,#1491);
#988=LINE('',#6924,#1492);
#989=LINE('',#6926,#1493);
#990=LINE('',#6929,#1494);
#991=LINE('',#6932,#1495);
#992=LINE('',#6935,#1496);
#993=LINE('',#6937,#1497);
#994=LINE('',#6943,#1498);
#995=LINE('',#6944,#1499);
#996=LINE('',#6947,#1500);
#997=LINE('',#6952,#1501);
#998=LINE('',#6954,#1502);
#999=LINE('',#6955,#1503);
#1000=LINE('',#6959,#1504);
#1001=LINE('',#6962,#1505);
#1002=LINE('',#6963,#1506);
#1003=LINE('',#6967,#1507);
#1004=LINE('',#6970,#1508);
#1005=LINE('',#6971,#1509);
#1006=LINE('',#6975,#1510);
#1007=LINE('',#6978,#1511);
#1008=LINE('',#6979,#1512);
#1009=LINE('',#6983,#1513);
#1010=LINE('',#6986,#1514);
#1011=LINE('',#6987,#1515);
#1012=LINE('',#6990,#1516);
#1013=LINE('',#6991,#1517);
#1014=LINE('',#6994,#1518);
#1015=LINE('',#6995,#1519);
#1016=LINE('',#6997,#1520);
#1017=LINE('',#7000,#1521);
#1018=LINE('',#7002,#1522);
#1019=LINE('',#7003,#1523);
#1020=LINE('',#7007,#1524);
#1021=LINE('',#7010,#1525);
#1022=LINE('',#7011,#1526);
#1023=LINE('',#7015,#1527);
#1024=LINE('',#7018,#1528);
#1025=LINE('',#7019,#1529);
#1026=LINE('',#7023,#1530);
#1027=LINE('',#7026,#1531);
#1028=LINE('',#7027,#1532);
#1029=LINE('',#7033,#1533);
#1030=LINE('',#7035,#1534);
#1031=LINE('',#7041,#1535);
#1032=LINE('',#7043,#1536);
#1033=LINE('',#7045,#1537);
#1034=LINE('',#7047,#1538);
#1035=LINE('',#7048,#1539);
#1036=LINE('',#7051,#1540);
#1037=LINE('',#7053,#1541);
#1038=LINE('',#7054,#1542);
#1039=LINE('',#7057,#1543);
#1040=LINE('',#7059,#1544);
#1041=LINE('',#7060,#1545);
#1042=LINE('',#7063,#1546);
#1043=LINE('',#7064,#1547);
#1044=LINE('',#7068,#1548);
#1045=LINE('',#7069,#1549);
#1046=LINE('',#7070,#1550);
#1047=LINE('',#7074,#1551);
#1048=LINE('',#7075,#1552);
#1049=LINE('',#7076,#1553);
#1050=LINE('',#7079,#1554);
#1051=LINE('',#7080,#1555);
#1052=LINE('',#7082,#1556);
#1053=LINE('',#7086,#1557);
#1054=LINE('',#7088,#1558);
#1055=LINE('',#7089,#1559);
#1056=LINE('',#7091,#1560);
#1057=LINE('',#7092,#1561);
#1058=LINE('',#7096,#1562);
#1059=LINE('',#7097,#1563);
#1060=LINE('',#7098,#1564);
#1061=LINE('',#7102,#1565);
#1062=LINE('',#7108,#1566);
#1063=LINE('',#7109,#1567);
#1064=LINE('',#7110,#1568);
#1065=LINE('',#7114,#1569);
#1066=LINE('',#7116,#1570);
#1067=LINE('',#7117,#1571);
#1068=LINE('',#7121,#1572);
#1069=LINE('',#7122,#1573);
#1070=LINE('',#7123,#1574);
#1071=LINE('',#7128,#1575);
#1072=LINE('',#7133,#1576);
#1073=LINE('',#7134,#1577);
#1074=LINE('',#7135,#1578);
#1075=LINE('',#7139,#1579);
#1076=LINE('',#7140,#1580);
#1077=LINE('',#7141,#1581);
#1078=LINE('',#7143,#1582);
#1079=LINE('',#7144,#1583);
#1080=LINE('',#7146,#1584);
#1081=LINE('',#7149,#1585);
#1082=LINE('',#7151,#1586);
#1083=LINE('',#7152,#1587);
#1084=LINE('',#7155,#1588);
#1085=LINE('',#7157,#1589);
#1086=LINE('',#7159,#1590);
#1087=LINE('',#7161,#1591);
#1088=LINE('',#7163,#1592);
#1089=LINE('',#7164,#1593);
#1090=LINE('',#7167,#1594);
#1091=LINE('',#7169,#1595);
#1092=LINE('',#7171,#1596);
#1093=LINE('',#7172,#1597);
#1094=LINE('',#7176,#1598);
#1095=LINE('',#7178,#1599);
#1096=LINE('',#7180,#1600);
#1097=LINE('',#7181,#1601);
#1098=LINE('',#7186,#1602);
#1099=LINE('',#7189,#1603);
#1100=LINE('',#7190,#1604);
#1101=LINE('',#7192,#1605);
#1102=LINE('',#7193,#1606);
#1103=LINE('',#7195,#1607);
#1104=LINE('',#7197,#1608);
#1105=LINE('',#7200,#1609);
#1106=LINE('',#7202,#1610);
#1107=LINE('',#7203,#1611);
#1108=LINE('',#7206,#1612);
#1109=LINE('',#7208,#1613);
#1110=LINE('',#7209,#1614);
#1111=LINE('',#7213,#1615);
#1112=LINE('',#7218,#1616);
#1113=LINE('',#7220,#1617);
#1114=LINE('',#7221,#1618);
#1115=LINE('',#7224,#1619);
#1116=LINE('',#7226,#1620);
#1117=LINE('',#7227,#1621);
#1118=LINE('',#7231,#1622);
#1119=LINE('',#7236,#1623);
#1120=LINE('',#7238,#1624);
#1121=LINE('',#7239,#1625);
#1122=LINE('',#7243,#1626);
#1123=LINE('',#7249,#1627);
#1124=LINE('',#7250,#1628);
#1125=LINE('',#7251,#1629);
#1126=LINE('',#7255,#1630);
#1127=LINE('',#7261,#1631);
#1128=LINE('',#7262,#1632);
#1129=LINE('',#7263,#1633);
#1130=LINE('',#7265,#1634);
#1131=LINE('',#7267,#1635);
#1132=LINE('',#7270,#1636);
#1133=LINE('',#7271,#1637);
#1134=LINE('',#7274,#1638);
#1135=LINE('',#7278,#1639);
#1136=LINE('',#7279,#1640);
#1137=LINE('',#7282,#1641);
#1138=LINE('',#7286,#1642);
#1139=LINE('',#7287,#1643);
#1140=LINE('',#7290,#1644);
#1141=LINE('',#7294,#1645);
#1142=LINE('',#7296,#1646);
#1143=LINE('',#7298,#1647);
#1144=LINE('',#7300,#1648);
#1145=LINE('',#7302,#1649);
#1146=LINE('',#7303,#1650);
#1147=LINE('',#7306,#1651);
#1148=LINE('',#7308,#1652);
#1149=LINE('',#7310,#1653);
#1150=LINE('',#7311,#1654);
#1151=LINE('',#7314,#1655);
#1152=LINE('',#7315,#1656);
#1153=LINE('',#7320,#1657);
#1154=LINE('',#7324,#1658);
#1155=LINE('',#7326,#1659);
#1156=LINE('',#7327,#1660);
#1157=LINE('',#7332,#1661);
#1158=LINE('',#7336,#1662);
#1159=LINE('',#7338,#1663);
#1160=LINE('',#7339,#1664);
#1161=LINE('',#7343,#1665);
#1162=LINE('',#7347,#1666);
#1163=LINE('',#7348,#1667);
#1164=LINE('',#7351,#1668);
#1165=LINE('',#7355,#1669);
#1166=LINE('',#7356,#1670);
#1167=LINE('',#7359,#1671);
#1168=LINE('',#7363,#1672);
#1169=LINE('',#7364,#1673);
#1170=LINE('',#7367,#1674);
#1171=LINE('',#7370,#1675);
#1172=LINE('',#7374,#1676);
#1173=LINE('',#7375,#1677);
#1174=LINE('',#7378,#1678);
#1175=LINE('',#7379,#1679);
#1176=LINE('',#7382,#1680);
#1177=LINE('',#7383,#1681);
#1178=LINE('',#7386,#1682);
#1179=LINE('',#7390,#1683);
#1180=LINE('',#7391,#1684);
#1181=LINE('',#7394,#1685);
#1182=LINE('',#7398,#1686);
#1183=LINE('',#7399,#1687);
#1184=LINE('',#7402,#1688);
#1185=LINE('',#7406,#1689);
#1186=LINE('',#7407,#1690);
#1187=LINE('',#7410,#1691);
#1188=LINE('',#7414,#1692);
#1189=LINE('',#7415,#1693);
#1190=LINE('',#7418,#1694);
#1191=LINE('',#7422,#1695);
#1192=LINE('',#7423,#1696);
#1193=LINE('',#7426,#1697);
#1194=LINE('',#7429,#1698);
#1195=LINE('',#7433,#1699);
#1196=LINE('',#7437,#1700);
#1197=LINE('',#7438,#1701);
#1198=LINE('',#7441,#1702);
#1199=LINE('',#7443,#1703);
#1200=LINE('',#7446,#1704);
#1201=LINE('',#7449,#1705);
#1202=LINE('',#7451,#1706);
#1203=LINE('',#7454,#1707);
#1204=LINE('',#7457,#1708);
#1205=LINE('',#7459,#1709);
#1206=LINE('',#7462,#1710);
#1207=LINE('',#7465,#1711);
#1208=LINE('',#7469,#1712);
#1209=LINE('',#7470,#1713);
#1210=LINE('',#7474,#1714);
#1211=LINE('',#7476,#1715);
#1212=LINE('',#7478,#1716);
#1213=LINE('',#7479,#1717);
#1214=LINE('',#7482,#1718);
#1215=LINE('',#7484,#1719);
#1216=LINE('',#7485,#1720);
#1217=LINE('',#7490,#1721);
#1218=LINE('',#7493,#1722);
#1219=LINE('',#7494,#1723);
#1220=LINE('',#7497,#1724);
#1221=LINE('',#7499,#1725);
#1222=LINE('',#7500,#1726);
#1223=LINE('',#7503,#1727);
#1224=LINE('',#7504,#1728);
#1225=LINE('',#7508,#1729);
#1226=LINE('',#7510,#1730);
#1227=LINE('',#7513,#1731);
#1228=LINE('',#7517,#1732);
#1229=LINE('',#7518,#1733);
#1230=LINE('',#7519,#1734);
#1231=LINE('',#7522,#1735);
#1232=LINE('',#7524,#1736);
#1233=LINE('',#7525,#1737);
#1234=LINE('',#7528,#1738);
#1235=LINE('',#7532,#1739);
#1236=LINE('',#7534,#1740);
#1237=LINE('',#7536,#1741);
#1238=LINE('',#7537,#1742);
#1239=LINE('',#7540,#1743);
#1240=LINE('',#7542,#1744);
#1241=LINE('',#7545,#1745);
#1242=LINE('',#7548,#1746);
#1243=LINE('',#7550,#1747);
#1244=LINE('',#7551,#1748);
#1245=LINE('',#7554,#1749);
#1246=LINE('',#7555,#1750);
#1247=LINE('',#7558,#1751);
#1248=LINE('',#7561,#1752);
#1249=LINE('',#7564,#1753);
#1250=LINE('',#7566,#1754);
#1251=LINE('',#7567,#1755);
#1252=LINE('',#7570,#1756);
#1253=LINE('',#7571,#1757);
#1254=LINE('',#7575,#1758);
#1255=LINE('',#7576,#1759);
#1256=LINE('',#7577,#1760);
#1257=LINE('',#7580,#1761);
#1258=LINE('',#7582,#1762);
#1259=LINE('',#7583,#1763);
#1260=LINE('',#7587,#1764);
#1261=LINE('',#7590,#1765);
#1262=LINE('',#7592,#1766);
#1263=LINE('',#7596,#1767);
#1264=LINE('',#7598,#1768);
#1265=LINE('',#7601,#1769);
#1266=LINE('',#7603,#1770);
#1267=LINE('',#7606,#1771);
#1268=LINE('',#7610,#1772);
#1269=LINE('',#7611,#1773);
#1270=LINE('',#7615,#1774);
#1271=LINE('',#7616,#1775);
#1272=LINE('',#7617,#1776);
#1273=LINE('',#7620,#1777);
#1274=LINE('',#7624,#1778);
#1275=LINE('',#7625,#1779);
#1276=LINE('',#7627,#1780);
#1277=LINE('',#7629,#1781);
#1278=LINE('',#7630,#1782);
#1279=LINE('',#7632,#1783);
#1280=LINE('',#7636,#1784);
#1281=LINE('',#7637,#1785);
#1282=LINE('',#7638,#1786);
#1283=LINE('',#7641,#1787);
#1284=LINE('',#7645,#1788);
#1285=LINE('',#7646,#1789);
#1286=LINE('',#7648,#1790);
#1287=LINE('',#7650,#1791);
#1288=LINE('',#7651,#1792);
#1289=LINE('',#7653,#1793);
#1290=LINE('',#7655,#1794);
#1291=LINE('',#7658,#1795);
#1292=LINE('',#7662,#1796);
#1293=LINE('',#7664,#1797);
#1294=LINE('',#7665,#1798);
#1295=LINE('',#7668,#1799);
#1296=LINE('',#7669,#1800);
#1297=LINE('',#7672,#1801);
#1298=LINE('',#7675,#1802);
#1299=LINE('',#7678,#1803);
#1300=LINE('',#7680,#1804);
#1301=LINE('',#7681,#1805);
#1302=LINE('',#7684,#1806);
#1303=LINE('',#7685,#1807);
#1304=LINE('',#7688,#1808);
#1305=LINE('',#7690,#1809);
#1306=LINE('',#7691,#1810);
#1307=LINE('',#7694,#1811);
#1308=LINE('',#7695,#1812);
#1309=LINE('',#7698,#1813);
#1310=LINE('',#7701,#1814);
#1311=LINE('',#7704,#1815);
#1312=LINE('',#7706,#1816);
#1313=LINE('',#7707,#1817);
#1314=LINE('',#7710,#1818);
#1315=LINE('',#7711,#1819);
#1316=LINE('',#7714,#1820);
#1317=LINE('',#7716,#1821);
#1318=LINE('',#7717,#1822);
#1319=LINE('',#7720,#1823);
#1320=LINE('',#7721,#1824);
#1321=LINE('',#7724,#1825);
#1322=LINE('',#7727,#1826);
#1323=LINE('',#7730,#1827);
#1324=LINE('',#7732,#1828);
#1325=LINE('',#7733,#1829);
#1326=LINE('',#7736,#1830);
#1327=LINE('',#7737,#1831);
#1328=LINE('',#7740,#1832);
#1329=LINE('',#7741,#1833);
#1330=LINE('',#7745,#1834);
#1331=LINE('',#7747,#1835);
#1332=LINE('',#7752,#1836);
#1333=LINE('',#7754,#1837);
#1334=LINE('',#7759,#1838);
#1335=LINE('',#7761,#1839);
#1336=LINE('',#7764,#1840);
#1337=VECTOR('',#5071,10.);
#1338=VECTOR('',#5072,10.);
#1339=VECTOR('',#5073,10.);
#1340=VECTOR('',#5074,10.);
#1341=VECTOR('',#5077,10.);
#1342=VECTOR('',#5078,10.);
#1343=VECTOR('',#5079,10.);
#1344=VECTOR('',#5082,10.);
#1345=VECTOR('',#5083,10.);
#1346=VECTOR('',#5084,10.);
#1347=VECTOR('',#5087,10.);
#1348=VECTOR('',#5088,10.);
#1349=VECTOR('',#5097,10.);
#1350=VECTOR('',#5098,10.);
#1351=VECTOR('',#5099,10.);
#1352=VECTOR('',#5100,10.);
#1353=VECTOR('',#5103,10.);
#1354=VECTOR('',#5104,10.);
#1355=VECTOR('',#5107,10.);
#1356=VECTOR('',#5110,10.);
#1357=VECTOR('',#5115,10.);
#1358=VECTOR('',#5118,10.);
#1359=VECTOR('',#5127,10.);
#1360=VECTOR('',#5132,10.);
#1361=VECTOR('',#5135,10.);
#1362=VECTOR('',#5138,10.);
#1363=VECTOR('',#5139,10.);
#1364=VECTOR('',#5150,10.);
#1365=VECTOR('',#5151,10.);
#1366=VECTOR('',#5154,10.);
#1367=VECTOR('',#5169,10.);
#1368=VECTOR('',#5170,10.);
#1369=VECTOR('',#5173,10.);
#1370=VECTOR('',#5174,10.);
#1371=VECTOR('',#5185,10.);
#1372=VECTOR('',#5186,10.);
#1373=VECTOR('',#5187,10.);
#1374=VECTOR('',#5188,10.);
#1375=VECTOR('',#5189,10.);
#1376=VECTOR('',#5192,10.);
#1377=VECTOR('',#5195,10.);
#1378=VECTOR('',#5198,10.);
#1379=VECTOR('',#5201,10.);
#1380=VECTOR('',#5202,10.);
#1381=VECTOR('',#5207,10.);
#1382=VECTOR('',#5208,10.);
#1383=VECTOR('',#5209,10.);
#1384=VECTOR('',#5210,10.);
#1385=VECTOR('',#5213,10.);
#1386=VECTOR('',#5216,10.);
#1387=VECTOR('',#5229,10.);
#1388=VECTOR('',#5230,10.);
#1389=VECTOR('',#5233,10.);
#1390=VECTOR('',#5234,10.);
#1391=VECTOR('',#5235,10.);
#1392=VECTOR('',#5236,10.);
#1393=VECTOR('',#5239,10.);
#1394=VECTOR('',#5240,10.);
#1395=VECTOR('',#5243,10.);
#1396=VECTOR('',#5246,10.);
#1397=VECTOR('',#5247,10.);
#1398=VECTOR('',#5248,10.);
#1399=VECTOR('',#5249,10.);
#1400=VECTOR('',#5256,10.);
#1401=VECTOR('',#5259,10.);
#1402=VECTOR('',#5260,10.);
#1403=VECTOR('',#5261,10.);
#1404=VECTOR('',#5264,10.);
#1405=VECTOR('',#5267,10.);
#1406=VECTOR('',#5268,10.);
#1407=VECTOR('',#5271,10.);
#1408=VECTOR('',#5274,10.);
#1409=VECTOR('',#5275,10.);
#1410=VECTOR('',#5278,10.);
#1411=VECTOR('',#5279,10.);
#1412=VECTOR('',#5280,10.);
#1413=VECTOR('',#5283,10.);
#1414=VECTOR('',#5284,10.);
#1415=VECTOR('',#5285,10.);
#1416=VECTOR('',#5286,10.);
#1417=VECTOR('',#5289,10.);
#1418=VECTOR('',#5292,10.);
#1419=VECTOR('',#5295,10.);
#1420=VECTOR('',#5298,10.);
#1421=VECTOR('',#5301,10.);
#1422=VECTOR('',#5304,10.);
#1423=VECTOR('',#5305,10.);
#1424=VECTOR('',#5306,10.);
#1425=VECTOR('',#5307,10.);
#1426=VECTOR('',#5318,10.);
#1427=VECTOR('',#5319,10.);
#1428=VECTOR('',#5322,10.);
#1429=VECTOR('',#5327,10.);
#1430=VECTOR('',#5328,10.);
#1431=VECTOR('',#5331,10.);
#1432=VECTOR('',#5338,10.);
#1433=VECTOR('',#5343,10.);
#1434=VECTOR('',#5344,10.);
#1435=VECTOR('',#5345,10.);
#1436=VECTOR('',#5350,10.);
#1437=VECTOR('',#5351,10.);
#1438=VECTOR('',#5352,10.);
#1439=VECTOR('',#5357,10.);
#1440=VECTOR('',#5358,10.);
#1441=VECTOR('',#5361,10.);
#1442=VECTOR('',#5362,10.);
#1443=VECTOR('',#5365,10.);
#1444=VECTOR('',#5366,10.);
#1445=VECTOR('',#5369,10.);
#1446=VECTOR('',#5372,10.);
#1447=VECTOR('',#5373,10.);
#1448=VECTOR('',#5378,10.);
#1449=VECTOR('',#5379,10.);
#1450=VECTOR('',#5382,10.);
#1451=VECTOR('',#5387,10.);
#1452=VECTOR('',#5390,10.);
#1453=VECTOR('',#5391,10.);
#1454=VECTOR('',#5394,10.);
#1455=VECTOR('',#5395,10.);
#1456=VECTOR('',#5396,10.);
#1457=VECTOR('',#5401,10.);
#1458=VECTOR('',#5404,10.);
#1459=VECTOR('',#5405,10.);
#1460=VECTOR('',#5408,10.);
#1461=VECTOR('',#5411,10.);
#1462=VECTOR('',#5412,10.);
#1463=VECTOR('',#5413,10.);
#1464=VECTOR('',#5418,10.);
#1465=VECTOR('',#5421,10.);
#1466=VECTOR('',#5422,10.);
#1467=VECTOR('',#5425,10.);
#1468=VECTOR('',#5430,10.);
#1469=VECTOR('',#5433,10.);
#1470=VECTOR('',#5434,10.);
#1471=VECTOR('',#5439,10.);
#1472=VECTOR('',#5442,10.);
#1473=VECTOR('',#5443,10.);
#1474=VECTOR('',#5448,10.);
#1475=VECTOR('',#5451,10.);
#1476=VECTOR('',#5452,10.);
#1477=VECTOR('',#5457,10.);
#1478=VECTOR('',#5460,10.);
#1479=VECTOR('',#5461,10.);
#1480=VECTOR('',#5462,10.);
#1481=VECTOR('',#5465,10.);
#1482=VECTOR('',#5470,10.);
#1483=VECTOR('',#5471,10.);
#1484=VECTOR('',#5474,10.);
#1485=VECTOR('',#5477,10.);
#1486=VECTOR('',#5492,10.);
#1487=VECTOR('',#5495,10.);
#1488=VECTOR('',#5498,10.);
#1489=VECTOR('',#5499,10.);
#1490=VECTOR('',#5500,10.);
#1491=VECTOR('',#5503,10.);
#1492=VECTOR('',#5506,10.);
#1493=VECTOR('',#5509,10.);
#1494=VECTOR('',#5512,10.);
#1495=VECTOR('',#5515,10.);
#1496=VECTOR('',#5520,10.);
#1497=VECTOR('',#5523,10.);
#1498=VECTOR('',#5532,10.);
#1499=VECTOR('',#5533,10.);
#1500=VECTOR('',#5536,10.);
#1501=VECTOR('',#5543,10.);
#1502=VECTOR('',#5544,10.);
#1503=VECTOR('',#5545,10.);
#1504=VECTOR('',#5550,10.);
#1505=VECTOR('',#5553,10.);
#1506=VECTOR('',#5554,10.);
#1507=VECTOR('',#5559,10.);
#1508=VECTOR('',#5562,10.);
#1509=VECTOR('',#5563,10.);
#1510=VECTOR('',#5568,10.);
#1511=VECTOR('',#5571,10.);
#1512=VECTOR('',#5572,10.);
#1513=VECTOR('',#5577,10.);
#1514=VECTOR('',#5580,10.);
#1515=VECTOR('',#5581,10.);
#1516=VECTOR('',#5584,10.);
#1517=VECTOR('',#5585,10.);
#1518=VECTOR('',#5588,10.);
#1519=VECTOR('',#5589,10.);
#1520=VECTOR('',#5592,10.);
#1521=VECTOR('',#5595,10.);
#1522=VECTOR('',#5596,10.);
#1523=VECTOR('',#5597,10.);
#1524=VECTOR('',#5602,10.);
#1525=VECTOR('',#5605,10.);
#1526=VECTOR('',#5606,10.);
#1527=VECTOR('',#5611,10.);
#1528=VECTOR('',#5614,10.);
#1529=VECTOR('',#5615,10.);
#1530=VECTOR('',#5620,10.);
#1531=VECTOR('',#5623,10.);
#1532=VECTOR('',#5624,10.);
#1533=VECTOR('',#5635,10.);
#1534=VECTOR('',#5638,10.);
#1535=VECTOR('',#5645,10.);
#1536=VECTOR('',#5646,10.);
#1537=VECTOR('',#5647,10.);
#1538=VECTOR('',#5648,10.);
#1539=VECTOR('',#5649,10.);
#1540=VECTOR('',#5652,10.);
#1541=VECTOR('',#5653,10.);
#1542=VECTOR('',#5654,10.);
#1543=VECTOR('',#5657,10.);
#1544=VECTOR('',#5658,10.);
#1545=VECTOR('',#5659,10.);
#1546=VECTOR('',#5662,10.);
#1547=VECTOR('',#5663,10.);
#1548=VECTOR('',#5666,10.);
#1549=VECTOR('',#5667,10.);
#1550=VECTOR('',#5668,10.);
#1551=VECTOR('',#5671,10.);
#1552=VECTOR('',#5672,10.);
#1553=VECTOR('',#5673,10.);
#1554=VECTOR('',#5676,10.);
#1555=VECTOR('',#5677,10.);
#1556=VECTOR('',#5680,10.);
#1557=VECTOR('',#5683,10.);
#1558=VECTOR('',#5684,10.);
#1559=VECTOR('',#5685,10.);
#1560=VECTOR('',#5688,10.);
#1561=VECTOR('',#5689,10.);
#1562=VECTOR('',#5692,10.);
#1563=VECTOR('',#5693,10.);
#1564=VECTOR('',#5694,10.);
#1565=VECTOR('',#5697,10.);
#1566=VECTOR('',#5704,10.);
#1567=VECTOR('',#5705,10.);
#1568=VECTOR('',#5706,10.);
#1569=VECTOR('',#5709,10.);
#1570=VECTOR('',#5710,10.);
#1571=VECTOR('',#5711,10.);
#1572=VECTOR('',#5714,10.);
#1573=VECTOR('',#5715,10.);
#1574=VECTOR('',#5716,10.);
#1575=VECTOR('',#5721,10.);
#1576=VECTOR('',#5726,10.);
#1577=VECTOR('',#5727,10.);
#1578=VECTOR('',#5728,10.);
#1579=VECTOR('',#5731,10.);
#1580=VECTOR('',#5732,10.);
#1581=VECTOR('',#5733,10.);
#1582=VECTOR('',#5736,10.);
#1583=VECTOR('',#5737,10.);
#1584=VECTOR('',#5740,10.);
#1585=VECTOR('',#5743,10.);
#1586=VECTOR('',#5744,10.);
#1587=VECTOR('',#5745,10.);
#1588=VECTOR('',#5748,10.);
#1589=VECTOR('',#5749,10.);
#1590=VECTOR('',#5750,10.);
#1591=VECTOR('',#5751,10.);
#1592=VECTOR('',#5752,10.);
#1593=VECTOR('',#5753,10.);
#1594=VECTOR('',#5756,10.);
#1595=VECTOR('',#5757,10.);
#1596=VECTOR('',#5758,10.);
#1597=VECTOR('',#5759,10.);
#1598=VECTOR('',#5762,10.);
#1599=VECTOR('',#5763,10.);
#1600=VECTOR('',#5764,10.);
#1601=VECTOR('',#5765,10.);
#1602=VECTOR('',#5770,10.);
#1603=VECTOR('',#5775,10.);
#1604=VECTOR('',#5776,10.);
#1605=VECTOR('',#5779,10.);
#1606=VECTOR('',#5780,10.);
#1607=VECTOR('',#5783,10.);
#1608=VECTOR('',#5786,10.);
#1609=VECTOR('',#5789,10.);
#1610=VECTOR('',#5790,10.);
#1611=VECTOR('',#5791,10.);
#1612=VECTOR('',#5794,10.);
#1613=VECTOR('',#5795,10.);
#1614=VECTOR('',#5796,10.);
#1615=VECTOR('',#5799,10.);
#1616=VECTOR('',#5806,10.);
#1617=VECTOR('',#5807,10.);
#1618=VECTOR('',#5808,10.);
#1619=VECTOR('',#5811,10.);
#1620=VECTOR('',#5812,10.);
#1621=VECTOR('',#5813,10.);
#1622=VECTOR('',#5816,10.);
#1623=VECTOR('',#5823,10.);
#1624=VECTOR('',#5824,10.);
#1625=VECTOR('',#5825,10.);
#1626=VECTOR('',#5828,10.);
#1627=VECTOR('',#5835,10.);
#1628=VECTOR('',#5836,10.);
#1629=VECTOR('',#5837,10.);
#1630=VECTOR('',#5840,10.);
#1631=VECTOR('',#5847,10.);
#1632=VECTOR('',#5848,10.);
#1633=VECTOR('',#5849,10.);
#1634=VECTOR('',#5852,10.);
#1635=VECTOR('',#5855,10.);
#1636=VECTOR('',#5858,10.);
#1637=VECTOR('',#5859,10.);
#1638=VECTOR('',#5862,10.);
#1639=VECTOR('',#5867,10.);
#1640=VECTOR('',#5868,10.);
#1641=VECTOR('',#5871,10.);
#1642=VECTOR('',#5876,10.);
#1643=VECTOR('',#5877,10.);
#1644=VECTOR('',#5880,10.);
#1645=VECTOR('',#5885,10.);
#1646=VECTOR('',#5886,10.);
#1647=VECTOR('',#5887,10.);
#1648=VECTOR('',#5888,10.);
#1649=VECTOR('',#5889,10.);
#1650=VECTOR('',#5890,10.);
#1651=VECTOR('',#5893,10.);
#1652=VECTOR('',#5894,10.);
#1653=VECTOR('',#5895,10.);
#1654=VECTOR('',#5896,10.);
#1655=VECTOR('',#5899,10.);
#1656=VECTOR('',#5900,10.);
#1657=VECTOR('',#5905,10.);
#1658=VECTOR('',#5910,10.);
#1659=VECTOR('',#5911,10.);
#1660=VECTOR('',#5912,10.);
#1661=VECTOR('',#5917,10.);
#1662=VECTOR('',#5922,10.);
#1663=VECTOR('',#5923,10.);
#1664=VECTOR('',#5924,10.);
#1665=VECTOR('',#5929,10.);
#1666=VECTOR('',#5934,10.);
#1667=VECTOR('',#5935,10.);
#1668=VECTOR('',#5938,10.);
#1669=VECTOR('',#5943,10.);
#1670=VECTOR('',#5944,10.);
#1671=VECTOR('',#5947,10.);
#1672=VECTOR('',#5952,10.);
#1673=VECTOR('',#5953,10.);
#1674=VECTOR('',#5956,10.);
#1675=VECTOR('',#5961,10.);
#1676=VECTOR('',#5966,10.);
#1677=VECTOR('',#5967,10.);
#1678=VECTOR('',#5970,10.);
#1679=VECTOR('',#5971,10.);
#1680=VECTOR('',#5974,10.);
#1681=VECTOR('',#5975,10.);
#1682=VECTOR('',#5978,10.);
#1683=VECTOR('',#5983,10.);
#1684=VECTOR('',#5984,10.);
#1685=VECTOR('',#5987,10.);
#1686=VECTOR('',#5992,10.);
#1687=VECTOR('',#5993,10.);
#1688=VECTOR('',#5996,10.);
#1689=VECTOR('',#6001,10.);
#1690=VECTOR('',#6002,10.);
#1691=VECTOR('',#6005,10.);
#1692=VECTOR('',#6010,10.);
#1693=VECTOR('',#6011,10.);
#1694=VECTOR('',#6014,10.);
#1695=VECTOR('',#6019,10.);
#1696=VECTOR('',#6020,10.);
#1697=VECTOR('',#6023,10.);
#1698=VECTOR('',#6028,10.);
#1699=VECTOR('',#6031,10.);
#1700=VECTOR('',#6034,10.);
#1701=VECTOR('',#6035,10.);
#1702=VECTOR('',#6036,10.);
#1703=VECTOR('',#6037,10.);
#1704=VECTOR('',#6040,10.);
#1705=VECTOR('',#6041,10.);
#1706=VECTOR('',#6042,10.);
#1707=VECTOR('',#6045,10.);
#1708=VECTOR('',#6046,10.);
#1709=VECTOR('',#6047,10.);
#1710=VECTOR('',#6050,10.);
#1711=VECTOR('',#6051,10.);
#1712=VECTOR('',#6054,10.);
#1713=VECTOR('',#6055,10.);
#1714=VECTOR('',#6058,10.);
#1715=VECTOR('',#6059,10.);
#1716=VECTOR('',#6060,10.);
#1717=VECTOR('',#6061,10.);
#1718=VECTOR('',#6064,10.);
#1719=VECTOR('',#6065,10.);
#1720=VECTOR('',#6066,10.);
#1721=VECTOR('',#6071,10.);
#1722=VECTOR('',#6076,10.);
#1723=VECTOR('',#6077,10.);
#1724=VECTOR('',#6080,10.);
#1725=VECTOR('',#6081,10.);
#1726=VECTOR('',#6082,10.);
#1727=VECTOR('',#6085,10.);
#1728=VECTOR('',#6086,10.);
#1729=VECTOR('',#6089,10.);
#1730=VECTOR('',#6090,10.);
#1731=VECTOR('',#6093,10.);
#1732=VECTOR('',#6096,10.);
#1733=VECTOR('',#6097,10.);
#1734=VECTOR('',#6098,10.);
#1735=VECTOR('',#6101,10.);
#1736=VECTOR('',#6102,10.);
#1737=VECTOR('',#6103,10.);
#1738=VECTOR('',#6106,10.);
#1739=VECTOR('',#6113,10.);
#1740=VECTOR('',#6116,10.);
#1741=VECTOR('',#6119,10.);
#1742=VECTOR('',#6120,10.);
#1743=VECTOR('',#6121,10.);
#1744=VECTOR('',#6122,10.);
#1745=VECTOR('',#6125,10.);
#1746=VECTOR('',#6128,10.);
#1747=VECTOR('',#6129,10.);
#1748=VECTOR('',#6130,10.);
#1749=VECTOR('',#6133,10.);
#1750=VECTOR('',#6134,10.);
#1751=VECTOR('',#6137,10.);
#1752=VECTOR('',#6142,10.);
#1753=VECTOR('',#6145,10.);
#1754=VECTOR('',#6146,10.);
#1755=VECTOR('',#6147,10.);
#1756=VECTOR('',#6150,10.);
#1757=VECTOR('',#6151,10.);
#1758=VECTOR('',#6154,10.);
#1759=VECTOR('',#6155,10.);
#1760=VECTOR('',#6156,10.);
#1761=VECTOR('',#6159,10.);
#1762=VECTOR('',#6160,10.);
#1763=VECTOR('',#6161,10.);
#1764=VECTOR('',#6166,10.);
#1765=VECTOR('',#6171,10.);
#1766=VECTOR('',#6174,10.);
#1767=VECTOR('',#6177,10.);
#1768=VECTOR('',#6178,10.);
#1769=VECTOR('',#6181,10.);
#1770=VECTOR('',#6184,10.);
#1771=VECTOR('',#6189,10.);
#1772=VECTOR('',#6194,10.);
#1773=VECTOR('',#6195,10.);
#1774=VECTOR('',#6198,10.);
#1775=VECTOR('',#6199,10.);
#1776=VECTOR('',#6200,10.);
#1777=VECTOR('',#6203,10.);
#1778=VECTOR('',#6208,10.);
#1779=VECTOR('',#6209,10.);
#1780=VECTOR('',#6212,10.);
#1781=VECTOR('',#6215,10.);
#1782=VECTOR('',#6216,10.);
#1783=VECTOR('',#6219,10.);
#1784=VECTOR('',#6222,10.);
#1785=VECTOR('',#6223,10.);
#1786=VECTOR('',#6224,10.);
#1787=VECTOR('',#6227,10.);
#1788=VECTOR('',#6232,10.);
#1789=VECTOR('',#6233,10.);
#1790=VECTOR('',#6236,10.);
#1791=VECTOR('',#6239,10.);
#1792=VECTOR('',#6240,10.);
#1793=VECTOR('',#6243,10.);
#1794=VECTOR('',#6246,10.);
#1795=VECTOR('',#6251,10.);
#1796=VECTOR('',#6256,10.);
#1797=VECTOR('',#6257,10.);
#1798=VECTOR('',#6258,10.);
#1799=VECTOR('',#6261,10.);
#1800=VECTOR('',#6262,10.);
#1801=VECTOR('',#6265,10.);
#1802=VECTOR('',#6270,10.);
#1803=VECTOR('',#6273,10.);
#1804=VECTOR('',#6274,10.);
#1805=VECTOR('',#6275,10.);
#1806=VECTOR('',#6278,10.);
#1807=VECTOR('',#6279,10.);
#1808=VECTOR('',#6282,10.);
#1809=VECTOR('',#6283,10.);
#1810=VECTOR('',#6284,10.);
#1811=VECTOR('',#6287,10.);
#1812=VECTOR('',#6288,10.);
#1813=VECTOR('',#6291,10.);
#1814=VECTOR('',#6296,10.);
#1815=VECTOR('',#6299,10.);
#1816=VECTOR('',#6300,10.);
#1817=VECTOR('',#6301,10.);
#1818=VECTOR('',#6304,10.);
#1819=VECTOR('',#6305,10.);
#1820=VECTOR('',#6308,10.);
#1821=VECTOR('',#6309,10.);
#1822=VECTOR('',#6310,10.);
#1823=VECTOR('',#6313,10.);
#1824=VECTOR('',#6314,10.);
#1825=VECTOR('',#6317,10.);
#1826=VECTOR('',#6322,10.);
#1827=VECTOR('',#6325,10.);
#1828=VECTOR('',#6326,10.);
#1829=VECTOR('',#6327,10.);
#1830=VECTOR('',#6330,10.);
#1831=VECTOR('',#6331,10.);
#1832=VECTOR('',#6334,10.);
#1833=VECTOR('',#6335,10.);
#1834=VECTOR('',#6340,10.);
#1835=VECTOR('',#6343,10.);
#1836=VECTOR('',#6350,10.);
#1837=VECTOR('',#6353,10.);
#1838=VECTOR('',#6360,10.);
#1839=VECTOR('',#6363,10.);
#1840=VECTOR('',#6368,10.);
#1841=VERTEX_POINT('',#6383);
#1842=VERTEX_POINT('',#6384);
#1843=VERTEX_POINT('',#6386);
#1844=VERTEX_POINT('',#6388);
#1845=VERTEX_POINT('',#6392);
#1846=VERTEX_POINT('',#6394);
#1847=VERTEX_POINT('',#6398);
#1848=VERTEX_POINT('',#6400);
#1849=VERTEX_POINT('',#6410);
#1850=VERTEX_POINT('',#6411);
#1851=VERTEX_POINT('',#6413);
#1852=VERTEX_POINT('',#6415);
#1853=VERTEX_POINT('',#6419);
#1854=VERTEX_POINT('',#6421);
#1855=VERTEX_POINT('',#6423);
#1856=VERTEX_POINT('',#6425);
#1857=VERTEX_POINT('',#6427);
#1858=VERTEX_POINT('',#6431);
#1859=VERTEX_POINT('',#6432);
#1860=VERTEX_POINT('',#6434);
#1861=VERTEX_POINT('',#6436);
#1862=VERTEX_POINT('',#6440);
#1863=VERTEX_POINT('',#6441);
#1864=VERTEX_POINT('',#6453);
#1865=VERTEX_POINT('',#6455);
#1866=VERTEX_POINT('',#6459);
#1867=VERTEX_POINT('',#6468);
#1868=VERTEX_POINT('',#6470);
#1869=VERTEX_POINT('',#6472);
#1870=VERTEX_POINT('',#6474);
#1871=VERTEX_POINT('',#6478);
#1872=VERTEX_POINT('',#6487);
#1873=VERTEX_POINT('',#6498);
#1874=VERTEX_POINT('',#6499);
#1875=VERTEX_POINT('',#6501);
#1876=VERTEX_POINT('',#6503);
#1877=VERTEX_POINT('',#6519);
#1878=VERTEX_POINT('',#6525);
#1879=VERTEX_POINT('',#6526);
#1880=VERTEX_POINT('',#6528);
#1881=VERTEX_POINT('',#6530);
#1882=VERTEX_POINT('',#6541);
#1883=VERTEX_POINT('',#6549);
#1884=VERTEX_POINT('',#6553);
#1885=VERTEX_POINT('',#6559);
#1886=VERTEX_POINT('',#6570);
#1887=VERTEX_POINT('',#6572);
#1888=VERTEX_POINT('',#6574);
#1889=VERTEX_POINT('',#6576);
#1890=VERTEX_POINT('',#6578);
#1891=VERTEX_POINT('',#6580);
#1892=VERTEX_POINT('',#6582);
#1893=VERTEX_POINT('',#6584);
#1894=VERTEX_POINT('',#6586);
#1895=VERTEX_POINT('',#6588);
#1896=VERTEX_POINT('',#6590);
#1897=VERTEX_POINT('',#6592);
#1898=VERTEX_POINT('',#6594);
#1899=VERTEX_POINT('',#6607);
#1900=VERTEX_POINT('',#6609);
#1901=VERTEX_POINT('',#6611);
#1902=VERTEX_POINT('',#6613);
#1903=VERTEX_POINT('',#6615);
#1904=VERTEX_POINT('',#6617);
#1905=VERTEX_POINT('',#6619);
#1906=VERTEX_POINT('',#6624);
#1907=VERTEX_POINT('',#6641);
#1908=VERTEX_POINT('',#6645);
#1909=VERTEX_POINT('',#6647);
#1910=VERTEX_POINT('',#6649);
#1911=VERTEX_POINT('',#6653);
#1912=VERTEX_POINT('',#6654);
#1913=VERTEX_POINT('',#6656);
#1914=VERTEX_POINT('',#6658);
#1915=VERTEX_POINT('',#6662);
#1916=VERTEX_POINT('',#6663);
#1917=VERTEX_POINT('',#6665);
#1918=VERTEX_POINT('',#6667);
#1919=VERTEX_POINT('',#6671);
#1920=VERTEX_POINT('',#6673);
#1921=VERTEX_POINT('',#6677);
#1922=VERTEX_POINT('',#6678);
#1923=VERTEX_POINT('',#6680);
#1924=VERTEX_POINT('',#6684);
#1925=VERTEX_POINT('',#6685);
#1926=VERTEX_POINT('',#6687);
#1927=VERTEX_POINT('',#6689);
#1928=VERTEX_POINT('',#6693);
#1929=VERTEX_POINT('',#6694);
#1930=VERTEX_POINT('',#6696);
#1931=VERTEX_POINT('',#6698);
#1932=VERTEX_POINT('',#6702);
#1933=VERTEX_POINT('',#6703);
#1934=VERTEX_POINT('',#6708);
#1935=VERTEX_POINT('',#6711);
#1936=VERTEX_POINT('',#6715);
#1937=VERTEX_POINT('',#6717);
#1938=VERTEX_POINT('',#6719);
#1939=VERTEX_POINT('',#6721);
#1940=VERTEX_POINT('',#6723);
#1941=VERTEX_POINT('',#6725);
#1942=VERTEX_POINT('',#6727);
#1943=VERTEX_POINT('',#6729);
#1944=VERTEX_POINT('',#6733);
#1945=VERTEX_POINT('',#6734);
#1946=VERTEX_POINT('',#6736);
#1947=VERTEX_POINT('',#6738);
#1948=VERTEX_POINT('',#6742);
#1949=VERTEX_POINT('',#6747);
#1950=VERTEX_POINT('',#6751);
#1951=VERTEX_POINT('',#6755);
#1952=VERTEX_POINT('',#6759);
#1953=VERTEX_POINT('',#6760);
#1954=VERTEX_POINT('',#6765);
#1955=VERTEX_POINT('',#6769);
#1956=VERTEX_POINT('',#6771);
#1957=VERTEX_POINT('',#6776);
#1958=VERTEX_POINT('',#6778);
#1959=VERTEX_POINT('',#6782);
#1960=VERTEX_POINT('',#6783);
#1961=VERTEX_POINT('',#6788);
#1962=VERTEX_POINT('',#6792);
#1963=VERTEX_POINT('',#6798);
#1964=VERTEX_POINT('',#6800);
#1965=VERTEX_POINT('',#6804);
#1966=VERTEX_POINT('',#6808);
#1967=VERTEX_POINT('',#6814);
#1968=VERTEX_POINT('',#6818);
#1969=VERTEX_POINT('',#6820);
#1970=VERTEX_POINT('',#6824);
#1971=VERTEX_POINT('',#6828);
#1972=VERTEX_POINT('',#6834);
#1973=VERTEX_POINT('',#6836);
#1974=VERTEX_POINT('',#6840);
#1975=VERTEX_POINT('',#6844);
#1976=VERTEX_POINT('',#6850);
#1977=VERTEX_POINT('',#6854);
#1978=VERTEX_POINT('',#6858);
#1979=VERTEX_POINT('',#6862);
#1980=VERTEX_POINT('',#6866);
#1981=VERTEX_POINT('',#6870);
#1982=VERTEX_POINT('',#6874);
#1983=VERTEX_POINT('',#6878);
#1984=VERTEX_POINT('',#6880);
#1985=VERTEX_POINT('',#6884);
#1986=VERTEX_POINT('',#6888);
#1987=VERTEX_POINT('',#6894);
#1988=VERTEX_POINT('',#6895);
#1989=VERTEX_POINT('',#6900);
#1990=VERTEX_POINT('',#6901);
#1991=VERTEX_POINT('',#6908);
#1992=VERTEX_POINT('',#6914);
#1993=VERTEX_POINT('',#6915);
#1994=VERTEX_POINT('',#6920);
#1995=VERTEX_POINT('',#6922);
#1996=VERTEX_POINT('',#6928);
#1997=VERTEX_POINT('',#6930);
#1998=VERTEX_POINT('',#6942);
#1999=VERTEX_POINT('',#6946);
#2000=VERTEX_POINT('',#6951);
#2001=VERTEX_POINT('',#6953);
#2002=VERTEX_POINT('',#6957);
#2003=VERTEX_POINT('',#6961);
#2004=VERTEX_POINT('',#6965);
#2005=VERTEX_POINT('',#6969);
#2006=VERTEX_POINT('',#6973);
#2007=VERTEX_POINT('',#6977);
#2008=VERTEX_POINT('',#6981);
#2009=VERTEX_POINT('',#6985);
#2010=VERTEX_POINT('',#6989);
#2011=VERTEX_POINT('',#6993);
#2012=VERTEX_POINT('',#6999);
#2013=VERTEX_POINT('',#7001);
#2014=VERTEX_POINT('',#7005);
#2015=VERTEX_POINT('',#7009);
#2016=VERTEX_POINT('',#7013);
#2017=VERTEX_POINT('',#7017);
#2018=VERTEX_POINT('',#7021);
#2019=VERTEX_POINT('',#7025);
#2020=VERTEX_POINT('',#7039);
#2021=VERTEX_POINT('',#7040);
#2022=VERTEX_POINT('',#7042);
#2023=VERTEX_POINT('',#7044);
#2024=VERTEX_POINT('',#7046);
#2025=VERTEX_POINT('',#7050);
#2026=VERTEX_POINT('',#7052);
#2027=VERTEX_POINT('',#7056);
#2028=VERTEX_POINT('',#7058);
#2029=VERTEX_POINT('',#7062);
#2030=VERTEX_POINT('',#7066);
#2031=VERTEX_POINT('',#7067);
#2032=VERTEX_POINT('',#7072);
#2033=VERTEX_POINT('',#7073);
#2034=VERTEX_POINT('',#7078);
#2035=VERTEX_POINT('',#7084);
#2036=VERTEX_POINT('',#7085);
#2037=VERTEX_POINT('',#7087);
#2038=VERTEX_POINT('',#7094);
#2039=VERTEX_POINT('',#7095);
#2040=VERTEX_POINT('',#7100);
#2041=VERTEX_POINT('',#7101);
#2042=VERTEX_POINT('',#7106);
#2043=VERTEX_POINT('',#7107);
#2044=VERTEX_POINT('',#7112);
#2045=VERTEX_POINT('',#7113);
#2046=VERTEX_POINT('',#7115);
#2047=VERTEX_POINT('',#7119);
#2048=VERTEX_POINT('',#7120);
#2049=VERTEX_POINT('',#7125);
#2050=VERTEX_POINT('',#7127);
#2051=VERTEX_POINT('',#7131);
#2052=VERTEX_POINT('',#7132);
#2053=VERTEX_POINT('',#7137);
#2054=VERTEX_POINT('',#7138);
#2055=VERTEX_POINT('',#7148);
#2056=VERTEX_POINT('',#7150);
#2057=VERTEX_POINT('',#7154);
#2058=VERTEX_POINT('',#7156);
#2059=VERTEX_POINT('',#7158);
#2060=VERTEX_POINT('',#7160);
#2061=VERTEX_POINT('',#7162);
#2062=VERTEX_POINT('',#7166);
#2063=VERTEX_POINT('',#7168);
#2064=VERTEX_POINT('',#7170);
#2065=VERTEX_POINT('',#7174);
#2066=VERTEX_POINT('',#7175);
#2067=VERTEX_POINT('',#7177);
#2068=VERTEX_POINT('',#7179);
#2069=VERTEX_POINT('',#7183);
#2070=VERTEX_POINT('',#7185);
#2071=VERTEX_POINT('',#7199);
#2072=VERTEX_POINT('',#7201);
#2073=VERTEX_POINT('',#7205);
#2074=VERTEX_POINT('',#7207);
#2075=VERTEX_POINT('',#7211);
#2076=VERTEX_POINT('',#7212);
#2077=VERTEX_POINT('',#7217);
#2078=VERTEX_POINT('',#7219);
#2079=VERTEX_POINT('',#7223);
#2080=VERTEX_POINT('',#7225);
#2081=VERTEX_POINT('',#7229);
#2082=VERTEX_POINT('',#7230);
#2083=VERTEX_POINT('',#7235);
#2084=VERTEX_POINT('',#7237);
#2085=VERTEX_POINT('',#7241);
#2086=VERTEX_POINT('',#7242);
#2087=VERTEX_POINT('',#7247);
#2088=VERTEX_POINT('',#7248);
#2089=VERTEX_POINT('',#7253);
#2090=VERTEX_POINT('',#7254);
#2091=VERTEX_POINT('',#7259);
#2092=VERTEX_POINT('',#7260);
#2093=VERTEX_POINT('',#7269);
#2094=VERTEX_POINT('',#7273);
#2095=VERTEX_POINT('',#7277);
#2096=VERTEX_POINT('',#7281);
#2097=VERTEX_POINT('',#7285);
#2098=VERTEX_POINT('',#7289);
#2099=VERTEX_POINT('',#7293);
#2100=VERTEX_POINT('',#7295);
#2101=VERTEX_POINT('',#7297);
#2102=VERTEX_POINT('',#7299);
#2103=VERTEX_POINT('',#7301);
#2104=VERTEX_POINT('',#7305);
#2105=VERTEX_POINT('',#7307);
#2106=VERTEX_POINT('',#7309);
#2107=VERTEX_POINT('',#7313);
#2108=VERTEX_POINT('',#7317);
#2109=VERTEX_POINT('',#7319);
#2110=VERTEX_POINT('',#7323);
#2111=VERTEX_POINT('',#7325);
#2112=VERTEX_POINT('',#7329);
#2113=VERTEX_POINT('',#7331);
#2114=VERTEX_POINT('',#7335);
#2115=VERTEX_POINT('',#7337);
#2116=VERTEX_POINT('',#7342);
#2117=VERTEX_POINT('',#7346);
#2118=VERTEX_POINT('',#7350);
#2119=VERTEX_POINT('',#7354);
#2120=VERTEX_POINT('',#7358);
#2121=VERTEX_POINT('',#7362);
#2122=VERTEX_POINT('',#7366);
#2123=VERTEX_POINT('',#7373);
#2124=VERTEX_POINT('',#7377);
#2125=VERTEX_POINT('',#7381);
#2126=VERTEX_POINT('',#7385);
#2127=VERTEX_POINT('',#7389);
#2128=VERTEX_POINT('',#7393);
#2129=VERTEX_POINT('',#7397);
#2130=VERTEX_POINT('',#7401);
#2131=VERTEX_POINT('',#7405);
#2132=VERTEX_POINT('',#7409);
#2133=VERTEX_POINT('',#7413);
#2134=VERTEX_POINT('',#7417);
#2135=VERTEX_POINT('',#7421);
#2136=VERTEX_POINT('',#7425);
#2137=VERTEX_POINT('',#7431);
#2138=VERTEX_POINT('',#7432);
#2139=VERTEX_POINT('',#7434);
#2140=VERTEX_POINT('',#7436);
#2141=VERTEX_POINT('',#7439);
#2142=VERTEX_POINT('',#7440);
#2143=VERTEX_POINT('',#7442);
#2144=VERTEX_POINT('',#7444);
#2145=VERTEX_POINT('',#7447);
#2146=VERTEX_POINT('',#7448);
#2147=VERTEX_POINT('',#7450);
#2148=VERTEX_POINT('',#7452);
#2149=VERTEX_POINT('',#7455);
#2150=VERTEX_POINT('',#7456);
#2151=VERTEX_POINT('',#7458);
#2152=VERTEX_POINT('',#7460);
#2153=VERTEX_POINT('',#7463);
#2154=VERTEX_POINT('',#7464);
#2155=VERTEX_POINT('',#7466);
#2156=VERTEX_POINT('',#7468);
#2157=VERTEX_POINT('',#7472);
#2158=VERTEX_POINT('',#7473);
#2159=VERTEX_POINT('',#7475);
#2160=VERTEX_POINT('',#7477);
#2161=VERTEX_POINT('',#7481);
#2162=VERTEX_POINT('',#7483);
#2163=VERTEX_POINT('',#7487);
#2164=VERTEX_POINT('',#7489);
#2165=VERTEX_POINT('',#7496);
#2166=VERTEX_POINT('',#7498);
#2167=VERTEX_POINT('',#7502);
#2168=VERTEX_POINT('',#7506);
#2169=VERTEX_POINT('',#7507);
#2170=VERTEX_POINT('',#7509);
#2171=VERTEX_POINT('',#7511);
#2172=VERTEX_POINT('',#7515);
#2173=VERTEX_POINT('',#7516);
#2174=VERTEX_POINT('',#7521);
#2175=VERTEX_POINT('',#7523);
#2176=VERTEX_POINT('',#7527);
#2177=VERTEX_POINT('',#7538);
#2178=VERTEX_POINT('',#7539);
#2179=VERTEX_POINT('',#7541);
#2180=VERTEX_POINT('',#7543);
#2181=VERTEX_POINT('',#7547);
#2182=VERTEX_POINT('',#7549);
#2183=VERTEX_POINT('',#7553);
#2184=VERTEX_POINT('',#7557);
#2185=VERTEX_POINT('',#7563);
#2186=VERTEX_POINT('',#7565);
#2187=VERTEX_POINT('',#7569);
#2188=VERTEX_POINT('',#7573);
#2189=VERTEX_POINT('',#7574);
#2190=VERTEX_POINT('',#7579);
#2191=VERTEX_POINT('',#7581);
#2192=VERTEX_POINT('',#7586);
#2193=VERTEX_POINT('',#7594);
#2194=VERTEX_POINT('',#7595);
#2195=VERTEX_POINT('',#7597);
#2196=VERTEX_POINT('',#7599);
#2197=VERTEX_POINT('',#7609);
#2198=VERTEX_POINT('',#7613);
#2199=VERTEX_POINT('',#7614);
#2200=VERTEX_POINT('',#7619);
#2201=VERTEX_POINT('',#7623);
#2202=VERTEX_POINT('',#7634);
#2203=VERTEX_POINT('',#7635);
#2204=VERTEX_POINT('',#7640);
#2205=VERTEX_POINT('',#7644);
#2206=VERTEX_POINT('',#7661);
#2207=VERTEX_POINT('',#7663);
#2208=VERTEX_POINT('',#7667);
#2209=VERTEX_POINT('',#7671);
#2210=VERTEX_POINT('',#7677);
#2211=VERTEX_POINT('',#7679);
#2212=VERTEX_POINT('',#7683);
#2213=VERTEX_POINT('',#7687);
#2214=VERTEX_POINT('',#7689);
#2215=VERTEX_POINT('',#7693);
#2216=VERTEX_POINT('',#7697);
#2217=VERTEX_POINT('',#7703);
#2218=VERTEX_POINT('',#7705);
#2219=VERTEX_POINT('',#7709);
#2220=VERTEX_POINT('',#7713);
#2221=VERTEX_POINT('',#7715);
#2222=VERTEX_POINT('',#7719);
#2223=VERTEX_POINT('',#7723);
#2224=VERTEX_POINT('',#7729);
#2225=VERTEX_POINT('',#7731);
#2226=VERTEX_POINT('',#7735);
#2227=VERTEX_POINT('',#7739);
#2228=VERTEX_POINT('',#7743);
#2229=VERTEX_POINT('',#7750);
#2230=VERTEX_POINT('',#7757);
#2231=EDGE_CURVE('',#1841,#1842,#833,.T.);
#2232=EDGE_CURVE('',#1841,#1843,#834,.T.);
#2233=EDGE_CURVE('',#1844,#1843,#835,.T.);
#2234=EDGE_CURVE('',#1842,#1844,#836,.T.);
#2235=EDGE_CURVE('',#1842,#1845,#837,.T.);
#2236=EDGE_CURVE('',#1846,#1844,#838,.T.);
#2237=EDGE_CURVE('',#1845,#1846,#839,.T.);
#2238=EDGE_CURVE('',#1845,#1847,#840,.T.);
#2239=EDGE_CURVE('',#1848,#1846,#841,.T.);
#2240=EDGE_CURVE('',#1847,#1848,#842,.T.);
#2241=EDGE_CURVE('',#1847,#1841,#843,.T.);
#2242=EDGE_CURVE('',#1843,#1848,#844,.T.);
#2243=EDGE_CURVE('',#1849,#1850,#845,.F.);
#2244=EDGE_CURVE('',#1850,#1851,#846,.T.);
#2245=EDGE_CURVE('',#1851,#1852,#847,.F.);
#2246=EDGE_CURVE('',#1852,#1849,#848,.T.);
#2247=EDGE_CURVE('',#1850,#1853,#849,.F.);
#2248=EDGE_CURVE('',#1853,#1854,#850,.T.);
#2249=EDGE_CURVE('',#1855,#1854,#257,.F.);
#2250=EDGE_CURVE('',#1855,#1856,#851,.T.);
#2251=EDGE_CURVE('',#1856,#1857,#258,.T.);
#2252=EDGE_CURVE('',#1857,#1851,#852,.T.);
#2253=EDGE_CURVE('',#1858,#1859,#259,.T.);
#2254=EDGE_CURVE('',#1859,#1860,#853,.T.);
#2255=EDGE_CURVE('',#1860,#1861,#100,.T.);
#2256=EDGE_CURVE('',#1861,#1858,#854,.T.);
#2257=EDGE_CURVE('',#1862,#1863,#84,.F.);
#2258=EDGE_CURVE('',#1863,#1861,#101,.T.);
#2259=EDGE_CURVE('',#1860,#1862,#102,.T.);
#2260=EDGE_CURVE('',#1864,#1860,#855,.T.);
#2261=EDGE_CURVE('',#1864,#1865,#36,.T.);
#2262=EDGE_CURVE('',#1866,#1865,#103,.T.);
#2263=EDGE_CURVE('',#1862,#1866,#37,.F.);
#2264=EDGE_CURVE('',#1864,#1859,#856,.F.);
#2265=EDGE_CURVE('',#1867,#1858,#857,.T.);
#2266=EDGE_CURVE('',#1868,#1867,#260,.T.);
#2267=EDGE_CURVE('',#1869,#1868,#858,.T.);
#2268=EDGE_CURVE('',#1869,#1870,#38,.T.);
#2269=EDGE_CURVE('',#1871,#1870,#85,.T.);
#2270=EDGE_CURVE('',#1871,#1872,#859,.T.);
#2271=EDGE_CURVE('',#1865,#1872,#86,.T.);
#2272=EDGE_CURVE('',#1873,#1874,#104,.T.);
#2273=EDGE_CURVE('',#1874,#1875,#105,.T.);
#2274=EDGE_CURVE('',#1875,#1876,#87,.F.);
#2275=EDGE_CURVE('',#1876,#1873,#106,.T.);
#2276=EDGE_CURVE('',#1867,#1874,#860,.T.);
#2277=EDGE_CURVE('',#1873,#1868,#861,.T.);
#2278=EDGE_CURVE('',#1869,#1873,#862,.T.);
#2279=EDGE_CURVE('',#1877,#1876,#39,.F.);
#2280=EDGE_CURVE('',#1870,#1877,#107,.T.);
#2281=EDGE_CURVE('',#1878,#1879,#108,.T.);
#2282=EDGE_CURVE('',#1879,#1880,#109,.T.);
#2283=EDGE_CURVE('',#1880,#1881,#88,.F.);
#2284=EDGE_CURVE('',#1881,#1878,#110,.T.);
#2285=EDGE_CURVE('',#1882,#1854,#89,.T.);
#2286=EDGE_CURVE('',#1882,#1879,#863,.T.);
#2287=EDGE_CURVE('',#1878,#1855,#864,.T.);
#2288=EDGE_CURVE('',#1883,#1878,#865,.T.);
#2289=EDGE_CURVE('',#1856,#1883,#866,.T.);
#2290=EDGE_CURVE('',#1881,#1884,#40,.T.);
#2291=EDGE_CURVE('',#1883,#1884,#111,.T.);
#2292=EDGE_CURVE('',#1866,#1885,#90,.T.);
#2293=EDGE_CURVE('',#1872,#1885,#112,.T.);
#2294=EDGE_CURVE('',#1885,#1886,#867,.F.);
#2295=EDGE_CURVE('',#1886,#1887,#868,.T.);
#2296=EDGE_CURVE('',#1887,#1888,#869,.T.);
#2297=EDGE_CURVE('',#1888,#1889,#870,.T.);
#2298=EDGE_CURVE('',#1889,#1890,#871,.T.);
#2299=EDGE_CURVE('',#1890,#1891,#113,.T.);
#2300=EDGE_CURVE('',#1891,#1892,#872,.T.);
#2301=EDGE_CURVE('',#1892,#1893,#114,.T.);
#2302=EDGE_CURVE('',#1894,#1893,#873,.F.);
#2303=EDGE_CURVE('',#1894,#1895,#115,.T.);
#2304=EDGE_CURVE('',#1895,#1896,#874,.T.);
#2305=EDGE_CURVE('',#1896,#1897,#116,.T.);
#2306=EDGE_CURVE('',#1897,#1898,#875,.F.);
#2307=EDGE_CURVE('',#1898,#1877,#91,.T.);
#2308=EDGE_CURVE('',#1875,#1863,#876,.T.);
#2309=EDGE_CURVE('',#1898,#1871,#117,.T.);
#2310=EDGE_CURVE('',#1897,#1899,#877,.T.);
#2311=EDGE_CURVE('',#1900,#1899,#878,.T.);
#2312=EDGE_CURVE('',#1900,#1901,#879,.F.);
#2313=EDGE_CURVE('',#1902,#1901,#880,.T.);
#2314=EDGE_CURVE('',#1903,#1902,#118,.T.);
#2315=EDGE_CURVE('',#1903,#1904,#881,.F.);
#2316=EDGE_CURVE('',#1904,#1905,#119,.F.);
#2317=EDGE_CURVE('',#1905,#1886,#882,.F.);
#2318=EDGE_CURVE('',#1903,#1906,#92,.T.);
#2319=EDGE_CURVE('',#1902,#1883,#120,.T.);
#2320=EDGE_CURVE('',#1906,#1884,#93,.T.);
#2321=EDGE_CURVE('',#1857,#1901,#261,.T.);
#2322=EDGE_CURVE('',#1907,#1906,#883,.F.);
#2323=EDGE_CURVE('',#1904,#1907,#884,.T.);
#2324=EDGE_CURVE('',#1908,#1880,#885,.F.);
#2325=EDGE_CURVE('',#1908,#1909,#886,.T.);
#2326=EDGE_CURVE('',#1909,#1910,#887,.F.);
#2327=EDGE_CURVE('',#1910,#1907,#888,.T.);
#2328=EDGE_CURVE('',#1911,#1912,#889,.T.);
#2329=EDGE_CURVE('',#1913,#1911,#890,.T.);
#2330=EDGE_CURVE('',#1914,#1913,#121,.T.);
#2331=EDGE_CURVE('',#1912,#1914,#891,.T.);
#2332=EDGE_CURVE('',#1915,#1916,#892,.T.);
#2333=EDGE_CURVE('',#1917,#1915,#893,.T.);
#2334=EDGE_CURVE('',#1918,#1917,#894,.T.);
#2335=EDGE_CURVE('',#1916,#1918,#895,.T.);
#2336=EDGE_CURVE('',#1916,#1919,#122,.T.);
#2337=EDGE_CURVE('',#1920,#1918,#123,.T.);
#2338=EDGE_CURVE('',#1920,#1919,#896,.T.);
#2339=EDGE_CURVE('',#1921,#1922,#897,.T.);
#2340=EDGE_CURVE('',#1923,#1921,#898,.T.);
#2341=EDGE_CURVE('',#1922,#1923,#899,.T.);
#2342=EDGE_CURVE('',#1924,#1925,#900,.T.);
#2343=EDGE_CURVE('',#1926,#1924,#124,.T.);
#2344=EDGE_CURVE('',#1927,#1926,#901,.T.);
#2345=EDGE_CURVE('',#1925,#1927,#902,.T.);
#2346=EDGE_CURVE('',#1928,#1929,#903,.T.);
#2347=EDGE_CURVE('',#1930,#1928,#125,.T.);
#2348=EDGE_CURVE('',#1931,#1930,#904,.T.);
#2349=EDGE_CURVE('',#1929,#1931,#905,.T.);
#2350=EDGE_CURVE('',#1932,#1933,#906,.T.);
#2351=EDGE_CURVE('',#1933,#1922,#907,.T.);
#2352=EDGE_CURVE('',#1923,#1932,#908,.T.);
#2353=EDGE_CURVE('',#1919,#1934,#909,.T.);
#2354=EDGE_CURVE('',#1922,#1920,#910,.T.);
#2355=EDGE_CURVE('',#1935,#1933,#911,.T.);
#2356=EDGE_CURVE('',#1934,#1935,#912,.T.);
#2357=EDGE_CURVE('',#1936,#1923,#913,.T.);
#2358=EDGE_CURVE('',#1937,#1936,#126,.T.);
#2359=EDGE_CURVE('',#1938,#1937,#914,.T.);
#2360=EDGE_CURVE('',#1939,#1938,#127,.T.);
#2361=EDGE_CURVE('',#1940,#1939,#915,.T.);
#2362=EDGE_CURVE('',#1941,#1940,#128,.T.);
#2363=EDGE_CURVE('',#1942,#1941,#916,.T.);
#2364=EDGE_CURVE('',#1943,#1942,#129,.T.);
#2365=EDGE_CURVE('',#1932,#1943,#917,.T.);
#2366=EDGE_CURVE('',#1944,#1945,#918,.T.);
#2367=EDGE_CURVE('',#1946,#1944,#919,.T.);
#2368=EDGE_CURVE('',#1947,#1946,#920,.T.);
#2369=EDGE_CURVE('',#1947,#1945,#921,.T.);
#2370=EDGE_CURVE('',#1945,#1948,#130,.T.);
#2371=EDGE_CURVE('',#1934,#1948,#262,.F.);
#2372=EDGE_CURVE('',#1944,#1935,#131,.T.);
#2373=EDGE_CURVE('',#1948,#1949,#922,.T.);
#2374=EDGE_CURVE('',#1949,#1919,#923,.T.);
#2375=EDGE_CURVE('',#1950,#1916,#924,.T.);
#2376=EDGE_CURVE('',#1949,#1950,#132,.T.);
#2377=EDGE_CURVE('',#1950,#1951,#925,.T.);
#2378=EDGE_CURVE('',#1951,#1915,#926,.T.);
#2379=EDGE_CURVE('',#1952,#1953,#927,.T.);
#2380=EDGE_CURVE('',#1953,#1915,#133,.T.);
#2381=EDGE_CURVE('',#1951,#1952,#134,.T.);
#2382=EDGE_CURVE('',#1953,#1954,#928,.T.);
#2383=EDGE_CURVE('',#1917,#1954,#135,.T.);
#2384=EDGE_CURVE('',#1952,#1955,#929,.T.);
#2385=EDGE_CURVE('',#1955,#1956,#930,.T.);
#2386=EDGE_CURVE('',#1956,#1953,#931,.T.);
#2387=EDGE_CURVE('',#1887,#1957,#932,.T.);
#2388=EDGE_CURVE('',#1957,#1958,#933,.T.);
#2389=EDGE_CURVE('',#1958,#1888,#934,.T.);
#2390=EDGE_CURVE('',#1959,#1960,#136,.T.);
#2391=EDGE_CURVE('',#1959,#1914,#935,.T.);
#2392=EDGE_CURVE('',#1960,#1913,#936,.T.);
#2393=EDGE_CURVE('',#1961,#1959,#937,.T.);
#2394=EDGE_CURVE('',#1961,#1912,#938,.T.);
#2395=EDGE_CURVE('',#1962,#1961,#939,.T.);
#2396=EDGE_CURVE('',#1962,#1911,#940,.T.);
#2397=EDGE_CURVE('',#1960,#1962,#941,.T.);
#2398=EDGE_CURVE('',#1963,#1917,#942,.T.);
#2399=EDGE_CURVE('',#1964,#1954,#943,.T.);
#2400=EDGE_CURVE('',#1964,#1963,#137,.T.);
#2401=EDGE_CURVE('',#1965,#1918,#944,.T.);
#2402=EDGE_CURVE('',#1963,#1965,#945,.T.);
#2403=EDGE_CURVE('',#1966,#1920,#946,.T.);
#2404=EDGE_CURVE('',#1965,#1966,#138,.T.);
#2405=EDGE_CURVE('',#1966,#1921,#947,.T.);
#2406=EDGE_CURVE('',#1936,#1967,#948,.T.);
#2407=EDGE_CURVE('',#1921,#1967,#949,.T.);
#2408=EDGE_CURVE('',#1968,#1925,#950,.T.);
#2409=EDGE_CURVE('',#1969,#1968,#951,.T.);
#2410=EDGE_CURVE('',#1969,#1924,#952,.T.);
#2411=EDGE_CURVE('',#1970,#1969,#139,.T.);
#2412=EDGE_CURVE('',#1970,#1926,#953,.T.);
#2413=EDGE_CURVE('',#1971,#1970,#954,.T.);
#2414=EDGE_CURVE('',#1971,#1927,#955,.T.);
#2415=EDGE_CURVE('',#1968,#1971,#956,.T.);
#2416=EDGE_CURVE('',#1972,#1929,#957,.T.);
#2417=EDGE_CURVE('',#1973,#1972,#958,.T.);
#2418=EDGE_CURVE('',#1973,#1928,#959,.T.);
#2419=EDGE_CURVE('',#1974,#1973,#140,.T.);
#2420=EDGE_CURVE('',#1974,#1930,#960,.T.);
#2421=EDGE_CURVE('',#1975,#1974,#961,.T.);
#2422=EDGE_CURVE('',#1975,#1931,#962,.T.);
#2423=EDGE_CURVE('',#1972,#1975,#963,.T.);
#2424=EDGE_CURVE('',#1967,#1976,#141,.T.);
#2425=EDGE_CURVE('',#1937,#1976,#964,.T.);
#2426=EDGE_CURVE('',#1976,#1977,#965,.T.);
#2427=EDGE_CURVE('',#1938,#1977,#966,.T.);
#2428=EDGE_CURVE('',#1977,#1978,#142,.T.);
#2429=EDGE_CURVE('',#1939,#1978,#967,.T.);
#2430=EDGE_CURVE('',#1940,#1979,#968,.T.);
#2431=EDGE_CURVE('',#1978,#1979,#969,.T.);
#2432=EDGE_CURVE('',#1979,#1980,#143,.T.);
#2433=EDGE_CURVE('',#1941,#1980,#970,.T.);
#2434=EDGE_CURVE('',#1980,#1981,#971,.T.);
#2435=EDGE_CURVE('',#1942,#1981,#972,.T.);
#2436=EDGE_CURVE('',#1981,#1982,#144,.T.);
#2437=EDGE_CURVE('',#1943,#1982,#973,.T.);
#2438=EDGE_CURVE('',#1983,#1932,#974,.T.);
#2439=EDGE_CURVE('',#1983,#1984,#975,.T.);
#2440=EDGE_CURVE('',#1935,#1984,#976,.T.);
#2441=EDGE_CURVE('',#1944,#1985,#977,.T.);
#2442=EDGE_CURVE('',#1984,#1985,#145,.T.);
#2443=EDGE_CURVE('',#1985,#1986,#978,.T.);
#2444=EDGE_CURVE('',#1946,#1986,#979,.T.);
#2445=EDGE_CURVE('',#1982,#1983,#980,.T.);
#2446=EDGE_CURVE('',#1987,#1988,#981,.T.);
#2447=EDGE_CURVE('',#1987,#1946,#146,.T.);
#2448=EDGE_CURVE('',#1986,#1988,#147,.T.);
#2449=EDGE_CURVE('',#1989,#1990,#41,.F.);
#2450=EDGE_CURVE('',#1990,#1956,#148,.T.);
#2451=EDGE_CURVE('',#1955,#1989,#149,.T.);
#2452=EDGE_CURVE('',#1991,#1947,#150,.T.);
#2453=EDGE_CURVE('',#1987,#1991,#982,.T.);
#2454=EDGE_CURVE('',#1989,#1991,#983,.T.);
#2455=EDGE_CURVE('',#1992,#1993,#984,.F.);
#2456=EDGE_CURVE('',#1993,#1964,#985,.T.);
#2457=EDGE_CURVE('',#1954,#1992,#986,.T.);
#2458=EDGE_CURVE('',#1990,#1994,#987,.T.);
#2459=EDGE_CURVE('',#1994,#1995,#263,.T.);
#2460=EDGE_CURVE('',#1995,#1956,#988,.T.);
#2461=EDGE_CURVE('',#1992,#1995,#989,.T.);
#2462=EDGE_CURVE('',#1910,#1996,#990,.T.);
#2463=EDGE_CURVE('',#1997,#1996,#151,.T.);
#2464=EDGE_CURVE('',#1958,#1997,#991,.T.);
#2465=EDGE_CURVE('',#1910,#1958,#152,.T.);
#2466=EDGE_CURVE('',#1889,#1997,#992,.T.);
#2467=EDGE_CURVE('',#1905,#1957,#993,.T.);
#2468=EDGE_CURVE('',#1957,#1907,#153,.T.);
#2469=EDGE_CURVE('',#1909,#1998,#994,.T.);
#2470=EDGE_CURVE('',#1996,#1998,#995,.T.);
#2471=EDGE_CURVE('',#1853,#1999,#996,.T.);
#2472=EDGE_CURVE('',#1998,#1999,#154,.T.);
#2473=EDGE_CURVE('',#1853,#1909,#155,.F.);
#2474=EDGE_CURVE('',#2000,#1993,#997,.T.);
#2475=EDGE_CURVE('',#2000,#2001,#998,.T.);
#2476=EDGE_CURVE('',#1967,#2001,#999,.T.);
#2477=EDGE_CURVE('',#2001,#2002,#156,.T.);
#2478=EDGE_CURVE('',#2002,#1976,#1000,.T.);
#2479=EDGE_CURVE('',#2002,#2003,#1001,.T.);
#2480=EDGE_CURVE('',#1977,#2003,#1002,.T.);
#2481=EDGE_CURVE('',#2003,#2004,#157,.T.);
#2482=EDGE_CURVE('',#2004,#1978,#1003,.T.);
#2483=EDGE_CURVE('',#2004,#2005,#1004,.T.);
#2484=EDGE_CURVE('',#1979,#2005,#1005,.T.);
#2485=EDGE_CURVE('',#2005,#2006,#158,.T.);
#2486=EDGE_CURVE('',#2006,#1980,#1006,.T.);
#2487=EDGE_CURVE('',#2006,#2007,#1007,.T.);
#2488=EDGE_CURVE('',#1981,#2007,#1008,.T.);
#2489=EDGE_CURVE('',#2007,#2008,#159,.T.);
#2490=EDGE_CURVE('',#2008,#1982,#1009,.T.);
#2491=EDGE_CURVE('',#2008,#2009,#1010,.T.);
#2492=EDGE_CURVE('',#1988,#2009,#1011,.T.);
#2493=EDGE_CURVE('',#2009,#2010,#1012,.T.);
#2494=EDGE_CURVE('',#2010,#1987,#1013,.T.);
#2495=EDGE_CURVE('',#2011,#2010,#1014,.T.);
#2496=EDGE_CURVE('',#1994,#2011,#1015,.T.);
#2497=EDGE_CURVE('',#2011,#2000,#1016,.T.);
#2498=EDGE_CURVE('',#1999,#2012,#1017,.T.);
#2499=EDGE_CURVE('',#2013,#2012,#1018,.T.);
#2500=EDGE_CURVE('',#2013,#1890,#1019,.T.);
#2501=EDGE_CURVE('',#2014,#2013,#160,.T.);
#2502=EDGE_CURVE('',#1891,#2014,#1020,.T.);
#2503=EDGE_CURVE('',#2015,#1892,#1021,.T.);
#2504=EDGE_CURVE('',#2015,#2014,#1022,.T.);
#2505=EDGE_CURVE('',#2016,#2015,#161,.T.);
#2506=EDGE_CURVE('',#1893,#2016,#1023,.T.);
#2507=EDGE_CURVE('',#2017,#1894,#1024,.T.);
#2508=EDGE_CURVE('',#2017,#2016,#1025,.T.);
#2509=EDGE_CURVE('',#2018,#2017,#162,.T.);
#2510=EDGE_CURVE('',#1895,#2018,#1026,.T.);
#2511=EDGE_CURVE('',#2019,#1896,#1027,.T.);
#2512=EDGE_CURVE('',#2019,#2018,#1028,.T.);
#2513=EDGE_CURVE('',#1899,#2019,#163,.T.);
#2514=EDGE_CURVE('',#1882,#1908,#164,.F.);
#2515=EDGE_CURVE('',#2012,#1849,#1029,.T.);
#2516=EDGE_CURVE('',#1852,#1900,#1030,.T.);
#2517=EDGE_CURVE('',#2020,#2021,#1031,.T.);
#2518=EDGE_CURVE('',#2021,#2022,#1032,.T.);
#2519=EDGE_CURVE('',#2022,#2023,#1033,.T.);
#2520=EDGE_CURVE('',#2023,#2024,#1034,.T.);
#2521=EDGE_CURVE('',#2024,#2020,#1035,.T.);
#2522=EDGE_CURVE('',#2025,#2023,#1036,.T.);
#2523=EDGE_CURVE('',#2026,#2025,#1037,.T.);
#2524=EDGE_CURVE('',#2024,#2026,#1038,.T.);
#2525=EDGE_CURVE('',#2025,#2027,#1039,.T.);
#2526=EDGE_CURVE('',#2028,#2025,#1040,.T.);
#2527=EDGE_CURVE('',#2027,#2028,#1041,.T.);
#2528=EDGE_CURVE('',#2023,#2029,#1042,.F.);
#2529=EDGE_CURVE('',#2029,#2028,#1043,.T.);
#2530=EDGE_CURVE('',#2030,#2031,#1044,.F.);
#2531=EDGE_CURVE('',#2031,#2027,#1045,.T.);
#2532=EDGE_CURVE('',#2028,#2030,#1046,.T.);
#2533=EDGE_CURVE('',#2032,#2033,#1047,.T.);
#2534=EDGE_CURVE('',#2026,#2032,#1048,.T.);
#2535=EDGE_CURVE('',#2033,#2026,#1049,.T.);
#2536=EDGE_CURVE('',#2020,#2034,#1050,.T.);
#2537=EDGE_CURVE('',#2032,#2034,#1051,.T.);
#2538=EDGE_CURVE('',#2027,#2033,#1052,.T.);
#2539=EDGE_CURVE('',#2035,#2036,#1053,.T.);
#2540=EDGE_CURVE('',#2037,#2035,#1054,.T.);
#2541=EDGE_CURVE('',#2036,#2037,#1055,.T.);
#2542=EDGE_CURVE('',#2033,#2037,#1056,.T.);
#2543=EDGE_CURVE('',#2035,#2032,#1057,.T.);
#2544=EDGE_CURVE('',#2038,#2039,#1058,.T.);
#2545=EDGE_CURVE('',#2039,#2036,#1059,.T.);
#2546=EDGE_CURVE('',#2037,#2038,#1060,.T.);
#2547=EDGE_CURVE('',#2040,#2041,#1061,.T.);
#2548=EDGE_CURVE('',#2041,#2039,#165,.T.);
#2549=EDGE_CURVE('',#2038,#2040,#166,.T.);
#2550=EDGE_CURVE('',#2042,#2043,#1062,.T.);
#2551=EDGE_CURVE('',#2043,#2041,#1063,.T.);
#2552=EDGE_CURVE('',#2040,#2042,#1064,.T.);
#2553=EDGE_CURVE('',#2044,#2045,#1065,.T.);
#2554=EDGE_CURVE('',#2046,#2044,#1066,.T.);
#2555=EDGE_CURVE('',#2045,#2046,#1067,.T.);
#2556=EDGE_CURVE('',#2047,#2048,#1068,.T.);
#2557=EDGE_CURVE('',#2048,#2046,#1069,.T.);
#2558=EDGE_CURVE('',#2044,#2047,#1070,.T.);
#2559=EDGE_CURVE('',#2047,#2049,#167,.T.);
#2560=EDGE_CURVE('',#2049,#2050,#1071,.T.);
#2561=EDGE_CURVE('',#2050,#2048,#168,.T.);
#2562=EDGE_CURVE('',#2051,#2052,#1072,.T.);
#2563=EDGE_CURVE('',#2052,#2050,#1073,.T.);
#2564=EDGE_CURVE('',#2049,#2051,#1074,.T.);
#2565=EDGE_CURVE('',#2053,#2054,#1075,.T.);
#2566=EDGE_CURVE('',#2054,#2045,#1076,.T.);
#2567=EDGE_CURVE('',#2046,#2053,#1077,.T.);
#2568=EDGE_CURVE('',#2036,#2044,#1078,.T.);
#2569=EDGE_CURVE('',#2045,#2035,#1079,.T.);
#2570=EDGE_CURVE('',#2042,#2031,#1080,.T.);
#2571=EDGE_CURVE('',#2055,#2029,#1081,.T.);
#2572=EDGE_CURVE('',#2055,#2056,#1082,.T.);
#2573=EDGE_CURVE('',#2056,#2030,#1083,.T.);
#2574=EDGE_CURVE('',#2034,#2057,#1084,.T.);
#2575=EDGE_CURVE('',#2058,#2054,#1085,.T.);
#2576=EDGE_CURVE('',#2059,#2058,#1086,.T.);
#2577=EDGE_CURVE('',#2059,#2060,#1087,.T.);
#2578=EDGE_CURVE('',#2060,#2061,#1088,.T.);
#2579=EDGE_CURVE('',#2061,#2057,#1089,.T.);
#2580=EDGE_CURVE('',#2062,#2056,#1090,.T.);
#2581=EDGE_CURVE('',#2056,#2063,#1091,.F.);
#2582=EDGE_CURVE('',#2063,#2064,#1092,.T.);
#2583=EDGE_CURVE('',#2064,#2062,#1093,.T.);
#2584=EDGE_CURVE('',#2065,#2066,#1094,.F.);
#2585=EDGE_CURVE('',#2066,#2067,#1095,.T.);
#2586=EDGE_CURVE('',#2067,#2068,#1096,.T.);
#2587=EDGE_CURVE('',#2068,#2065,#1097,.T.);
#2588=EDGE_CURVE('',#2067,#2069,#169,.T.);
#2589=EDGE_CURVE('',#2069,#2070,#1098,.T.);
#2590=EDGE_CURVE('',#2070,#2068,#170,.T.);
#2591=EDGE_CURVE('',#2064,#2070,#1099,.T.);
#2592=EDGE_CURVE('',#2069,#2062,#1100,.T.);
#2593=EDGE_CURVE('',#2062,#2043,#1101,.T.);
#2594=EDGE_CURVE('',#2030,#2043,#1102,.T.);
#2595=EDGE_CURVE('',#2041,#2069,#1103,.T.);
#2596=EDGE_CURVE('',#2067,#2039,#1104,.T.);
#2597=EDGE_CURVE('',#2066,#2071,#1105,.T.);
#2598=EDGE_CURVE('',#2072,#2071,#1106,.T.);
#2599=EDGE_CURVE('',#2047,#2072,#1107,.T.);
#2600=EDGE_CURVE('',#2071,#2073,#1108,.F.);
#2601=EDGE_CURVE('',#2073,#2074,#1109,.T.);
#2602=EDGE_CURVE('',#2074,#2072,#1110,.T.);
#2603=EDGE_CURVE('',#2075,#2076,#1111,.T.);
#2604=EDGE_CURVE('',#2076,#2072,#171,.T.);
#2605=EDGE_CURVE('',#2074,#2075,#172,.T.);
#2606=EDGE_CURVE('',#2077,#2076,#1112,.T.);
#2607=EDGE_CURVE('',#2075,#2078,#1113,.T.);
#2608=EDGE_CURVE('',#2078,#2077,#1114,.T.);
#2609=EDGE_CURVE('',#2078,#2079,#1115,.T.);
#2610=EDGE_CURVE('',#2079,#2080,#1116,.T.);
#2611=EDGE_CURVE('',#2080,#2077,#1117,.T.);
#2612=EDGE_CURVE('',#2081,#2082,#1118,.T.);
#2613=EDGE_CURVE('',#2082,#2080,#173,.T.);
#2614=EDGE_CURVE('',#2079,#2081,#174,.T.);
#2615=EDGE_CURVE('',#2081,#2083,#1119,.T.);
#2616=EDGE_CURVE('',#2083,#2084,#1120,.T.);
#2617=EDGE_CURVE('',#2084,#2082,#1121,.T.);
#2618=EDGE_CURVE('',#2085,#2086,#1122,.T.);
#2619=EDGE_CURVE('',#2086,#2084,#175,.T.);
#2620=EDGE_CURVE('',#2083,#2085,#176,.T.);
#2621=EDGE_CURVE('',#2087,#2088,#1123,.T.);
#2622=EDGE_CURVE('',#2088,#2086,#1124,.T.);
#2623=EDGE_CURVE('',#2085,#2087,#1125,.T.);
#2624=EDGE_CURVE('',#2089,#2090,#1126,.T.);
#2625=EDGE_CURVE('',#2090,#2088,#177,.T.);
#2626=EDGE_CURVE('',#2087,#2089,#178,.T.);
#2627=EDGE_CURVE('',#2091,#2092,#1127,.F.);
#2628=EDGE_CURVE('',#2092,#2090,#1128,.T.);
#2629=EDGE_CURVE('',#2089,#2091,#1129,.T.);
#2630=EDGE_CURVE('',#2076,#2049,#1130,.T.);
#2631=EDGE_CURVE('',#2077,#2051,#1131,.T.);
#2632=EDGE_CURVE('',#2093,#2080,#1132,.T.);
#2633=EDGE_CURVE('',#2051,#2093,#1133,.T.);
#2634=EDGE_CURVE('',#2082,#2094,#1134,.T.);
#2635=EDGE_CURVE('',#2093,#2094,#179,.T.);
#2636=EDGE_CURVE('',#2095,#2084,#1135,.T.);
#2637=EDGE_CURVE('',#2094,#2095,#1136,.T.);
#2638=EDGE_CURVE('',#2086,#2096,#1137,.T.);
#2639=EDGE_CURVE('',#2095,#2096,#180,.T.);
#2640=EDGE_CURVE('',#2097,#2088,#1138,.T.);
#2641=EDGE_CURVE('',#2096,#2097,#1139,.T.);
#2642=EDGE_CURVE('',#2090,#2098,#1140,.T.);
#2643=EDGE_CURVE('',#2097,#2098,#181,.T.);
#2644=EDGE_CURVE('',#2099,#2092,#1141,.T.);
#2645=EDGE_CURVE('',#2100,#2099,#1142,.T.);
#2646=EDGE_CURVE('',#2101,#2100,#1143,.T.);
#2647=EDGE_CURVE('',#2102,#2101,#1144,.T.);
#2648=EDGE_CURVE('',#2103,#2102,#1145,.T.);
#2649=EDGE_CURVE('',#2098,#2103,#1146,.T.);
#2650=EDGE_CURVE('',#2058,#2104,#1147,.T.);
#2651=EDGE_CURVE('',#2104,#2105,#1148,.T.);
#2652=EDGE_CURVE('',#2105,#2106,#1149,.T.);
#2653=EDGE_CURVE('',#2106,#2058,#1150,.T.);
#2654=EDGE_CURVE('',#2106,#2107,#1151,.T.);
#2655=EDGE_CURVE('',#2107,#2059,#1152,.F.);
#2656=EDGE_CURVE('',#2104,#2108,#182,.T.);
#2657=EDGE_CURVE('',#2108,#2109,#1153,.T.);
#2658=EDGE_CURVE('',#2109,#2105,#183,.T.);
#2659=EDGE_CURVE('',#2108,#2110,#1154,.T.);
#2660=EDGE_CURVE('',#2110,#2111,#1155,.T.);
#2661=EDGE_CURVE('',#2111,#2109,#1156,.T.);
#2662=EDGE_CURVE('',#2110,#2112,#184,.T.);
#2663=EDGE_CURVE('',#2112,#2113,#1157,.T.);
#2664=EDGE_CURVE('',#2113,#2111,#185,.T.);
#2665=EDGE_CURVE('',#2112,#2114,#1158,.T.);
#2666=EDGE_CURVE('',#2114,#2115,#1159,.T.);
#2667=EDGE_CURVE('',#2115,#2113,#1160,.T.);
#2668=EDGE_CURVE('',#2114,#2102,#186,.T.);
#2669=EDGE_CURVE('',#2102,#2116,#1161,.T.);
#2670=EDGE_CURVE('',#2116,#2115,#187,.T.);
#2671=EDGE_CURVE('',#2101,#2117,#1162,.F.);
#2672=EDGE_CURVE('',#2117,#2116,#1163,.T.);
#2673=EDGE_CURVE('',#2114,#2118,#1164,.T.);
#2674=EDGE_CURVE('',#2103,#2118,#188,.T.);
#2675=EDGE_CURVE('',#2119,#2112,#1165,.T.);
#2676=EDGE_CURVE('',#2118,#2119,#1166,.T.);
#2677=EDGE_CURVE('',#2110,#2120,#1167,.T.);
#2678=EDGE_CURVE('',#2119,#2120,#189,.T.);
#2679=EDGE_CURVE('',#2121,#2108,#1168,.T.);
#2680=EDGE_CURVE('',#2120,#2121,#1169,.T.);
#2681=EDGE_CURVE('',#2104,#2122,#1170,.T.);
#2682=EDGE_CURVE('',#2121,#2122,#190,.T.);
#2683=EDGE_CURVE('',#2122,#2054,#1171,.T.);
#2684=EDGE_CURVE('',#2123,#2055,#1172,.T.);
#2685=EDGE_CURVE('',#2022,#2123,#1173,.T.);
#2686=EDGE_CURVE('',#2057,#2124,#1174,.F.);
#2687=EDGE_CURVE('',#2124,#2021,#1175,.T.);
#2688=EDGE_CURVE('',#2093,#2125,#1176,.T.);
#2689=EDGE_CURVE('',#2125,#2052,#1177,.T.);
#2690=EDGE_CURVE('',#2094,#2126,#1178,.T.);
#2691=EDGE_CURVE('',#2126,#2125,#191,.T.);
#2692=EDGE_CURVE('',#2095,#2127,#1179,.T.);
#2693=EDGE_CURVE('',#2127,#2126,#1180,.T.);
#2694=EDGE_CURVE('',#2096,#2128,#1181,.T.);
#2695=EDGE_CURVE('',#2128,#2127,#192,.T.);
#2696=EDGE_CURVE('',#2097,#2129,#1182,.T.);
#2697=EDGE_CURVE('',#2129,#2128,#1183,.T.);
#2698=EDGE_CURVE('',#2098,#2130,#1184,.T.);
#2699=EDGE_CURVE('',#2130,#2129,#193,.T.);
#2700=EDGE_CURVE('',#2103,#2131,#1185,.T.);
#2701=EDGE_CURVE('',#2131,#2130,#1186,.T.);
#2702=EDGE_CURVE('',#2118,#2132,#1187,.T.);
#2703=EDGE_CURVE('',#2132,#2131,#194,.T.);
#2704=EDGE_CURVE('',#2119,#2133,#1188,.T.);
#2705=EDGE_CURVE('',#2133,#2132,#1189,.T.);
#2706=EDGE_CURVE('',#2120,#2134,#1190,.T.);
#2707=EDGE_CURVE('',#2134,#2133,#195,.T.);
#2708=EDGE_CURVE('',#2121,#2135,#1191,.T.);
#2709=EDGE_CURVE('',#2135,#2134,#1192,.T.);
#2710=EDGE_CURVE('',#2122,#2136,#1193,.T.);
#2711=EDGE_CURVE('',#2136,#2135,#196,.T.);
#2712=EDGE_CURVE('',#2053,#2136,#1194,.T.);
#2713=EDGE_CURVE('',#2137,#2138,#1195,.T.);
#2714=EDGE_CURVE('',#2139,#2137,#197,.T.);
#2715=EDGE_CURVE('',#2140,#2139,#1196,.T.);
#2716=EDGE_CURVE('',#2138,#2140,#1197,.T.);
#2717=EDGE_CURVE('',#2141,#2142,#1198,.T.);
#2718=EDGE_CURVE('',#2143,#2141,#1199,.T.);
#2719=EDGE_CURVE('',#2144,#2143,#198,.T.);
#2720=EDGE_CURVE('',#2142,#2144,#1200,.T.);
#2721=EDGE_CURVE('',#2145,#2146,#1201,.T.);
#2722=EDGE_CURVE('',#2147,#2145,#1202,.T.);
#2723=EDGE_CURVE('',#2148,#2147,#199,.T.);
#2724=EDGE_CURVE('',#2146,#2148,#1203,.T.);
#2725=EDGE_CURVE('',#2149,#2150,#1204,.T.);
#2726=EDGE_CURVE('',#2151,#2149,#1205,.T.);
#2727=EDGE_CURVE('',#2152,#2151,#200,.T.);
#2728=EDGE_CURVE('',#2150,#2152,#1206,.T.);
#2729=EDGE_CURVE('',#2153,#2154,#1207,.T.);
#2730=EDGE_CURVE('',#2155,#2153,#201,.T.);
#2731=EDGE_CURVE('',#2156,#2155,#1208,.T.);
#2732=EDGE_CURVE('',#2154,#2156,#1209,.T.);
#2733=EDGE_CURVE('',#2157,#2158,#1210,.T.);
#2734=EDGE_CURVE('',#2158,#2159,#1211,.T.);
#2735=EDGE_CURVE('',#2159,#2160,#1212,.T.);
#2736=EDGE_CURVE('',#2160,#2157,#1213,.T.);
#2737=EDGE_CURVE('',#2160,#2161,#1214,.T.);
#2738=EDGE_CURVE('',#2161,#2162,#1215,.T.);
#2739=EDGE_CURVE('',#2162,#2157,#1216,.T.);
#2740=EDGE_CURVE('',#2161,#2163,#202,.T.);
#2741=EDGE_CURVE('',#2163,#2164,#1217,.T.);
#2742=EDGE_CURVE('',#2164,#2162,#203,.T.);
#2743=EDGE_CURVE('',#2158,#2164,#1218,.T.);
#2744=EDGE_CURVE('',#2163,#2159,#1219,.T.);
#2745=EDGE_CURVE('',#2165,#2160,#1220,.T.);
#2746=EDGE_CURVE('',#2166,#2165,#1221,.T.);
#2747=EDGE_CURVE('',#2166,#2161,#1222,.T.);
#2748=EDGE_CURVE('',#2167,#2159,#1223,.T.);
#2749=EDGE_CURVE('',#2165,#2167,#1224,.T.);
#2750=EDGE_CURVE('',#2168,#2169,#1225,.T.);
#2751=EDGE_CURVE('',#2170,#2168,#1226,.T.);
#2752=EDGE_CURVE('',#2171,#2170,#204,.T.);
#2753=EDGE_CURVE('',#2169,#2171,#1227,.T.);
#2754=EDGE_CURVE('',#2172,#2173,#1228,.T.);
#2755=EDGE_CURVE('',#2173,#2165,#1229,.T.);
#2756=EDGE_CURVE('',#2167,#2172,#1230,.T.);
#2757=EDGE_CURVE('',#2167,#2174,#1231,.T.);
#2758=EDGE_CURVE('',#2174,#2175,#1232,.T.);
#2759=EDGE_CURVE('',#2175,#2172,#1233,.T.);
#2760=EDGE_CURVE('',#2166,#2176,#1234,.T.);
#2761=EDGE_CURVE('',#2176,#2175,#205,.T.);
#2762=EDGE_CURVE('',#2174,#2166,#206,.T.);
#2763=EDGE_CURVE('',#2173,#2176,#1235,.T.);
#2764=EDGE_CURVE('',#2174,#2163,#1236,.T.);
#2765=EDGE_CURVE('',#2061,#2099,#1237,.T.);
#2766=EDGE_CURVE('',#2060,#2100,#1238,.T.);
#2767=EDGE_CURVE('',#2177,#2178,#1239,.T.);
#2768=EDGE_CURVE('',#2179,#2177,#1240,.T.);
#2769=EDGE_CURVE('',#2180,#2179,#207,.T.);
#2770=EDGE_CURVE('',#2178,#2180,#1241,.T.);
#2771=EDGE_CURVE('',#2178,#2181,#1242,.T.);
#2772=EDGE_CURVE('',#2181,#2182,#1243,.T.);
#2773=EDGE_CURVE('',#2182,#2177,#1244,.T.);
#2774=EDGE_CURVE('',#2182,#2183,#1245,.T.);
#2775=EDGE_CURVE('',#2183,#2179,#1246,.T.);
#2776=EDGE_CURVE('',#2184,#2180,#1247,.T.);
#2777=EDGE_CURVE('',#2183,#2184,#208,.T.);
#2778=EDGE_CURVE('',#2184,#2181,#1248,.T.);
#2779=EDGE_CURVE('',#2182,#2185,#1249,.T.);
#2780=EDGE_CURVE('',#2186,#2185,#1250,.T.);
#2781=EDGE_CURVE('',#2186,#2183,#1251,.T.);
#2782=EDGE_CURVE('',#2181,#2187,#1252,.T.);
#2783=EDGE_CURVE('',#2185,#2187,#1253,.T.);
#2784=EDGE_CURVE('',#2188,#2189,#1254,.T.);
#2785=EDGE_CURVE('',#2189,#2185,#1255,.T.);
#2786=EDGE_CURVE('',#2187,#2188,#1256,.T.);
#2787=EDGE_CURVE('',#2187,#2190,#1257,.T.);
#2788=EDGE_CURVE('',#2190,#2191,#1258,.T.);
#2789=EDGE_CURVE('',#2191,#2188,#1259,.T.);
#2790=EDGE_CURVE('',#2190,#2186,#209,.T.);
#2791=EDGE_CURVE('',#2186,#2192,#1260,.T.);
#2792=EDGE_CURVE('',#2192,#2191,#210,.T.);
#2793=EDGE_CURVE('',#2189,#2192,#1261,.T.);
#2794=EDGE_CURVE('',#2184,#2190,#1262,.T.);
#2795=EDGE_CURVE('',#2193,#2194,#1263,.T.);
#2796=EDGE_CURVE('',#2195,#2193,#1264,.T.);
#2797=EDGE_CURVE('',#2196,#2195,#211,.T.);
#2798=EDGE_CURVE('',#2194,#2196,#1265,.T.);
#2799=EDGE_CURVE('',#2117,#2107,#1266,.T.);
#2800=EDGE_CURVE('',#2124,#2091,#1267,.T.);
#2801=EDGE_CURVE('',#2073,#2197,#1268,.T.);
#2802=EDGE_CURVE('',#2197,#2123,#1269,.T.);
#2803=EDGE_CURVE('',#2198,#2199,#1270,.T.);
#2804=EDGE_CURVE('',#2199,#2137,#1271,.T.);
#2805=EDGE_CURVE('',#2138,#2198,#1272,.T.);
#2806=EDGE_CURVE('',#2200,#2139,#1273,.T.);
#2807=EDGE_CURVE('',#2199,#2200,#212,.T.);
#2808=EDGE_CURVE('',#2200,#2201,#1274,.T.);
#2809=EDGE_CURVE('',#2201,#2140,#1275,.T.);
#2810=EDGE_CURVE('',#2201,#2198,#1276,.T.);
#2811=EDGE_CURVE('',#2199,#2171,#1277,.T.);
#2812=EDGE_CURVE('',#2200,#2170,#1278,.T.);
#2813=EDGE_CURVE('',#2198,#2169,#1279,.T.);
#2814=EDGE_CURVE('',#2202,#2203,#1280,.T.);
#2815=EDGE_CURVE('',#2203,#2153,#1281,.T.);
#2816=EDGE_CURVE('',#2154,#2202,#1282,.T.);
#2817=EDGE_CURVE('',#2204,#2155,#1283,.T.);
#2818=EDGE_CURVE('',#2203,#2204,#213,.T.);
#2819=EDGE_CURVE('',#2204,#2205,#1284,.T.);
#2820=EDGE_CURVE('',#2205,#2156,#1285,.T.);
#2821=EDGE_CURVE('',#2205,#2202,#1286,.T.);
#2822=EDGE_CURVE('',#2203,#2196,#1287,.T.);
#2823=EDGE_CURVE('',#2204,#2195,#1288,.T.);
#2824=EDGE_CURVE('',#2202,#2194,#1289,.T.);
#2825=EDGE_CURVE('',#2205,#2193,#1290,.T.);
#2826=EDGE_CURVE('',#2201,#2168,#1291,.T.);
#2827=EDGE_CURVE('',#2150,#2206,#1292,.T.);
#2828=EDGE_CURVE('',#2206,#2207,#1293,.T.);
#2829=EDGE_CURVE('',#2149,#2207,#1294,.T.);
#2830=EDGE_CURVE('',#2207,#2208,#1295,.T.);
#2831=EDGE_CURVE('',#2208,#2151,#1296,.T.);
#2832=EDGE_CURVE('',#2209,#2152,#1297,.T.);
#2833=EDGE_CURVE('',#2208,#2209,#214,.T.);
#2834=EDGE_CURVE('',#2209,#2206,#1298,.T.);
#2835=EDGE_CURVE('',#2207,#2210,#1299,.T.);
#2836=EDGE_CURVE('',#2210,#2211,#1300,.T.);
#2837=EDGE_CURVE('',#2208,#2211,#1301,.T.);
#2838=EDGE_CURVE('',#2206,#2212,#1302,.T.);
#2839=EDGE_CURVE('',#2212,#2210,#1303,.T.);
#2840=EDGE_CURVE('',#2142,#2213,#1304,.T.);
#2841=EDGE_CURVE('',#2213,#2214,#1305,.T.);
#2842=EDGE_CURVE('',#2141,#2214,#1306,.T.);
#2843=EDGE_CURVE('',#2214,#2215,#1307,.T.);
#2844=EDGE_CURVE('',#2215,#2143,#1308,.T.);
#2845=EDGE_CURVE('',#2216,#2144,#1309,.T.);
#2846=EDGE_CURVE('',#2215,#2216,#215,.T.);
#2847=EDGE_CURVE('',#2216,#2213,#1310,.T.);
#2848=EDGE_CURVE('',#2214,#2217,#1311,.T.);
#2849=EDGE_CURVE('',#2217,#2218,#1312,.T.);
#2850=EDGE_CURVE('',#2215,#2218,#1313,.T.);
#2851=EDGE_CURVE('',#2213,#2219,#1314,.T.);
#2852=EDGE_CURVE('',#2219,#2217,#1315,.T.);
#2853=EDGE_CURVE('',#2146,#2220,#1316,.T.);
#2854=EDGE_CURVE('',#2220,#2221,#1317,.T.);
#2855=EDGE_CURVE('',#2145,#2221,#1318,.T.);
#2856=EDGE_CURVE('',#2221,#2222,#1319,.T.);
#2857=EDGE_CURVE('',#2222,#2147,#1320,.T.);
#2858=EDGE_CURVE('',#2223,#2148,#1321,.T.);
#2859=EDGE_CURVE('',#2222,#2223,#216,.T.);
#2860=EDGE_CURVE('',#2223,#2220,#1322,.T.);
#2861=EDGE_CURVE('',#2221,#2224,#1323,.T.);
#2862=EDGE_CURVE('',#2224,#2225,#1324,.T.);
#2863=EDGE_CURVE('',#2222,#2225,#1325,.T.);
#2864=EDGE_CURVE('',#2220,#2226,#1326,.T.);
#2865=EDGE_CURVE('',#2226,#2224,#1327,.T.);
#2866=EDGE_CURVE('',#2063,#2227,#1328,.T.);
#2867=EDGE_CURVE('',#2227,#2065,#1329,.T.);
#2868=EDGE_CURVE('',#2211,#2228,#217,.T.);
#2869=EDGE_CURVE('',#2209,#2228,#1330,.T.);
#2870=EDGE_CURVE('',#2228,#2212,#1331,.T.);
#2871=EDGE_CURVE('',#2218,#2229,#218,.T.);
#2872=EDGE_CURVE('',#2216,#2229,#1332,.T.);
#2873=EDGE_CURVE('',#2229,#2219,#1333,.T.);
#2874=EDGE_CURVE('',#2225,#2230,#219,.T.);
#2875=EDGE_CURVE('',#2223,#2230,#1334,.T.);
#2876=EDGE_CURVE('',#2230,#2226,#1335,.T.);
#2877=EDGE_CURVE('',#2197,#2227,#1336,.T.);
#2878=ORIENTED_EDGE('',*,*,#2231,.F.);
#2879=ORIENTED_EDGE('',*,*,#2232,.T.);
#2880=ORIENTED_EDGE('',*,*,#2233,.F.);
#2881=ORIENTED_EDGE('',*,*,#2234,.F.);
#2882=ORIENTED_EDGE('',*,*,#2235,.F.);
#2883=ORIENTED_EDGE('',*,*,#2234,.T.);
#2884=ORIENTED_EDGE('',*,*,#2236,.F.);
#2885=ORIENTED_EDGE('',*,*,#2237,.F.);
#2886=ORIENTED_EDGE('',*,*,#2238,.F.);
#2887=ORIENTED_EDGE('',*,*,#2237,.T.);
#2888=ORIENTED_EDGE('',*,*,#2239,.F.);
#2889=ORIENTED_EDGE('',*,*,#2240,.F.);
#2890=ORIENTED_EDGE('',*,*,#2241,.F.);
#2891=ORIENTED_EDGE('',*,*,#2240,.T.);
#2892=ORIENTED_EDGE('',*,*,#2242,.F.);
#2893=ORIENTED_EDGE('',*,*,#2232,.F.);
#2894=ORIENTED_EDGE('',*,*,#2241,.T.);
#2895=ORIENTED_EDGE('',*,*,#2231,.T.);
#2896=ORIENTED_EDGE('',*,*,#2235,.T.);
#2897=ORIENTED_EDGE('',*,*,#2238,.T.);
#2898=ORIENTED_EDGE('',*,*,#2242,.T.);
#2899=ORIENTED_EDGE('',*,*,#2239,.T.);
#2900=ORIENTED_EDGE('',*,*,#2236,.T.);
#2901=ORIENTED_EDGE('',*,*,#2233,.T.);
#2902=ORIENTED_EDGE('',*,*,#2243,.T.);
#2903=ORIENTED_EDGE('',*,*,#2244,.T.);
#2904=ORIENTED_EDGE('',*,*,#2245,.T.);
#2905=ORIENTED_EDGE('',*,*,#2246,.T.);
#2906=ORIENTED_EDGE('',*,*,#2244,.F.);
#2907=ORIENTED_EDGE('',*,*,#2247,.T.);
#2908=ORIENTED_EDGE('',*,*,#2248,.T.);
#2909=ORIENTED_EDGE('',*,*,#2249,.F.);
#2910=ORIENTED_EDGE('',*,*,#2250,.T.);
#2911=ORIENTED_EDGE('',*,*,#2251,.T.);
#2912=ORIENTED_EDGE('',*,*,#2252,.T.);
#2913=ORIENTED_EDGE('',*,*,#2253,.T.);
#2914=ORIENTED_EDGE('',*,*,#2254,.T.);
#2915=ORIENTED_EDGE('',*,*,#2255,.T.);
#2916=ORIENTED_EDGE('',*,*,#2256,.T.);
#2917=ORIENTED_EDGE('',*,*,#2257,.T.);
#2918=ORIENTED_EDGE('',*,*,#2258,.T.);
#2919=ORIENTED_EDGE('',*,*,#2255,.F.);
#2920=ORIENTED_EDGE('',*,*,#2259,.T.);
#2921=ORIENTED_EDGE('',*,*,#2259,.F.);
#2922=ORIENTED_EDGE('',*,*,#2260,.F.);
#2923=ORIENTED_EDGE('',*,*,#2261,.T.);
#2924=ORIENTED_EDGE('',*,*,#2262,.F.);
#2925=ORIENTED_EDGE('',*,*,#2263,.F.);
#2926=ORIENTED_EDGE('',*,*,#2254,.F.);
#2927=ORIENTED_EDGE('',*,*,#2264,.F.);
#2928=ORIENTED_EDGE('',*,*,#2260,.T.);
#2929=ORIENTED_EDGE('',*,*,#2253,.F.);
#2930=ORIENTED_EDGE('',*,*,#2265,.F.);
#2931=ORIENTED_EDGE('',*,*,#2266,.F.);
#2932=ORIENTED_EDGE('',*,*,#2267,.F.);
#2933=ORIENTED_EDGE('',*,*,#2268,.T.);
#2934=ORIENTED_EDGE('',*,*,#2269,.F.);
#2935=ORIENTED_EDGE('',*,*,#2270,.T.);
#2936=ORIENTED_EDGE('',*,*,#2271,.F.);
#2937=ORIENTED_EDGE('',*,*,#2261,.F.);
#2938=ORIENTED_EDGE('',*,*,#2264,.T.);
#2939=ORIENTED_EDGE('',*,*,#2272,.T.);
#2940=ORIENTED_EDGE('',*,*,#2273,.T.);
#2941=ORIENTED_EDGE('',*,*,#2274,.T.);
#2942=ORIENTED_EDGE('',*,*,#2275,.T.);
#2943=ORIENTED_EDGE('',*,*,#2266,.T.);
#2944=ORIENTED_EDGE('',*,*,#2276,.T.);
#2945=ORIENTED_EDGE('',*,*,#2272,.F.);
#2946=ORIENTED_EDGE('',*,*,#2277,.T.);
#2947=ORIENTED_EDGE('',*,*,#2277,.F.);
#2948=ORIENTED_EDGE('',*,*,#2278,.F.);
#2949=ORIENTED_EDGE('',*,*,#2267,.T.);
#2950=ORIENTED_EDGE('',*,*,#2275,.F.);
#2951=ORIENTED_EDGE('',*,*,#2279,.F.);
#2952=ORIENTED_EDGE('',*,*,#2280,.F.);
#2953=ORIENTED_EDGE('',*,*,#2268,.F.);
#2954=ORIENTED_EDGE('',*,*,#2278,.T.);
#2955=ORIENTED_EDGE('',*,*,#2281,.T.);
#2956=ORIENTED_EDGE('',*,*,#2282,.T.);
#2957=ORIENTED_EDGE('',*,*,#2283,.T.);
#2958=ORIENTED_EDGE('',*,*,#2284,.T.);
#2959=ORIENTED_EDGE('',*,*,#2285,.F.);
#2960=ORIENTED_EDGE('',*,*,#2286,.T.);
#2961=ORIENTED_EDGE('',*,*,#2281,.F.);
#2962=ORIENTED_EDGE('',*,*,#2287,.T.);
#2963=ORIENTED_EDGE('',*,*,#2249,.T.);
#2964=ORIENTED_EDGE('',*,*,#2287,.F.);
#2965=ORIENTED_EDGE('',*,*,#2288,.F.);
#2966=ORIENTED_EDGE('',*,*,#2289,.F.);
#2967=ORIENTED_EDGE('',*,*,#2250,.F.);
#2968=ORIENTED_EDGE('',*,*,#2284,.F.);
#2969=ORIENTED_EDGE('',*,*,#2290,.T.);
#2970=ORIENTED_EDGE('',*,*,#2291,.F.);
#2971=ORIENTED_EDGE('',*,*,#2288,.T.);
#2972=ORIENTED_EDGE('',*,*,#2292,.F.);
#2973=ORIENTED_EDGE('',*,*,#2262,.T.);
#2974=ORIENTED_EDGE('',*,*,#2271,.T.);
#2975=ORIENTED_EDGE('',*,*,#2293,.T.);
#2976=ORIENTED_EDGE('',*,*,#2292,.T.);
#2977=ORIENTED_EDGE('',*,*,#2294,.T.);
#2978=ORIENTED_EDGE('',*,*,#2295,.T.);
#2979=ORIENTED_EDGE('',*,*,#2296,.T.);
#2980=ORIENTED_EDGE('',*,*,#2297,.T.);
#2981=ORIENTED_EDGE('',*,*,#2298,.T.);
#2982=ORIENTED_EDGE('',*,*,#2299,.T.);
#2983=ORIENTED_EDGE('',*,*,#2300,.T.);
#2984=ORIENTED_EDGE('',*,*,#2301,.T.);
#2985=ORIENTED_EDGE('',*,*,#2302,.F.);
#2986=ORIENTED_EDGE('',*,*,#2303,.T.);
#2987=ORIENTED_EDGE('',*,*,#2304,.T.);
#2988=ORIENTED_EDGE('',*,*,#2305,.T.);
#2989=ORIENTED_EDGE('',*,*,#2306,.T.);
#2990=ORIENTED_EDGE('',*,*,#2307,.T.);
#2991=ORIENTED_EDGE('',*,*,#2279,.T.);
#2992=ORIENTED_EDGE('',*,*,#2274,.F.);
#2993=ORIENTED_EDGE('',*,*,#2308,.T.);
#2994=ORIENTED_EDGE('',*,*,#2257,.F.);
#2995=ORIENTED_EDGE('',*,*,#2263,.T.);
#2996=ORIENTED_EDGE('',*,*,#2293,.F.);
#2997=ORIENTED_EDGE('',*,*,#2270,.F.);
#2998=ORIENTED_EDGE('',*,*,#2309,.F.);
#2999=ORIENTED_EDGE('',*,*,#2306,.F.);
#3000=ORIENTED_EDGE('',*,*,#2310,.T.);
#3001=ORIENTED_EDGE('',*,*,#2311,.F.);
#3002=ORIENTED_EDGE('',*,*,#2312,.T.);
#3003=ORIENTED_EDGE('',*,*,#2313,.F.);
#3004=ORIENTED_EDGE('',*,*,#2314,.F.);
#3005=ORIENTED_EDGE('',*,*,#2315,.T.);
#3006=ORIENTED_EDGE('',*,*,#2316,.T.);
#3007=ORIENTED_EDGE('',*,*,#2317,.T.);
#3008=ORIENTED_EDGE('',*,*,#2294,.F.);
#3009=ORIENTED_EDGE('',*,*,#2307,.F.);
#3010=ORIENTED_EDGE('',*,*,#2309,.T.);
#3011=ORIENTED_EDGE('',*,*,#2269,.T.);
#3012=ORIENTED_EDGE('',*,*,#2280,.T.);
#3013=ORIENTED_EDGE('',*,*,#2318,.F.);
#3014=ORIENTED_EDGE('',*,*,#2314,.T.);
#3015=ORIENTED_EDGE('',*,*,#2319,.T.);
#3016=ORIENTED_EDGE('',*,*,#2291,.T.);
#3017=ORIENTED_EDGE('',*,*,#2320,.F.);
#3018=ORIENTED_EDGE('',*,*,#2251,.F.);
#3019=ORIENTED_EDGE('',*,*,#2289,.T.);
#3020=ORIENTED_EDGE('',*,*,#2319,.F.);
#3021=ORIENTED_EDGE('',*,*,#2313,.T.);
#3022=ORIENTED_EDGE('',*,*,#2321,.F.);
#3023=ORIENTED_EDGE('',*,*,#2318,.T.);
#3024=ORIENTED_EDGE('',*,*,#2322,.F.);
#3025=ORIENTED_EDGE('',*,*,#2323,.F.);
#3026=ORIENTED_EDGE('',*,*,#2315,.F.);
#3027=ORIENTED_EDGE('',*,*,#2320,.T.);
#3028=ORIENTED_EDGE('',*,*,#2290,.F.);
#3029=ORIENTED_EDGE('',*,*,#2283,.F.);
#3030=ORIENTED_EDGE('',*,*,#2324,.F.);
#3031=ORIENTED_EDGE('',*,*,#2325,.T.);
#3032=ORIENTED_EDGE('',*,*,#2326,.T.);
#3033=ORIENTED_EDGE('',*,*,#2327,.T.);
#3034=ORIENTED_EDGE('',*,*,#2322,.T.);
#3035=ORIENTED_EDGE('',*,*,#2328,.F.);
#3036=ORIENTED_EDGE('',*,*,#2329,.F.);
#3037=ORIENTED_EDGE('',*,*,#2330,.F.);
#3038=ORIENTED_EDGE('',*,*,#2331,.F.);
#3039=ORIENTED_EDGE('',*,*,#2332,.F.);
#3040=ORIENTED_EDGE('',*,*,#2333,.F.);
#3041=ORIENTED_EDGE('',*,*,#2334,.F.);
#3042=ORIENTED_EDGE('',*,*,#2335,.F.);
#3043=ORIENTED_EDGE('',*,*,#2336,.F.);
#3044=ORIENTED_EDGE('',*,*,#2335,.T.);
#3045=ORIENTED_EDGE('',*,*,#2337,.F.);
#3046=ORIENTED_EDGE('',*,*,#2338,.T.);
#3047=ORIENTED_EDGE('',*,*,#2339,.F.);
#3048=ORIENTED_EDGE('',*,*,#2340,.F.);
#3049=ORIENTED_EDGE('',*,*,#2341,.F.);
#3050=ORIENTED_EDGE('',*,*,#2342,.F.);
#3051=ORIENTED_EDGE('',*,*,#2343,.F.);
#3052=ORIENTED_EDGE('',*,*,#2344,.F.);
#3053=ORIENTED_EDGE('',*,*,#2345,.F.);
#3054=ORIENTED_EDGE('',*,*,#2346,.F.);
#3055=ORIENTED_EDGE('',*,*,#2347,.F.);
#3056=ORIENTED_EDGE('',*,*,#2348,.F.);
#3057=ORIENTED_EDGE('',*,*,#2349,.F.);
#3058=ORIENTED_EDGE('',*,*,#2350,.T.);
#3059=ORIENTED_EDGE('',*,*,#2351,.T.);
#3060=ORIENTED_EDGE('',*,*,#2341,.T.);
#3061=ORIENTED_EDGE('',*,*,#2352,.T.);
#3062=ORIENTED_EDGE('',*,*,#2353,.F.);
#3063=ORIENTED_EDGE('',*,*,#2338,.F.);
#3064=ORIENTED_EDGE('',*,*,#2354,.F.);
#3065=ORIENTED_EDGE('',*,*,#2351,.F.);
#3066=ORIENTED_EDGE('',*,*,#2355,.F.);
#3067=ORIENTED_EDGE('',*,*,#2356,.F.);
#3068=ORIENTED_EDGE('',*,*,#2352,.F.);
#3069=ORIENTED_EDGE('',*,*,#2357,.F.);
#3070=ORIENTED_EDGE('',*,*,#2358,.F.);
#3071=ORIENTED_EDGE('',*,*,#2359,.F.);
#3072=ORIENTED_EDGE('',*,*,#2360,.F.);
#3073=ORIENTED_EDGE('',*,*,#2361,.F.);
#3074=ORIENTED_EDGE('',*,*,#2362,.F.);
#3075=ORIENTED_EDGE('',*,*,#2363,.F.);
#3076=ORIENTED_EDGE('',*,*,#2364,.F.);
#3077=ORIENTED_EDGE('',*,*,#2365,.F.);
#3078=ORIENTED_EDGE('',*,*,#2366,.F.);
#3079=ORIENTED_EDGE('',*,*,#2367,.F.);
#3080=ORIENTED_EDGE('',*,*,#2368,.F.);
#3081=ORIENTED_EDGE('',*,*,#2369,.T.);
#3082=ORIENTED_EDGE('',*,*,#2370,.T.);
#3083=ORIENTED_EDGE('',*,*,#2371,.F.);
#3084=ORIENTED_EDGE('',*,*,#2356,.T.);
#3085=ORIENTED_EDGE('',*,*,#2372,.F.);
#3086=ORIENTED_EDGE('',*,*,#2366,.T.);
#3087=ORIENTED_EDGE('',*,*,#2371,.T.);
#3088=ORIENTED_EDGE('',*,*,#2373,.T.);
#3089=ORIENTED_EDGE('',*,*,#2374,.T.);
#3090=ORIENTED_EDGE('',*,*,#2353,.T.);
#3091=ORIENTED_EDGE('',*,*,#2375,.T.);
#3092=ORIENTED_EDGE('',*,*,#2336,.T.);
#3093=ORIENTED_EDGE('',*,*,#2374,.F.);
#3094=ORIENTED_EDGE('',*,*,#2376,.T.);
#3095=ORIENTED_EDGE('',*,*,#2375,.F.);
#3096=ORIENTED_EDGE('',*,*,#2377,.T.);
#3097=ORIENTED_EDGE('',*,*,#2378,.T.);
#3098=ORIENTED_EDGE('',*,*,#2332,.T.);
#3099=ORIENTED_EDGE('',*,*,#2379,.T.);
#3100=ORIENTED_EDGE('',*,*,#2380,.T.);
#3101=ORIENTED_EDGE('',*,*,#2378,.F.);
#3102=ORIENTED_EDGE('',*,*,#2381,.T.);
#3103=ORIENTED_EDGE('',*,*,#2380,.F.);
#3104=ORIENTED_EDGE('',*,*,#2382,.T.);
#3105=ORIENTED_EDGE('',*,*,#2383,.F.);
#3106=ORIENTED_EDGE('',*,*,#2333,.T.);
#3107=ORIENTED_EDGE('',*,*,#2379,.F.);
#3108=ORIENTED_EDGE('',*,*,#2384,.T.);
#3109=ORIENTED_EDGE('',*,*,#2385,.T.);
#3110=ORIENTED_EDGE('',*,*,#2386,.T.);
#3111=ORIENTED_EDGE('',*,*,#2258,.F.);
#3112=ORIENTED_EDGE('',*,*,#2308,.F.);
#3113=ORIENTED_EDGE('',*,*,#2273,.F.);
#3114=ORIENTED_EDGE('',*,*,#2276,.F.);
#3115=ORIENTED_EDGE('',*,*,#2265,.T.);
#3116=ORIENTED_EDGE('',*,*,#2256,.F.);
#3117=ORIENTED_EDGE('',*,*,#2387,.T.);
#3118=ORIENTED_EDGE('',*,*,#2388,.T.);
#3119=ORIENTED_EDGE('',*,*,#2389,.T.);
#3120=ORIENTED_EDGE('',*,*,#2296,.F.);
#3121=ORIENTED_EDGE('',*,*,#2390,.F.);
#3122=ORIENTED_EDGE('',*,*,#2391,.T.);
#3123=ORIENTED_EDGE('',*,*,#2330,.T.);
#3124=ORIENTED_EDGE('',*,*,#2392,.F.);
#3125=ORIENTED_EDGE('',*,*,#2393,.F.);
#3126=ORIENTED_EDGE('',*,*,#2394,.T.);
#3127=ORIENTED_EDGE('',*,*,#2331,.T.);
#3128=ORIENTED_EDGE('',*,*,#2391,.F.);
#3129=ORIENTED_EDGE('',*,*,#2395,.F.);
#3130=ORIENTED_EDGE('',*,*,#2396,.T.);
#3131=ORIENTED_EDGE('',*,*,#2328,.T.);
#3132=ORIENTED_EDGE('',*,*,#2394,.F.);
#3133=ORIENTED_EDGE('',*,*,#2397,.F.);
#3134=ORIENTED_EDGE('',*,*,#2392,.T.);
#3135=ORIENTED_EDGE('',*,*,#2329,.T.);
#3136=ORIENTED_EDGE('',*,*,#2396,.F.);
#3137=ORIENTED_EDGE('',*,*,#2398,.T.);
#3138=ORIENTED_EDGE('',*,*,#2383,.T.);
#3139=ORIENTED_EDGE('',*,*,#2399,.F.);
#3140=ORIENTED_EDGE('',*,*,#2400,.T.);
#3141=ORIENTED_EDGE('',*,*,#2401,.T.);
#3142=ORIENTED_EDGE('',*,*,#2334,.T.);
#3143=ORIENTED_EDGE('',*,*,#2398,.F.);
#3144=ORIENTED_EDGE('',*,*,#2402,.T.);
#3145=ORIENTED_EDGE('',*,*,#2403,.T.);
#3146=ORIENTED_EDGE('',*,*,#2337,.T.);
#3147=ORIENTED_EDGE('',*,*,#2401,.F.);
#3148=ORIENTED_EDGE('',*,*,#2404,.T.);
#3149=ORIENTED_EDGE('',*,*,#2403,.F.);
#3150=ORIENTED_EDGE('',*,*,#2405,.T.);
#3151=ORIENTED_EDGE('',*,*,#2339,.T.);
#3152=ORIENTED_EDGE('',*,*,#2354,.T.);
#3153=ORIENTED_EDGE('',*,*,#2406,.F.);
#3154=ORIENTED_EDGE('',*,*,#2357,.T.);
#3155=ORIENTED_EDGE('',*,*,#2340,.T.);
#3156=ORIENTED_EDGE('',*,*,#2407,.T.);
#3157=ORIENTED_EDGE('',*,*,#2342,.T.);
#3158=ORIENTED_EDGE('',*,*,#2408,.F.);
#3159=ORIENTED_EDGE('',*,*,#2409,.F.);
#3160=ORIENTED_EDGE('',*,*,#2410,.T.);
#3161=ORIENTED_EDGE('',*,*,#2343,.T.);
#3162=ORIENTED_EDGE('',*,*,#2410,.F.);
#3163=ORIENTED_EDGE('',*,*,#2411,.F.);
#3164=ORIENTED_EDGE('',*,*,#2412,.T.);
#3165=ORIENTED_EDGE('',*,*,#2344,.T.);
#3166=ORIENTED_EDGE('',*,*,#2412,.F.);
#3167=ORIENTED_EDGE('',*,*,#2413,.F.);
#3168=ORIENTED_EDGE('',*,*,#2414,.T.);
#3169=ORIENTED_EDGE('',*,*,#2345,.T.);
#3170=ORIENTED_EDGE('',*,*,#2414,.F.);
#3171=ORIENTED_EDGE('',*,*,#2415,.F.);
#3172=ORIENTED_EDGE('',*,*,#2408,.T.);
#3173=ORIENTED_EDGE('',*,*,#2346,.T.);
#3174=ORIENTED_EDGE('',*,*,#2416,.F.);
#3175=ORIENTED_EDGE('',*,*,#2417,.F.);
#3176=ORIENTED_EDGE('',*,*,#2418,.T.);
#3177=ORIENTED_EDGE('',*,*,#2347,.T.);
#3178=ORIENTED_EDGE('',*,*,#2418,.F.);
#3179=ORIENTED_EDGE('',*,*,#2419,.F.);
#3180=ORIENTED_EDGE('',*,*,#2420,.T.);
#3181=ORIENTED_EDGE('',*,*,#2348,.T.);
#3182=ORIENTED_EDGE('',*,*,#2420,.F.);
#3183=ORIENTED_EDGE('',*,*,#2421,.F.);
#3184=ORIENTED_EDGE('',*,*,#2422,.T.);
#3185=ORIENTED_EDGE('',*,*,#2349,.T.);
#3186=ORIENTED_EDGE('',*,*,#2422,.F.);
#3187=ORIENTED_EDGE('',*,*,#2423,.F.);
#3188=ORIENTED_EDGE('',*,*,#2416,.T.);
#3189=ORIENTED_EDGE('',*,*,#2406,.T.);
#3190=ORIENTED_EDGE('',*,*,#2424,.T.);
#3191=ORIENTED_EDGE('',*,*,#2425,.F.);
#3192=ORIENTED_EDGE('',*,*,#2358,.T.);
#3193=ORIENTED_EDGE('',*,*,#2425,.T.);
#3194=ORIENTED_EDGE('',*,*,#2426,.T.);
#3195=ORIENTED_EDGE('',*,*,#2427,.F.);
#3196=ORIENTED_EDGE('',*,*,#2359,.T.);
#3197=ORIENTED_EDGE('',*,*,#2427,.T.);
#3198=ORIENTED_EDGE('',*,*,#2428,.T.);
#3199=ORIENTED_EDGE('',*,*,#2429,.F.);
#3200=ORIENTED_EDGE('',*,*,#2360,.T.);
#3201=ORIENTED_EDGE('',*,*,#2430,.F.);
#3202=ORIENTED_EDGE('',*,*,#2361,.T.);
#3203=ORIENTED_EDGE('',*,*,#2429,.T.);
#3204=ORIENTED_EDGE('',*,*,#2431,.T.);
#3205=ORIENTED_EDGE('',*,*,#2430,.T.);
#3206=ORIENTED_EDGE('',*,*,#2432,.T.);
#3207=ORIENTED_EDGE('',*,*,#2433,.F.);
#3208=ORIENTED_EDGE('',*,*,#2362,.T.);
#3209=ORIENTED_EDGE('',*,*,#2433,.T.);
#3210=ORIENTED_EDGE('',*,*,#2434,.T.);
#3211=ORIENTED_EDGE('',*,*,#2435,.F.);
#3212=ORIENTED_EDGE('',*,*,#2363,.T.);
#3213=ORIENTED_EDGE('',*,*,#2435,.T.);
#3214=ORIENTED_EDGE('',*,*,#2436,.T.);
#3215=ORIENTED_EDGE('',*,*,#2437,.F.);
#3216=ORIENTED_EDGE('',*,*,#2364,.T.);
#3217=ORIENTED_EDGE('',*,*,#2438,.F.);
#3218=ORIENTED_EDGE('',*,*,#2439,.T.);
#3219=ORIENTED_EDGE('',*,*,#2440,.F.);
#3220=ORIENTED_EDGE('',*,*,#2355,.T.);
#3221=ORIENTED_EDGE('',*,*,#2350,.F.);
#3222=ORIENTED_EDGE('',*,*,#2441,.F.);
#3223=ORIENTED_EDGE('',*,*,#2372,.T.);
#3224=ORIENTED_EDGE('',*,*,#2440,.T.);
#3225=ORIENTED_EDGE('',*,*,#2442,.T.);
#3226=ORIENTED_EDGE('',*,*,#2441,.T.);
#3227=ORIENTED_EDGE('',*,*,#2443,.T.);
#3228=ORIENTED_EDGE('',*,*,#2444,.F.);
#3229=ORIENTED_EDGE('',*,*,#2367,.T.);
#3230=ORIENTED_EDGE('',*,*,#2438,.T.);
#3231=ORIENTED_EDGE('',*,*,#2365,.T.);
#3232=ORIENTED_EDGE('',*,*,#2437,.T.);
#3233=ORIENTED_EDGE('',*,*,#2445,.T.);
#3234=ORIENTED_EDGE('',*,*,#2446,.F.);
#3235=ORIENTED_EDGE('',*,*,#2447,.T.);
#3236=ORIENTED_EDGE('',*,*,#2444,.T.);
#3237=ORIENTED_EDGE('',*,*,#2448,.T.);
#3238=ORIENTED_EDGE('',*,*,#2449,.T.);
#3239=ORIENTED_EDGE('',*,*,#2450,.T.);
#3240=ORIENTED_EDGE('',*,*,#2385,.F.);
#3241=ORIENTED_EDGE('',*,*,#2451,.T.);
#3242=ORIENTED_EDGE('',*,*,#2452,.T.);
#3243=ORIENTED_EDGE('',*,*,#2368,.T.);
#3244=ORIENTED_EDGE('',*,*,#2447,.F.);
#3245=ORIENTED_EDGE('',*,*,#2453,.T.);
#3246=ORIENTED_EDGE('',*,*,#2451,.F.);
#3247=ORIENTED_EDGE('',*,*,#2384,.F.);
#3248=ORIENTED_EDGE('',*,*,#2381,.F.);
#3249=ORIENTED_EDGE('',*,*,#2377,.F.);
#3250=ORIENTED_EDGE('',*,*,#2376,.F.);
#3251=ORIENTED_EDGE('',*,*,#2373,.F.);
#3252=ORIENTED_EDGE('',*,*,#2370,.F.);
#3253=ORIENTED_EDGE('',*,*,#2369,.F.);
#3254=ORIENTED_EDGE('',*,*,#2452,.F.);
#3255=ORIENTED_EDGE('',*,*,#2454,.F.);
#3256=ORIENTED_EDGE('',*,*,#2455,.T.);
#3257=ORIENTED_EDGE('',*,*,#2456,.T.);
#3258=ORIENTED_EDGE('',*,*,#2399,.T.);
#3259=ORIENTED_EDGE('',*,*,#2457,.T.);
#3260=ORIENTED_EDGE('',*,*,#2450,.F.);
#3261=ORIENTED_EDGE('',*,*,#2458,.T.);
#3262=ORIENTED_EDGE('',*,*,#2459,.T.);
#3263=ORIENTED_EDGE('',*,*,#2460,.T.);
#3264=ORIENTED_EDGE('',*,*,#2386,.F.);
#3265=ORIENTED_EDGE('',*,*,#2460,.F.);
#3266=ORIENTED_EDGE('',*,*,#2461,.F.);
#3267=ORIENTED_EDGE('',*,*,#2457,.F.);
#3268=ORIENTED_EDGE('',*,*,#2382,.F.);
#3269=ORIENTED_EDGE('',*,*,#2462,.T.);
#3270=ORIENTED_EDGE('',*,*,#2463,.F.);
#3271=ORIENTED_EDGE('',*,*,#2464,.F.);
#3272=ORIENTED_EDGE('',*,*,#2465,.F.);
#3273=ORIENTED_EDGE('',*,*,#2297,.F.);
#3274=ORIENTED_EDGE('',*,*,#2389,.F.);
#3275=ORIENTED_EDGE('',*,*,#2464,.T.);
#3276=ORIENTED_EDGE('',*,*,#2466,.F.);
#3277=ORIENTED_EDGE('',*,*,#2295,.F.);
#3278=ORIENTED_EDGE('',*,*,#2317,.F.);
#3279=ORIENTED_EDGE('',*,*,#2467,.T.);
#3280=ORIENTED_EDGE('',*,*,#2387,.F.);
#3281=ORIENTED_EDGE('',*,*,#2467,.F.);
#3282=ORIENTED_EDGE('',*,*,#2316,.F.);
#3283=ORIENTED_EDGE('',*,*,#2323,.T.);
#3284=ORIENTED_EDGE('',*,*,#2468,.F.);
#3285=ORIENTED_EDGE('',*,*,#2468,.T.);
#3286=ORIENTED_EDGE('',*,*,#2327,.F.);
#3287=ORIENTED_EDGE('',*,*,#2465,.T.);
#3288=ORIENTED_EDGE('',*,*,#2388,.F.);
#3289=ORIENTED_EDGE('',*,*,#2462,.F.);
#3290=ORIENTED_EDGE('',*,*,#2326,.F.);
#3291=ORIENTED_EDGE('',*,*,#2469,.T.);
#3292=ORIENTED_EDGE('',*,*,#2470,.F.);
#3293=ORIENTED_EDGE('',*,*,#2471,.T.);
#3294=ORIENTED_EDGE('',*,*,#2472,.F.);
#3295=ORIENTED_EDGE('',*,*,#2469,.F.);
#3296=ORIENTED_EDGE('',*,*,#2473,.F.);
#3297=ORIENTED_EDGE('',*,*,#2407,.F.);
#3298=ORIENTED_EDGE('',*,*,#2405,.F.);
#3299=ORIENTED_EDGE('',*,*,#2404,.F.);
#3300=ORIENTED_EDGE('',*,*,#2402,.F.);
#3301=ORIENTED_EDGE('',*,*,#2400,.F.);
#3302=ORIENTED_EDGE('',*,*,#2456,.F.);
#3303=ORIENTED_EDGE('',*,*,#2474,.F.);
#3304=ORIENTED_EDGE('',*,*,#2475,.T.);
#3305=ORIENTED_EDGE('',*,*,#2476,.F.);
#3306=ORIENTED_EDGE('',*,*,#2423,.T.);
#3307=ORIENTED_EDGE('',*,*,#2421,.T.);
#3308=ORIENTED_EDGE('',*,*,#2419,.T.);
#3309=ORIENTED_EDGE('',*,*,#2417,.T.);
#3310=ORIENTED_EDGE('',*,*,#2415,.T.);
#3311=ORIENTED_EDGE('',*,*,#2413,.T.);
#3312=ORIENTED_EDGE('',*,*,#2411,.T.);
#3313=ORIENTED_EDGE('',*,*,#2409,.T.);
#3314=ORIENTED_EDGE('',*,*,#2397,.T.);
#3315=ORIENTED_EDGE('',*,*,#2395,.T.);
#3316=ORIENTED_EDGE('',*,*,#2393,.T.);
#3317=ORIENTED_EDGE('',*,*,#2390,.T.);
#3318=ORIENTED_EDGE('',*,*,#2424,.F.);
#3319=ORIENTED_EDGE('',*,*,#2476,.T.);
#3320=ORIENTED_EDGE('',*,*,#2477,.T.);
#3321=ORIENTED_EDGE('',*,*,#2478,.T.);
#3322=ORIENTED_EDGE('',*,*,#2426,.F.);
#3323=ORIENTED_EDGE('',*,*,#2478,.F.);
#3324=ORIENTED_EDGE('',*,*,#2479,.T.);
#3325=ORIENTED_EDGE('',*,*,#2480,.F.);
#3326=ORIENTED_EDGE('',*,*,#2428,.F.);
#3327=ORIENTED_EDGE('',*,*,#2480,.T.);
#3328=ORIENTED_EDGE('',*,*,#2481,.T.);
#3329=ORIENTED_EDGE('',*,*,#2482,.T.);
#3330=ORIENTED_EDGE('',*,*,#2431,.F.);
#3331=ORIENTED_EDGE('',*,*,#2482,.F.);
#3332=ORIENTED_EDGE('',*,*,#2483,.T.);
#3333=ORIENTED_EDGE('',*,*,#2484,.F.);
#3334=ORIENTED_EDGE('',*,*,#2432,.F.);
#3335=ORIENTED_EDGE('',*,*,#2484,.T.);
#3336=ORIENTED_EDGE('',*,*,#2485,.T.);
#3337=ORIENTED_EDGE('',*,*,#2486,.T.);
#3338=ORIENTED_EDGE('',*,*,#2434,.F.);
#3339=ORIENTED_EDGE('',*,*,#2486,.F.);
#3340=ORIENTED_EDGE('',*,*,#2487,.T.);
#3341=ORIENTED_EDGE('',*,*,#2488,.F.);
#3342=ORIENTED_EDGE('',*,*,#2436,.F.);
#3343=ORIENTED_EDGE('',*,*,#2488,.T.);
#3344=ORIENTED_EDGE('',*,*,#2489,.T.);
#3345=ORIENTED_EDGE('',*,*,#2490,.T.);
#3346=ORIENTED_EDGE('',*,*,#2445,.F.);
#3347=ORIENTED_EDGE('',*,*,#2490,.F.);
#3348=ORIENTED_EDGE('',*,*,#2491,.T.);
#3349=ORIENTED_EDGE('',*,*,#2492,.F.);
#3350=ORIENTED_EDGE('',*,*,#2448,.F.);
#3351=ORIENTED_EDGE('',*,*,#2443,.F.);
#3352=ORIENTED_EDGE('',*,*,#2442,.F.);
#3353=ORIENTED_EDGE('',*,*,#2439,.F.);
#3354=ORIENTED_EDGE('',*,*,#2493,.T.);
#3355=ORIENTED_EDGE('',*,*,#2494,.T.);
#3356=ORIENTED_EDGE('',*,*,#2446,.T.);
#3357=ORIENTED_EDGE('',*,*,#2492,.T.);
#3358=ORIENTED_EDGE('',*,*,#2454,.T.);
#3359=ORIENTED_EDGE('',*,*,#2453,.F.);
#3360=ORIENTED_EDGE('',*,*,#2494,.F.);
#3361=ORIENTED_EDGE('',*,*,#2495,.F.);
#3362=ORIENTED_EDGE('',*,*,#2496,.F.);
#3363=ORIENTED_EDGE('',*,*,#2458,.F.);
#3364=ORIENTED_EDGE('',*,*,#2449,.F.);
#3365=ORIENTED_EDGE('',*,*,#2461,.T.);
#3366=ORIENTED_EDGE('',*,*,#2459,.F.);
#3367=ORIENTED_EDGE('',*,*,#2496,.T.);
#3368=ORIENTED_EDGE('',*,*,#2497,.T.);
#3369=ORIENTED_EDGE('',*,*,#2474,.T.);
#3370=ORIENTED_EDGE('',*,*,#2455,.F.);
#3371=ORIENTED_EDGE('',*,*,#2466,.T.);
#3372=ORIENTED_EDGE('',*,*,#2463,.T.);
#3373=ORIENTED_EDGE('',*,*,#2470,.T.);
#3374=ORIENTED_EDGE('',*,*,#2472,.T.);
#3375=ORIENTED_EDGE('',*,*,#2498,.T.);
#3376=ORIENTED_EDGE('',*,*,#2499,.F.);
#3377=ORIENTED_EDGE('',*,*,#2500,.T.);
#3378=ORIENTED_EDGE('',*,*,#2298,.F.);
#3379=ORIENTED_EDGE('',*,*,#2299,.F.);
#3380=ORIENTED_EDGE('',*,*,#2500,.F.);
#3381=ORIENTED_EDGE('',*,*,#2501,.F.);
#3382=ORIENTED_EDGE('',*,*,#2502,.F.);
#3383=ORIENTED_EDGE('',*,*,#2503,.T.);
#3384=ORIENTED_EDGE('',*,*,#2300,.F.);
#3385=ORIENTED_EDGE('',*,*,#2502,.T.);
#3386=ORIENTED_EDGE('',*,*,#2504,.F.);
#3387=ORIENTED_EDGE('',*,*,#2505,.F.);
#3388=ORIENTED_EDGE('',*,*,#2506,.F.);
#3389=ORIENTED_EDGE('',*,*,#2301,.F.);
#3390=ORIENTED_EDGE('',*,*,#2503,.F.);
#3391=ORIENTED_EDGE('',*,*,#2507,.T.);
#3392=ORIENTED_EDGE('',*,*,#2302,.T.);
#3393=ORIENTED_EDGE('',*,*,#2506,.T.);
#3394=ORIENTED_EDGE('',*,*,#2508,.F.);
#3395=ORIENTED_EDGE('',*,*,#2303,.F.);
#3396=ORIENTED_EDGE('',*,*,#2507,.F.);
#3397=ORIENTED_EDGE('',*,*,#2509,.F.);
#3398=ORIENTED_EDGE('',*,*,#2510,.F.);
#3399=ORIENTED_EDGE('',*,*,#2511,.T.);
#3400=ORIENTED_EDGE('',*,*,#2304,.F.);
#3401=ORIENTED_EDGE('',*,*,#2510,.T.);
#3402=ORIENTED_EDGE('',*,*,#2512,.F.);
#3403=ORIENTED_EDGE('',*,*,#2513,.F.);
#3404=ORIENTED_EDGE('',*,*,#2310,.F.);
#3405=ORIENTED_EDGE('',*,*,#2305,.F.);
#3406=ORIENTED_EDGE('',*,*,#2511,.F.);
#3407=ORIENTED_EDGE('',*,*,#2248,.F.);
#3408=ORIENTED_EDGE('',*,*,#2473,.T.);
#3409=ORIENTED_EDGE('',*,*,#2325,.F.);
#3410=ORIENTED_EDGE('',*,*,#2514,.F.);
#3411=ORIENTED_EDGE('',*,*,#2285,.T.);
#3412=ORIENTED_EDGE('',*,*,#2515,.F.);
#3413=ORIENTED_EDGE('',*,*,#2498,.F.);
#3414=ORIENTED_EDGE('',*,*,#2471,.F.);
#3415=ORIENTED_EDGE('',*,*,#2247,.F.);
#3416=ORIENTED_EDGE('',*,*,#2243,.F.);
#3417=ORIENTED_EDGE('',*,*,#2497,.F.);
#3418=ORIENTED_EDGE('',*,*,#2495,.T.);
#3419=ORIENTED_EDGE('',*,*,#2493,.F.);
#3420=ORIENTED_EDGE('',*,*,#2491,.F.);
#3421=ORIENTED_EDGE('',*,*,#2489,.F.);
#3422=ORIENTED_EDGE('',*,*,#2487,.F.);
#3423=ORIENTED_EDGE('',*,*,#2485,.F.);
#3424=ORIENTED_EDGE('',*,*,#2483,.F.);
#3425=ORIENTED_EDGE('',*,*,#2481,.F.);
#3426=ORIENTED_EDGE('',*,*,#2479,.F.);
#3427=ORIENTED_EDGE('',*,*,#2477,.F.);
#3428=ORIENTED_EDGE('',*,*,#2475,.F.);
#3429=ORIENTED_EDGE('',*,*,#2516,.T.);
#3430=ORIENTED_EDGE('',*,*,#2311,.T.);
#3431=ORIENTED_EDGE('',*,*,#2513,.T.);
#3432=ORIENTED_EDGE('',*,*,#2512,.T.);
#3433=ORIENTED_EDGE('',*,*,#2509,.T.);
#3434=ORIENTED_EDGE('',*,*,#2508,.T.);
#3435=ORIENTED_EDGE('',*,*,#2505,.T.);
#3436=ORIENTED_EDGE('',*,*,#2504,.T.);
#3437=ORIENTED_EDGE('',*,*,#2501,.T.);
#3438=ORIENTED_EDGE('',*,*,#2499,.T.);
#3439=ORIENTED_EDGE('',*,*,#2515,.T.);
#3440=ORIENTED_EDGE('',*,*,#2246,.F.);
#3441=ORIENTED_EDGE('',*,*,#2321,.T.);
#3442=ORIENTED_EDGE('',*,*,#2312,.F.);
#3443=ORIENTED_EDGE('',*,*,#2516,.F.);
#3444=ORIENTED_EDGE('',*,*,#2245,.F.);
#3445=ORIENTED_EDGE('',*,*,#2252,.F.);
#3446=ORIENTED_EDGE('',*,*,#2286,.F.);
#3447=ORIENTED_EDGE('',*,*,#2514,.T.);
#3448=ORIENTED_EDGE('',*,*,#2324,.T.);
#3449=ORIENTED_EDGE('',*,*,#2282,.F.);
#3450=ORIENTED_EDGE('',*,*,#2517,.T.);
#3451=ORIENTED_EDGE('',*,*,#2518,.T.);
#3452=ORIENTED_EDGE('',*,*,#2519,.T.);
#3453=ORIENTED_EDGE('',*,*,#2520,.T.);
#3454=ORIENTED_EDGE('',*,*,#2521,.T.);
#3455=ORIENTED_EDGE('',*,*,#2520,.F.);
#3456=ORIENTED_EDGE('',*,*,#2522,.F.);
#3457=ORIENTED_EDGE('',*,*,#2523,.F.);
#3458=ORIENTED_EDGE('',*,*,#2524,.F.);
#3459=ORIENTED_EDGE('',*,*,#2525,.F.);
#3460=ORIENTED_EDGE('',*,*,#2526,.F.);
#3461=ORIENTED_EDGE('',*,*,#2527,.F.);
#3462=ORIENTED_EDGE('',*,*,#2528,.T.);
#3463=ORIENTED_EDGE('',*,*,#2529,.T.);
#3464=ORIENTED_EDGE('',*,*,#2526,.T.);
#3465=ORIENTED_EDGE('',*,*,#2522,.T.);
#3466=ORIENTED_EDGE('',*,*,#2530,.T.);
#3467=ORIENTED_EDGE('',*,*,#2531,.T.);
#3468=ORIENTED_EDGE('',*,*,#2527,.T.);
#3469=ORIENTED_EDGE('',*,*,#2532,.T.);
#3470=ORIENTED_EDGE('',*,*,#2533,.F.);
#3471=ORIENTED_EDGE('',*,*,#2534,.F.);
#3472=ORIENTED_EDGE('',*,*,#2535,.F.);
#3473=ORIENTED_EDGE('',*,*,#2536,.F.);
#3474=ORIENTED_EDGE('',*,*,#2521,.F.);
#3475=ORIENTED_EDGE('',*,*,#2524,.T.);
#3476=ORIENTED_EDGE('',*,*,#2534,.T.);
#3477=ORIENTED_EDGE('',*,*,#2537,.T.);
#3478=ORIENTED_EDGE('',*,*,#2525,.T.);
#3479=ORIENTED_EDGE('',*,*,#2538,.T.);
#3480=ORIENTED_EDGE('',*,*,#2535,.T.);
#3481=ORIENTED_EDGE('',*,*,#2523,.T.);
#3482=ORIENTED_EDGE('',*,*,#2539,.F.);
#3483=ORIENTED_EDGE('',*,*,#2540,.F.);
#3484=ORIENTED_EDGE('',*,*,#2541,.F.);
#3485=ORIENTED_EDGE('',*,*,#2533,.T.);
#3486=ORIENTED_EDGE('',*,*,#2542,.T.);
#3487=ORIENTED_EDGE('',*,*,#2540,.T.);
#3488=ORIENTED_EDGE('',*,*,#2543,.T.);
#3489=ORIENTED_EDGE('',*,*,#2544,.T.);
#3490=ORIENTED_EDGE('',*,*,#2545,.T.);
#3491=ORIENTED_EDGE('',*,*,#2541,.T.);
#3492=ORIENTED_EDGE('',*,*,#2546,.T.);
#3493=ORIENTED_EDGE('',*,*,#2547,.T.);
#3494=ORIENTED_EDGE('',*,*,#2548,.T.);
#3495=ORIENTED_EDGE('',*,*,#2544,.F.);
#3496=ORIENTED_EDGE('',*,*,#2549,.T.);
#3497=ORIENTED_EDGE('',*,*,#2550,.T.);
#3498=ORIENTED_EDGE('',*,*,#2551,.T.);
#3499=ORIENTED_EDGE('',*,*,#2547,.F.);
#3500=ORIENTED_EDGE('',*,*,#2552,.T.);
#3501=ORIENTED_EDGE('',*,*,#2553,.F.);
#3502=ORIENTED_EDGE('',*,*,#2554,.F.);
#3503=ORIENTED_EDGE('',*,*,#2555,.F.);
#3504=ORIENTED_EDGE('',*,*,#2556,.T.);
#3505=ORIENTED_EDGE('',*,*,#2557,.T.);
#3506=ORIENTED_EDGE('',*,*,#2554,.T.);
#3507=ORIENTED_EDGE('',*,*,#2558,.T.);
#3508=ORIENTED_EDGE('',*,*,#2556,.F.);
#3509=ORIENTED_EDGE('',*,*,#2559,.T.);
#3510=ORIENTED_EDGE('',*,*,#2560,.T.);
#3511=ORIENTED_EDGE('',*,*,#2561,.T.);
#3512=ORIENTED_EDGE('',*,*,#2562,.T.);
#3513=ORIENTED_EDGE('',*,*,#2563,.T.);
#3514=ORIENTED_EDGE('',*,*,#2560,.F.);
#3515=ORIENTED_EDGE('',*,*,#2564,.T.);
#3516=ORIENTED_EDGE('',*,*,#2565,.T.);
#3517=ORIENTED_EDGE('',*,*,#2566,.T.);
#3518=ORIENTED_EDGE('',*,*,#2555,.T.);
#3519=ORIENTED_EDGE('',*,*,#2567,.T.);
#3520=ORIENTED_EDGE('',*,*,#2539,.T.);
#3521=ORIENTED_EDGE('',*,*,#2568,.T.);
#3522=ORIENTED_EDGE('',*,*,#2553,.T.);
#3523=ORIENTED_EDGE('',*,*,#2569,.T.);
#3524=ORIENTED_EDGE('',*,*,#2552,.F.);
#3525=ORIENTED_EDGE('',*,*,#2549,.F.);
#3526=ORIENTED_EDGE('',*,*,#2546,.F.);
#3527=ORIENTED_EDGE('',*,*,#2542,.F.);
#3528=ORIENTED_EDGE('',*,*,#2538,.F.);
#3529=ORIENTED_EDGE('',*,*,#2531,.F.);
#3530=ORIENTED_EDGE('',*,*,#2570,.F.);
#3531=ORIENTED_EDGE('',*,*,#2532,.F.);
#3532=ORIENTED_EDGE('',*,*,#2529,.F.);
#3533=ORIENTED_EDGE('',*,*,#2571,.F.);
#3534=ORIENTED_EDGE('',*,*,#2572,.T.);
#3535=ORIENTED_EDGE('',*,*,#2573,.T.);
#3536=ORIENTED_EDGE('',*,*,#2574,.F.);
#3537=ORIENTED_EDGE('',*,*,#2537,.F.);
#3538=ORIENTED_EDGE('',*,*,#2543,.F.);
#3539=ORIENTED_EDGE('',*,*,#2569,.F.);
#3540=ORIENTED_EDGE('',*,*,#2566,.F.);
#3541=ORIENTED_EDGE('',*,*,#2575,.F.);
#3542=ORIENTED_EDGE('',*,*,#2576,.F.);
#3543=ORIENTED_EDGE('',*,*,#2577,.T.);
#3544=ORIENTED_EDGE('',*,*,#2578,.T.);
#3545=ORIENTED_EDGE('',*,*,#2579,.T.);
#3546=ORIENTED_EDGE('',*,*,#2580,.T.);
#3547=ORIENTED_EDGE('',*,*,#2581,.T.);
#3548=ORIENTED_EDGE('',*,*,#2582,.T.);
#3549=ORIENTED_EDGE('',*,*,#2583,.T.);
#3550=ORIENTED_EDGE('',*,*,#2584,.T.);
#3551=ORIENTED_EDGE('',*,*,#2585,.T.);
#3552=ORIENTED_EDGE('',*,*,#2586,.T.);
#3553=ORIENTED_EDGE('',*,*,#2587,.T.);
#3554=ORIENTED_EDGE('',*,*,#2586,.F.);
#3555=ORIENTED_EDGE('',*,*,#2588,.T.);
#3556=ORIENTED_EDGE('',*,*,#2589,.T.);
#3557=ORIENTED_EDGE('',*,*,#2590,.T.);
#3558=ORIENTED_EDGE('',*,*,#2591,.T.);
#3559=ORIENTED_EDGE('',*,*,#2589,.F.);
#3560=ORIENTED_EDGE('',*,*,#2592,.T.);
#3561=ORIENTED_EDGE('',*,*,#2583,.F.);
#3562=ORIENTED_EDGE('',*,*,#2580,.F.);
#3563=ORIENTED_EDGE('',*,*,#2593,.T.);
#3564=ORIENTED_EDGE('',*,*,#2594,.F.);
#3565=ORIENTED_EDGE('',*,*,#2573,.F.);
#3566=ORIENTED_EDGE('',*,*,#2551,.F.);
#3567=ORIENTED_EDGE('',*,*,#2593,.F.);
#3568=ORIENTED_EDGE('',*,*,#2592,.F.);
#3569=ORIENTED_EDGE('',*,*,#2595,.F.);
#3570=ORIENTED_EDGE('',*,*,#2548,.F.);
#3571=ORIENTED_EDGE('',*,*,#2595,.T.);
#3572=ORIENTED_EDGE('',*,*,#2588,.F.);
#3573=ORIENTED_EDGE('',*,*,#2596,.T.);
#3574=ORIENTED_EDGE('',*,*,#2545,.F.);
#3575=ORIENTED_EDGE('',*,*,#2596,.F.);
#3576=ORIENTED_EDGE('',*,*,#2585,.F.);
#3577=ORIENTED_EDGE('',*,*,#2597,.T.);
#3578=ORIENTED_EDGE('',*,*,#2598,.F.);
#3579=ORIENTED_EDGE('',*,*,#2599,.F.);
#3580=ORIENTED_EDGE('',*,*,#2558,.F.);
#3581=ORIENTED_EDGE('',*,*,#2568,.F.);
#3582=ORIENTED_EDGE('',*,*,#2600,.T.);
#3583=ORIENTED_EDGE('',*,*,#2601,.T.);
#3584=ORIENTED_EDGE('',*,*,#2602,.T.);
#3585=ORIENTED_EDGE('',*,*,#2598,.T.);
#3586=ORIENTED_EDGE('',*,*,#2603,.T.);
#3587=ORIENTED_EDGE('',*,*,#2604,.T.);
#3588=ORIENTED_EDGE('',*,*,#2602,.F.);
#3589=ORIENTED_EDGE('',*,*,#2605,.T.);
#3590=ORIENTED_EDGE('',*,*,#2606,.T.);
#3591=ORIENTED_EDGE('',*,*,#2603,.F.);
#3592=ORIENTED_EDGE('',*,*,#2607,.T.);
#3593=ORIENTED_EDGE('',*,*,#2608,.T.);
#3594=ORIENTED_EDGE('',*,*,#2609,.T.);
#3595=ORIENTED_EDGE('',*,*,#2610,.T.);
#3596=ORIENTED_EDGE('',*,*,#2611,.T.);
#3597=ORIENTED_EDGE('',*,*,#2608,.F.);
#3598=ORIENTED_EDGE('',*,*,#2612,.T.);
#3599=ORIENTED_EDGE('',*,*,#2613,.T.);
#3600=ORIENTED_EDGE('',*,*,#2610,.F.);
#3601=ORIENTED_EDGE('',*,*,#2614,.T.);
#3602=ORIENTED_EDGE('',*,*,#2612,.F.);
#3603=ORIENTED_EDGE('',*,*,#2615,.T.);
#3604=ORIENTED_EDGE('',*,*,#2616,.T.);
#3605=ORIENTED_EDGE('',*,*,#2617,.T.);
#3606=ORIENTED_EDGE('',*,*,#2618,.T.);
#3607=ORIENTED_EDGE('',*,*,#2619,.T.);
#3608=ORIENTED_EDGE('',*,*,#2616,.F.);
#3609=ORIENTED_EDGE('',*,*,#2620,.T.);
#3610=ORIENTED_EDGE('',*,*,#2621,.T.);
#3611=ORIENTED_EDGE('',*,*,#2622,.T.);
#3612=ORIENTED_EDGE('',*,*,#2618,.F.);
#3613=ORIENTED_EDGE('',*,*,#2623,.T.);
#3614=ORIENTED_EDGE('',*,*,#2624,.T.);
#3615=ORIENTED_EDGE('',*,*,#2625,.T.);
#3616=ORIENTED_EDGE('',*,*,#2621,.F.);
#3617=ORIENTED_EDGE('',*,*,#2626,.T.);
#3618=ORIENTED_EDGE('',*,*,#2627,.T.);
#3619=ORIENTED_EDGE('',*,*,#2628,.T.);
#3620=ORIENTED_EDGE('',*,*,#2624,.F.);
#3621=ORIENTED_EDGE('',*,*,#2629,.T.);
#3622=ORIENTED_EDGE('',*,*,#2559,.F.);
#3623=ORIENTED_EDGE('',*,*,#2599,.T.);
#3624=ORIENTED_EDGE('',*,*,#2604,.F.);
#3625=ORIENTED_EDGE('',*,*,#2630,.T.);
#3626=ORIENTED_EDGE('',*,*,#2564,.F.);
#3627=ORIENTED_EDGE('',*,*,#2630,.F.);
#3628=ORIENTED_EDGE('',*,*,#2606,.F.);
#3629=ORIENTED_EDGE('',*,*,#2631,.T.);
#3630=ORIENTED_EDGE('',*,*,#2611,.F.);
#3631=ORIENTED_EDGE('',*,*,#2632,.F.);
#3632=ORIENTED_EDGE('',*,*,#2633,.F.);
#3633=ORIENTED_EDGE('',*,*,#2631,.F.);
#3634=ORIENTED_EDGE('',*,*,#2613,.F.);
#3635=ORIENTED_EDGE('',*,*,#2634,.T.);
#3636=ORIENTED_EDGE('',*,*,#2635,.F.);
#3637=ORIENTED_EDGE('',*,*,#2632,.T.);
#3638=ORIENTED_EDGE('',*,*,#2617,.F.);
#3639=ORIENTED_EDGE('',*,*,#2636,.F.);
#3640=ORIENTED_EDGE('',*,*,#2637,.F.);
#3641=ORIENTED_EDGE('',*,*,#2634,.F.);
#3642=ORIENTED_EDGE('',*,*,#2619,.F.);
#3643=ORIENTED_EDGE('',*,*,#2638,.T.);
#3644=ORIENTED_EDGE('',*,*,#2639,.F.);
#3645=ORIENTED_EDGE('',*,*,#2636,.T.);
#3646=ORIENTED_EDGE('',*,*,#2622,.F.);
#3647=ORIENTED_EDGE('',*,*,#2640,.F.);
#3648=ORIENTED_EDGE('',*,*,#2641,.F.);
#3649=ORIENTED_EDGE('',*,*,#2638,.F.);
#3650=ORIENTED_EDGE('',*,*,#2625,.F.);
#3651=ORIENTED_EDGE('',*,*,#2642,.T.);
#3652=ORIENTED_EDGE('',*,*,#2643,.F.);
#3653=ORIENTED_EDGE('',*,*,#2640,.T.);
#3654=ORIENTED_EDGE('',*,*,#2628,.F.);
#3655=ORIENTED_EDGE('',*,*,#2644,.F.);
#3656=ORIENTED_EDGE('',*,*,#2645,.F.);
#3657=ORIENTED_EDGE('',*,*,#2646,.F.);
#3658=ORIENTED_EDGE('',*,*,#2647,.F.);
#3659=ORIENTED_EDGE('',*,*,#2648,.F.);
#3660=ORIENTED_EDGE('',*,*,#2649,.F.);
#3661=ORIENTED_EDGE('',*,*,#2642,.F.);
#3662=ORIENTED_EDGE('',*,*,#2650,.T.);
#3663=ORIENTED_EDGE('',*,*,#2651,.T.);
#3664=ORIENTED_EDGE('',*,*,#2652,.T.);
#3665=ORIENTED_EDGE('',*,*,#2653,.T.);
#3666=ORIENTED_EDGE('',*,*,#2654,.T.);
#3667=ORIENTED_EDGE('',*,*,#2655,.T.);
#3668=ORIENTED_EDGE('',*,*,#2576,.T.);
#3669=ORIENTED_EDGE('',*,*,#2653,.F.);
#3670=ORIENTED_EDGE('',*,*,#2651,.F.);
#3671=ORIENTED_EDGE('',*,*,#2656,.T.);
#3672=ORIENTED_EDGE('',*,*,#2657,.T.);
#3673=ORIENTED_EDGE('',*,*,#2658,.T.);
#3674=ORIENTED_EDGE('',*,*,#2657,.F.);
#3675=ORIENTED_EDGE('',*,*,#2659,.T.);
#3676=ORIENTED_EDGE('',*,*,#2660,.T.);
#3677=ORIENTED_EDGE('',*,*,#2661,.T.);
#3678=ORIENTED_EDGE('',*,*,#2660,.F.);
#3679=ORIENTED_EDGE('',*,*,#2662,.T.);
#3680=ORIENTED_EDGE('',*,*,#2663,.T.);
#3681=ORIENTED_EDGE('',*,*,#2664,.T.);
#3682=ORIENTED_EDGE('',*,*,#2663,.F.);
#3683=ORIENTED_EDGE('',*,*,#2665,.T.);
#3684=ORIENTED_EDGE('',*,*,#2666,.T.);
#3685=ORIENTED_EDGE('',*,*,#2667,.T.);
#3686=ORIENTED_EDGE('',*,*,#2666,.F.);
#3687=ORIENTED_EDGE('',*,*,#2668,.T.);
#3688=ORIENTED_EDGE('',*,*,#2669,.T.);
#3689=ORIENTED_EDGE('',*,*,#2670,.T.);
#3690=ORIENTED_EDGE('',*,*,#2671,.T.);
#3691=ORIENTED_EDGE('',*,*,#2672,.T.);
#3692=ORIENTED_EDGE('',*,*,#2669,.F.);
#3693=ORIENTED_EDGE('',*,*,#2647,.T.);
#3694=ORIENTED_EDGE('',*,*,#2668,.F.);
#3695=ORIENTED_EDGE('',*,*,#2673,.T.);
#3696=ORIENTED_EDGE('',*,*,#2674,.F.);
#3697=ORIENTED_EDGE('',*,*,#2648,.T.);
#3698=ORIENTED_EDGE('',*,*,#2665,.F.);
#3699=ORIENTED_EDGE('',*,*,#2675,.F.);
#3700=ORIENTED_EDGE('',*,*,#2676,.F.);
#3701=ORIENTED_EDGE('',*,*,#2673,.F.);
#3702=ORIENTED_EDGE('',*,*,#2662,.F.);
#3703=ORIENTED_EDGE('',*,*,#2677,.T.);
#3704=ORIENTED_EDGE('',*,*,#2678,.F.);
#3705=ORIENTED_EDGE('',*,*,#2675,.T.);
#3706=ORIENTED_EDGE('',*,*,#2659,.F.);
#3707=ORIENTED_EDGE('',*,*,#2679,.F.);
#3708=ORIENTED_EDGE('',*,*,#2680,.F.);
#3709=ORIENTED_EDGE('',*,*,#2677,.F.);
#3710=ORIENTED_EDGE('',*,*,#2656,.F.);
#3711=ORIENTED_EDGE('',*,*,#2681,.T.);
#3712=ORIENTED_EDGE('',*,*,#2682,.F.);
#3713=ORIENTED_EDGE('',*,*,#2679,.T.);
#3714=ORIENTED_EDGE('',*,*,#2650,.F.);
#3715=ORIENTED_EDGE('',*,*,#2575,.T.);
#3716=ORIENTED_EDGE('',*,*,#2683,.F.);
#3717=ORIENTED_EDGE('',*,*,#2681,.F.);
#3718=ORIENTED_EDGE('',*,*,#2550,.F.);
#3719=ORIENTED_EDGE('',*,*,#2570,.T.);
#3720=ORIENTED_EDGE('',*,*,#2530,.F.);
#3721=ORIENTED_EDGE('',*,*,#2594,.T.);
#3722=ORIENTED_EDGE('',*,*,#2684,.T.);
#3723=ORIENTED_EDGE('',*,*,#2571,.T.);
#3724=ORIENTED_EDGE('',*,*,#2528,.F.);
#3725=ORIENTED_EDGE('',*,*,#2519,.F.);
#3726=ORIENTED_EDGE('',*,*,#2685,.T.);
#3727=ORIENTED_EDGE('',*,*,#2574,.T.);
#3728=ORIENTED_EDGE('',*,*,#2686,.T.);
#3729=ORIENTED_EDGE('',*,*,#2687,.T.);
#3730=ORIENTED_EDGE('',*,*,#2517,.F.);
#3731=ORIENTED_EDGE('',*,*,#2536,.T.);
#3732=ORIENTED_EDGE('',*,*,#2562,.F.);
#3733=ORIENTED_EDGE('',*,*,#2633,.T.);
#3734=ORIENTED_EDGE('',*,*,#2688,.T.);
#3735=ORIENTED_EDGE('',*,*,#2689,.T.);
#3736=ORIENTED_EDGE('',*,*,#2688,.F.);
#3737=ORIENTED_EDGE('',*,*,#2635,.T.);
#3738=ORIENTED_EDGE('',*,*,#2690,.T.);
#3739=ORIENTED_EDGE('',*,*,#2691,.T.);
#3740=ORIENTED_EDGE('',*,*,#2692,.T.);
#3741=ORIENTED_EDGE('',*,*,#2693,.T.);
#3742=ORIENTED_EDGE('',*,*,#2690,.F.);
#3743=ORIENTED_EDGE('',*,*,#2637,.T.);
#3744=ORIENTED_EDGE('',*,*,#2692,.F.);
#3745=ORIENTED_EDGE('',*,*,#2639,.T.);
#3746=ORIENTED_EDGE('',*,*,#2694,.T.);
#3747=ORIENTED_EDGE('',*,*,#2695,.T.);
#3748=ORIENTED_EDGE('',*,*,#2694,.F.);
#3749=ORIENTED_EDGE('',*,*,#2641,.T.);
#3750=ORIENTED_EDGE('',*,*,#2696,.T.);
#3751=ORIENTED_EDGE('',*,*,#2697,.T.);
#3752=ORIENTED_EDGE('',*,*,#2696,.F.);
#3753=ORIENTED_EDGE('',*,*,#2643,.T.);
#3754=ORIENTED_EDGE('',*,*,#2698,.T.);
#3755=ORIENTED_EDGE('',*,*,#2699,.T.);
#3756=ORIENTED_EDGE('',*,*,#2700,.T.);
#3757=ORIENTED_EDGE('',*,*,#2701,.T.);
#3758=ORIENTED_EDGE('',*,*,#2698,.F.);
#3759=ORIENTED_EDGE('',*,*,#2649,.T.);
#3760=ORIENTED_EDGE('',*,*,#2700,.F.);
#3761=ORIENTED_EDGE('',*,*,#2674,.T.);
#3762=ORIENTED_EDGE('',*,*,#2702,.T.);
#3763=ORIENTED_EDGE('',*,*,#2703,.T.);
#3764=ORIENTED_EDGE('',*,*,#2702,.F.);
#3765=ORIENTED_EDGE('',*,*,#2676,.T.);
#3766=ORIENTED_EDGE('',*,*,#2704,.T.);
#3767=ORIENTED_EDGE('',*,*,#2705,.T.);
#3768=ORIENTED_EDGE('',*,*,#2704,.F.);
#3769=ORIENTED_EDGE('',*,*,#2678,.T.);
#3770=ORIENTED_EDGE('',*,*,#2706,.T.);
#3771=ORIENTED_EDGE('',*,*,#2707,.T.);
#3772=ORIENTED_EDGE('',*,*,#2708,.T.);
#3773=ORIENTED_EDGE('',*,*,#2709,.T.);
#3774=ORIENTED_EDGE('',*,*,#2706,.F.);
#3775=ORIENTED_EDGE('',*,*,#2680,.T.);
#3776=ORIENTED_EDGE('',*,*,#2708,.F.);
#3777=ORIENTED_EDGE('',*,*,#2682,.T.);
#3778=ORIENTED_EDGE('',*,*,#2710,.T.);
#3779=ORIENTED_EDGE('',*,*,#2711,.T.);
#3780=ORIENTED_EDGE('',*,*,#2565,.F.);
#3781=ORIENTED_EDGE('',*,*,#2712,.T.);
#3782=ORIENTED_EDGE('',*,*,#2710,.F.);
#3783=ORIENTED_EDGE('',*,*,#2683,.T.);
#3784=ORIENTED_EDGE('',*,*,#2563,.F.);
#3785=ORIENTED_EDGE('',*,*,#2689,.F.);
#3786=ORIENTED_EDGE('',*,*,#2691,.F.);
#3787=ORIENTED_EDGE('',*,*,#2693,.F.);
#3788=ORIENTED_EDGE('',*,*,#2695,.F.);
#3789=ORIENTED_EDGE('',*,*,#2697,.F.);
#3790=ORIENTED_EDGE('',*,*,#2699,.F.);
#3791=ORIENTED_EDGE('',*,*,#2701,.F.);
#3792=ORIENTED_EDGE('',*,*,#2703,.F.);
#3793=ORIENTED_EDGE('',*,*,#2705,.F.);
#3794=ORIENTED_EDGE('',*,*,#2707,.F.);
#3795=ORIENTED_EDGE('',*,*,#2709,.F.);
#3796=ORIENTED_EDGE('',*,*,#2711,.F.);
#3797=ORIENTED_EDGE('',*,*,#2712,.F.);
#3798=ORIENTED_EDGE('',*,*,#2567,.F.);
#3799=ORIENTED_EDGE('',*,*,#2557,.F.);
#3800=ORIENTED_EDGE('',*,*,#2561,.F.);
#3801=ORIENTED_EDGE('',*,*,#2713,.F.);
#3802=ORIENTED_EDGE('',*,*,#2714,.F.);
#3803=ORIENTED_EDGE('',*,*,#2715,.F.);
#3804=ORIENTED_EDGE('',*,*,#2716,.F.);
#3805=ORIENTED_EDGE('',*,*,#2717,.F.);
#3806=ORIENTED_EDGE('',*,*,#2718,.F.);
#3807=ORIENTED_EDGE('',*,*,#2719,.F.);
#3808=ORIENTED_EDGE('',*,*,#2720,.F.);
#3809=ORIENTED_EDGE('',*,*,#2721,.F.);
#3810=ORIENTED_EDGE('',*,*,#2722,.F.);
#3811=ORIENTED_EDGE('',*,*,#2723,.F.);
#3812=ORIENTED_EDGE('',*,*,#2724,.F.);
#3813=ORIENTED_EDGE('',*,*,#2725,.F.);
#3814=ORIENTED_EDGE('',*,*,#2726,.F.);
#3815=ORIENTED_EDGE('',*,*,#2727,.F.);
#3816=ORIENTED_EDGE('',*,*,#2728,.F.);
#3817=ORIENTED_EDGE('',*,*,#2729,.F.);
#3818=ORIENTED_EDGE('',*,*,#2730,.F.);
#3819=ORIENTED_EDGE('',*,*,#2731,.F.);
#3820=ORIENTED_EDGE('',*,*,#2732,.F.);
#3821=ORIENTED_EDGE('',*,*,#2733,.T.);
#3822=ORIENTED_EDGE('',*,*,#2734,.T.);
#3823=ORIENTED_EDGE('',*,*,#2735,.T.);
#3824=ORIENTED_EDGE('',*,*,#2736,.T.);
#3825=ORIENTED_EDGE('',*,*,#2737,.T.);
#3826=ORIENTED_EDGE('',*,*,#2738,.T.);
#3827=ORIENTED_EDGE('',*,*,#2739,.T.);
#3828=ORIENTED_EDGE('',*,*,#2736,.F.);
#3829=ORIENTED_EDGE('',*,*,#2738,.F.);
#3830=ORIENTED_EDGE('',*,*,#2740,.T.);
#3831=ORIENTED_EDGE('',*,*,#2741,.T.);
#3832=ORIENTED_EDGE('',*,*,#2742,.T.);
#3833=ORIENTED_EDGE('',*,*,#2743,.T.);
#3834=ORIENTED_EDGE('',*,*,#2741,.F.);
#3835=ORIENTED_EDGE('',*,*,#2744,.T.);
#3836=ORIENTED_EDGE('',*,*,#2734,.F.);
#3837=ORIENTED_EDGE('',*,*,#2737,.F.);
#3838=ORIENTED_EDGE('',*,*,#2745,.F.);
#3839=ORIENTED_EDGE('',*,*,#2746,.F.);
#3840=ORIENTED_EDGE('',*,*,#2747,.T.);
#3841=ORIENTED_EDGE('',*,*,#2735,.F.);
#3842=ORIENTED_EDGE('',*,*,#2748,.F.);
#3843=ORIENTED_EDGE('',*,*,#2749,.F.);
#3844=ORIENTED_EDGE('',*,*,#2745,.T.);
#3845=ORIENTED_EDGE('',*,*,#2750,.F.);
#3846=ORIENTED_EDGE('',*,*,#2751,.F.);
#3847=ORIENTED_EDGE('',*,*,#2752,.F.);
#3848=ORIENTED_EDGE('',*,*,#2753,.F.);
#3849=ORIENTED_EDGE('',*,*,#2733,.F.);
#3850=ORIENTED_EDGE('',*,*,#2739,.F.);
#3851=ORIENTED_EDGE('',*,*,#2742,.F.);
#3852=ORIENTED_EDGE('',*,*,#2743,.F.);
#3853=ORIENTED_EDGE('',*,*,#2754,.T.);
#3854=ORIENTED_EDGE('',*,*,#2755,.T.);
#3855=ORIENTED_EDGE('',*,*,#2749,.T.);
#3856=ORIENTED_EDGE('',*,*,#2756,.T.);
#3857=ORIENTED_EDGE('',*,*,#2757,.T.);
#3858=ORIENTED_EDGE('',*,*,#2758,.T.);
#3859=ORIENTED_EDGE('',*,*,#2759,.T.);
#3860=ORIENTED_EDGE('',*,*,#2756,.F.);
#3861=ORIENTED_EDGE('',*,*,#2760,.T.);
#3862=ORIENTED_EDGE('',*,*,#2761,.T.);
#3863=ORIENTED_EDGE('',*,*,#2758,.F.);
#3864=ORIENTED_EDGE('',*,*,#2762,.T.);
#3865=ORIENTED_EDGE('',*,*,#2763,.T.);
#3866=ORIENTED_EDGE('',*,*,#2760,.F.);
#3867=ORIENTED_EDGE('',*,*,#2746,.T.);
#3868=ORIENTED_EDGE('',*,*,#2755,.F.);
#3869=ORIENTED_EDGE('',*,*,#2744,.F.);
#3870=ORIENTED_EDGE('',*,*,#2764,.F.);
#3871=ORIENTED_EDGE('',*,*,#2757,.F.);
#3872=ORIENTED_EDGE('',*,*,#2748,.T.);
#3873=ORIENTED_EDGE('',*,*,#2645,.T.);
#3874=ORIENTED_EDGE('',*,*,#2765,.F.);
#3875=ORIENTED_EDGE('',*,*,#2578,.F.);
#3876=ORIENTED_EDGE('',*,*,#2766,.T.);
#3877=ORIENTED_EDGE('',*,*,#2767,.F.);
#3878=ORIENTED_EDGE('',*,*,#2768,.F.);
#3879=ORIENTED_EDGE('',*,*,#2769,.F.);
#3880=ORIENTED_EDGE('',*,*,#2770,.F.);
#3881=ORIENTED_EDGE('',*,*,#2754,.F.);
#3882=ORIENTED_EDGE('',*,*,#2759,.F.);
#3883=ORIENTED_EDGE('',*,*,#2761,.F.);
#3884=ORIENTED_EDGE('',*,*,#2763,.F.);
#3885=ORIENTED_EDGE('',*,*,#2767,.T.);
#3886=ORIENTED_EDGE('',*,*,#2771,.T.);
#3887=ORIENTED_EDGE('',*,*,#2772,.T.);
#3888=ORIENTED_EDGE('',*,*,#2773,.T.);
#3889=ORIENTED_EDGE('',*,*,#2774,.T.);
#3890=ORIENTED_EDGE('',*,*,#2775,.T.);
#3891=ORIENTED_EDGE('',*,*,#2768,.T.);
#3892=ORIENTED_EDGE('',*,*,#2773,.F.);
#3893=ORIENTED_EDGE('',*,*,#2776,.T.);
#3894=ORIENTED_EDGE('',*,*,#2769,.T.);
#3895=ORIENTED_EDGE('',*,*,#2775,.F.);
#3896=ORIENTED_EDGE('',*,*,#2777,.T.);
#3897=ORIENTED_EDGE('',*,*,#2770,.T.);
#3898=ORIENTED_EDGE('',*,*,#2776,.F.);
#3899=ORIENTED_EDGE('',*,*,#2778,.T.);
#3900=ORIENTED_EDGE('',*,*,#2771,.F.);
#3901=ORIENTED_EDGE('',*,*,#2774,.F.);
#3902=ORIENTED_EDGE('',*,*,#2779,.T.);
#3903=ORIENTED_EDGE('',*,*,#2780,.F.);
#3904=ORIENTED_EDGE('',*,*,#2781,.T.);
#3905=ORIENTED_EDGE('',*,*,#2772,.F.);
#3906=ORIENTED_EDGE('',*,*,#2782,.T.);
#3907=ORIENTED_EDGE('',*,*,#2783,.F.);
#3908=ORIENTED_EDGE('',*,*,#2779,.F.);
#3909=ORIENTED_EDGE('',*,*,#2784,.T.);
#3910=ORIENTED_EDGE('',*,*,#2785,.T.);
#3911=ORIENTED_EDGE('',*,*,#2783,.T.);
#3912=ORIENTED_EDGE('',*,*,#2786,.T.);
#3913=ORIENTED_EDGE('',*,*,#2787,.T.);
#3914=ORIENTED_EDGE('',*,*,#2788,.T.);
#3915=ORIENTED_EDGE('',*,*,#2789,.T.);
#3916=ORIENTED_EDGE('',*,*,#2786,.F.);
#3917=ORIENTED_EDGE('',*,*,#2788,.F.);
#3918=ORIENTED_EDGE('',*,*,#2790,.T.);
#3919=ORIENTED_EDGE('',*,*,#2791,.T.);
#3920=ORIENTED_EDGE('',*,*,#2792,.T.);
#3921=ORIENTED_EDGE('',*,*,#2793,.T.);
#3922=ORIENTED_EDGE('',*,*,#2791,.F.);
#3923=ORIENTED_EDGE('',*,*,#2780,.T.);
#3924=ORIENTED_EDGE('',*,*,#2785,.F.);
#3925=ORIENTED_EDGE('',*,*,#2778,.F.);
#3926=ORIENTED_EDGE('',*,*,#2794,.T.);
#3927=ORIENTED_EDGE('',*,*,#2787,.F.);
#3928=ORIENTED_EDGE('',*,*,#2782,.F.);
#3929=ORIENTED_EDGE('',*,*,#2795,.F.);
#3930=ORIENTED_EDGE('',*,*,#2796,.F.);
#3931=ORIENTED_EDGE('',*,*,#2797,.F.);
#3932=ORIENTED_EDGE('',*,*,#2798,.F.);
#3933=ORIENTED_EDGE('',*,*,#2784,.F.);
#3934=ORIENTED_EDGE('',*,*,#2789,.F.);
#3935=ORIENTED_EDGE('',*,*,#2792,.F.);
#3936=ORIENTED_EDGE('',*,*,#2793,.F.);
#3937=ORIENTED_EDGE('',*,*,#2672,.F.);
#3938=ORIENTED_EDGE('',*,*,#2799,.T.);
#3939=ORIENTED_EDGE('',*,*,#2654,.F.);
#3940=ORIENTED_EDGE('',*,*,#2652,.F.);
#3941=ORIENTED_EDGE('',*,*,#2658,.F.);
#3942=ORIENTED_EDGE('',*,*,#2661,.F.);
#3943=ORIENTED_EDGE('',*,*,#2664,.F.);
#3944=ORIENTED_EDGE('',*,*,#2667,.F.);
#3945=ORIENTED_EDGE('',*,*,#2670,.F.);
#3946=ORIENTED_EDGE('',*,*,#2740,.F.);
#3947=ORIENTED_EDGE('',*,*,#2747,.F.);
#3948=ORIENTED_EDGE('',*,*,#2762,.F.);
#3949=ORIENTED_EDGE('',*,*,#2764,.T.);
#3950=ORIENTED_EDGE('',*,*,#2644,.T.);
#3951=ORIENTED_EDGE('',*,*,#2627,.F.);
#3952=ORIENTED_EDGE('',*,*,#2800,.F.);
#3953=ORIENTED_EDGE('',*,*,#2686,.F.);
#3954=ORIENTED_EDGE('',*,*,#2579,.F.);
#3955=ORIENTED_EDGE('',*,*,#2765,.T.);
#3956=ORIENTED_EDGE('',*,*,#2646,.T.);
#3957=ORIENTED_EDGE('',*,*,#2766,.F.);
#3958=ORIENTED_EDGE('',*,*,#2577,.F.);
#3959=ORIENTED_EDGE('',*,*,#2655,.F.);
#3960=ORIENTED_EDGE('',*,*,#2799,.F.);
#3961=ORIENTED_EDGE('',*,*,#2671,.F.);
#3962=ORIENTED_EDGE('',*,*,#2518,.F.);
#3963=ORIENTED_EDGE('',*,*,#2687,.F.);
#3964=ORIENTED_EDGE('',*,*,#2800,.T.);
#3965=ORIENTED_EDGE('',*,*,#2629,.F.);
#3966=ORIENTED_EDGE('',*,*,#2626,.F.);
#3967=ORIENTED_EDGE('',*,*,#2623,.F.);
#3968=ORIENTED_EDGE('',*,*,#2620,.F.);
#3969=ORIENTED_EDGE('',*,*,#2615,.F.);
#3970=ORIENTED_EDGE('',*,*,#2614,.F.);
#3971=ORIENTED_EDGE('',*,*,#2609,.F.);
#3972=ORIENTED_EDGE('',*,*,#2607,.F.);
#3973=ORIENTED_EDGE('',*,*,#2605,.F.);
#3974=ORIENTED_EDGE('',*,*,#2601,.F.);
#3975=ORIENTED_EDGE('',*,*,#2801,.T.);
#3976=ORIENTED_EDGE('',*,*,#2802,.T.);
#3977=ORIENTED_EDGE('',*,*,#2685,.F.);
#3978=ORIENTED_EDGE('',*,*,#2803,.T.);
#3979=ORIENTED_EDGE('',*,*,#2804,.T.);
#3980=ORIENTED_EDGE('',*,*,#2713,.T.);
#3981=ORIENTED_EDGE('',*,*,#2805,.T.);
#3982=ORIENTED_EDGE('',*,*,#2806,.T.);
#3983=ORIENTED_EDGE('',*,*,#2714,.T.);
#3984=ORIENTED_EDGE('',*,*,#2804,.F.);
#3985=ORIENTED_EDGE('',*,*,#2807,.T.);
#3986=ORIENTED_EDGE('',*,*,#2715,.T.);
#3987=ORIENTED_EDGE('',*,*,#2806,.F.);
#3988=ORIENTED_EDGE('',*,*,#2808,.T.);
#3989=ORIENTED_EDGE('',*,*,#2809,.T.);
#3990=ORIENTED_EDGE('',*,*,#2716,.T.);
#3991=ORIENTED_EDGE('',*,*,#2809,.F.);
#3992=ORIENTED_EDGE('',*,*,#2810,.T.);
#3993=ORIENTED_EDGE('',*,*,#2805,.F.);
#3994=ORIENTED_EDGE('',*,*,#2807,.F.);
#3995=ORIENTED_EDGE('',*,*,#2811,.T.);
#3996=ORIENTED_EDGE('',*,*,#2752,.T.);
#3997=ORIENTED_EDGE('',*,*,#2812,.F.);
#3998=ORIENTED_EDGE('',*,*,#2803,.F.);
#3999=ORIENTED_EDGE('',*,*,#2813,.T.);
#4000=ORIENTED_EDGE('',*,*,#2753,.T.);
#4001=ORIENTED_EDGE('',*,*,#2811,.F.);
#4002=ORIENTED_EDGE('',*,*,#2814,.T.);
#4003=ORIENTED_EDGE('',*,*,#2815,.T.);
#4004=ORIENTED_EDGE('',*,*,#2729,.T.);
#4005=ORIENTED_EDGE('',*,*,#2816,.T.);
#4006=ORIENTED_EDGE('',*,*,#2817,.T.);
#4007=ORIENTED_EDGE('',*,*,#2730,.T.);
#4008=ORIENTED_EDGE('',*,*,#2815,.F.);
#4009=ORIENTED_EDGE('',*,*,#2818,.T.);
#4010=ORIENTED_EDGE('',*,*,#2731,.T.);
#4011=ORIENTED_EDGE('',*,*,#2817,.F.);
#4012=ORIENTED_EDGE('',*,*,#2819,.T.);
#4013=ORIENTED_EDGE('',*,*,#2820,.T.);
#4014=ORIENTED_EDGE('',*,*,#2732,.T.);
#4015=ORIENTED_EDGE('',*,*,#2820,.F.);
#4016=ORIENTED_EDGE('',*,*,#2821,.T.);
#4017=ORIENTED_EDGE('',*,*,#2816,.F.);
#4018=ORIENTED_EDGE('',*,*,#2818,.F.);
#4019=ORIENTED_EDGE('',*,*,#2822,.T.);
#4020=ORIENTED_EDGE('',*,*,#2797,.T.);
#4021=ORIENTED_EDGE('',*,*,#2823,.F.);
#4022=ORIENTED_EDGE('',*,*,#2814,.F.);
#4023=ORIENTED_EDGE('',*,*,#2824,.T.);
#4024=ORIENTED_EDGE('',*,*,#2798,.T.);
#4025=ORIENTED_EDGE('',*,*,#2822,.F.);
#4026=ORIENTED_EDGE('',*,*,#2819,.F.);
#4027=ORIENTED_EDGE('',*,*,#2823,.T.);
#4028=ORIENTED_EDGE('',*,*,#2796,.T.);
#4029=ORIENTED_EDGE('',*,*,#2825,.F.);
#4030=ORIENTED_EDGE('',*,*,#2821,.F.);
#4031=ORIENTED_EDGE('',*,*,#2825,.T.);
#4032=ORIENTED_EDGE('',*,*,#2795,.T.);
#4033=ORIENTED_EDGE('',*,*,#2824,.F.);
#4034=ORIENTED_EDGE('',*,*,#2808,.F.);
#4035=ORIENTED_EDGE('',*,*,#2812,.T.);
#4036=ORIENTED_EDGE('',*,*,#2751,.T.);
#4037=ORIENTED_EDGE('',*,*,#2826,.F.);
#4038=ORIENTED_EDGE('',*,*,#2810,.F.);
#4039=ORIENTED_EDGE('',*,*,#2826,.T.);
#4040=ORIENTED_EDGE('',*,*,#2750,.T.);
#4041=ORIENTED_EDGE('',*,*,#2813,.F.);
#4042=ORIENTED_EDGE('',*,*,#2725,.T.);
#4043=ORIENTED_EDGE('',*,*,#2827,.T.);
#4044=ORIENTED_EDGE('',*,*,#2828,.T.);
#4045=ORIENTED_EDGE('',*,*,#2829,.F.);
#4046=ORIENTED_EDGE('',*,*,#2830,.T.);
#4047=ORIENTED_EDGE('',*,*,#2831,.T.);
#4048=ORIENTED_EDGE('',*,*,#2726,.T.);
#4049=ORIENTED_EDGE('',*,*,#2829,.T.);
#4050=ORIENTED_EDGE('',*,*,#2832,.T.);
#4051=ORIENTED_EDGE('',*,*,#2727,.T.);
#4052=ORIENTED_EDGE('',*,*,#2831,.F.);
#4053=ORIENTED_EDGE('',*,*,#2833,.T.);
#4054=ORIENTED_EDGE('',*,*,#2728,.T.);
#4055=ORIENTED_EDGE('',*,*,#2832,.F.);
#4056=ORIENTED_EDGE('',*,*,#2834,.T.);
#4057=ORIENTED_EDGE('',*,*,#2827,.F.);
#4058=ORIENTED_EDGE('',*,*,#2830,.F.);
#4059=ORIENTED_EDGE('',*,*,#2835,.T.);
#4060=ORIENTED_EDGE('',*,*,#2836,.T.);
#4061=ORIENTED_EDGE('',*,*,#2837,.F.);
#4062=ORIENTED_EDGE('',*,*,#2828,.F.);
#4063=ORIENTED_EDGE('',*,*,#2838,.T.);
#4064=ORIENTED_EDGE('',*,*,#2839,.T.);
#4065=ORIENTED_EDGE('',*,*,#2835,.F.);
#4066=ORIENTED_EDGE('',*,*,#2717,.T.);
#4067=ORIENTED_EDGE('',*,*,#2840,.T.);
#4068=ORIENTED_EDGE('',*,*,#2841,.T.);
#4069=ORIENTED_EDGE('',*,*,#2842,.F.);
#4070=ORIENTED_EDGE('',*,*,#2843,.T.);
#4071=ORIENTED_EDGE('',*,*,#2844,.T.);
#4072=ORIENTED_EDGE('',*,*,#2718,.T.);
#4073=ORIENTED_EDGE('',*,*,#2842,.T.);
#4074=ORIENTED_EDGE('',*,*,#2845,.T.);
#4075=ORIENTED_EDGE('',*,*,#2719,.T.);
#4076=ORIENTED_EDGE('',*,*,#2844,.F.);
#4077=ORIENTED_EDGE('',*,*,#2846,.T.);
#4078=ORIENTED_EDGE('',*,*,#2720,.T.);
#4079=ORIENTED_EDGE('',*,*,#2845,.F.);
#4080=ORIENTED_EDGE('',*,*,#2847,.T.);
#4081=ORIENTED_EDGE('',*,*,#2840,.F.);
#4082=ORIENTED_EDGE('',*,*,#2843,.F.);
#4083=ORIENTED_EDGE('',*,*,#2848,.T.);
#4084=ORIENTED_EDGE('',*,*,#2849,.T.);
#4085=ORIENTED_EDGE('',*,*,#2850,.F.);
#4086=ORIENTED_EDGE('',*,*,#2841,.F.);
#4087=ORIENTED_EDGE('',*,*,#2851,.T.);
#4088=ORIENTED_EDGE('',*,*,#2852,.T.);
#4089=ORIENTED_EDGE('',*,*,#2848,.F.);
#4090=ORIENTED_EDGE('',*,*,#2721,.T.);
#4091=ORIENTED_EDGE('',*,*,#2853,.T.);
#4092=ORIENTED_EDGE('',*,*,#2854,.T.);
#4093=ORIENTED_EDGE('',*,*,#2855,.F.);
#4094=ORIENTED_EDGE('',*,*,#2856,.T.);
#4095=ORIENTED_EDGE('',*,*,#2857,.T.);
#4096=ORIENTED_EDGE('',*,*,#2722,.T.);
#4097=ORIENTED_EDGE('',*,*,#2855,.T.);
#4098=ORIENTED_EDGE('',*,*,#2858,.T.);
#4099=ORIENTED_EDGE('',*,*,#2723,.T.);
#4100=ORIENTED_EDGE('',*,*,#2857,.F.);
#4101=ORIENTED_EDGE('',*,*,#2859,.T.);
#4102=ORIENTED_EDGE('',*,*,#2724,.T.);
#4103=ORIENTED_EDGE('',*,*,#2858,.F.);
#4104=ORIENTED_EDGE('',*,*,#2860,.T.);
#4105=ORIENTED_EDGE('',*,*,#2853,.F.);
#4106=ORIENTED_EDGE('',*,*,#2856,.F.);
#4107=ORIENTED_EDGE('',*,*,#2861,.T.);
#4108=ORIENTED_EDGE('',*,*,#2862,.T.);
#4109=ORIENTED_EDGE('',*,*,#2863,.F.);
#4110=ORIENTED_EDGE('',*,*,#2854,.F.);
#4111=ORIENTED_EDGE('',*,*,#2864,.T.);
#4112=ORIENTED_EDGE('',*,*,#2865,.T.);
#4113=ORIENTED_EDGE('',*,*,#2861,.F.);
#4114=ORIENTED_EDGE('',*,*,#2582,.F.);
#4115=ORIENTED_EDGE('',*,*,#2866,.T.);
#4116=ORIENTED_EDGE('',*,*,#2867,.T.);
#4117=ORIENTED_EDGE('',*,*,#2587,.F.);
#4118=ORIENTED_EDGE('',*,*,#2590,.F.);
#4119=ORIENTED_EDGE('',*,*,#2591,.F.);
#4120=ORIENTED_EDGE('',*,*,#2833,.F.);
#4121=ORIENTED_EDGE('',*,*,#2837,.T.);
#4122=ORIENTED_EDGE('',*,*,#2868,.T.);
#4123=ORIENTED_EDGE('',*,*,#2869,.F.);
#4124=ORIENTED_EDGE('',*,*,#2834,.F.);
#4125=ORIENTED_EDGE('',*,*,#2869,.T.);
#4126=ORIENTED_EDGE('',*,*,#2870,.T.);
#4127=ORIENTED_EDGE('',*,*,#2838,.F.);
#4128=ORIENTED_EDGE('',*,*,#2870,.F.);
#4129=ORIENTED_EDGE('',*,*,#2868,.F.);
#4130=ORIENTED_EDGE('',*,*,#2836,.F.);
#4131=ORIENTED_EDGE('',*,*,#2839,.F.);
#4132=ORIENTED_EDGE('',*,*,#2846,.F.);
#4133=ORIENTED_EDGE('',*,*,#2850,.T.);
#4134=ORIENTED_EDGE('',*,*,#2871,.T.);
#4135=ORIENTED_EDGE('',*,*,#2872,.F.);
#4136=ORIENTED_EDGE('',*,*,#2847,.F.);
#4137=ORIENTED_EDGE('',*,*,#2872,.T.);
#4138=ORIENTED_EDGE('',*,*,#2873,.T.);
#4139=ORIENTED_EDGE('',*,*,#2851,.F.);
#4140=ORIENTED_EDGE('',*,*,#2873,.F.);
#4141=ORIENTED_EDGE('',*,*,#2871,.F.);
#4142=ORIENTED_EDGE('',*,*,#2849,.F.);
#4143=ORIENTED_EDGE('',*,*,#2852,.F.);
#4144=ORIENTED_EDGE('',*,*,#2859,.F.);
#4145=ORIENTED_EDGE('',*,*,#2863,.T.);
#4146=ORIENTED_EDGE('',*,*,#2874,.T.);
#4147=ORIENTED_EDGE('',*,*,#2875,.F.);
#4148=ORIENTED_EDGE('',*,*,#2860,.F.);
#4149=ORIENTED_EDGE('',*,*,#2875,.T.);
#4150=ORIENTED_EDGE('',*,*,#2876,.T.);
#4151=ORIENTED_EDGE('',*,*,#2864,.F.);
#4152=ORIENTED_EDGE('',*,*,#2876,.F.);
#4153=ORIENTED_EDGE('',*,*,#2874,.F.);
#4154=ORIENTED_EDGE('',*,*,#2862,.F.);
#4155=ORIENTED_EDGE('',*,*,#2865,.F.);
#4156=ORIENTED_EDGE('',*,*,#2597,.F.);
#4157=ORIENTED_EDGE('',*,*,#2584,.F.);
#4158=ORIENTED_EDGE('',*,*,#2867,.F.);
#4159=ORIENTED_EDGE('',*,*,#2877,.F.);
#4160=ORIENTED_EDGE('',*,*,#2801,.F.);
#4161=ORIENTED_EDGE('',*,*,#2600,.F.);
#4162=ORIENTED_EDGE('',*,*,#2802,.F.);
#4163=ORIENTED_EDGE('',*,*,#2877,.T.);
#4164=ORIENTED_EDGE('',*,*,#2866,.F.);
#4165=ORIENTED_EDGE('',*,*,#2581,.F.);
#4166=ORIENTED_EDGE('',*,*,#2572,.F.);
#4167=ORIENTED_EDGE('',*,*,#2684,.F.);
#4168=ORIENTED_EDGE('',*,*,#2777,.F.);
#4169=ORIENTED_EDGE('',*,*,#2781,.F.);
#4170=ORIENTED_EDGE('',*,*,#2790,.F.);
#4171=ORIENTED_EDGE('',*,*,#2794,.F.);
#4172=PLANE('',#4660);
#4173=PLANE('',#4661);
#4174=PLANE('',#4662);
#4175=PLANE('',#4663);
#4176=PLANE('',#4664);
#4177=PLANE('',#4665);
#4178=PLANE('',#4667);
#4179=PLANE('',#4668);
#4180=PLANE('',#4679);
#4181=PLANE('',#4680);
#4182=PLANE('',#4687);
#4183=PLANE('',#4695);
#4184=PLANE('',#4700);
#4185=PLANE('',#4705);
#4186=PLANE('',#4714);
#4187=PLANE('',#4715);
#4188=PLANE('',#4716);
#4189=PLANE('',#4718);
#4190=PLANE('',#4722);
#4191=PLANE('',#4723);
#4192=PLANE('',#4725);
#4193=PLANE('',#4727);
#4194=PLANE('',#4728);
#4195=PLANE('',#4729);
#4196=PLANE('',#4734);
#4197=PLANE('',#4739);
#4198=PLANE('',#4742);
#4199=PLANE('',#4748);
#4200=PLANE('',#4749);
#4201=PLANE('',#4750);
#4202=PLANE('',#4753);
#4203=PLANE('',#4754);
#4204=PLANE('',#4755);
#4205=PLANE('',#4758);
#4206=PLANE('',#4761);
#4207=PLANE('',#4762);
#4208=PLANE('',#4763);
#4209=PLANE('',#4766);
#4210=PLANE('',#4767);
#4211=PLANE('',#4768);
#4212=PLANE('',#4771);
#4213=PLANE('',#4772);
#4214=PLANE('',#4775);
#4215=PLANE('',#4778);
#4216=PLANE('',#4781);
#4217=PLANE('',#4784);
#4218=PLANE('',#4787);
#4219=PLANE('',#4788);
#4220=PLANE('',#4797);
#4221=PLANE('',#4798);
#4222=PLANE('',#4801);
#4223=PLANE('',#4805);
#4224=PLANE('',#4806);
#4225=PLANE('',#4810);
#4226=PLANE('',#4814);
#4227=PLANE('',#4817);
#4228=PLANE('',#4820);
#4229=PLANE('',#4823);
#4230=PLANE('',#4826);
#4231=PLANE('',#4827);
#4232=PLANE('',#4828);
#4233=PLANE('',#4829);
#4234=PLANE('',#4830);
#4235=PLANE('',#4833);
#4236=PLANE('',#4836);
#4237=PLANE('',#4839);
#4238=PLANE('',#4844);
#4239=PLANE('',#4845);
#4240=PLANE('',#4846);
#4241=PLANE('',#4847);
#4242=PLANE('',#4848);
#4243=PLANE('',#4849);
#4244=PLANE('',#4850);
#4245=PLANE('',#4851);
#4246=PLANE('',#4852);
#4247=PLANE('',#4853);
#4248=PLANE('',#4854);
#4249=PLANE('',#4855);
#4250=PLANE('',#4856);
#4251=PLANE('',#4857);
#4252=PLANE('',#4858);
#4253=PLANE('',#4862);
#4254=PLANE('',#4863);
#4255=PLANE('',#4864);
#4256=PLANE('',#4868);
#4257=PLANE('',#4869);
#4258=PLANE('',#4870);
#4259=PLANE('',#4871);
#4260=PLANE('',#4872);
#4261=PLANE('',#4873);
#4262=PLANE('',#4874);
#4263=PLANE('',#4875);
#4264=PLANE('',#4879);
#4265=PLANE('',#4880);
#4266=PLANE('',#4881);
#4267=PLANE('',#4883);
#4268=PLANE('',#4884);
#4269=PLANE('',#4888);
#4270=PLANE('',#4889);
#4271=PLANE('',#4893);
#4272=PLANE('',#4897);
#4273=PLANE('',#4901);
#4274=PLANE('',#4903);
#4275=PLANE('',#4904);
#4276=PLANE('',#4907);
#4277=PLANE('',#4910);
#4278=PLANE('',#4913);
#4279=PLANE('',#4914);
#4280=PLANE('',#4915);
#4281=PLANE('',#4919);
#4282=PLANE('',#4923);
#4283=PLANE('',#4927);
#4284=PLANE('',#4930);
#4285=PLANE('',#4933);
#4286=PLANE('',#4936);
#4287=PLANE('',#4937);
#4288=PLANE('',#4938);
#4289=PLANE('',#4939);
#4290=PLANE('',#4940);
#4291=PLANE('',#4943);
#4292=PLANE('',#4946);
#4293=PLANE('',#4949);
#4294=PLANE('',#4952);
#4295=PLANE('',#4955);
#4296=PLANE('',#4958);
#4297=PLANE('',#4959);
#4298=PLANE('',#4965);
#4299=PLANE('',#4966);
#4300=PLANE('',#4970);
#4301=PLANE('',#4971);
#4302=PLANE('',#4972);
#4303=PLANE('',#4973);
#4304=PLANE('',#4975);
#4305=PLANE('',#4976);
#4306=PLANE('',#4980);
#4307=PLANE('',#4981);
#4308=PLANE('',#4982);
#4309=PLANE('',#4984);
#4310=PLANE('',#4985);
#4311=PLANE('',#4988);
#4312=PLANE('',#4989);
#4313=PLANE('',#4990);
#4314=PLANE('',#4991);
#4315=PLANE('',#4992);
#4316=PLANE('',#4996);
#4317=PLANE('',#4997);
#4318=PLANE('',#4998);
#4319=PLANE('',#5000);
#4320=PLANE('',#5002);
#4321=PLANE('',#5003);
#4322=PLANE('',#5004);
#4323=PLANE('',#5005);
#4324=PLANE('',#5008);
#4325=PLANE('',#5009);
#4326=PLANE('',#5011);
#4327=PLANE('',#5012);
#4328=PLANE('',#5015);
#4329=PLANE('',#5016);
#4330=PLANE('',#5018);
#4331=PLANE('',#5019);
#4332=PLANE('',#5020);
#4333=PLANE('',#5021);
#4334=PLANE('',#5022);
#4335=PLANE('',#5023);
#4336=PLANE('',#5024);
#4337=PLANE('',#5027);
#4338=PLANE('',#5028);
#4339=PLANE('',#5029);
#4340=PLANE('',#5030);
#4341=PLANE('',#5031);
#4342=PLANE('',#5034);
#4343=PLANE('',#5035);
#4344=PLANE('',#5036);
#4345=PLANE('',#5037);
#4346=PLANE('',#5038);
#4347=PLANE('',#5041);
#4348=PLANE('',#5042);
#4349=PLANE('',#5043);
#4350=PLANE('',#5044);
#4351=PLANE('',#5047);
#4352=PLANE('',#5048);
#4353=PLANE('',#5051);
#4354=PLANE('',#5052);
#4355=PLANE('',#5055);
#4356=PLANE('',#5056);
#4357=PLANE('',#5057);
#4358=PLANE('',#5058);
#4359=ADVANCED_FACE('',(#276),#4172,.T.);
#4360=ADVANCED_FACE('',(#277),#4173,.T.);
#4361=ADVANCED_FACE('',(#278),#4174,.T.);
#4362=ADVANCED_FACE('',(#279),#4175,.T.);
#4363=ADVANCED_FACE('',(#280),#4176,.F.);
#4364=ADVANCED_FACE('',(#281),#4177,.T.);
#4365=ADVANCED_FACE('',(#282),#4178,.T.);
#4366=ADVANCED_FACE('',(#283),#4179,.F.);
#4367=ADVANCED_FACE('',(#284),#220,.T.);
#4368=ADVANCED_FACE('',(#285),#94,.T.);
#4369=ADVANCED_FACE('',(#286),#42,.T.);
#4370=ADVANCED_FACE('',(#287),#4180,.T.);
#4371=ADVANCED_FACE('',(#288),#4181,.T.);
#4372=ADVANCED_FACE('',(#289),#95,.T.);
#4373=ADVANCED_FACE('',(#290),#221,.T.);
#4374=ADVANCED_FACE('',(#291),#4182,.T.);
#4375=ADVANCED_FACE('',(#292),#43,.T.);
#4376=ADVANCED_FACE('',(#293),#96,.T.);
#4377=ADVANCED_FACE('',(#294),#222,.T.);
#4378=ADVANCED_FACE('',(#295),#4183,.T.);
#4379=ADVANCED_FACE('',(#296),#44,.T.);
#4380=ADVANCED_FACE('',(#297),#97,.F.);
#4381=ADVANCED_FACE('',(#298),#4184,.F.);
#4382=ADVANCED_FACE('',(#299),#4185,.T.);
#4383=ADVANCED_FACE('',(#300),#98,.F.);
#4384=ADVANCED_FACE('',(#301),#99,.F.);
#4385=ADVANCED_FACE('',(#302),#223,.F.);
#4386=ADVANCED_FACE('',(#303),#4186,.F.);
#4387=ADVANCED_FACE('',(#304),#4187,.F.);
#4388=ADVANCED_FACE('',(#305),#4188,.T.);
#4389=ADVANCED_FACE('',(#306),#4189,.T.);
#4390=ADVANCED_FACE('',(#307),#224,.T.);
#4391=ADVANCED_FACE('',(#308),#4190,.T.);
#4392=ADVANCED_FACE('',(#309),#4191,.T.);
#4393=ADVANCED_FACE('',(#310),#4192,.T.);
#4394=ADVANCED_FACE('',(#311),#4193,.T.);
#4395=ADVANCED_FACE('',(#312),#4194,.T.);
#4396=ADVANCED_FACE('',(#313),#4195,.T.);
#4397=ADVANCED_FACE('',(#314),#4196,.T.);
#4398=ADVANCED_FACE('',(#315),#225,.T.);
#4399=ADVANCED_FACE('',(#316),#4197,.T.);
#4400=ADVANCED_FACE('',(#317),#45,.T.);
#4401=ADVANCED_FACE('',(#318),#4198,.T.);
#4402=ADVANCED_FACE('',(#319),#46,.F.);
#4403=ADVANCED_FACE('',(#320),#226,.F.);
#4404=ADVANCED_FACE('',(#321),#4199,.T.);
#4405=ADVANCED_FACE('',(#322),#4200,.F.);
#4406=ADVANCED_FACE('',(#323),#4201,.F.);
#4407=ADVANCED_FACE('',(#324),#227,.F.);
#4408=ADVANCED_FACE('',(#325),#4202,.F.);
#4409=ADVANCED_FACE('',(#326),#4203,.F.);
#4410=ADVANCED_FACE('',(#327),#4204,.F.);
#4411=ADVANCED_FACE('',(#328),#47,.F.);
#4412=ADVANCED_FACE('',(#329),#4205,.T.);
#4413=ADVANCED_FACE('',(#330),#48,.T.);
#4414=ADVANCED_FACE('',(#331),#4206,.T.);
#4415=ADVANCED_FACE('',(#332),#4207,.T.);
#4416=ADVANCED_FACE('',(#333),#4208,.F.);
#4417=ADVANCED_FACE('',(#334),#228,.F.);
#4418=ADVANCED_FACE('',(#335),#4209,.F.);
#4419=ADVANCED_FACE('',(#336),#4210,.F.);
#4420=ADVANCED_FACE('',(#337),#4211,.F.);
#4421=ADVANCED_FACE('',(#338),#229,.F.);
#4422=ADVANCED_FACE('',(#339),#4212,.F.);
#4423=ADVANCED_FACE('',(#340),#4213,.F.);
#4424=ADVANCED_FACE('',(#341),#49,.T.);
#4425=ADVANCED_FACE('',(#342),#4214,.T.);
#4426=ADVANCED_FACE('',(#343),#50,.T.);
#4427=ADVANCED_FACE('',(#344),#4215,.T.);
#4428=ADVANCED_FACE('',(#345),#51,.T.);
#4429=ADVANCED_FACE('',(#346),#4216,.T.);
#4430=ADVANCED_FACE('',(#347),#52,.T.);
#4431=ADVANCED_FACE('',(#348),#4217,.T.);
#4432=ADVANCED_FACE('',(#349),#53,.T.);
#4433=ADVANCED_FACE('',(#350),#4218,.T.);
#4434=ADVANCED_FACE('',(#351),#4219,.T.);
#4435=ADVANCED_FACE('',(#352),#54,.F.);
#4436=ADVANCED_FACE('',(#353),#55,.F.);
#4437=ADVANCED_FACE('',(#354),#230,.F.);
#4438=ADVANCED_FACE('',(#355),#4220,.T.);
#4439=ADVANCED_FACE('',(#356),#4221,.T.);
#4440=ADVANCED_FACE('',(#357),#231,.F.);
#4441=ADVANCED_FACE('',(#358),#4222,.T.);
#4442=ADVANCED_FACE('',(#359),#56,.F.);
#4443=ADVANCED_FACE('',(#360),#4223,.F.);
#4444=ADVANCED_FACE('',(#361),#4224,.F.);
#4445=ADVANCED_FACE('',(#362),#57,.F.);
#4446=ADVANCED_FACE('',(#363),#232,.F.);
#4447=ADVANCED_FACE('',(#364),#4225,.F.);
#4448=ADVANCED_FACE('',(#365),#58,.T.);
#4449=ADVANCED_FACE('',(#366,#23,#24,#25),#4226,.F.);
#4450=ADVANCED_FACE('',(#367),#233,.T.);
#4451=ADVANCED_FACE('',(#368),#4227,.T.);
#4452=ADVANCED_FACE('',(#369),#234,.T.);
#4453=ADVANCED_FACE('',(#370),#4228,.T.);
#4454=ADVANCED_FACE('',(#371),#235,.T.);
#4455=ADVANCED_FACE('',(#372),#4229,.T.);
#4456=ADVANCED_FACE('',(#373),#236,.T.);
#4457=ADVANCED_FACE('',(#374),#4230,.T.);
#4458=ADVANCED_FACE('',(#375),#4231,.T.);
#4459=ADVANCED_FACE('',(#376),#4232,.T.);
#4460=ADVANCED_FACE('',(#377),#4233,.T.);
#4461=ADVANCED_FACE('',(#378),#4234,.F.);
#4462=ADVANCED_FACE('',(#379),#237,.F.);
#4463=ADVANCED_FACE('',(#380),#4235,.F.);
#4464=ADVANCED_FACE('',(#381),#238,.F.);
#4465=ADVANCED_FACE('',(#382),#4236,.F.);
#4466=ADVANCED_FACE('',(#383),#239,.F.);
#4467=ADVANCED_FACE('',(#384),#4237,.F.);
#4468=ADVANCED_FACE('',(#385),#240,.F.);
#4469=ADVANCED_FACE('',(#386),#241,.T.);
#4470=ADVANCED_FACE('',(#387),#4238,.F.);
#4471=ADVANCED_FACE('',(#388,#26),#4239,.T.);
#4472=ADVANCED_FACE('',(#389),#4240,.F.);
#4473=ADVANCED_FACE('',(#390),#4241,.F.);
#4474=ADVANCED_FACE('',(#391),#4242,.T.);
#4475=ADVANCED_FACE('',(#392),#4243,.T.);
#4476=ADVANCED_FACE('',(#393),#4244,.T.);
#4477=ADVANCED_FACE('',(#394),#4245,.T.);
#4478=ADVANCED_FACE('',(#395),#4246,.T.);
#4479=ADVANCED_FACE('',(#396),#4247,.T.);
#4480=ADVANCED_FACE('',(#397),#4248,.T.);
#4481=ADVANCED_FACE('',(#398),#4249,.T.);
#4482=ADVANCED_FACE('',(#399),#4250,.T.);
#4483=ADVANCED_FACE('',(#400),#4251,.T.);
#4484=ADVANCED_FACE('',(#401),#4252,.T.);
#4485=ADVANCED_FACE('',(#402),#59,.T.);
#4486=ADVANCED_FACE('',(#403),#4253,.T.);
#4487=ADVANCED_FACE('',(#404),#4254,.T.);
#4488=ADVANCED_FACE('',(#405),#4255,.T.);
#4489=ADVANCED_FACE('',(#406),#60,.T.);
#4490=ADVANCED_FACE('',(#407),#4256,.T.);
#4491=ADVANCED_FACE('',(#408),#4257,.T.);
#4492=ADVANCED_FACE('',(#409),#4258,.T.);
#4493=ADVANCED_FACE('',(#410),#4259,.T.);
#4494=ADVANCED_FACE('',(#411),#4260,.T.);
#4495=ADVANCED_FACE('',(#412),#4261,.T.);
#4496=ADVANCED_FACE('',(#413),#4262,.T.);
#4497=ADVANCED_FACE('',(#414),#4263,.T.);
#4498=ADVANCED_FACE('',(#415),#61,.T.);
#4499=ADVANCED_FACE('',(#416),#4264,.T.);
#4500=ADVANCED_FACE('',(#417),#4265,.T.);
#4501=ADVANCED_FACE('',(#418),#4266,.T.);
#4502=ADVANCED_FACE('',(#419),#242,.T.);
#4503=ADVANCED_FACE('',(#420),#4267,.T.);
#4504=ADVANCED_FACE('',(#421),#4268,.T.);
#4505=ADVANCED_FACE('',(#422),#62,.T.);
#4506=ADVANCED_FACE('',(#423),#4269,.T.);
#4507=ADVANCED_FACE('',(#424),#4270,.T.);
#4508=ADVANCED_FACE('',(#425),#63,.F.);
#4509=ADVANCED_FACE('',(#426),#4271,.T.);
#4510=ADVANCED_FACE('',(#427),#64,.T.);
#4511=ADVANCED_FACE('',(#428),#4272,.T.);
#4512=ADVANCED_FACE('',(#429),#65,.T.);
#4513=ADVANCED_FACE('',(#430),#4273,.T.);
#4514=ADVANCED_FACE('',(#431),#243,.T.);
#4515=ADVANCED_FACE('',(#432),#4274,.T.);
#4516=ADVANCED_FACE('',(#433),#4275,.T.);
#4517=ADVANCED_FACE('',(#434),#244,.F.);
#4518=ADVANCED_FACE('',(#435),#4276,.T.);
#4519=ADVANCED_FACE('',(#436),#245,.T.);
#4520=ADVANCED_FACE('',(#437),#4277,.T.);
#4521=ADVANCED_FACE('',(#438),#246,.T.);
#4522=ADVANCED_FACE('',(#439),#4278,.T.);
#4523=ADVANCED_FACE('',(#440),#4279,.T.);
#4524=ADVANCED_FACE('',(#441),#4280,.T.);
#4525=ADVANCED_FACE('',(#442),#66,.T.);
#4526=ADVANCED_FACE('',(#443),#4281,.T.);
#4527=ADVANCED_FACE('',(#444),#67,.T.);
#4528=ADVANCED_FACE('',(#445),#4282,.T.);
#4529=ADVANCED_FACE('',(#446),#68,.T.);
#4530=ADVANCED_FACE('',(#447),#4283,.T.);
#4531=ADVANCED_FACE('',(#448),#247,.T.);
#4532=ADVANCED_FACE('',(#449),#4284,.T.);
#4533=ADVANCED_FACE('',(#450),#248,.T.);
#4534=ADVANCED_FACE('',(#451),#4285,.T.);
#4535=ADVANCED_FACE('',(#452),#249,.T.);
#4536=ADVANCED_FACE('',(#453),#4286,.T.);
#4537=ADVANCED_FACE('',(#454),#4287,.T.);
#4538=ADVANCED_FACE('',(#455),#4288,.T.);
#4539=ADVANCED_FACE('',(#456),#4289,.T.);
#4540=ADVANCED_FACE('',(#457),#4290,.T.);
#4541=ADVANCED_FACE('',(#458),#69,.F.);
#4542=ADVANCED_FACE('',(#459),#4291,.T.);
#4543=ADVANCED_FACE('',(#460),#70,.T.);
#4544=ADVANCED_FACE('',(#461),#4292,.T.);
#4545=ADVANCED_FACE('',(#462),#71,.T.);
#4546=ADVANCED_FACE('',(#463),#4293,.T.);
#4547=ADVANCED_FACE('',(#464),#72,.T.);
#4548=ADVANCED_FACE('',(#465),#4294,.T.);
#4549=ADVANCED_FACE('',(#466),#73,.T.);
#4550=ADVANCED_FACE('',(#467),#4295,.T.);
#4551=ADVANCED_FACE('',(#468),#74,.T.);
#4552=ADVANCED_FACE('',(#469),#4296,.T.);
#4553=ADVANCED_FACE('',(#470,#27,#28,#29,#30,#31),#4297,.T.);
#4554=ADVANCED_FACE('',(#471),#4298,.T.);
#4555=ADVANCED_FACE('',(#472),#4299,.T.);
#4556=ADVANCED_FACE('',(#473),#75,.F.);
#4557=ADVANCED_FACE('',(#474),#4300,.T.);
#4558=ADVANCED_FACE('',(#475),#4301,.F.);
#4559=ADVANCED_FACE('',(#476),#4302,.F.);
#4560=ADVANCED_FACE('',(#477,#32),#4303,.T.);
#4561=ADVANCED_FACE('',(#478),#4304,.T.);
#4562=ADVANCED_FACE('',(#479),#4305,.T.);
#4563=ADVANCED_FACE('',(#480),#76,.F.);
#4564=ADVANCED_FACE('',(#481),#4306,.T.);
#4565=ADVANCED_FACE('',(#482),#4307,.F.);
#4566=ADVANCED_FACE('',(#483,#33,#34),#4308,.T.);
#4567=ADVANCED_FACE('',(#484),#4309,.T.);
#4568=ADVANCED_FACE('',(#485),#4310,.T.);
#4569=ADVANCED_FACE('',(#486),#77,.F.);
#4570=ADVANCED_FACE('',(#487),#4311,.T.);
#4571=ADVANCED_FACE('',(#488),#4312,.F.);
#4572=ADVANCED_FACE('',(#489),#4313,.F.);
#4573=ADVANCED_FACE('',(#490),#4314,.T.);
#4574=ADVANCED_FACE('',(#491),#4315,.T.);
#4575=ADVANCED_FACE('',(#492),#78,.F.);
#4576=ADVANCED_FACE('',(#493),#4316,.T.);
#4577=ADVANCED_FACE('',(#494),#4317,.F.);
#4578=ADVANCED_FACE('',(#495,#35),#4318,.T.);
#4579=ADVANCED_FACE('',(#496),#4319,.F.);
#4580=ADVANCED_FACE('',(#497),#250,.F.);
#4581=ADVANCED_FACE('',(#498),#4320,.T.);
#4582=ADVANCED_FACE('',(#499),#4321,.T.);
#4583=ADVANCED_FACE('',(#500),#4322,.F.);
#4584=ADVANCED_FACE('',(#501),#4323,.T.);
#4585=ADVANCED_FACE('',(#502),#79,.F.);
#4586=ADVANCED_FACE('',(#503),#4324,.T.);
#4587=ADVANCED_FACE('',(#504),#4325,.T.);
#4588=ADVANCED_FACE('',(#505),#251,.F.);
#4589=ADVANCED_FACE('',(#506),#4326,.F.);
#4590=ADVANCED_FACE('',(#507),#4327,.T.);
#4591=ADVANCED_FACE('',(#508),#80,.F.);
#4592=ADVANCED_FACE('',(#509),#4328,.T.);
#4593=ADVANCED_FACE('',(#510),#4329,.T.);
#4594=ADVANCED_FACE('',(#511),#252,.F.);
#4595=ADVANCED_FACE('',(#512),#4330,.F.);
#4596=ADVANCED_FACE('',(#513),#4331,.F.);
#4597=ADVANCED_FACE('',(#514),#4332,.F.);
#4598=ADVANCED_FACE('',(#515),#4333,.F.);
#4599=ADVANCED_FACE('',(#516),#4334,.F.);
#4600=ADVANCED_FACE('',(#517),#4335,.T.);
#4601=ADVANCED_FACE('',(#518),#4336,.T.);
#4602=ADVANCED_FACE('',(#519),#81,.F.);
#4603=ADVANCED_FACE('',(#520),#4337,.T.);
#4604=ADVANCED_FACE('',(#521),#4338,.F.);
#4605=ADVANCED_FACE('',(#522),#4339,.F.);
#4606=ADVANCED_FACE('',(#523),#4340,.T.);
#4607=ADVANCED_FACE('',(#524),#4341,.T.);
#4608=ADVANCED_FACE('',(#525),#82,.F.);
#4609=ADVANCED_FACE('',(#526),#4342,.T.);
#4610=ADVANCED_FACE('',(#527),#4343,.F.);
#4611=ADVANCED_FACE('',(#528),#4344,.F.);
#4612=ADVANCED_FACE('',(#529),#4345,.T.);
#4613=ADVANCED_FACE('',(#530),#4346,.T.);
#4614=ADVANCED_FACE('',(#531),#83,.F.);
#4615=ADVANCED_FACE('',(#532),#4347,.T.);
#4616=ADVANCED_FACE('',(#533),#4348,.F.);
#4617=ADVANCED_FACE('',(#534),#4349,.F.);
#4618=ADVANCED_FACE('',(#535),#4350,.F.);
#4619=ADVANCED_FACE('',(#536),#253,.F.);
#4620=ADVANCED_FACE('',(#537),#4351,.F.);
#4621=ADVANCED_FACE('',(#538),#4352,.T.);
#4622=ADVANCED_FACE('',(#539),#254,.F.);
#4623=ADVANCED_FACE('',(#540),#4353,.F.);
#4624=ADVANCED_FACE('',(#541),#4354,.T.);
#4625=ADVANCED_FACE('',(#542),#255,.F.);
#4626=ADVANCED_FACE('',(#543),#4355,.F.);
#4627=ADVANCED_FACE('',(#544),#4356,.T.);
#4628=ADVANCED_FACE('',(#545),#4357,.T.);
#4629=ADVANCED_FACE('',(#546),#4358,.T.);
#4630=ADVANCED_FACE('',(#547),#256,.F.);
#4631=CLOSED_SHELL('',(#4359,#4360,#4361,#4362,#4363,#4364));
#4632=CLOSED_SHELL('',(#4365,#4366,#4367,#4368,#4369,#4370,#4371,#4372,
#4373,#4374,#4375,#4376,#4377,#4378,#4379,#4380,#4381,#4382,#4383,#4384,
#4385,#4386,#4387,#4388,#4389,#4390,#4391,#4392,#4393,#4394,#4395,#4396,
#4397,#4398,#4399,#4400,#4401,#4402,#4403,#4404,#4405,#4406,#4407,#4408,
#4409,#4410,#4411,#4412,#4413,#4414,#4415,#4416,#4417,#4418,#4419,#4420,
#4421,#4422,#4423,#4424,#4425,#4426,#4427,#4428,#4429,#4430,#4431,#4432,
#4433,#4434,#4435,#4436,#4437,#4438,#4439,#4440,#4441,#4442,#4443,#4444,
#4445,#4446,#4447,#4448,#4449,#4450,#4451,#4452,#4453,#4454,#4455,#4456,
#4457,#4458,#4459,#4460,#4461,#4462,#4463,#4464,#4465,#4466,#4467,#4468,
#4469,#4470,#4471,#4472,#4473));
#4633=CLOSED_SHELL('',(#4474,#4475,#4476,#4477,#4478,#4479,#4480,#4481,
#4482,#4483,#4484,#4485,#4486,#4487,#4488,#4489,#4490,#4491,#4492,#4493,
#4494,#4495,#4496,#4497,#4498,#4499,#4500,#4501,#4502,#4503,#4504,#4505,
#4506,#4507,#4508,#4509,#4510,#4511,#4512,#4513,#4514,#4515,#4516,#4517,
#4518,#4519,#4520,#4521,#4522,#4523,#4524,#4525,#4526,#4527,#4528,#4529,
#4530,#4531,#4532,#4533,#4534,#4535,#4536,#4537,#4538,#4539,#4540,#4541,
#4542,#4543,#4544,#4545,#4546,#4547,#4548,#4549,#4550,#4551,#4552,#4553,
#4554,#4555,#4556,#4557,#4558,#4559,#4560,#4561,#4562,#4563,#4564,#4565,
#4566,#4567,#4568,#4569,#4570,#4571,#4572,#4573,#4574,#4575,#4576,#4577,
#4578,#4579,#4580,#4581,#4582,#4583,#4584,#4585,#4586,#4587,#4588,#4589,
#4590,#4591,#4592,#4593,#4594,#4595,#4596,#4597,#4598,#4599,#4600,#4601,
#4602,#4603,#4604,#4605,#4606,#4607,#4608,#4609,#4610,#4611,#4612,#4613,
#4614,#4615,#4616,#4617,#4618,#4619,#4620,#4621,#4622,#4623,#4624,#4625,
#4626,#4627,#4628,#4629,#4630));
#4634=DERIVED_UNIT_ELEMENT(#4638,1.);
#4635=DERIVED_UNIT_ELEMENT(#7781,-3.);
#4636=DERIVED_UNIT_ELEMENT(#4638,1.);
#4637=DERIVED_UNIT_ELEMENT(#7781,-3.);
#4638=(
MASS_UNIT()
NAMED_UNIT(*)
SI_UNIT(.KILO.,.GRAM.)
);
#4639=DERIVED_UNIT((#4634,#4635));
#4640=DERIVED_UNIT((#4636,#4637));
#4641=MEASURE_REPRESENTATION_ITEM('density measure',
POSITIVE_RATIO_MEASURE(1060.),#4639);
#4642=MEASURE_REPRESENTATION_ITEM('density measure',
POSITIVE_RATIO_MEASURE(1060.),#4640);
#4643=PROPERTY_DEFINITION_REPRESENTATION(#4653,#4647);
#4644=PROPERTY_DEFINITION_REPRESENTATION(#4654,#4648);
#4645=PROPERTY_DEFINITION_REPRESENTATION(#4655,#4649);
#4646=PROPERTY_DEFINITION_REPRESENTATION(#4656,#4650);
#4647=REPRESENTATION('material name',(#4651),#7777);
#4648=REPRESENTATION('density',(#4641),#7777);
#4649=REPRESENTATION('material name',(#4652),#7778);
#4650=REPRESENTATION('density',(#4642),#7778);
#4651=DESCRIPTIVE_REPRESENTATION_ITEM('ABS Plastic','ABS Plastic');
#4652=DESCRIPTIVE_REPRESENTATION_ITEM('ABS Plastic','ABS Plastic');
#4653=PROPERTY_DEFINITION('material property','material name',#7802);
#4654=PROPERTY_DEFINITION('material property','density of part',#7802);
#4655=PROPERTY_DEFINITION('material property','material name',#7803);
#4656=PROPERTY_DEFINITION('material property','density of part',#7803);
#4657=AXIS2_PLACEMENT_3D('',#6379,#5063,#5064);
#4658=AXIS2_PLACEMENT_3D('',#6380,#5065,#5066);
#4659=AXIS2_PLACEMENT_3D('',#6381,#5067,#5068);
#4660=AXIS2_PLACEMENT_3D('',#6382,#5069,#5070);
#4661=AXIS2_PLACEMENT_3D('',#6391,#5075,#5076);
#4662=AXIS2_PLACEMENT_3D('',#6397,#5080,#5081);
#4663=AXIS2_PLACEMENT_3D('',#6403,#5085,#5086);
#4664=AXIS2_PLACEMENT_3D('',#6406,#5089,#5090);
#4665=AXIS2_PLACEMENT_3D('',#6407,#5091,#5092);
#4666=AXIS2_PLACEMENT_3D('',#6408,#5093,#5094);
#4667=AXIS2_PLACEMENT_3D('',#6409,#5095,#5096);
#4668=AXIS2_PLACEMENT_3D('',#6418,#5101,#5102);
#4669=AXIS2_PLACEMENT_3D('',#6424,#5105,#5106);
#4670=AXIS2_PLACEMENT_3D('',#6428,#5108,#5109);
#4671=AXIS2_PLACEMENT_3D('',#6430,#5111,#5112);
#4672=AXIS2_PLACEMENT_3D('',#6433,#5113,#5114);
#4673=AXIS2_PLACEMENT_3D('',#6437,#5116,#5117);
#4674=AXIS2_PLACEMENT_3D('',#6439,#5119,#5120);
#4675=AXIS2_PLACEMENT_3D('',#6450,#5121,#5122);
#4676=AXIS2_PLACEMENT_3D('',#6451,#5123,#5124);
#4677=AXIS2_PLACEMENT_3D('',#6452,#5125,#5126);
#4678=AXIS2_PLACEMENT_3D('',#6460,#5128,#5129);
#4679=AXIS2_PLACEMENT_3D('',#6465,#5130,#5131);
#4680=AXIS2_PLACEMENT_3D('',#6467,#5133,#5134);
#4681=AXIS2_PLACEMENT_3D('',#6471,#5136,#5137);
#4682=AXIS2_PLACEMENT_3D('',#6497,#5140,#5141);
#4683=AXIS2_PLACEMENT_3D('',#6500,#5142,#5143);
#4684=AXIS2_PLACEMENT_3D('',#6502,#5144,#5145);
#4685=AXIS2_PLACEMENT_3D('',#6512,#5146,#5147);
#4686=AXIS2_PLACEMENT_3D('',#6513,#5148,#5149);
#4687=AXIS2_PLACEMENT_3D('',#6516,#5152,#5153);
#4688=AXIS2_PLACEMENT_3D('',#6518,#5155,#5156);
#4689=AXIS2_PLACEMENT_3D('',#6523,#5157,#5158);
#4690=AXIS2_PLACEMENT_3D('',#6524,#5159,#5160);
#4691=AXIS2_PLACEMENT_3D('',#6527,#5161,#5162);
#4692=AXIS2_PLACEMENT_3D('',#6529,#5163,#5164);
#4693=AXIS2_PLACEMENT_3D('',#6539,#5165,#5166);
#4694=AXIS2_PLACEMENT_3D('',#6540,#5167,#5168);
#4695=AXIS2_PLACEMENT_3D('',#6548,#5171,#5172);
#4696=AXIS2_PLACEMENT_3D('',#6552,#5175,#5176);
#4697=AXIS2_PLACEMENT_3D('',#6557,#5177,#5178);
#4698=AXIS2_PLACEMENT_3D('',#6558,#5179,#5180);
#4699=AXIS2_PLACEMENT_3D('',#6568,#5181,#5182);
#4700=AXIS2_PLACEMENT_3D('',#6569,#5183,#5184);
#4701=AXIS2_PLACEMENT_3D('',#6581,#5190,#5191);
#4702=AXIS2_PLACEMENT_3D('',#6585,#5193,#5194);
#4703=AXIS2_PLACEMENT_3D('',#6589,#5196,#5197);
#4704=AXIS2_PLACEMENT_3D('',#6593,#5199,#5200);
#4705=AXIS2_PLACEMENT_3D('',#6605,#5203,#5204);
#4706=AXIS2_PLACEMENT_3D('',#6606,#5205,#5206);
#4707=AXIS2_PLACEMENT_3D('',#6616,#5211,#5212);
#4708=AXIS2_PLACEMENT_3D('',#6620,#5214,#5215);
#4709=AXIS2_PLACEMENT_3D('',#6622,#5217,#5218);
#4710=AXIS2_PLACEMENT_3D('',#6623,#5219,#5220);
#4711=AXIS2_PLACEMENT_3D('',#6633,#5221,#5222);
#4712=AXIS2_PLACEMENT_3D('',#6638,#5223,#5224);
#4713=AXIS2_PLACEMENT_3D('',#6639,#5225,#5226);
#4714=AXIS2_PLACEMENT_3D('',#6640,#5227,#5228);
#4715=AXIS2_PLACEMENT_3D('',#6644,#5231,#5232);
#4716=AXIS2_PLACEMENT_3D('',#6652,#5237,#5238);
#4717=AXIS2_PLACEMENT_3D('',#6659,#5241,#5242);
#4718=AXIS2_PLACEMENT_3D('',#6661,#5244,#5245);
#4719=AXIS2_PLACEMENT_3D('',#6670,#5250,#5251);
#4720=AXIS2_PLACEMENT_3D('',#6672,#5252,#5253);
#4721=AXIS2_PLACEMENT_3D('',#6674,#5254,#5255);
#4722=AXIS2_PLACEMENT_3D('',#6676,#5257,#5258);
#4723=AXIS2_PLACEMENT_3D('',#6683,#5262,#5263);
#4724=AXIS2_PLACEMENT_3D('',#6688,#5265,#5266);
#4725=AXIS2_PLACEMENT_3D('',#6692,#5269,#5270);
#4726=AXIS2_PLACEMENT_3D('',#6697,#5272,#5273);
#4727=AXIS2_PLACEMENT_3D('',#6701,#5276,#5277);
#4728=AXIS2_PLACEMENT_3D('',#6707,#5281,#5282);
#4729=AXIS2_PLACEMENT_3D('',#6714,#5287,#5288);
#4730=AXIS2_PLACEMENT_3D('',#6718,#5290,#5291);
#4731=AXIS2_PLACEMENT_3D('',#6722,#5293,#5294);
#4732=AXIS2_PLACEMENT_3D('',#6726,#5296,#5297);
#4733=AXIS2_PLACEMENT_3D('',#6730,#5299,#5300);
#4734=AXIS2_PLACEMENT_3D('',#6732,#5302,#5303);
#4735=AXIS2_PLACEMENT_3D('',#6741,#5308,#5309);
#4736=AXIS2_PLACEMENT_3D('',#6743,#5310,#5311);
#4737=AXIS2_PLACEMENT_3D('',#6744,#5312,#5313);
#4738=AXIS2_PLACEMENT_3D('',#6745,#5314,#5315);
#4739=AXIS2_PLACEMENT_3D('',#6746,#5316,#5317);
#4740=AXIS2_PLACEMENT_3D('',#6750,#5320,#5321);
#4741=AXIS2_PLACEMENT_3D('',#6753,#5323,#5324);
#4742=AXIS2_PLACEMENT_3D('',#6754,#5325,#5326);
#4743=AXIS2_PLACEMENT_3D('',#6758,#5329,#5330);
#4744=AXIS2_PLACEMENT_3D('',#6762,#5332,#5333);
#4745=AXIS2_PLACEMENT_3D('',#6763,#5334,#5335);
#4746=AXIS2_PLACEMENT_3D('',#6764,#5336,#5337);
#4747=AXIS2_PLACEMENT_3D('',#6767,#5339,#5340);
#4748=AXIS2_PLACEMENT_3D('',#6768,#5341,#5342);
#4749=AXIS2_PLACEMENT_3D('',#6774,#5346,#5347);
#4750=AXIS2_PLACEMENT_3D('',#6775,#5348,#5349);
#4751=AXIS2_PLACEMENT_3D('',#6781,#5353,#5354);
#4752=AXIS2_PLACEMENT_3D('',#6784,#5355,#5356);
#4753=AXIS2_PLACEMENT_3D('',#6787,#5359,#5360);
#4754=AXIS2_PLACEMENT_3D('',#6791,#5363,#5364);
#4755=AXIS2_PLACEMENT_3D('',#6795,#5367,#5368);
#4756=AXIS2_PLACEMENT_3D('',#6797,#5370,#5371);
#4757=AXIS2_PLACEMENT_3D('',#6802,#5374,#5375);
#4758=AXIS2_PLACEMENT_3D('',#6803,#5376,#5377);
#4759=AXIS2_PLACEMENT_3D('',#6807,#5380,#5381);
#4760=AXIS2_PLACEMENT_3D('',#6810,#5383,#5384);
#4761=AXIS2_PLACEMENT_3D('',#6811,#5385,#5386);
#4762=AXIS2_PLACEMENT_3D('',#6813,#5388,#5389);
#4763=AXIS2_PLACEMENT_3D('',#6817,#5392,#5393);
#4764=AXIS2_PLACEMENT_3D('',#6823,#5397,#5398);
#4765=AXIS2_PLACEMENT_3D('',#6825,#5399,#5400);
#4766=AXIS2_PLACEMENT_3D('',#6827,#5402,#5403);
#4767=AXIS2_PLACEMENT_3D('',#6831,#5406,#5407);
#4768=AXIS2_PLACEMENT_3D('',#6833,#5409,#5410);
#4769=AXIS2_PLACEMENT_3D('',#6839,#5414,#5415);
#4770=AXIS2_PLACEMENT_3D('',#6841,#5416,#5417);
#4771=AXIS2_PLACEMENT_3D('',#6843,#5419,#5420);
#4772=AXIS2_PLACEMENT_3D('',#6847,#5423,#5424);
#4773=AXIS2_PLACEMENT_3D('',#6849,#5426,#5427);
#4774=AXIS2_PLACEMENT_3D('',#6851,#5428,#5429);
#4775=AXIS2_PLACEMENT_3D('',#6853,#5431,#5432);
#4776=AXIS2_PLACEMENT_3D('',#6857,#5435,#5436);
#4777=AXIS2_PLACEMENT_3D('',#6859,#5437,#5438);
#4778=AXIS2_PLACEMENT_3D('',#6861,#5440,#5441);
#4779=AXIS2_PLACEMENT_3D('',#6865,#5444,#5445);
#4780=AXIS2_PLACEMENT_3D('',#6867,#5446,#5447);
#4781=AXIS2_PLACEMENT_3D('',#6869,#5449,#5450);
#4782=AXIS2_PLACEMENT_3D('',#6873,#5453,#5454);
#4783=AXIS2_PLACEMENT_3D('',#6875,#5455,#5456);
#4784=AXIS2_PLACEMENT_3D('',#6877,#5458,#5459);
#4785=AXIS2_PLACEMENT_3D('',#6883,#5463,#5464);
#4786=AXIS2_PLACEMENT_3D('',#6886,#5466,#5467);
#4787=AXIS2_PLACEMENT_3D('',#6887,#5468,#5469);
#4788=AXIS2_PLACEMENT_3D('',#6891,#5472,#5473);
#4789=AXIS2_PLACEMENT_3D('',#6893,#5475,#5476);
#4790=AXIS2_PLACEMENT_3D('',#6897,#5478,#5479);
#4791=AXIS2_PLACEMENT_3D('',#6898,#5480,#5481);
#4792=AXIS2_PLACEMENT_3D('',#6899,#5482,#5483);
#4793=AXIS2_PLACEMENT_3D('',#6905,#5484,#5485);
#4794=AXIS2_PLACEMENT_3D('',#6906,#5486,#5487);
#4795=AXIS2_PLACEMENT_3D('',#6907,#5488,#5489);
#4796=AXIS2_PLACEMENT_3D('',#6909,#5490,#5491);
#4797=AXIS2_PLACEMENT_3D('',#6911,#5493,#5494);
#4798=AXIS2_PLACEMENT_3D('',#6913,#5496,#5497);
#4799=AXIS2_PLACEMENT_3D('',#6919,#5501,#5502);
#4800=AXIS2_PLACEMENT_3D('',#6923,#5504,#5505);
#4801=AXIS2_PLACEMENT_3D('',#6925,#5507,#5508);
#4802=AXIS2_PLACEMENT_3D('',#6927,#5510,#5511);
#4803=AXIS2_PLACEMENT_3D('',#6931,#5513,#5514);
#4804=AXIS2_PLACEMENT_3D('',#6933,#5516,#5517);
#4805=AXIS2_PLACEMENT_3D('',#6934,#5518,#5519);
#4806=AXIS2_PLACEMENT_3D('',#6936,#5521,#5522);
#4807=AXIS2_PLACEMENT_3D('',#6938,#5524,#5525);
#4808=AXIS2_PLACEMENT_3D('',#6939,#5526,#5527);
#4809=AXIS2_PLACEMENT_3D('',#6940,#5528,#5529);
#4810=AXIS2_PLACEMENT_3D('',#6941,#5530,#5531);
#4811=AXIS2_PLACEMENT_3D('',#6945,#5534,#5535);
#4812=AXIS2_PLACEMENT_3D('',#6948,#5537,#5538);
#4813=AXIS2_PLACEMENT_3D('',#6949,#5539,#5540);
#4814=AXIS2_PLACEMENT_3D('',#6950,#5541,#5542);
#4815=AXIS2_PLACEMENT_3D('',#6956,#5546,#5547);
#4816=AXIS2_PLACEMENT_3D('',#6958,#5548,#5549);
#4817=AXIS2_PLACEMENT_3D('',#6960,#5551,#5552);
#4818=AXIS2_PLACEMENT_3D('',#6964,#5555,#5556);
#4819=AXIS2_PLACEMENT_3D('',#6966,#5557,#5558);
#4820=AXIS2_PLACEMENT_3D('',#6968,#5560,#5561);
#4821=AXIS2_PLACEMENT_3D('',#6972,#5564,#5565);
#4822=AXIS2_PLACEMENT_3D('',#6974,#5566,#5567);
#4823=AXIS2_PLACEMENT_3D('',#6976,#5569,#5570);
#4824=AXIS2_PLACEMENT_3D('',#6980,#5573,#5574);
#4825=AXIS2_PLACEMENT_3D('',#6982,#5575,#5576);
#4826=AXIS2_PLACEMENT_3D('',#6984,#5578,#5579);
#4827=AXIS2_PLACEMENT_3D('',#6988,#5582,#5583);
#4828=AXIS2_PLACEMENT_3D('',#6992,#5586,#5587);
#4829=AXIS2_PLACEMENT_3D('',#6996,#5590,#5591);
#4830=AXIS2_PLACEMENT_3D('',#6998,#5593,#5594);
#4831=AXIS2_PLACEMENT_3D('',#7004,#5598,#5599);
#4832=AXIS2_PLACEMENT_3D('',#7006,#5600,#5601);
#4833=AXIS2_PLACEMENT_3D('',#7008,#5603,#5604);
#4834=AXIS2_PLACEMENT_3D('',#7012,#5607,#5608);
#4835=AXIS2_PLACEMENT_3D('',#7014,#5609,#5610);
#4836=AXIS2_PLACEMENT_3D('',#7016,#5612,#5613);
#4837=AXIS2_PLACEMENT_3D('',#7020,#5616,#5617);
#4838=AXIS2_PLACEMENT_3D('',#7022,#5618,#5619);
#4839=AXIS2_PLACEMENT_3D('',#7024,#5621,#5622);
#4840=AXIS2_PLACEMENT_3D('',#7028,#5625,#5626);
#4841=AXIS2_PLACEMENT_3D('',#7029,#5627,#5628);
#4842=AXIS2_PLACEMENT_3D('',#7030,#5629,#5630);
#4843=AXIS2_PLACEMENT_3D('',#7031,#5631,#5632);
#4844=AXIS2_PLACEMENT_3D('',#7032,#5633,#5634);
#4845=AXIS2_PLACEMENT_3D('',#7034,#5636,#5637);
#4846=AXIS2_PLACEMENT_3D('',#7036,#5639,#5640);
#4847=AXIS2_PLACEMENT_3D('',#7037,#5641,#5642);
#4848=AXIS2_PLACEMENT_3D('',#7038,#5643,#5644);
#4849=AXIS2_PLACEMENT_3D('',#7049,#5650,#5651);
#4850=AXIS2_PLACEMENT_3D('',#7055,#5655,#5656);
#4851=AXIS2_PLACEMENT_3D('',#7061,#5660,#5661);
#4852=AXIS2_PLACEMENT_3D('',#7065,#5664,#5665);
#4853=AXIS2_PLACEMENT_3D('',#7071,#5669,#5670);
#4854=AXIS2_PLACEMENT_3D('',#7077,#5674,#5675);
#4855=AXIS2_PLACEMENT_3D('',#7081,#5678,#5679);
#4856=AXIS2_PLACEMENT_3D('',#7083,#5681,#5682);
#4857=AXIS2_PLACEMENT_3D('',#7090,#5686,#5687);
#4858=AXIS2_PLACEMENT_3D('',#7093,#5690,#5691);
#4859=AXIS2_PLACEMENT_3D('',#7099,#5695,#5696);
#4860=AXIS2_PLACEMENT_3D('',#7103,#5698,#5699);
#4861=AXIS2_PLACEMENT_3D('',#7104,#5700,#5701);
#4862=AXIS2_PLACEMENT_3D('',#7105,#5702,#5703);
#4863=AXIS2_PLACEMENT_3D('',#7111,#5707,#5708);
#4864=AXIS2_PLACEMENT_3D('',#7118,#5712,#5713);
#4865=AXIS2_PLACEMENT_3D('',#7124,#5717,#5718);
#4866=AXIS2_PLACEMENT_3D('',#7126,#5719,#5720);
#4867=AXIS2_PLACEMENT_3D('',#7129,#5722,#5723);
#4868=AXIS2_PLACEMENT_3D('',#7130,#5724,#5725);
#4869=AXIS2_PLACEMENT_3D('',#7136,#5729,#5730);
#4870=AXIS2_PLACEMENT_3D('',#7142,#5734,#5735);
#4871=AXIS2_PLACEMENT_3D('',#7145,#5738,#5739);
#4872=AXIS2_PLACEMENT_3D('',#7147,#5741,#5742);
#4873=AXIS2_PLACEMENT_3D('',#7153,#5746,#5747);
#4874=AXIS2_PLACEMENT_3D('',#7165,#5754,#5755);
#4875=AXIS2_PLACEMENT_3D('',#7173,#5760,#5761);
#4876=AXIS2_PLACEMENT_3D('',#7182,#5766,#5767);
#4877=AXIS2_PLACEMENT_3D('',#7184,#5768,#5769);
#4878=AXIS2_PLACEMENT_3D('',#7187,#5771,#5772);
#4879=AXIS2_PLACEMENT_3D('',#7188,#5773,#5774);
#4880=AXIS2_PLACEMENT_3D('',#7191,#5777,#5778);
#4881=AXIS2_PLACEMENT_3D('',#7194,#5781,#5782);
#4882=AXIS2_PLACEMENT_3D('',#7196,#5784,#5785);
#4883=AXIS2_PLACEMENT_3D('',#7198,#5787,#5788);
#4884=AXIS2_PLACEMENT_3D('',#7204,#5792,#5793);
#4885=AXIS2_PLACEMENT_3D('',#7210,#5797,#5798);
#4886=AXIS2_PLACEMENT_3D('',#7214,#5800,#5801);
#4887=AXIS2_PLACEMENT_3D('',#7215,#5802,#5803);
#4888=AXIS2_PLACEMENT_3D('',#7216,#5804,#5805);
#4889=AXIS2_PLACEMENT_3D('',#7222,#5809,#5810);
#4890=AXIS2_PLACEMENT_3D('',#7228,#5814,#5815);
#4891=AXIS2_PLACEMENT_3D('',#7232,#5817,#5818);
#4892=AXIS2_PLACEMENT_3D('',#7233,#5819,#5820);
#4893=AXIS2_PLACEMENT_3D('',#7234,#5821,#5822);
#4894=AXIS2_PLACEMENT_3D('',#7240,#5826,#5827);
#4895=AXIS2_PLACEMENT_3D('',#7244,#5829,#5830);
#4896=AXIS2_PLACEMENT_3D('',#7245,#5831,#5832);
#4897=AXIS2_PLACEMENT_3D('',#7246,#5833,#5834);
#4898=AXIS2_PLACEMENT_3D('',#7252,#5838,#5839);
#4899=AXIS2_PLACEMENT_3D('',#7256,#5841,#5842);
#4900=AXIS2_PLACEMENT_3D('',#7257,#5843,#5844);
#4901=AXIS2_PLACEMENT_3D('',#7258,#5845,#5846);
#4902=AXIS2_PLACEMENT_3D('',#7264,#5850,#5851);
#4903=AXIS2_PLACEMENT_3D('',#7266,#5853,#5854);
#4904=AXIS2_PLACEMENT_3D('',#7268,#5856,#5857);
#4905=AXIS2_PLACEMENT_3D('',#7272,#5860,#5861);
#4906=AXIS2_PLACEMENT_3D('',#7275,#5863,#5864);
#4907=AXIS2_PLACEMENT_3D('',#7276,#5865,#5866);
#4908=AXIS2_PLACEMENT_3D('',#7280,#5869,#5870);
#4909=AXIS2_PLACEMENT_3D('',#7283,#5872,#5873);
#4910=AXIS2_PLACEMENT_3D('',#7284,#5874,#5875);
#4911=AXIS2_PLACEMENT_3D('',#7288,#5878,#5879);
#4912=AXIS2_PLACEMENT_3D('',#7291,#5881,#5882);
#4913=AXIS2_PLACEMENT_3D('',#7292,#5883,#5884);
#4914=AXIS2_PLACEMENT_3D('',#7304,#5891,#5892);
#4915=AXIS2_PLACEMENT_3D('',#7312,#5897,#5898);
#4916=AXIS2_PLACEMENT_3D('',#7316,#5901,#5902);
#4917=AXIS2_PLACEMENT_3D('',#7318,#5903,#5904);
#4918=AXIS2_PLACEMENT_3D('',#7321,#5906,#5907);
#4919=AXIS2_PLACEMENT_3D('',#7322,#5908,#5909);
#4920=AXIS2_PLACEMENT_3D('',#7328,#5913,#5914);
#4921=AXIS2_PLACEMENT_3D('',#7330,#5915,#5916);
#4922=AXIS2_PLACEMENT_3D('',#7333,#5918,#5919);
#4923=AXIS2_PLACEMENT_3D('',#7334,#5920,#5921);
#4924=AXIS2_PLACEMENT_3D('',#7340,#5925,#5926);
#4925=AXIS2_PLACEMENT_3D('',#7341,#5927,#5928);
#4926=AXIS2_PLACEMENT_3D('',#7344,#5930,#5931);
#4927=AXIS2_PLACEMENT_3D('',#7345,#5932,#5933);
#4928=AXIS2_PLACEMENT_3D('',#7349,#5936,#5937);
#4929=AXIS2_PLACEMENT_3D('',#7352,#5939,#5940);
#4930=AXIS2_PLACEMENT_3D('',#7353,#5941,#5942);
#4931=AXIS2_PLACEMENT_3D('',#7357,#5945,#5946);
#4932=AXIS2_PLACEMENT_3D('',#7360,#5948,#5949);
#4933=AXIS2_PLACEMENT_3D('',#7361,#5950,#5951);
#4934=AXIS2_PLACEMENT_3D('',#7365,#5954,#5955);
#4935=AXIS2_PLACEMENT_3D('',#7368,#5957,#5958);
#4936=AXIS2_PLACEMENT_3D('',#7369,#5959,#5960);
#4937=AXIS2_PLACEMENT_3D('',#7371,#5962,#5963);
#4938=AXIS2_PLACEMENT_3D('',#7372,#5964,#5965);
#4939=AXIS2_PLACEMENT_3D('',#7376,#5968,#5969);
#4940=AXIS2_PLACEMENT_3D('',#7380,#5972,#5973);
#4941=AXIS2_PLACEMENT_3D('',#7384,#5976,#5977);
#4942=AXIS2_PLACEMENT_3D('',#7387,#5979,#5980);
#4943=AXIS2_PLACEMENT_3D('',#7388,#5981,#5982);
#4944=AXIS2_PLACEMENT_3D('',#7392,#5985,#5986);
#4945=AXIS2_PLACEMENT_3D('',#7395,#5988,#5989);
#4946=AXIS2_PLACEMENT_3D('',#7396,#5990,#5991);
#4947=AXIS2_PLACEMENT_3D('',#7400,#5994,#5995);
#4948=AXIS2_PLACEMENT_3D('',#7403,#5997,#5998);
#4949=AXIS2_PLACEMENT_3D('',#7404,#5999,#6000);
#4950=AXIS2_PLACEMENT_3D('',#7408,#6003,#6004);
#4951=AXIS2_PLACEMENT_3D('',#7411,#6006,#6007);
#4952=AXIS2_PLACEMENT_3D('',#7412,#6008,#6009);
#4953=AXIS2_PLACEMENT_3D('',#7416,#6012,#6013);
#4954=AXIS2_PLACEMENT_3D('',#7419,#6015,#6016);
#4955=AXIS2_PLACEMENT_3D('',#7420,#6017,#6018);
#4956=AXIS2_PLACEMENT_3D('',#7424,#6021,#6022);
#4957=AXIS2_PLACEMENT_3D('',#7427,#6024,#6025);
#4958=AXIS2_PLACEMENT_3D('',#7428,#6026,#6027);
#4959=AXIS2_PLACEMENT_3D('',#7430,#6029,#6030);
#4960=AXIS2_PLACEMENT_3D('',#7435,#6032,#6033);
#4961=AXIS2_PLACEMENT_3D('',#7445,#6038,#6039);
#4962=AXIS2_PLACEMENT_3D('',#7453,#6043,#6044);
#4963=AXIS2_PLACEMENT_3D('',#7461,#6048,#6049);
#4964=AXIS2_PLACEMENT_3D('',#7467,#6052,#6053);
#4965=AXIS2_PLACEMENT_3D('',#7471,#6056,#6057);
#4966=AXIS2_PLACEMENT_3D('',#7480,#6062,#6063);
#4967=AXIS2_PLACEMENT_3D('',#7486,#6067,#6068);
#4968=AXIS2_PLACEMENT_3D('',#7488,#6069,#6070);
#4969=AXIS2_PLACEMENT_3D('',#7491,#6072,#6073);
#4970=AXIS2_PLACEMENT_3D('',#7492,#6074,#6075);
#4971=AXIS2_PLACEMENT_3D('',#7495,#6078,#6079);
#4972=AXIS2_PLACEMENT_3D('',#7501,#6083,#6084);
#4973=AXIS2_PLACEMENT_3D('',#7505,#6087,#6088);
#4974=AXIS2_PLACEMENT_3D('',#7512,#6091,#6092);
#4975=AXIS2_PLACEMENT_3D('',#7514,#6094,#6095);
#4976=AXIS2_PLACEMENT_3D('',#7520,#6099,#6100);
#4977=AXIS2_PLACEMENT_3D('',#7526,#6104,#6105);
#4978=AXIS2_PLACEMENT_3D('',#7529,#6107,#6108);
#4979=AXIS2_PLACEMENT_3D('',#7530,#6109,#6110);
#4980=AXIS2_PLACEMENT_3D('',#7531,#6111,#6112);
#4981=AXIS2_PLACEMENT_3D('',#7533,#6114,#6115);
#4982=AXIS2_PLACEMENT_3D('',#7535,#6117,#6118);
#4983=AXIS2_PLACEMENT_3D('',#7544,#6123,#6124);
#4984=AXIS2_PLACEMENT_3D('',#7546,#6126,#6127);
#4985=AXIS2_PLACEMENT_3D('',#7552,#6131,#6132);
#4986=AXIS2_PLACEMENT_3D('',#7556,#6135,#6136);
#4987=AXIS2_PLACEMENT_3D('',#7559,#6138,#6139);
#4988=AXIS2_PLACEMENT_3D('',#7560,#6140,#6141);
#4989=AXIS2_PLACEMENT_3D('',#7562,#6143,#6144);
#4990=AXIS2_PLACEMENT_3D('',#7568,#6148,#6149);
#4991=AXIS2_PLACEMENT_3D('',#7572,#6152,#6153);
#4992=AXIS2_PLACEMENT_3D('',#7578,#6157,#6158);
#4993=AXIS2_PLACEMENT_3D('',#7584,#6162,#6163);
#4994=AXIS2_PLACEMENT_3D('',#7585,#6164,#6165);
#4995=AXIS2_PLACEMENT_3D('',#7588,#6167,#6168);
#4996=AXIS2_PLACEMENT_3D('',#7589,#6169,#6170);
#4997=AXIS2_PLACEMENT_3D('',#7591,#6172,#6173);
#4998=AXIS2_PLACEMENT_3D('',#7593,#6175,#6176);
#4999=AXIS2_PLACEMENT_3D('',#7600,#6179,#6180);
#5000=AXIS2_PLACEMENT_3D('',#7602,#6182,#6183);
#5001=AXIS2_PLACEMENT_3D('',#7604,#6185,#6186);
#5002=AXIS2_PLACEMENT_3D('',#7605,#6187,#6188);
#5003=AXIS2_PLACEMENT_3D('',#7607,#6190,#6191);
#5004=AXIS2_PLACEMENT_3D('',#7608,#6192,#6193);
#5005=AXIS2_PLACEMENT_3D('',#7612,#6196,#6197);
#5006=AXIS2_PLACEMENT_3D('',#7618,#6201,#6202);
#5007=AXIS2_PLACEMENT_3D('',#7621,#6204,#6205);
#5008=AXIS2_PLACEMENT_3D('',#7622,#6206,#6207);
#5009=AXIS2_PLACEMENT_3D('',#7626,#6210,#6211);
#5010=AXIS2_PLACEMENT_3D('',#7628,#6213,#6214);
#5011=AXIS2_PLACEMENT_3D('',#7631,#6217,#6218);
#5012=AXIS2_PLACEMENT_3D('',#7633,#6220,#6221);
#5013=AXIS2_PLACEMENT_3D('',#7639,#6225,#6226);
#5014=AXIS2_PLACEMENT_3D('',#7642,#6228,#6229);
#5015=AXIS2_PLACEMENT_3D('',#7643,#6230,#6231);
#5016=AXIS2_PLACEMENT_3D('',#7647,#6234,#6235);
#5017=AXIS2_PLACEMENT_3D('',#7649,#6237,#6238);
#5018=AXIS2_PLACEMENT_3D('',#7652,#6241,#6242);
#5019=AXIS2_PLACEMENT_3D('',#7654,#6244,#6245);
#5020=AXIS2_PLACEMENT_3D('',#7656,#6247,#6248);
#5021=AXIS2_PLACEMENT_3D('',#7657,#6249,#6250);
#5022=AXIS2_PLACEMENT_3D('',#7659,#6252,#6253);
#5023=AXIS2_PLACEMENT_3D('',#7660,#6254,#6255);
#5024=AXIS2_PLACEMENT_3D('',#7666,#6259,#6260);
#5025=AXIS2_PLACEMENT_3D('',#7670,#6263,#6264);
#5026=AXIS2_PLACEMENT_3D('',#7673,#6266,#6267);
#5027=AXIS2_PLACEMENT_3D('',#7674,#6268,#6269);
#5028=AXIS2_PLACEMENT_3D('',#7676,#6271,#6272);
#5029=AXIS2_PLACEMENT_3D('',#7682,#6276,#6277);
#5030=AXIS2_PLACEMENT_3D('',#7686,#6280,#6281);
#5031=AXIS2_PLACEMENT_3D('',#7692,#6285,#6286);
#5032=AXIS2_PLACEMENT_3D('',#7696,#6289,#6290);
#5033=AXIS2_PLACEMENT_3D('',#7699,#6292,#6293);
#5034=AXIS2_PLACEMENT_3D('',#7700,#6294,#6295);
#5035=AXIS2_PLACEMENT_3D('',#7702,#6297,#6298);
#5036=AXIS2_PLACEMENT_3D('',#7708,#6302,#6303);
#5037=AXIS2_PLACEMENT_3D('',#7712,#6306,#6307);
#5038=AXIS2_PLACEMENT_3D('',#7718,#6311,#6312);
#5039=AXIS2_PLACEMENT_3D('',#7722,#6315,#6316);
#5040=AXIS2_PLACEMENT_3D('',#7725,#6318,#6319);
#5041=AXIS2_PLACEMENT_3D('',#7726,#6320,#6321);
#5042=AXIS2_PLACEMENT_3D('',#7728,#6323,#6324);
#5043=AXIS2_PLACEMENT_3D('',#7734,#6328,#6329);
#5044=AXIS2_PLACEMENT_3D('',#7738,#6332,#6333);
#5045=AXIS2_PLACEMENT_3D('',#7742,#6336,#6337);
#5046=AXIS2_PLACEMENT_3D('',#7744,#6338,#6339);
#5047=AXIS2_PLACEMENT_3D('',#7746,#6341,#6342);
#5048=AXIS2_PLACEMENT_3D('',#7748,#6344,#6345);
#5049=AXIS2_PLACEMENT_3D('',#7749,#6346,#6347);
#5050=AXIS2_PLACEMENT_3D('',#7751,#6348,#6349);
#5051=AXIS2_PLACEMENT_3D('',#7753,#6351,#6352);
#5052=AXIS2_PLACEMENT_3D('',#7755,#6354,#6355);
#5053=AXIS2_PLACEMENT_3D('',#7756,#6356,#6357);
#5054=AXIS2_PLACEMENT_3D('',#7758,#6358,#6359);
#5055=AXIS2_PLACEMENT_3D('',#7760,#6361,#6362);
#5056=AXIS2_PLACEMENT_3D('',#7762,#6364,#6365);
#5057=AXIS2_PLACEMENT_3D('',#7763,#6366,#6367);
#5058=AXIS2_PLACEMENT_3D('',#7765,#6369,#6370);
#5059=AXIS2_PLACEMENT_3D('',#7766,#6371,#6372);
#5060=AXIS2_PLACEMENT_3D('',#7767,#6373,#6374);
#5061=AXIS2_PLACEMENT_3D('',#7768,#6375,#6376);
#5062=AXIS2_PLACEMENT_3D('',#7769,#6377,#6378);
#5063=DIRECTION('axis',(0.,0.,1.));
#5064=DIRECTION('refdir',(1.,0.,0.));
#5065=DIRECTION('axis',(0.,0.,1.));
#5066=DIRECTION('refdir',(1.,0.,0.));
#5067=DIRECTION('axis',(0.,0.,1.));
#5068=DIRECTION('refdir',(1.,0.,0.));
#5069=DIRECTION('center_axis',(0.,-0.173648177666937,0.984807753012207));
#5070=DIRECTION('ref_axis',(0.,0.984807753012207,0.173648177666937));
#5071=DIRECTION('',(0.,-0.984807753012207,-0.173648177666937));
#5072=DIRECTION('',(-1.,0.,0.));
#5073=DIRECTION('',(0.,0.984807753012207,0.173648177666937));
#5074=DIRECTION('',(-1.,0.,0.));
#5075=DIRECTION('center_axis',(0.,-0.98480775301221,-0.17364817766692));
#5076=DIRECTION('ref_axis',(0.,-0.17364817766692,0.98480775301221));
#5077=DIRECTION('',(0.,0.17364817766692,-0.98480775301221));
#5078=DIRECTION('',(0.,-0.17364817766692,0.98480775301221));
#5079=DIRECTION('',(-1.,0.,0.));
#5080=DIRECTION('center_axis',(0.,0.173648177666883,-0.984807753012216));
#5081=DIRECTION('ref_axis',(0.,-0.984807753012216,-0.173648177666883));
#5082=DIRECTION('',(0.,0.984807753012216,0.173648177666883));
#5083=DIRECTION('',(0.,-0.984807753012216,-0.173648177666883));
#5084=DIRECTION('',(-1.,0.,0.));
#5085=DIRECTION('center_axis',(0.,0.984807753012212,0.173648177666906));
#5086=DIRECTION('ref_axis',(0.,0.173648177666906,-0.984807753012212));
#5087=DIRECTION('',(0.,-0.173648177666906,0.984807753012212));
#5088=DIRECTION('',(0.,0.173648177666906,-0.984807753012212));
#5089=DIRECTION('center_axis',(-1.,0.,0.));
#5090=DIRECTION('ref_axis',(0.,0.,1.));
#5091=DIRECTION('center_axis',(-1.,0.,0.));
#5092=DIRECTION('ref_axis',(0.,0.,1.));
#5093=DIRECTION('axis',(0.,0.,1.));
#5094=DIRECTION('refdir',(1.,0.,0.));
#5095=DIRECTION('center_axis',(0.,0.970142500145332,0.242535625036333));
#5096=DIRECTION('ref_axis',(0.,-0.242535625036333,0.970142500145332));
#5097=DIRECTION('',(-0.235702260395514,-0.235702260395516,0.942809041582064));
#5098=DIRECTION('',(-1.,0.,0.));
#5099=DIRECTION('',(-0.235702260395515,0.235702260395516,-0.942809041582064));
#5100=DIRECTION('',(1.,0.,0.));
#5101=DIRECTION('center_axis',(0.,-1.,2.368475785867E-15));
#5102=DIRECTION('ref_axis',(0.,-2.368475785867E-15,-1.));
#5103=DIRECTION('',(-2.78904447747365E-31,2.368475785867E-15,1.));
#5104=DIRECTION('',(-1.,0.,0.));
#5105=DIRECTION('center_axis',(0.,-1.,2.368475785867E-15));
#5106=DIRECTION('ref_axis',(5.55111512313615E-17,2.3216705661164E-15,1.));
#5107=DIRECTION('',(-0.752479945136172,1.55991406439365E-15,0.658615162418741));
#5108=DIRECTION('center_axis',(0.,1.,-2.368475785867E-15));
#5109=DIRECTION('ref_axis',(2.22044604925446E-16,-2.3216705661164E-15,-1.));
#5110=DIRECTION('',(-2.78904447747366E-31,2.368475785867E-15,1.));
#5111=DIRECTION('center_axis',(0.,-0.799999999999842,-0.60000000000021));
#5112=DIRECTION('ref_axis',(0.887010833178209,-0.277049167941137,0.36939889058797));
#5113=DIRECTION('center_axis',(0.,-1.77635683940026E-14,-1.));
#5114=DIRECTION('ref_axis',(4.16333634234589E-17,-1.,1.77464114965232E-14));
#5115=DIRECTION('',(0.,-0.799999999999842,-0.60000000000021));
#5116=DIRECTION('center_axis',(0.,0.799999999999839,0.600000000000215));
#5117=DIRECTION('ref_axis',(0.573576436351044,-0.491491226573572,0.655321635431062));
#5118=DIRECTION('',(0.,0.799999999999842,0.60000000000021));
#5119=DIRECTION('center_axis',(1.,0.,0.));
#5120=DIRECTION('ref_axis',(0.,0.,-1.));
#5121=DIRECTION('center_axis',(-1.,0.,0.));
#5122=DIRECTION('ref_axis',(0.,-0.999215366339928,0.0396062074700774));
#5123=DIRECTION('center_axis',(1.,0.,0.));
#5124=DIRECTION('ref_axis',(0.,-0.999215366339928,0.0396062074700752));
#5125=DIRECTION('center_axis',(-1.,0.,0.));
#5126=DIRECTION('ref_axis',(0.,-0.997005017272403,0.0773368963280525));
#5127=DIRECTION('',(0.819152044288992,0.344145861810554,-0.458861149080893));
#5128=DIRECTION('center_axis',(-1.,-3.95453403210018E-17,-3.85352267066586E-16));
#5129=DIRECTION('ref_axis',(0.,-0.994775664707304,0.10208514537454));
#5130=DIRECTION('center_axis',(0.573576436351046,-0.491491226573567,0.655321635431064));
#5131=DIRECTION('ref_axis',(0.,-0.799999999999842,-0.60000000000021));
#5132=DIRECTION('',(-0.650680156244058,-0.759351917275651,1.3488799717643E-14));
#5133=DIRECTION('center_axis',(0.,1.77635683940026E-14,1.));
#5134=DIRECTION('ref_axis',(0.,-1.,1.77635683940026E-14));
#5135=DIRECTION('',(0.,-1.,1.77635683940026E-14));
#5136=DIRECTION('center_axis',(0.,-1.77635683940026E-14,-1.));
#5137=DIRECTION('ref_axis',(-8.32667268468587E-17,1.,-1.77464114965106E-14));
#5138=DIRECTION('',(0.650680156243792,-0.75935191727588,1.34887997176471E-14));
#5139=DIRECTION('',(0.,-1.,1.77635683940026E-14));
#5140=DIRECTION('center_axis',(1.,0.,0.));
#5141=DIRECTION('ref_axis',(0.,0.,-1.));
#5142=DIRECTION('center_axis',(0.,0.800000000000156,-0.599999999999792));
#5143=DIRECTION('ref_axis',(0.573576436351042,0.491491226573226,0.655321635431323));
#5144=DIRECTION('center_axis',(-1.,0.,0.));
#5145=DIRECTION('ref_axis',(0.,0.999215366339926,0.0396062074701398));
#5146=DIRECTION('center_axis',(1.,0.,0.));
#5147=DIRECTION('ref_axis',(0.,0.999215366339926,0.0396062074701412));
#5148=DIRECTION('center_axis',(0.,-0.800000000000141,0.599999999999812));
#5149=DIRECTION('ref_axis',(0.887010833178227,0.277049167940906,0.369398890588101));
#5150=DIRECTION('',(0.,0.800000000000141,-0.599999999999812));
#5151=DIRECTION('',(0.,-0.800000000000141,0.599999999999812));
#5152=DIRECTION('center_axis',(0.573576436351046,0.491491226573241,0.655321635431309));
#5153=DIRECTION('ref_axis',(0.,-0.800000000000141,0.599999999999812));
#5154=DIRECTION('',(0.819152044288992,-0.344145861810495,-0.458861149080937));
#5155=DIRECTION('center_axis',(-1.,0.,0.));
#5156=DIRECTION('ref_axis',(0.,1.,0.));
#5157=DIRECTION('center_axis',(-1.,0.,0.));
#5158=DIRECTION('ref_axis',(0.,0.994775664707305,0.102085145374528));
#5159=DIRECTION('center_axis',(1.,0.,0.));
#5160=DIRECTION('ref_axis',(0.,0.,-1.));
#5161=DIRECTION('center_axis',(0.,0.800000000001145,-0.599999999998473));
#5162=DIRECTION('ref_axis',(0.573576436351056,0.49149122657214,0.655321635432126));
#5163=DIRECTION('center_axis',(-1.,0.,0.));
#5164=DIRECTION('ref_axis',(0.,0.706274763829582,-0.707937820700002));
#5165=DIRECTION('center_axis',(1.,0.,0.));
#5166=DIRECTION('ref_axis',(0.,0.706274763829584,-0.7079378207));
#5167=DIRECTION('center_axis',(0.,-0.800000000001492,0.59999999999801));
#5168=DIRECTION('ref_axis',(0.887010833178227,0.277049167940104,0.369398890588701));
#5169=DIRECTION('',(0.,0.800000000001492,-0.59999999999801));
#5170=DIRECTION('',(-3.18398883009688E-17,-0.800000000001492,0.59999999999801));
#5171=DIRECTION('center_axis',(0.573576436351046,0.491491226571765,0.655321635432416));
#5172=DIRECTION('ref_axis',(0.,-0.800000000001492,0.59999999999801));
#5173=DIRECTION('',(0.819152044288992,-0.344145861809756,-0.458861149081491));
#5174=DIRECTION('',(3.18398883009688E-17,0.800000000001492,-0.59999999999801));
#5175=DIRECTION('center_axis',(-1.,0.,0.));
#5176=DIRECTION('ref_axis',(0.,1.,0.));
#5177=DIRECTION('center_axis',(-1.,0.,0.));
#5178=DIRECTION('ref_axis',(0.,0.726711954084577,-0.686942308924538));
#5179=DIRECTION('center_axis',(1.,0.,0.));
#5180=DIRECTION('ref_axis',(0.,0.,-1.));
#5181=DIRECTION('center_axis',(1.,0.,0.));
#5182=DIRECTION('ref_axis',(0.,-0.994775664707304,0.102085145374545));
#5183=DIRECTION('center_axis',(0.,1.83761052351752E-15,-1.));
#5184=DIRECTION('ref_axis',(0.,1.,1.83761052351752E-15));
#5185=DIRECTION('',(0.,1.,1.83761052351752E-15));
#5186=DIRECTION('',(0.707106781186543,-0.707106781186552,-1.29938686235901E-15));
#5187=DIRECTION('',(1.,0.,0.));
#5188=DIRECTION('',(0.707106781186541,0.707106781186554,1.29938686235901E-15));
#5189=DIRECTION('',(0.,1.,1.83761052351752E-15));
#5190=DIRECTION('center_axis',(0.,-1.83761052351752E-15,1.));
#5191=DIRECTION('ref_axis',(0.923879532511287,0.382683432365088,0.));
#5192=DIRECTION('',(-0.707106781186546,0.707106781186549,1.29938686235901E-15));
#5193=DIRECTION('center_axis',(0.,-1.83761052351752E-15,1.));
#5194=DIRECTION('ref_axis',(0.382683432365094,0.923879532511285,0.));
#5195=DIRECTION('',(-1.,0.,0.));
#5196=DIRECTION('center_axis',(0.,-1.83761052351752E-15,1.));
#5197=DIRECTION('ref_axis',(-0.382683432365095,0.923879532511284,0.));
#5198=DIRECTION('',(-0.707106781186547,-0.707106781186548,-1.299386862359E-15));
#5199=DIRECTION('center_axis',(0.,-1.83761052351752E-15,1.));
#5200=DIRECTION('ref_axis',(-0.923879532511287,0.38268343236509,0.));
#5201=DIRECTION('',(0.,1.,1.83761052351752E-15));
#5202=DIRECTION('',(0.,-1.,-1.83761052351752E-15));
#5203=DIRECTION('center_axis',(1.,0.,0.));
#5204=DIRECTION('ref_axis',(0.,1.,0.));
#5205=DIRECTION('center_axis',(1.,0.,0.));
#5206=DIRECTION('ref_axis',(0.,0.994775664707305,0.102085145374528));
#5207=DIRECTION('',(0.,0.,1.));
#5208=DIRECTION('',(0.,1.,-1.9932147397281E-15));
#5209=DIRECTION('',(0.,2.368475785867E-15,1.));
#5210=DIRECTION('',(0.,-0.800000000001492,0.59999999999801));
#5211=DIRECTION('center_axis',(1.,0.,0.));
#5212=DIRECTION('ref_axis',(0.,0.726711954084578,-0.686942308924537));
#5213=DIRECTION('',(0.,0.81915204428899,0.573576436351049));
#5214=DIRECTION('center_axis',(-1.,0.,0.));
#5215=DIRECTION('ref_axis',(0.,-0.887010833178221,0.461748613235034));
#5216=DIRECTION('',(0.,0.,1.));
#5217=DIRECTION('center_axis',(1.,0.,0.));
#5218=DIRECTION('ref_axis',(0.,0.,-1.));
#5219=DIRECTION('center_axis',(1.,0.,0.));
#5220=DIRECTION('ref_axis',(0.,0.,-1.));
#5221=DIRECTION('center_axis',(0.,-0.800000000001155,0.599999999998459));
#5222=DIRECTION('ref_axis',(-1.,0.,0.));
#5223=DIRECTION('center_axis',(0.,-0.800000000001492,0.59999999999801));
#5224=DIRECTION('ref_axis',(-0.887010833178226,-0.277049167940106,-0.369398890588704));
#5225=DIRECTION('center_axis',(0.707106781186552,0.707106781186543,-1.67476528926268E-15));
#5226=DIRECTION('ref_axis',(-0.485071250073996,0.485071250074001,-0.727606875107222));
#5227=DIRECTION('center_axis',(-0.707106781186546,-0.405579787672642,0.579227965339569));
#5228=DIRECTION('ref_axis',(0.633687274224643,0.,0.773589321594955));
#5229=DIRECTION('',(0.,-0.81915204428899,-0.573576436351049));
#5230=DIRECTION('',(0.707106781186549,-0.405579787672635,0.57922796533957));
#5231=DIRECTION('center_axis',(0.,-0.573576436351049,0.81915204428899));
#5232=DIRECTION('ref_axis',(0.,-0.81915204428899,-0.573576436351049));
#5233=DIRECTION('',(0.,0.81915204428899,0.573576436351049));
#5234=DIRECTION('',(1.,0.,0.));
#5235=DIRECTION('',(0.,0.81915204428899,0.573576436351049));
#5236=DIRECTION('',(-1.,0.,0.));
#5237=DIRECTION('center_axis',(-1.,0.,0.));
#5238=DIRECTION('ref_axis',(0.,0.,1.));
#5239=DIRECTION('',(0.,-1.,1.77635683940026E-14));
#5240=DIRECTION('',(0.,-0.800000000000141,0.599999999999812));
#5241=DIRECTION('center_axis',(1.,0.,0.));
#5242=DIRECTION('ref_axis',(0.,1.,0.));
#5243=DIRECTION('',(0.,-0.799999999999842,-0.60000000000021));
#5244=DIRECTION('center_axis',(0.,0.,1.));
#5245=DIRECTION('ref_axis',(0.,-1.,0.));
#5246=DIRECTION('',(0.,-1.,0.));
#5247=DIRECTION('',(1.,0.,0.));
#5248=DIRECTION('',(0.,1.,0.));
#5249=DIRECTION('',(-1.,0.,0.));
#5250=DIRECTION('center_axis',(1.,0.,0.));
#5251=DIRECTION('ref_axis',(0.,-0.707106781186535,0.70710678118656));
#5252=DIRECTION('center_axis',(1.,0.,0.));
#5253=DIRECTION('ref_axis',(0.,-0.707106781186535,0.70710678118656));
#5254=DIRECTION('center_axis',(-1.,0.,0.));
#5255=DIRECTION('ref_axis',(0.,-0.707106781186535,0.70710678118656));
#5256=DIRECTION('',(1.,0.,0.));
#5257=DIRECTION('center_axis',(-0.577350269189659,-0.57735026918961,-0.577350269189608));
#5258=DIRECTION('ref_axis',(-0.707106781186516,0.,0.707106781186579));
#5259=DIRECTION('',(0.707106781186518,-0.707106781186577,0.));
#5260=DIRECTION('',(-0.707106781186566,1.00485917355765E-13,0.707106781186529));
#5261=DIRECTION('',(-3.14018491736773E-15,0.707106781186547,-0.707106781186547));
#5262=DIRECTION('center_axis',(-1.,0.,0.));
#5263=DIRECTION('ref_axis',(0.,0.,1.));
#5264=DIRECTION('',(0.,-0.800000000015497,0.599999999979337));
#5265=DIRECTION('center_axis',(1.,0.,0.));
#5266=DIRECTION('ref_axis',(0.,1.,0.));
#5267=DIRECTION('',(0.,-0.799999999984482,-0.600000000020691));
#5268=DIRECTION('',(0.,-1.,0.));
#5269=DIRECTION('center_axis',(-1.,0.,0.));
#5270=DIRECTION('ref_axis',(0.,0.,1.));
#5271=DIRECTION('',(0.,-0.800000000001492,0.59999999999801));
#5272=DIRECTION('center_axis',(1.,0.,0.));
#5273=DIRECTION('ref_axis',(0.,1.,0.));
#5274=DIRECTION('',(0.,-0.799999999998499,-0.600000000002001));
#5275=DIRECTION('',(0.,-1.,0.));
#5276=DIRECTION('center_axis',(0.,-0.707106781186548,-0.707106781186548));
#5277=DIRECTION('ref_axis',(-1.,0.,0.));
#5278=DIRECTION('',(-0.577350269189619,-0.577350269189629,0.577350269189629));
#5279=DIRECTION('',(-1.,0.,0.));
#5280=DIRECTION('',(1.,0.,0.));
#5281=DIRECTION('center_axis',(0.,-1.,0.));
#5282=DIRECTION('ref_axis',(0.,0.,-1.));
#5283=DIRECTION('',(0.,0.,-1.));
#5284=DIRECTION('',(0.,0.,1.));
#5285=DIRECTION('',(0.,0.,-1.));
#5286=DIRECTION('',(1.,0.,0.));
#5287=DIRECTION('center_axis',(0.,1.83761052351752E-15,-1.));
#5288=DIRECTION('ref_axis',(0.,1.,1.83761052351752E-15));
#5289=DIRECTION('',(0.,-1.,-1.83761052351752E-15));
#5290=DIRECTION('center_axis',(0.,-1.83761052351752E-15,1.));
#5291=DIRECTION('ref_axis',(-0.923879532511287,0.38268343236509,7.03223102489895E-16));
#5292=DIRECTION('',(-0.707106781186547,-0.707106781186548,-1.299386862359E-15));
#5293=DIRECTION('center_axis',(0.,-1.83761052351752E-15,1.));
#5294=DIRECTION('ref_axis',(-0.382683432365096,0.923879532511284,1.69773075140519E-15));
#5295=DIRECTION('',(-1.,0.,0.));
#5296=DIRECTION('center_axis',(0.,-1.83761052351752E-15,1.));
#5297=DIRECTION('ref_axis',(0.382683432365093,0.923879532511285,1.69773075140519E-15));
#5298=DIRECTION('',(-0.707106781186546,0.707106781186549,1.29938686235901E-15));
#5299=DIRECTION('center_axis',(0.,-1.83761052351752E-15,1.));
#5300=DIRECTION('ref_axis',(0.923879532511287,0.382683432365088,7.03223102489893E-16));
#5301=DIRECTION('',(0.,1.,1.83761052351752E-15));
#5302=DIRECTION('center_axis',(0.,-0.573576436351049,0.81915204428899));
#5303=DIRECTION('ref_axis',(0.,-0.81915204428899,-0.573576436351049));
#5304=DIRECTION('',(-1.,0.,0.));
#5305=DIRECTION('',(0.,-0.81915204428899,-0.573576436351049));
#5306=DIRECTION('',(1.,0.,0.));
#5307=DIRECTION('',(0.,-0.81915204428899,-0.573576436351049));
#5308=DIRECTION('center_axis',(1.,0.,0.));
#5309=DIRECTION('ref_axis',(0.,-0.887010833178221,0.461748613235034));
#5310=DIRECTION('center_axis',(1.,0.,0.));
#5311=DIRECTION('ref_axis',(0.,-0.887010833178221,0.461748613235034));
#5312=DIRECTION('center_axis',(0.707106781186551,-0.707106781186544,0.));
#5313=DIRECTION('ref_axis',(-0.707106781186544,-0.707106781186551,-3.27102595559121E-17));
#5314=DIRECTION('center_axis',(1.,0.,0.));
#5315=DIRECTION('ref_axis',(0.,-0.887010833178221,0.461748613235034));
#5316=DIRECTION('center_axis',(0.707106781186551,-0.707106781186544,0.));
#5317=DIRECTION('ref_axis',(0.,0.,-1.));
#5318=DIRECTION('',(0.,0.,1.));
#5319=DIRECTION('',(-0.707106781186544,-0.707106781186551,0.));
#5320=DIRECTION('center_axis',(-1.,0.,0.));
#5321=DIRECTION('ref_axis',(0.,-0.707106781186535,0.70710678118656));
#5322=DIRECTION('',(-0.707106781186543,0.,0.707106781186552));
#5323=DIRECTION('center_axis',(-1.,0.,0.));
#5324=DIRECTION('ref_axis',(0.,-0.707106781186535,0.70710678118656));
#5325=DIRECTION('center_axis',(0.707106781186551,0.,0.707106781186544));
#5326=DIRECTION('ref_axis',(0.707106781186544,0.,-0.707106781186551));
#5327=DIRECTION('',(0.,1.,0.));
#5328=DIRECTION('',(-0.707106781186544,0.,0.707106781186551));
#5329=DIRECTION('center_axis',(1.,0.,0.));
#5330=DIRECTION('ref_axis',(0.,0.300705799504268,-0.953716950748228));
#5331=DIRECTION('',(-0.707106781186587,-0.405579787672632,0.579227965339525));
#5332=DIRECTION('center_axis',(-1.,0.,0.));
#5333=DIRECTION('ref_axis',(0.,0.300705799504268,-0.953716950748228));
#5334=DIRECTION('center_axis',(1.,0.,0.));
#5335=DIRECTION('ref_axis',(0.,0.300705799504268,-0.953716950748228));
#5336=DIRECTION('center_axis',(1.,0.,0.));
#5337=DIRECTION('ref_axis',(0.,0.300705799504268,-0.953716950748228));
#5338=DIRECTION('',(-1.,0.,0.));
#5339=DIRECTION('center_axis',(1.,0.,0.));
#5340=DIRECTION('ref_axis',(0.,0.300705799504268,-0.953716950748228));
#5341=DIRECTION('center_axis',(0.707106781186562,-0.405579787672629,0.579227965339559));
#5342=DIRECTION('ref_axis',(0.633687274224628,0.,-0.773589321594967));
#5343=DIRECTION('',(0.,0.819152044288994,0.573576436351043));
#5344=DIRECTION('',(-0.707106781186533,-0.405579787672649,0.579227965339579));
#5345=DIRECTION('',(0.,-0.819152044288994,-0.573576436351043));
#5346=DIRECTION('center_axis',(-1.,0.,0.));
#5347=DIRECTION('ref_axis',(0.,0.,1.));
#5348=DIRECTION('center_axis',(0.,-1.,0.));
#5349=DIRECTION('ref_axis',(0.,0.,-1.));
#5350=DIRECTION('',(0.,0.,1.));
#5351=DIRECTION('',(1.,0.,0.));
#5352=DIRECTION('',(0.,0.,-1.));
#5353=DIRECTION('center_axis',(1.,0.,0.));
#5354=DIRECTION('ref_axis',(0.,4.25719507862852E-15,-1.));
#5355=DIRECTION('center_axis',(1.,0.,0.));
#5356=DIRECTION('ref_axis',(0.,1.,0.));
#5357=DIRECTION('',(1.,0.,0.));
#5358=DIRECTION('',(1.,0.,0.));
#5359=DIRECTION('center_axis',(0.,-0.60000000000021,0.799999999999842));
#5360=DIRECTION('ref_axis',(0.,-0.799999999999842,-0.60000000000021));
#5361=DIRECTION('',(0.,-0.799999999999842,-0.60000000000021));
#5362=DIRECTION('',(1.,0.,0.));
#5363=DIRECTION('center_axis',(0.,1.77635683940026E-14,1.));
#5364=DIRECTION('ref_axis',(0.,-1.,1.77635683940026E-14));
#5365=DIRECTION('',(0.,-1.,1.77635683940026E-14));
#5366=DIRECTION('',(1.,0.,0.));
#5367=DIRECTION('center_axis',(0.,0.599999999999812,0.800000000000141));
#5368=DIRECTION('ref_axis',(0.,-0.800000000000141,0.599999999999812));
#5369=DIRECTION('',(0.,-0.800000000000141,0.599999999999812));
#5370=DIRECTION('center_axis',(-1.,0.,0.));
#5371=DIRECTION('ref_axis',(0.,0.300705799504268,-0.953716950748228));
#5372=DIRECTION('',(0.707106781186518,0.,0.707106781186577));
#5373=DIRECTION('',(0.707106781186511,-0.405579787672638,0.579227965339614));
#5374=DIRECTION('center_axis',(-1.,0.,0.));
#5375=DIRECTION('ref_axis',(0.,0.300705799504268,-0.953716950748228));
#5376=DIRECTION('center_axis',(-0.707106781186552,0.,0.707106781186543));
#5377=DIRECTION('ref_axis',(0.707106781186543,0.,0.707106781186552));
#5378=DIRECTION('',(0.707106781186543,0.,0.707106781186552));
#5379=DIRECTION('',(0.,-1.,0.));
#5380=DIRECTION('center_axis',(1.,0.,0.));
#5381=DIRECTION('ref_axis',(0.,-0.707106781186535,0.70710678118656));
#5382=DIRECTION('',(0.707106781186543,-0.707106781186552,0.));
#5383=DIRECTION('center_axis',(1.,0.,0.));
#5384=DIRECTION('ref_axis',(0.,-0.707106781186535,0.70710678118656));
#5385=DIRECTION('center_axis',(-0.707106781186577,-0.707106781186518,0.));
#5386=DIRECTION('ref_axis',(0.,0.,1.));
#5387=DIRECTION('',(0.,0.,-1.));
#5388=DIRECTION('center_axis',(-0.707106781186529,1.29938686235904E-15,
-0.707106781186566));
#5389=DIRECTION('ref_axis',(-0.707106781186566,0.,0.707106781186529));
#5390=DIRECTION('',(-0.70710678118664,0.,0.707106781186455));
#5391=DIRECTION('',(0.,1.,1.83761052351752E-15));
#5392=DIRECTION('center_axis',(0.,0.599999999979337,0.800000000015497));
#5393=DIRECTION('ref_axis',(0.,-0.800000000015497,0.599999999979337));
#5394=DIRECTION('',(1.,0.,0.));
#5395=DIRECTION('',(0.,-0.800000000015497,0.599999999979337));
#5396=DIRECTION('',(1.,0.,0.));
#5397=DIRECTION('center_axis',(1.,0.,0.));
#5398=DIRECTION('ref_axis',(0.,-9.95365963657348E-15,-1.));
#5399=DIRECTION('center_axis',(1.,0.,0.));
#5400=DIRECTION('ref_axis',(0.,1.,0.));
#5401=DIRECTION('',(1.,0.,0.));
#5402=DIRECTION('center_axis',(0.,-0.600000000020691,0.799999999984482));
#5403=DIRECTION('ref_axis',(0.,-0.799999999984482,-0.600000000020691));
#5404=DIRECTION('',(0.,-0.799999999984482,-0.600000000020691));
#5405=DIRECTION('',(1.,0.,0.));
#5406=DIRECTION('center_axis',(0.,0.,1.));
#5407=DIRECTION('ref_axis',(0.,-1.,0.));
#5408=DIRECTION('',(0.,-1.,0.));
#5409=DIRECTION('center_axis',(0.,0.59999999999801,0.800000000001492));
#5410=DIRECTION('ref_axis',(0.,-0.800000000001492,0.59999999999801));
#5411=DIRECTION('',(1.,0.,0.));
#5412=DIRECTION('',(0.,-0.800000000001492,0.59999999999801));
#5413=DIRECTION('',(1.,0.,0.));
#5414=DIRECTION('center_axis',(1.,0.,0.));
#5415=DIRECTION('ref_axis',(0.,-4.62458911837273E-15,-1.));
#5416=DIRECTION('center_axis',(1.,0.,0.));
#5417=DIRECTION('ref_axis',(0.,1.,0.));
#5418=DIRECTION('',(1.,0.,0.));
#5419=DIRECTION('center_axis',(0.,-0.600000000002001,0.799999999998499));
#5420=DIRECTION('ref_axis',(0.,-0.799999999998499,-0.600000000002001));
#5421=DIRECTION('',(0.,-0.799999999998499,-0.600000000002001));
#5422=DIRECTION('',(1.,0.,0.));
#5423=DIRECTION('center_axis',(0.,0.,1.));
#5424=DIRECTION('ref_axis',(0.,-1.,0.));
#5425=DIRECTION('',(0.,-1.,0.));
#5426=DIRECTION('center_axis',(0.,0.,1.));
#5427=DIRECTION('ref_axis',(-0.923879532511287,0.38268343236509,3.01381329638527E-16));
#5428=DIRECTION('center_axis',(0.,1.83761052351752E-15,-1.));
#5429=DIRECTION('ref_axis',(-0.923879532511287,0.38268343236509,0.));
#5430=DIRECTION('',(-0.50000000000005,0.500000000000018,0.707106781186499));
#5431=DIRECTION('center_axis',(-0.49999999999997,0.49999999999997,-0.70710678118659));
#5432=DIRECTION('ref_axis',(-0.816496580927759,0.,0.577350269189579));
#5433=DIRECTION('',(0.707106781186547,0.707106781186548,1.299386862359E-15));
#5434=DIRECTION('',(-0.500000000000071,0.500000000000049,0.707106781186463));
#5435=DIRECTION('center_axis',(0.,0.,1.));
#5436=DIRECTION('ref_axis',(-0.382683432365096,0.923879532511284,7.27598893459369E-16));
#5437=DIRECTION('center_axis',(0.,1.83761052351752E-15,-1.));
#5438=DIRECTION('ref_axis',(-0.382683432365095,0.923879532511284,0.));
#5439=DIRECTION('',(0.,0.707106781186598,0.707106781186497));
#5440=DIRECTION('center_axis',(0.,0.707106781186497,-0.707106781186598));
#5441=DIRECTION('ref_axis',(-1.,0.,0.));
#5442=DIRECTION('',(0.,0.707106781186623,0.707106781186472));
#5443=DIRECTION('',(1.,0.,0.));
#5444=DIRECTION('center_axis',(0.,0.,1.));
#5445=DIRECTION('ref_axis',(0.382683432365093,0.923879532511285,7.2759889345937E-16));
#5446=DIRECTION('center_axis',(0.,1.83761052351752E-15,-1.));
#5447=DIRECTION('ref_axis',(0.382683432365094,0.923879532511285,0.));
#5448=DIRECTION('',(0.500000000000009,0.500000000000009,0.707106781186535));
#5449=DIRECTION('center_axis',(0.499999999999992,0.499999999999991,-0.70710678118656));
#5450=DIRECTION('ref_axis',(-0.816496580927735,0.,-0.577350269189613));
#5451=DIRECTION('',(0.707106781186546,-0.707106781186549,-1.29938686235901E-15));
#5452=DIRECTION('',(0.50000000000007,0.500000000000083,0.707106781186439));
#5453=DIRECTION('center_axis',(0.,0.,1.));
#5454=DIRECTION('ref_axis',(0.923879532511287,0.382683432365088,3.01381329638525E-16));
#5455=DIRECTION('center_axis',(0.,1.83761052351752E-15,-1.));
#5456=DIRECTION('ref_axis',(0.923879532511287,0.382683432365088,0.));
#5457=DIRECTION('',(0.707106781186566,0.,0.707106781186529));
#5458=DIRECTION('center_axis',(0.707106781186554,-0.707106781186541,0.));
#5459=DIRECTION('ref_axis',(0.,0.,-1.));
#5460=DIRECTION('',(-0.577350269189632,-0.577350269189642,-0.577350269189603));
#5461=DIRECTION('',(0.,0.,1.));
#5462=DIRECTION('',(0.707106781186541,0.707106781186554,0.));
#5463=DIRECTION('center_axis',(-1.,0.,0.));
#5464=DIRECTION('ref_axis',(0.,-0.887010833178221,0.461748613235034));
#5465=DIRECTION('',(0.707106781186548,0.405579787672636,-0.579227965339571));
#5466=DIRECTION('center_axis',(-1.,0.,0.));
#5467=DIRECTION('ref_axis',(0.,-0.887010833178222,0.461748613235034));
#5468=DIRECTION('center_axis',(0.707106781186547,-0.405579787672641,0.579227965339568));
#5469=DIRECTION('ref_axis',(0.633687274224642,0.,-0.773589321594956));
#5470=DIRECTION('',(0.,0.81915204428899,0.573576436351049));
#5471=DIRECTION('',(0.707106781186548,0.405579787672636,-0.579227965339571));
#5472=DIRECTION('center_axis',(0.707106781186529,1.29938686235904E-15,-0.707106781186566));
#5473=DIRECTION('ref_axis',(-0.707106781186566,0.,-0.707106781186529));
#5474=DIRECTION('',(0.,-1.,-1.83761052351752E-15));
#5475=DIRECTION('center_axis',(1.,0.,0.));
#5476=DIRECTION('ref_axis',(0.,0.887010833178224,-0.46174861323503));
#5477=DIRECTION('',(0.707106781186554,0.707106781186541,0.));
#5478=DIRECTION('center_axis',(-1.,0.,0.));
#5479=DIRECTION('ref_axis',(0.,0.887010833178224,-0.46174861323503));
#5480=DIRECTION('center_axis',(1.,0.,0.));
#5481=DIRECTION('ref_axis',(0.,0.887010833178224,-0.46174861323503));
#5482=DIRECTION('center_axis',(1.,0.,0.));
#5483=DIRECTION('ref_axis',(0.,0.887010833178219,-0.46174861323504));
#5484=DIRECTION('center_axis',(-1.,0.,0.));
#5485=DIRECTION('ref_axis',(0.,0.887010833178218,-0.46174861323504));
#5486=DIRECTION('center_axis',(1.,0.,0.));
#5487=DIRECTION('ref_axis',(0.,0.887010833178218,-0.46174861323504));
#5488=DIRECTION('center_axis',(1.,0.,0.));
#5489=DIRECTION('ref_axis',(0.,0.887010833178224,-0.46174861323503));
#5490=DIRECTION('center_axis',(-1.,0.,0.));
#5491=DIRECTION('ref_axis',(0.,0.887010833178224,-0.46174861323503));
#5492=DIRECTION('',(-1.,0.,0.));
#5493=DIRECTION('center_axis',(1.,0.,0.));
#5494=DIRECTION('ref_axis',(0.,0.,-1.));
#5495=DIRECTION('',(0.,-2.368475785867E-15,-1.));
#5496=DIRECTION('center_axis',(-0.707106781186584,-0.405579787672616,0.579227965339541));
#5497=DIRECTION('ref_axis',(0.633687274224604,0.,0.773589321594987));
#5498=DIRECTION('',(0.663578618400403,-0.663578618400411,0.345437164189979));
#5499=DIRECTION('',(0.,-0.819152044288994,-0.573576436351043));
#5500=DIRECTION('',(0.,0.819152044288994,0.573576436351043));
#5501=DIRECTION('center_axis',(1.,0.,0.));
#5502=DIRECTION('ref_axis',(0.,0.887010833178218,-0.46174861323504));
#5503=DIRECTION('',(-1.,0.,0.));
#5504=DIRECTION('center_axis',(-0.707106781186552,-0.707106781186543,1.67476528926268E-15));
#5505=DIRECTION('ref_axis',(-0.707106781186543,0.707106781186552,-1.71728862668539E-15));
#5506=DIRECTION('',(1.,0.,0.));
#5507=DIRECTION('center_axis',(0.,-0.573576436351043,0.819152044288994));
#5508=DIRECTION('ref_axis',(0.,-0.819152044288994,-0.573576436351043));
#5509=DIRECTION('',(0.633687274224637,-0.633687274224647,-0.443712606279658));
#5510=DIRECTION('center_axis',(-1.,0.,0.));
#5511=DIRECTION('ref_axis',(0.,-0.887010833178221,0.461748613235034));
#5512=DIRECTION('',(0.707106781186548,0.405579787672636,-0.579227965339571));
#5513=DIRECTION('center_axis',(-1.,0.,0.));
#5514=DIRECTION('ref_axis',(0.,-0.887010833178221,0.461748613235034));
#5515=DIRECTION('',(0.707106781186541,0.707106781186554,0.));
#5516=DIRECTION('center_axis',(1.,0.,0.));
#5517=DIRECTION('ref_axis',(0.,-0.887010833178222,0.461748613235034));
#5518=DIRECTION('center_axis',(0.707106781186554,-0.707106781186541,0.));
#5519=DIRECTION('ref_axis',(0.,0.,-1.));
#5520=DIRECTION('',(0.,0.,1.));
#5521=DIRECTION('center_axis',(-0.707106781186552,-0.707106781186543,0.));
#5522=DIRECTION('ref_axis',(0.,0.,1.));
#5523=DIRECTION('',(0.707106781186543,-0.707106781186552,0.));
#5524=DIRECTION('center_axis',(1.,0.,0.));
#5525=DIRECTION('ref_axis',(0.,-0.887010833178221,0.461748613235034));
#5526=DIRECTION('center_axis',(-1.,0.,0.));
#5527=DIRECTION('ref_axis',(0.,-0.887010833178222,0.461748613235034));
#5528=DIRECTION('center_axis',(1.,0.,0.));
#5529=DIRECTION('ref_axis',(0.,-0.887010833178222,0.461748613235034));
#5530=DIRECTION('center_axis',(0.707106781186547,-0.405579787672641,0.579227965339568));
#5531=DIRECTION('ref_axis',(0.633687274224642,0.,-0.773589321594956));
#5532=DIRECTION('',(0.707106781186548,0.405579787672636,-0.579227965339571));
#5533=DIRECTION('',(0.,0.81915204428899,0.573576436351048));
#5534=DIRECTION('center_axis',(1.,0.,0.));
#5535=DIRECTION('ref_axis',(0.,0.887010833178224,-0.46174861323503));
#5536=DIRECTION('',(0.707106781186554,0.707106781186541,0.));
#5537=DIRECTION('center_axis',(1.,0.,0.));
#5538=DIRECTION('ref_axis',(0.,0.887010833178224,-0.46174861323503));
#5539=DIRECTION('center_axis',(1.,0.,0.));
#5540=DIRECTION('ref_axis',(0.,0.887010833178224,-0.46174861323503));
#5541=DIRECTION('center_axis',(1.,0.,0.));
#5542=DIRECTION('ref_axis',(0.,1.,0.));
#5543=DIRECTION('',(0.,-2.368475785867E-15,-1.));
#5544=DIRECTION('',(0.,1.,-1.9932147397281E-15));
#5545=DIRECTION('',(0.,0.,1.));
#5546=DIRECTION('center_axis',(0.,0.,1.));
#5547=DIRECTION('ref_axis',(-0.923879532511287,0.38268343236509,0.));
#5548=DIRECTION('center_axis',(0.,-1.9932147397281E-15,-1.));
#5549=DIRECTION('ref_axis',(-0.923879532511287,0.38268343236509,0.));
#5550=DIRECTION('',(0.,0.,-1.));
#5551=DIRECTION('center_axis',(-0.707106781186548,0.707106781186547,0.));
#5552=DIRECTION('ref_axis',(0.,0.,1.));
#5553=DIRECTION('',(0.707106781186547,0.707106781186548,-1.40941565882272E-15));
#5554=DIRECTION('',(0.,0.,1.));
#5555=DIRECTION('center_axis',(0.,0.,-1.));
#5556=DIRECTION('ref_axis',(-0.382683432365095,0.923879532511284,0.));
#5557=DIRECTION('center_axis',(0.,-1.9932147397281E-15,-1.));
#5558=DIRECTION('ref_axis',(-0.382683432365095,0.923879532511284,0.));
#5559=DIRECTION('',(0.,0.,-1.));
#5560=DIRECTION('center_axis',(0.,1.,0.));
#5561=DIRECTION('ref_axis',(0.,0.,1.));
#5562=DIRECTION('',(1.,0.,0.));
#5563=DIRECTION('',(0.,0.,1.));
#5564=DIRECTION('center_axis',(0.,0.,1.));
#5565=DIRECTION('ref_axis',(0.382683432365094,0.923879532511285,0.));
#5566=DIRECTION('center_axis',(0.,-1.9932147397281E-15,-1.));
#5567=DIRECTION('ref_axis',(0.382683432365094,0.923879532511285,0.));
#5568=DIRECTION('',(0.,0.,-1.));
#5569=DIRECTION('center_axis',(0.707106781186549,0.707106781186546,0.));
#5570=DIRECTION('ref_axis',(0.,0.,-1.));
#5571=DIRECTION('',(0.707106781186546,-0.707106781186549,1.40941565882272E-15));
#5572=DIRECTION('',(0.,0.,1.));
#5573=DIRECTION('center_axis',(0.,0.,-1.));
#5574=DIRECTION('ref_axis',(0.923879532511287,0.382683432365088,0.));
#5575=DIRECTION('center_axis',(0.,-1.9932147397281E-15,-1.));
#5576=DIRECTION('ref_axis',(0.923879532511287,0.382683432365088,0.));
#5577=DIRECTION('',(0.,0.,-1.));
#5578=DIRECTION('center_axis',(1.,0.,0.));
#5579=DIRECTION('ref_axis',(0.,0.,-1.));
#5580=DIRECTION('',(0.,-1.,1.9932147397281E-15));
#5581=DIRECTION('',(0.,2.368475785867E-15,1.));
#5582=DIRECTION('center_axis',(0.707106781186554,-0.707106781186541,1.67476528926268E-15));
#5583=DIRECTION('ref_axis',(2.36847578586696E-15,0.,-1.));
#5584=DIRECTION('',(-0.707106781186541,-0.707106781186554,1.40941565882273E-15));
#5585=DIRECTION('',(0.,-2.368475785867E-15,-1.));
#5586=DIRECTION('center_axis',(0.,-1.,2.368475785867E-15));
#5587=DIRECTION('ref_axis',(0.,-2.368475785867E-15,-1.));
#5588=DIRECTION('',(1.,0.,0.));
#5589=DIRECTION('',(0.,2.368475785867E-15,1.));
#5590=DIRECTION('center_axis',(-0.707106781186552,-0.707106781186543,1.67476528926268E-15));
#5591=DIRECTION('ref_axis',(2.36847578586697E-15,0.,1.));
#5592=DIRECTION('',(-0.707106781186543,0.707106781186552,-1.40941565882273E-15));
#5593=DIRECTION('center_axis',(1.,0.,0.));
#5594=DIRECTION('ref_axis',(0.,0.,-1.));
#5595=DIRECTION('',(0.,2.368475785867E-15,1.));
#5596=DIRECTION('',(0.,-1.,1.9932147397281E-15));
#5597=DIRECTION('',(0.,0.,-1.));
#5598=DIRECTION('center_axis',(0.,0.,-1.));
#5599=DIRECTION('ref_axis',(0.923879532511287,0.382683432365088,0.));
#5600=DIRECTION('center_axis',(0.,-1.9932147397281E-15,-1.));
#5601=DIRECTION('ref_axis',(0.923879532511287,0.382683432365088,0.));
#5602=DIRECTION('',(0.,0.,1.));
#5603=DIRECTION('center_axis',(0.707106781186549,0.707106781186546,0.));
#5604=DIRECTION('ref_axis',(0.,0.,-1.));
#5605=DIRECTION('',(0.,0.,-1.));
#5606=DIRECTION('',(0.707106781186546,-0.707106781186549,1.40941565882272E-15));
#5607=DIRECTION('center_axis',(0.,0.,1.));
#5608=DIRECTION('ref_axis',(0.382683432365094,0.923879532511285,0.));
#5609=DIRECTION('center_axis',(0.,-1.9932147397281E-15,-1.));
#5610=DIRECTION('ref_axis',(0.382683432365094,0.923879532511285,0.));
#5611=DIRECTION('',(0.,0.,1.));
#5612=DIRECTION('center_axis',(0.,1.,0.));
#5613=DIRECTION('ref_axis',(0.,0.,1.));
#5614=DIRECTION('',(0.,0.,-1.));
#5615=DIRECTION('',(1.,0.,0.));
#5616=DIRECTION('center_axis',(0.,0.,-1.));
#5617=DIRECTION('ref_axis',(-0.382683432365095,0.923879532511284,0.));
#5618=DIRECTION('center_axis',(0.,-1.9932147397281E-15,-1.));
#5619=DIRECTION('ref_axis',(-0.382683432365095,0.923879532511284,0.));
#5620=DIRECTION('',(0.,0.,1.));
#5621=DIRECTION('center_axis',(-0.707106781186548,0.707106781186547,0.));
#5622=DIRECTION('ref_axis',(0.,0.,1.));
#5623=DIRECTION('',(0.,0.,-1.));
#5624=DIRECTION('',(0.707106781186547,0.707106781186548,-1.40941565882272E-15));
#5625=DIRECTION('center_axis',(0.,0.,1.));
#5626=DIRECTION('ref_axis',(-0.923879532511287,0.38268343236509,0.));
#5627=DIRECTION('center_axis',(0.,-1.9932147397281E-15,-1.));
#5628=DIRECTION('ref_axis',(-0.923879532511287,0.38268343236509,0.));
#5629=DIRECTION('center_axis',(1.,0.,0.));
#5630=DIRECTION('ref_axis',(0.,0.887010833178224,-0.46174861323503));
#5631=DIRECTION('center_axis',(1.,0.,0.));
#5632=DIRECTION('ref_axis',(0.,0.887010833178224,-0.46174861323503));
#5633=DIRECTION('center_axis',(0.707106781186554,-0.707106781186541,1.67476528926268E-15));
#5634=DIRECTION('ref_axis',(2.36847578586696E-15,0.,-1.));
#5635=DIRECTION('',(-0.707106781186541,-0.707106781186554,1.40941565882273E-15));
#5636=DIRECTION('center_axis',(0.,1.9932147397281E-15,1.));
#5637=DIRECTION('ref_axis',(0.,-1.,1.9932147397281E-15));
#5638=DIRECTION('',(-0.707106781186543,0.707106781186552,-1.40941565882273E-15));
#5639=DIRECTION('center_axis',(-0.707106781186552,-0.707106781186543,1.67476528926268E-15));
#5640=DIRECTION('ref_axis',(2.36847578586697E-15,0.,1.));
#5641=DIRECTION('center_axis',(-1.,0.,0.));
#5642=DIRECTION('ref_axis',(0.,0.,1.));
#5643=DIRECTION('center_axis',(-0.70710678118654,-1.97052433323197E-14,
-0.707106781186555));
#5644=DIRECTION('ref_axis',(-0.707106781186555,0.,0.70710678118654));
#5645=DIRECTION('',(0.577350269189629,0.577350269189617,-0.577350269189632));
#5646=DIRECTION('',(0.,-1.,2.78674223704282E-14));
#5647=DIRECTION('',(-0.577350269189621,0.577350269189664,0.577350269189592));
#5648=DIRECTION('',(0.,1.,-2.78674223704282E-14));
#5649=DIRECTION('',(0.577350269189645,-0.577350269189616,-0.577350269189616));
#5650=DIRECTION('center_axis',(0.,-2.78674223704282E-14,-1.));
#5651=DIRECTION('ref_axis',(0.,-1.,2.78674223704282E-14));
#5652=DIRECTION('',(1.,0.,0.));
#5653=DIRECTION('',(0.,-1.,2.78674223704282E-14));
#5654=DIRECTION('',(-1.,0.,0.));
#5655=DIRECTION('center_axis',(-0.577350269189634,-0.577350269189596,-0.577350269189647));
#5656=DIRECTION('ref_axis',(-0.707106781186555,0.,0.70710678118654));
#5657=DIRECTION('',(-0.707106781186555,6.28036983473516E-14,0.70710678118654));
#5658=DIRECTION('',(0.,0.707106781186579,-0.707106781186516));
#5659=DIRECTION('',(0.707106781186555,-0.70710678118654,-6.28036983473516E-14));
#5660=DIRECTION('center_axis',(0.,-0.707106781186516,-0.707106781186579));
#5661=DIRECTION('ref_axis',(-1.,0.,0.));
#5662=DIRECTION('',(-0.57735026918962,0.577350269189654,-0.577350269189603));
#5663=DIRECTION('',(-1.,0.,0.));
#5664=DIRECTION('center_axis',(-0.70710678118654,-0.707106781186555,5.72092946473778E-15));
#5665=DIRECTION('ref_axis',(8.09061603841211E-15,0.,1.));
#5666=DIRECTION('',(0.705757556807962,-0.705757556807947,-0.0617457854183961));
#5667=DIRECTION('',(0.,-8.09061603841193E-15,-1.));
#5668=DIRECTION('',(0.,8.09061603841193E-15,1.));
#5669=DIRECTION('center_axis',(-0.577350269189652,0.577350269189613,-0.577350269189613));
#5670=DIRECTION('ref_axis',(-0.707106781186524,0.,0.707106781186571));
#5671=DIRECTION('',(-0.707106781186524,-0.707106781186571,0.));
#5672=DIRECTION('',(0.,0.707106781186548,0.707106781186548));
#5673=DIRECTION('',(0.707106781186555,6.28036983473516E-14,-0.70710678118654));
#5674=DIRECTION('center_axis',(0.,0.707106781186548,-0.707106781186548));
#5675=DIRECTION('ref_axis',(-1.,0.,0.));
#5676=DIRECTION('',(0.577350269189635,0.577350269189621,0.577350269189621));
#5677=DIRECTION('',(1.,0.,0.));
#5678=DIRECTION('center_axis',(-0.70710678118654,-1.97052433323197E-14,
-0.707106781186555));
#5679=DIRECTION('ref_axis',(-0.707106781186555,0.,0.70710678118654));
#5680=DIRECTION('',(0.,1.,-2.78674223704282E-14));
#5681=DIRECTION('center_axis',(-0.547797157519446,0.655830423738399,0.519427309171098));
#5682=DIRECTION('ref_axis',(0.688066813431247,0.,0.725647338763513));
#5683=DIRECTION('',(0.,-0.6208706251203,0.783913048024287));
#5684=DIRECTION('',(0.699581645111538,0.699581645111584,-0.145502727280293));
#5685=DIRECTION('',(-0.699581645111561,-0.018596861108958,-0.71431063171417));
#5686=DIRECTION('center_axis',(-0.707106781186571,0.707106781186524,1.73251581647859E-15));
#5687=DIRECTION('ref_axis',(2.45014736468984E-15,0.,1.));
#5688=DIRECTION('',(0.,-2.45014736469E-15,1.));
#5689=DIRECTION('',(0.,2.45014736469E-15,-1.));
#5690=DIRECTION('center_axis',(-0.707106781186555,0.161955266035779,0.688309880652072));
#5691=DIRECTION('ref_axis',(0.697518448882878,0.,0.716566824146934));
#5692=DIRECTION('',(0.707106781186542,0.161955266035788,0.688309880652083));
#5693=DIRECTION('',(0.,0.973417168333577,-0.229039333725544));
#5694=DIRECTION('',(0.,-0.973417168333577,0.229039333725544));
#5695=DIRECTION('center_axis',(1.,0.,0.));
#5696=DIRECTION('ref_axis',(0.,0.115288402856544,0.993332061380678));
#5697=DIRECTION('',(0.707106781186524,0.,0.707106781186571));
#5698=DIRECTION('center_axis',(-1.,0.,0.));
#5699=DIRECTION('ref_axis',(0.,0.115288402856544,0.993332061380678));
#5700=DIRECTION('center_axis',(1.,0.,0.));
#5701=DIRECTION('ref_axis',(0.,0.115288402856544,0.993332061380678));
#5702=DIRECTION('center_axis',(-0.707106781186508,0.,0.707106781186587));
#5703=DIRECTION('ref_axis',(0.707106781186587,0.,0.707106781186508));
#5704=DIRECTION('',(0.540716203060967,-0.644400477571772,0.540716203060907));
#5705=DIRECTION('',(0.,1.,0.));
#5706=DIRECTION('',(0.,-1.,0.));
#5707=DIRECTION('center_axis',(0.547797157519424,0.655830423738432,0.519427309171079));
#5708=DIRECTION('ref_axis',(0.688066813431248,0.,-0.725647338763512));
#5709=DIRECTION('',(0.,0.6208706251203,-0.783913048024287));
#5710=DIRECTION('',(-0.699581645111563,0.018596861108958,0.714310631714168));
#5711=DIRECTION('',(0.699581645111568,-0.699581645111553,0.145502727280299));
#5712=DIRECTION('center_axis',(0.707106781186553,0.16195526603578,0.688309880652074));
#5713=DIRECTION('ref_axis',(0.697518448882881,0.,-0.716566824146932));
#5714=DIRECTION('',(0.707106781186542,-0.161955266035788,-0.688309880652083));
#5715=DIRECTION('',(0.,0.973417168333577,-0.229039333725544));
#5716=DIRECTION('',(0.,-0.973417168333577,0.229039333725544));
#5717=DIRECTION('center_axis',(-1.,0.,0.));
#5718=DIRECTION('ref_axis',(0.,0.115288402856544,0.993332061380678));
#5719=DIRECTION('center_axis',(1.,0.,0.));
#5720=DIRECTION('ref_axis',(0.,0.115288402856544,0.993332061380678));
#5721=DIRECTION('',(0.707106781186524,0.,-0.707106781186571));
#5722=DIRECTION('center_axis',(-1.,0.,0.));
#5723=DIRECTION('ref_axis',(0.,0.115288402856544,0.993332061380678));
#5724=DIRECTION('center_axis',(0.70710678118654,0.,0.707106781186555));
#5725=DIRECTION('ref_axis',(0.707106781186555,0.,-0.70710678118654));
#5726=DIRECTION('',(0.577350269189634,0.577350269189622,-0.577350269189622));
#5727=DIRECTION('',(0.,1.,0.));
#5728=DIRECTION('',(0.,-1.,0.));
#5729=DIRECTION('center_axis',(0.70710678118654,0.707106781186555,1.73251581647867E-15));
#5730=DIRECTION('ref_axis',(2.45014736469006E-15,0.,-1.));
#5731=DIRECTION('',(-0.67859834454588,0.678598344545866,-0.281084637714696));
#5732=DIRECTION('',(0.,-2.45014736469E-15,1.));
#5733=DIRECTION('',(0.,2.45014736469E-15,-1.));
#5734=DIRECTION('center_axis',(0.,0.783913048024287,0.6208706251203));
#5735=DIRECTION('ref_axis',(1.,0.,0.));
#5736=DIRECTION('',(1.,0.,0.));
#5737=DIRECTION('',(-1.,0.,0.));
#5738=DIRECTION('center_axis',(-1.,0.,0.));
#5739=DIRECTION('ref_axis',(0.,0.,1.));
#5740=DIRECTION('',(0.,0.17364817766692,-0.98480775301221));
#5741=DIRECTION('center_axis',(0.,-1.,8.09061603841193E-15));
#5742=DIRECTION('ref_axis',(0.,8.09061603841193E-15,1.));
#5743=DIRECTION('',(0.,-8.09061603841193E-15,-1.));
#5744=DIRECTION('',(-1.,0.,0.));
#5745=DIRECTION('',(-1.,0.,0.));
#5746=DIRECTION('center_axis',(0.,1.,2.45014736469E-15));
#5747=DIRECTION('ref_axis',(0.,-2.45014736469E-15,1.));
#5748=DIRECTION('',(0.,2.45014736469E-15,-1.));
#5749=DIRECTION('',(1.,0.,0.));
#5750=DIRECTION('',(0.,2.45014736469E-15,-1.));
#5751=DIRECTION('',(-1.,0.,0.));
#5752=DIRECTION('',(0.,0.,1.));
#5753=DIRECTION('',(1.,0.,0.));
#5754=DIRECTION('center_axis',(0.707106781186536,-0.696364240320032,-0.122787803968967));
#5755=DIRECTION('ref_axis',(-0.171087869746031,0.,-0.985255774317393));
#5756=DIRECTION('',(0.,0.17364817766692,-0.98480775301221));
#5757=DIRECTION('',(-0.707106781186559,-0.696364240320013,-0.122787803968938));
#5758=DIRECTION('',(0.,-0.17364817766692,0.98480775301221));
#5759=DIRECTION('',(-0.540716203060952,-0.644400477571797,0.540716203060892));
#5760=DIRECTION('center_axis',(0.707106781186549,0.161955266035781,0.688309880652078));
#5761=DIRECTION('ref_axis',(0.697518448882884,0.,-0.716566824146928));
#5762=DIRECTION('',(0.676600373794579,0.127865907749198,-0.725163597967045));
#5763=DIRECTION('',(0.,-0.973417168333577,0.229039333725544));
#5764=DIRECTION('',(0.707106781186546,-0.161955266035787,-0.688309880652079));
#5765=DIRECTION('',(0.,0.973417168333577,-0.229039333725544));
#5766=DIRECTION('center_axis',(-1.,0.,0.));
#5767=DIRECTION('ref_axis',(0.,0.115288402856544,0.993332061380678));
#5768=DIRECTION('center_axis',(1.,0.,0.));
#5769=DIRECTION('ref_axis',(0.,0.115288402856544,0.993332061380678));
#5770=DIRECTION('',(0.707106781186524,0.,-0.707106781186571));
#5771=DIRECTION('center_axis',(-1.,0.,0.));
#5772=DIRECTION('ref_axis',(0.,0.115288402856544,0.993332061380678));
#5773=DIRECTION('center_axis',(0.707106781186508,0.,0.707106781186587));
#5774=DIRECTION('ref_axis',(0.707106781186587,0.,-0.707106781186508));
#5775=DIRECTION('',(0.,1.,0.));
#5776=DIRECTION('',(0.,-1.,0.));
#5777=DIRECTION('center_axis',(0.,-0.98480775301221,-0.17364817766692));
#5778=DIRECTION('ref_axis',(0.,-0.17364817766692,0.98480775301221));
#5779=DIRECTION('',(-1.,0.,0.));
#5780=DIRECTION('',(0.,-0.17364817766692,0.98480775301221));
#5781=DIRECTION('center_axis',(0.,0.,1.));
#5782=DIRECTION('ref_axis',(0.,-1.,0.));
#5783=DIRECTION('',(1.,0.,0.));
#5784=DIRECTION('center_axis',(1.,0.,0.));
#5785=DIRECTION('ref_axis',(0.,0.115288402856544,0.993332061380678));
#5786=DIRECTION('',(-1.,0.,0.));
#5787=DIRECTION('center_axis',(0.,0.229039333725544,0.973417168333577));
#5788=DIRECTION('ref_axis',(1.,0.,0.));
#5789=DIRECTION('',(1.,0.,0.));
#5790=DIRECTION('',(0.,0.973417168333577,-0.229039333725544));
#5791=DIRECTION('',(-1.,0.,0.));
#5792=DIRECTION('center_axis',(-0.707106781186553,0.16195526603578,0.688309880652074));
#5793=DIRECTION('ref_axis',(0.697518448882881,0.,0.716566824146932));
#5794=DIRECTION('',(0.676600373794575,-0.127865907749198,0.725163597967049));
#5795=DIRECTION('',(0.,-0.973417168333577,0.229039333725544));
#5796=DIRECTION('',(0.707106781186542,0.161955266035788,0.688309880652083));
#5797=DIRECTION('center_axis',(1.,0.,0.));
#5798=DIRECTION('ref_axis',(0.,0.115288402856544,0.993332061380678));
#5799=DIRECTION('',(0.707106781186524,0.,0.707106781186571));
#5800=DIRECTION('center_axis',(-1.,0.,0.));
#5801=DIRECTION('ref_axis',(0.,0.115288402856544,0.993332061380678));
#5802=DIRECTION('center_axis',(1.,0.,0.));
#5803=DIRECTION('ref_axis',(0.,0.115288402856544,0.993332061380678));
#5804=DIRECTION('center_axis',(-0.70710678118654,0.,0.707106781186555));
#5805=DIRECTION('ref_axis',(0.707106781186555,0.,0.70710678118654));
#5806=DIRECTION('',(0.,1.,0.));
#5807=DIRECTION('',(0.,-1.,0.));
#5808=DIRECTION('',(0.577350269189634,-0.577350269189622,0.577350269189622));
#5809=DIRECTION('center_axis',(-0.70710678118654,-0.707106781186555,0.));
#5810=DIRECTION('ref_axis',(0.,0.,1.));
#5811=DIRECTION('',(0.,0.,-1.));
#5812=DIRECTION('',(0.707106781186555,-0.70710678118654,0.));
#5813=DIRECTION('',(0.,0.,1.));
#5814=DIRECTION('center_axis',(-1.,0.,0.));
#5815=DIRECTION('ref_axis',(0.,0.707106781186547,-0.707106781186547));
#5816=DIRECTION('',(0.707106781186555,0.,0.70710678118654));
#5817=DIRECTION('center_axis',(1.,0.,0.));
#5818=DIRECTION('ref_axis',(0.,0.707106781186548,-0.707106781186548));
#5819=DIRECTION('center_axis',(-1.,0.,0.));
#5820=DIRECTION('ref_axis',(0.,0.707106781186548,-0.707106781186548));
#5821=DIRECTION('center_axis',(-0.707106781186571,-1.19110462382905E-15,
0.707106781186524));
#5822=DIRECTION('ref_axis',(0.707106781186524,0.,0.707106781186571));
#5823=DIRECTION('',(0.,-1.,-1.6844763132244E-15));
#5824=DIRECTION('',(0.707106781186524,0.,0.707106781186571));
#5825=DIRECTION('',(0.,1.,1.6844763132244E-15));
#5826=DIRECTION('center_axis',(1.,0.,0.));
#5827=DIRECTION('ref_axis',(0.,-0.382683432365063,0.923879532511298));
#5828=DIRECTION('',(0.707106781186513,-0.500000000000024,0.500000000000024));
#5829=DIRECTION('center_axis',(-1.,0.,0.));
#5830=DIRECTION('ref_axis',(0.,-0.382683432365064,0.923879532511298));
#5831=DIRECTION('center_axis',(1.,0.,0.));
#5832=DIRECTION('ref_axis',(0.,-0.382683432365063,0.923879532511298));
#5833=DIRECTION('center_axis',(-0.707106781186538,-0.500000000000004,0.50000000000001));
#5834=DIRECTION('ref_axis',(0.577350269189639,0.,0.816496580927717));
#5835=DIRECTION('',(0.707106781186513,-0.500000000000024,0.500000000000024));
#5836=DIRECTION('',(0.,0.707106781186552,0.707106781186543));
#5837=DIRECTION('',(0.,-0.707106781186552,-0.707106781186543));
#5838=DIRECTION('center_axis',(1.,0.,0.));
#5839=DIRECTION('ref_axis',(0.,-0.923879532511284,0.382683432365096));
#5840=DIRECTION('',(0.707106781186524,-0.707106781186571,0.));
#5841=DIRECTION('center_axis',(-1.,0.,0.));
#5842=DIRECTION('ref_axis',(0.,-0.923879532511284,0.382683432365096));
#5843=DIRECTION('center_axis',(1.,0.,0.));
#5844=DIRECTION('ref_axis',(0.,-0.923879532511284,0.382683432365096));
#5845=DIRECTION('center_axis',(-0.70710678118654,-0.707106781186555,0.));
#5846=DIRECTION('ref_axis',(0.,0.,1.));
#5847=DIRECTION('',(-0.707106781186555,0.70710678118654,0.));
#5848=DIRECTION('',(0.,0.,1.));
#5849=DIRECTION('',(0.,0.,-1.));
#5850=DIRECTION('center_axis',(1.,0.,0.));
#5851=DIRECTION('ref_axis',(0.,0.115288402856544,0.993332061380678));
#5852=DIRECTION('',(1.,0.,0.));
#5853=DIRECTION('center_axis',(0.,0.,1.));
#5854=DIRECTION('ref_axis',(0.,-1.,0.));
#5855=DIRECTION('',(1.,0.,0.));
#5856=DIRECTION('center_axis',(0.,-1.,0.));
#5857=DIRECTION('ref_axis',(0.,0.,-1.));
#5858=DIRECTION('',(-1.,0.,0.));
#5859=DIRECTION('',(0.,0.,-1.));
#5860=DIRECTION('center_axis',(1.,0.,0.));
#5861=DIRECTION('ref_axis',(0.,0.707106781186548,-0.707106781186548));
#5862=DIRECTION('',(1.,0.,0.));
#5863=DIRECTION('center_axis',(-1.,0.,0.));
#5864=DIRECTION('ref_axis',(0.,0.707106781186548,-0.707106781186548));
#5865=DIRECTION('center_axis',(0.,-1.6844763132244E-15,1.));
#5866=DIRECTION('ref_axis',(0.,-1.,-1.6844763132244E-15));
#5867=DIRECTION('',(-1.,0.,0.));
#5868=DIRECTION('',(0.,-1.,-1.6844763132244E-15));
#5869=DIRECTION('center_axis',(-1.,0.,0.));
#5870=DIRECTION('ref_axis',(0.,-0.382683432365063,0.923879532511298));
#5871=DIRECTION('',(1.,0.,0.));
#5872=DIRECTION('center_axis',(1.,0.,0.));
#5873=DIRECTION('ref_axis',(0.,-0.382683432365064,0.923879532511298));
#5874=DIRECTION('center_axis',(0.,-0.707106781186543,0.707106781186552));
#5875=DIRECTION('ref_axis',(1.,0.,0.));
#5876=DIRECTION('',(-1.,0.,0.));
#5877=DIRECTION('',(0.,-0.707106781186552,-0.707106781186543));
#5878=DIRECTION('center_axis',(1.,0.,0.));
#5879=DIRECTION('ref_axis',(0.,-0.923879532511284,0.382683432365096));
#5880=DIRECTION('',(1.,0.,0.));
#5881=DIRECTION('center_axis',(1.,0.,0.));
#5882=DIRECTION('ref_axis',(0.,-0.923879532511284,0.382683432365096));
#5883=DIRECTION('center_axis',(0.,-1.,0.));
#5884=DIRECTION('ref_axis',(0.,0.,-1.));
#5885=DIRECTION('',(1.,0.,0.));
#5886=DIRECTION('',(0.,0.,1.));
#5887=DIRECTION('',(-1.,0.,0.));
#5888=DIRECTION('',(0.,0.,1.));
#5889=DIRECTION('',(-1.,0.,0.));
#5890=DIRECTION('',(0.,0.,-1.));
#5891=DIRECTION('center_axis',(-0.707106781186493,0.500000000000044,-0.500000000000033));
#5892=DIRECTION('ref_axis',(-0.57735026918968,0.,0.816496580927688));
#5893=DIRECTION('',(0.,-0.707106781186539,-0.707106781186556));
#5894=DIRECTION('',(-0.707106781186602,-0.499999999999962,0.499999999999962));
#5895=DIRECTION('',(0.,0.707106781186539,0.707106781186556));
#5896=DIRECTION('',(0.678598344545891,0.678598344545876,-0.281084637714646));
#5897=DIRECTION('center_axis',(-0.70710678118654,0.707106781186555,1.73251581647867E-15));
#5898=DIRECTION('ref_axis',(2.45014736469006E-15,0.,1.));
#5899=DIRECTION('',(0.,-2.45014736469E-15,1.));
#5900=DIRECTION('',(-0.707106781186555,-0.70710678118654,0.));
#5901=DIRECTION('center_axis',(1.,0.,0.));
#5902=DIRECTION('ref_axis',(0.,0.38268343236511,-0.923879532511278));
#5903=DIRECTION('center_axis',(-1.,0.,0.));
#5904=DIRECTION('ref_axis',(0.,0.38268343236511,-0.923879532511279));
#5905=DIRECTION('',(-0.707106781186524,0.,0.707106781186571));
#5906=DIRECTION('center_axis',(1.,0.,0.));
#5907=DIRECTION('ref_axis',(0.,0.38268343236511,-0.923879532511278));
#5908=DIRECTION('center_axis',(-0.70710678118654,1.29938686235902E-15,-0.707106781186555));
#5909=DIRECTION('ref_axis',(-0.707106781186555,0.,0.70710678118654));
#5910=DIRECTION('',(0.,-1.,-1.83761052351752E-15));
#5911=DIRECTION('',(-0.707106781186555,0.,0.70710678118654));
#5912=DIRECTION('',(0.,1.,1.83761052351752E-15));
#5913=DIRECTION('center_axis',(1.,0.,0.));
#5914=DIRECTION('ref_axis',(0.,-0.382683432365077,-0.923879532511292));
#5915=DIRECTION('center_axis',(-1.,0.,0.));
#5916=DIRECTION('ref_axis',(0.,-0.382683432365077,-0.923879532511292));
#5917=DIRECTION('',(-0.70710678118658,0.499999999999946,0.500000000000009));
#5918=DIRECTION('center_axis',(1.,0.,0.));
#5919=DIRECTION('ref_axis',(0.,-0.382683432365077,-0.923879532511292));
#5920=DIRECTION('center_axis',(-0.707106781186538,-0.50000000000001,-0.500000000000004));
#5921=DIRECTION('ref_axis',(-0.577350269189634,0.,0.81649658092772));
#5922=DIRECTION('',(0.,-0.707106781186543,0.707106781186552));
#5923=DIRECTION('',(-0.707106781186557,0.499999999999993,0.499999999999993));
#5924=DIRECTION('',(0.,0.707106781186543,-0.707106781186552));
#5925=DIRECTION('center_axis',(1.,0.,0.));
#5926=DIRECTION('ref_axis',(0.,-0.923879532511292,-0.382683432365077));
#5927=DIRECTION('center_axis',(-1.,0.,0.));
#5928=DIRECTION('ref_axis',(0.,-0.923879532511292,-0.382683432365077));
#5929=DIRECTION('',(-0.707106781186524,0.707106781186571,0.));
#5930=DIRECTION('center_axis',(1.,0.,0.));
#5931=DIRECTION('ref_axis',(0.,-0.923879532511292,-0.382683432365077));
#5932=DIRECTION('center_axis',(-0.70710678118654,-0.707106781186555,0.));
#5933=DIRECTION('ref_axis',(0.,0.,1.));
#5934=DIRECTION('',(0.707106781186555,-0.70710678118654,0.));
#5935=DIRECTION('',(0.,0.,-1.));
#5936=DIRECTION('center_axis',(-1.,0.,0.));
#5937=DIRECTION('ref_axis',(0.,-0.923879532511292,-0.382683432365077));
#5938=DIRECTION('',(1.,0.,0.));
#5939=DIRECTION('center_axis',(1.,0.,0.));
#5940=DIRECTION('ref_axis',(0.,-0.923879532511292,-0.382683432365077));
#5941=DIRECTION('center_axis',(0.,-0.707106781186552,-0.707106781186543));
#5942=DIRECTION('ref_axis',(-1.,0.,0.));
#5943=DIRECTION('',(-1.,0.,0.));
#5944=DIRECTION('',(0.,0.707106781186543,-0.707106781186552));
#5945=DIRECTION('center_axis',(1.,0.,0.));
#5946=DIRECTION('ref_axis',(0.,-0.382683432365077,-0.923879532511292));
#5947=DIRECTION('',(1.,0.,0.));
#5948=DIRECTION('center_axis',(1.,0.,0.));
#5949=DIRECTION('ref_axis',(0.,-0.382683432365077,-0.923879532511292));
#5950=DIRECTION('center_axis',(0.,1.83761052351752E-15,-1.));
#5951=DIRECTION('ref_axis',(0.,1.,1.83761052351752E-15));
#5952=DIRECTION('',(-1.,0.,0.));
#5953=DIRECTION('',(0.,1.,1.83761052351752E-15));
#5954=DIRECTION('center_axis',(-1.,0.,0.));
#5955=DIRECTION('ref_axis',(0.,0.38268343236511,-0.923879532511279));
#5956=DIRECTION('',(1.,0.,0.));
#5957=DIRECTION('center_axis',(1.,0.,0.));
#5958=DIRECTION('ref_axis',(0.,0.38268343236511,-0.923879532511279));
#5959=DIRECTION('center_axis',(0.,0.707106781186556,-0.707106781186539));
#5960=DIRECTION('ref_axis',(-1.,0.,0.));
#5961=DIRECTION('',(0.,0.707106781186539,0.707106781186556));
#5962=DIRECTION('center_axis',(-0.707106781186536,-0.696364240320032,-0.122787803968967));
#5963=DIRECTION('ref_axis',(-0.171087869746031,0.,0.985255774317393));
#5964=DIRECTION('center_axis',(-0.707106781186571,-0.707106781186524,5.72092946473753E-15));
#5965=DIRECTION('ref_axis',(8.09061603841139E-15,0.,1.));
#5966=DIRECTION('',(-0.701673843159842,0.70167384315989,0.123724030206454));
#5967=DIRECTION('',(0.,8.09061603841193E-15,1.));
#5968=DIRECTION('center_axis',(-0.70710678118654,0.707106781186555,1.73251581647867E-15));
#5969=DIRECTION('ref_axis',(2.45014736469006E-15,0.,1.));
#5970=DIRECTION('',(0.707106781186555,0.70710678118654,0.));
#5971=DIRECTION('',(0.,-2.45014736469E-15,1.));
#5972=DIRECTION('center_axis',(0.70710678118654,-0.707106781186555,0.));
#5973=DIRECTION('ref_axis',(0.,0.,-1.));
#5974=DIRECTION('',(0.707106781186555,0.70710678118654,0.));
#5975=DIRECTION('',(0.,0.,1.));
#5976=DIRECTION('center_axis',(1.,0.,0.));
#5977=DIRECTION('ref_axis',(0.,0.707106781186547,-0.707106781186547));
#5978=DIRECTION('',(0.707106781186555,0.,-0.70710678118654));
#5979=DIRECTION('center_axis',(1.,0.,0.));
#5980=DIRECTION('ref_axis',(0.,0.707106781186548,-0.707106781186548));
#5981=DIRECTION('center_axis',(0.707106781186571,-1.19110462382905E-15,
0.707106781186524));
#5982=DIRECTION('ref_axis',(0.707106781186524,0.,-0.707106781186571));
#5983=DIRECTION('',(0.707106781186524,0.,-0.707106781186571));
#5984=DIRECTION('',(0.,1.,1.6844763132244E-15));
#5985=DIRECTION('center_axis',(-1.,0.,0.));
#5986=DIRECTION('ref_axis',(0.,-0.382683432365063,0.923879532511298));
#5987=DIRECTION('',(0.707106781186513,0.500000000000024,-0.500000000000024));
#5988=DIRECTION('center_axis',(-1.,0.,0.));
#5989=DIRECTION('ref_axis',(0.,-0.382683432365063,0.923879532511298));
#5990=DIRECTION('center_axis',(0.707106781186538,-0.500000000000004,0.50000000000001));
#5991=DIRECTION('ref_axis',(0.577350269189639,0.,-0.816496580927717));
#5992=DIRECTION('',(0.707106781186513,0.500000000000024,-0.500000000000024));
#5993=DIRECTION('',(0.,0.707106781186552,0.707106781186543));
#5994=DIRECTION('center_axis',(-1.,0.,0.));
#5995=DIRECTION('ref_axis',(0.,-0.923879532511284,0.382683432365096));
#5996=DIRECTION('',(0.707106781186524,0.707106781186571,0.));
#5997=DIRECTION('center_axis',(-1.,0.,0.));
#5998=DIRECTION('ref_axis',(0.,-0.923879532511284,0.382683432365096));
#5999=DIRECTION('center_axis',(0.70710678118654,-0.707106781186555,0.));
#6000=DIRECTION('ref_axis',(0.,0.,-1.));
#6001=DIRECTION('',(0.707106781186555,0.70710678118654,0.));
#6002=DIRECTION('',(0.,0.,1.));
#6003=DIRECTION('center_axis',(-1.,0.,0.));
#6004=DIRECTION('ref_axis',(0.,-0.923879532511292,-0.382683432365077));
#6005=DIRECTION('',(0.707106781186535,0.50000000000004,0.499999999999977));
#6006=DIRECTION('center_axis',(-1.,0.,0.));
#6007=DIRECTION('ref_axis',(0.,-0.923879532511292,-0.382683432365077));
#6008=DIRECTION('center_axis',(0.707106781186538,-0.50000000000001,-0.500000000000004));
#6009=DIRECTION('ref_axis',(-0.577350269189634,0.,-0.81649658092772));
#6010=DIRECTION('',(0.707106781186557,0.499999999999993,0.499999999999993));
#6011=DIRECTION('',(0.,-0.707106781186543,0.707106781186552));
#6012=DIRECTION('center_axis',(-1.,0.,0.));
#6013=DIRECTION('ref_axis',(0.,-0.382683432365077,-0.923879532511292));
#6014=DIRECTION('',(0.707106781186524,0.,0.707106781186571));
#6015=DIRECTION('center_axis',(-1.,0.,0.));
#6016=DIRECTION('ref_axis',(0.,-0.382683432365077,-0.923879532511292));
#6017=DIRECTION('center_axis',(0.70710678118654,1.29938686235902E-15,-0.707106781186555));
#6018=DIRECTION('ref_axis',(-0.707106781186555,0.,-0.70710678118654));
#6019=DIRECTION('',(0.707106781186524,0.,0.707106781186571));
#6020=DIRECTION('',(0.,-1.,-1.83761052351752E-15));
#6021=DIRECTION('center_axis',(-1.,0.,0.));
#6022=DIRECTION('ref_axis',(0.,0.38268343236511,-0.923879532511278));
#6023=DIRECTION('',(0.707106781186557,-0.499999999999993,0.499999999999993));
#6024=DIRECTION('center_axis',(-1.,0.,0.));
#6025=DIRECTION('ref_axis',(0.,0.38268343236511,-0.923879532511278));
#6026=DIRECTION('center_axis',(0.707106781186493,0.500000000000044,-0.500000000000033));
#6027=DIRECTION('ref_axis',(-0.57735026918968,0.,-0.816496580927688));
#6028=DIRECTION('',(0.,-0.707106781186539,-0.707106781186556));
#6029=DIRECTION('center_axis',(1.,0.,0.));
#6030=DIRECTION('ref_axis',(0.,1.,0.));
#6031=DIRECTION('',(0.,-0.470588235393978,-0.882352941123212));
#6032=DIRECTION('center_axis',(1.,0.,0.));
#6033=DIRECTION('ref_axis',(0.,1.,0.));
#6034=DIRECTION('',(0.,0.470588235194222,-0.882352941229748));
#6035=DIRECTION('',(0.,-1.77635683940029E-14,-1.));
#6036=DIRECTION('',(0.,-1.77635683940013E-14,-1.));
#6037=DIRECTION('',(0.,-0.599999999999932,-0.800000000000051));
#6038=DIRECTION('center_axis',(1.,0.,0.));
#6039=DIRECTION('ref_axis',(0.,1.,0.));
#6040=DIRECTION('',(0.,0.599999999999983,-0.800000000000013));
#6041=DIRECTION('',(0.,0.,-1.));
#6042=DIRECTION('',(0.,-0.60000000000004,-0.79999999999997));
#6043=DIRECTION('center_axis',(1.,0.,0.));
#6044=DIRECTION('ref_axis',(0.,1.,0.));
#6045=DIRECTION('',(0.,0.60000000000004,-0.79999999999997));
#6046=DIRECTION('',(0.,0.,-1.));
#6047=DIRECTION('',(0.,-0.600000000000062,-0.799999999999953));
#6048=DIRECTION('center_axis',(1.,0.,0.));
#6049=DIRECTION('ref_axis',(0.,1.,0.));
#6050=DIRECTION('',(0.,0.59999999999996,-0.80000000000003));
#6051=DIRECTION('',(0.,-0.47058823528818,-0.882352941179637));
#6052=DIRECTION('center_axis',(1.,0.,0.));
#6053=DIRECTION('ref_axis',(0.,1.,0.));
#6054=DIRECTION('',(0.,0.470588235299969,-0.88235294117335));
#6055=DIRECTION('',(0.,1.77635683940026E-14,-1.));
#6056=DIRECTION('center_axis',(0.70710678118654,0.707106781186555,0.));
#6057=DIRECTION('ref_axis',(0.,0.,-1.));
#6058=DIRECTION('',(0.,0.,-1.));
#6059=DIRECTION('',(-0.655610068107913,0.655610068107899,0.374634324630157));
#6060=DIRECTION('',(0.,0.,1.));
#6061=DIRECTION('',(0.655610068106426,-0.655610068106411,0.374634324635363));
#6062=DIRECTION('center_axis',(0.707106781186561,0.358992673521114,-0.609199688409428));
#6063=DIRECTION('ref_axis',(-0.652709025630089,0.,-0.757608690460332));
#6064=DIRECTION('',(0.,0.861538461542092,0.507692307686146));
#6065=DIRECTION('',(0.707106781186534,-0.358992673521146,0.60919968840944));
#6066=DIRECTION('',(0.,-0.861538461542092,-0.507692307686146));
#6067=DIRECTION('center_axis',(1.,0.,0.));
#6068=DIRECTION('ref_axis',(0.,1.,0.));
#6069=DIRECTION('center_axis',(-1.,0.,0.));
#6070=DIRECTION('ref_axis',(0.,1.,0.));
#6071=DIRECTION('',(0.707106781186467,-0.358992673529904,-0.609199688404357));
#6072=DIRECTION('center_axis',(1.,0.,0.));
#6073=DIRECTION('ref_axis',(0.,1.,0.));
#6074=DIRECTION('center_axis',(0.707106781186597,0.358992673529785,0.609199688404276));
#6075=DIRECTION('ref_axis',(0.652709025626902,0.,-0.757608690463078));
#6076=DIRECTION('',(0.,0.861538461534851,-0.507692307698435));
#6077=DIRECTION('',(0.,-0.861538461534851,0.507692307698434));
#6078=DIRECTION('center_axis',(0.,-0.507692307686146,0.861538461542093));
#6079=DIRECTION('ref_axis',(0.,-0.861538461542092,-0.507692307686146));
#6080=DIRECTION('',(1.,0.,0.));
#6081=DIRECTION('',(0.,-0.861538461542092,-0.507692307686146));
#6082=DIRECTION('',(1.,0.,0.));
#6083=DIRECTION('center_axis',(0.,-1.,0.));
#6084=DIRECTION('ref_axis',(0.,0.,-1.));
#6085=DIRECTION('',(1.,0.,0.));
#6086=DIRECTION('',(0.,0.,-1.));
#6087=DIRECTION('center_axis',(1.,0.,0.));
#6088=DIRECTION('ref_axis',(0.,0.,-1.));
#6089=DIRECTION('',(0.,1.77635683940029E-14,1.));
#6090=DIRECTION('',(0.,-0.470588235194222,0.882352941229748));
#6091=DIRECTION('center_axis',(-1.,0.,0.));
#6092=DIRECTION('ref_axis',(0.,1.,0.));
#6093=DIRECTION('',(0.,0.470588235393978,0.882352941123212));
#6094=DIRECTION('center_axis',(-0.70710678118654,0.707106781186555,0.));
#6095=DIRECTION('ref_axis',(0.,0.,1.));
#6096=DIRECTION('',(0.,0.,1.));
#6097=DIRECTION('',(0.655610068106397,0.655610068106383,-0.374634324635463));
#6098=DIRECTION('',(-0.655610068107913,-0.655610068107899,-0.374634324630157));
#6099=DIRECTION('center_axis',(-0.707106781186597,0.358992673529785,0.609199688404276));
#6100=DIRECTION('ref_axis',(0.652709025626902,0.,0.757608690463078));
#6101=DIRECTION('',(0.,0.861538461534851,-0.507692307698434));
#6102=DIRECTION('',(-0.707106781186498,-0.358992673529795,-0.609199688404385));
#6103=DIRECTION('',(0.,-0.861538461534851,0.507692307698434));
#6104=DIRECTION('center_axis',(-1.,0.,0.));
#6105=DIRECTION('ref_axis',(0.,1.,0.));
#6106=DIRECTION('',(-0.707106781186607,-0.35899267352985,0.609199688404227));
#6107=DIRECTION('center_axis',(-1.,0.,0.));
#6108=DIRECTION('ref_axis',(0.,1.,0.));
#6109=DIRECTION('center_axis',(1.,0.,0.));
#6110=DIRECTION('ref_axis',(0.,1.,0.));
#6111=DIRECTION('center_axis',(-0.707106781186615,0.358992673521087,-0.609199688409381));
#6112=DIRECTION('ref_axis',(-0.652709025630032,0.,0.757608690460382));
#6113=DIRECTION('',(0.,0.861538461542092,0.507692307686146));
#6114=DIRECTION('center_axis',(0.,-0.507692307698434,-0.861538461534851));
#6115=DIRECTION('ref_axis',(0.,0.861538461534851,-0.507692307698434));
#6116=DIRECTION('',(1.,0.,0.));
#6117=DIRECTION('center_axis',(-1.,0.,0.));
#6118=DIRECTION('ref_axis',(0.,0.,-1.));
#6119=DIRECTION('',(0.,-1.,0.));
#6120=DIRECTION('',(0.,-1.,0.));
#6121=DIRECTION('',(0.,0.,1.));
#6122=DIRECTION('',(0.,-0.861538461534702,0.507692307698687));
#6123=DIRECTION('center_axis',(-1.,0.,0.));
#6124=DIRECTION('ref_axis',(0.,1.,0.));
#6125=DIRECTION('',(0.,0.861538461542239,0.507692307685898));
#6126=DIRECTION('center_axis',(-0.707106781186603,0.707106781186493,0.));
#6127=DIRECTION('ref_axis',(0.,0.,1.));
#6128=DIRECTION('',(0.655610068106376,0.655610068106478,-0.374634324635334));
#6129=DIRECTION('',(0.,0.,-1.));
#6130=DIRECTION('',(-0.655610068107949,-0.655610068108051,-0.374634324629828));
#6131=DIRECTION('center_axis',(-0.70710678118652,0.358992673530003,0.609199688404237));
#6132=DIRECTION('ref_axis',(0.652709025626919,0.,0.757608690463064));
#6133=DIRECTION('',(0.,0.861538461534702,-0.507692307698687));
#6134=DIRECTION('',(-0.707106781186575,-0.358992673529959,-0.609199688404199));
#6135=DIRECTION('center_axis',(-1.,0.,0.));
#6136=DIRECTION('ref_axis',(0.,1.,0.));
#6137=DIRECTION('',(-0.707106781186467,-0.358992673529904,0.609199688404357));
#6138=DIRECTION('center_axis',(1.,0.,0.));
#6139=DIRECTION('ref_axis',(0.,1.,0.));
#6140=DIRECTION('center_axis',(-0.707106781186551,0.358992673520944,-0.609199688409539));
#6141=DIRECTION('ref_axis',(-0.652709025630163,0.,0.757608690460269));
#6142=DIRECTION('',(0.,-0.861538461542239,-0.507692307685898));
#6143=DIRECTION('center_axis',(0.,-0.507692307698687,-0.861538461534702));
#6144=DIRECTION('ref_axis',(0.,0.861538461534702,-0.507692307698687));
#6145=DIRECTION('',(1.,0.,0.));
#6146=DIRECTION('',(0.,-0.861538461534702,0.507692307698687));
#6147=DIRECTION('',(-1.,0.,0.));
#6148=DIRECTION('center_axis',(0.,-1.,0.));
#6149=DIRECTION('ref_axis',(0.,0.,-1.));
#6150=DIRECTION('',(1.,0.,0.));
#6151=DIRECTION('',(0.,0.,1.));
#6152=DIRECTION('center_axis',(0.707106781186477,0.707106781186618,0.));
#6153=DIRECTION('ref_axis',(0.,0.,-1.));
#6154=DIRECTION('',(0.,0.,-1.));
#6155=DIRECTION('',(-0.655610068108078,0.655610068107947,0.374634324629785));
#6156=DIRECTION('',(0.655610068106419,-0.655610068106288,0.374634324635592));
#6157=DIRECTION('center_axis',(0.707106781186551,0.358992673520944,-0.609199688409539));
#6158=DIRECTION('ref_axis',(-0.652709025630163,0.,-0.757608690460269));
#6159=DIRECTION('',(0.,0.861538461542239,0.507692307685898));
#6160=DIRECTION('',(0.707106781186544,-0.3589926735209,0.609199688409574));
#6161=DIRECTION('',(0.,-0.861538461542239,-0.507692307685898));
#6162=DIRECTION('center_axis',(1.,0.,0.));
#6163=DIRECTION('ref_axis',(0.,1.,0.));
#6164=DIRECTION('center_axis',(-1.,0.,0.));
#6165=DIRECTION('ref_axis',(0.,1.,0.));
#6166=DIRECTION('',(0.707106781186575,-0.358992673529959,-0.609199688404199));
#6167=DIRECTION('center_axis',(1.,0.,0.));
#6168=DIRECTION('ref_axis',(0.,1.,0.));
#6169=DIRECTION('center_axis',(0.707106781186466,0.35899267353003,0.609199688404283));
#6170=DIRECTION('ref_axis',(0.652709025626976,0.,-0.757608690463014));
#6171=DIRECTION('',(0.,0.861538461534702,-0.507692307698687));
#6172=DIRECTION('center_axis',(0.,-0.507692307685898,0.861538461542239));
#6173=DIRECTION('ref_axis',(0.,-0.861538461542239,-0.507692307685898));
#6174=DIRECTION('',(1.,0.,0.));
#6175=DIRECTION('center_axis',(1.,0.,0.));
#6176=DIRECTION('ref_axis',(0.,0.,-1.));
#6177=DIRECTION('',(0.,-1.77635683940026E-14,1.));
#6178=DIRECTION('',(0.,-0.470588235299969,0.88235294117335));
#6179=DIRECTION('center_axis',(-1.,0.,0.));
#6180=DIRECTION('ref_axis',(0.,1.,0.));
#6181=DIRECTION('',(0.,0.47058823528818,0.882352941179637));
#6182=DIRECTION('center_axis',(1.,0.,0.));
#6183=DIRECTION('ref_axis',(0.,1.,0.));
#6184=DIRECTION('',(0.,1.,0.));
#6185=DIRECTION('center_axis',(1.,0.,0.));
#6186=DIRECTION('ref_axis',(0.,1.,0.));
#6187=DIRECTION('center_axis',(0.,0.,1.));
#6188=DIRECTION('ref_axis',(-1.,0.,0.));
#6189=DIRECTION('',(0.,-1.,0.));
#6190=DIRECTION('center_axis',(0.,0.,-1.));
#6191=DIRECTION('ref_axis',(1.,0.,0.));
#6192=DIRECTION('center_axis',(1.,0.,0.));
#6193=DIRECTION('ref_axis',(0.,1.,0.));
#6194=DIRECTION('',(0.,0.173648177666906,-0.984807753012212));
#6195=DIRECTION('',(0.,-0.984807753012216,-0.173648177666883));
#6196=DIRECTION('center_axis',(0.707106781186534,0.623917748068129,-0.332756132393699));
#6197=DIRECTION('ref_axis',(-0.425797036403866,0.,-0.904818702166177));
#6198=DIRECTION('',(0.,0.470588235393978,0.882352941123212));
#6199=DIRECTION('',(0.707106781186561,-0.623917748068104,0.33275613239369));
#6200=DIRECTION('',(-0.696310623817706,0.696310623817752,-0.174077655996199));
#6201=DIRECTION('center_axis',(1.,0.,0.));
#6202=DIRECTION('ref_axis',(0.,1.,0.));
#6203=DIRECTION('',(0.707106781186587,-0.623917748143868,-0.332756132251577));
#6204=DIRECTION('center_axis',(-1.,0.,0.));
#6205=DIRECTION('ref_axis',(0.,1.,0.));
#6206=DIRECTION('center_axis',(0.707106781186521,0.623917748143473,0.332756132252457));
#6207=DIRECTION('ref_axis',(0.425797036255906,0.,-0.904818702235805));
#6208=DIRECTION('',(0.,-0.470588235194222,0.882352941229748));
#6209=DIRECTION('',(0.696310623827871,-0.696310623827917,-0.174077655914878));
#6210=DIRECTION('center_axis',(0.70710678118654,0.707106781186555,-1.25607396694706E-14));
#6211=DIRECTION('ref_axis',(-1.77635683940033E-14,0.,-1.));
#6212=DIRECTION('',(0.,1.77635683940029E-14,1.));
#6213=DIRECTION('center_axis',(-1.,0.,0.));
#6214=DIRECTION('ref_axis',(0.,1.,0.));
#6215=DIRECTION('',(-1.,0.,0.));
#6216=DIRECTION('',(-1.,0.,0.));
#6217=DIRECTION('center_axis',(0.,-0.882352941123212,0.470588235393978));
#6218=DIRECTION('ref_axis',(0.,0.470588235393978,0.882352941123212));
#6219=DIRECTION('',(-1.,0.,0.));
#6220=DIRECTION('center_axis',(0.707106781186529,0.623917748108033,-0.332756132318892));
#6221=DIRECTION('ref_axis',(-0.4257970363255,0.,-0.904818702203055));
#6222=DIRECTION('',(0.,0.47058823528818,0.882352941179637));
#6223=DIRECTION('',(0.707106781186566,-0.623917748107989,0.332756132318893));
#6224=DIRECTION('',(-0.69631062382311,0.696310623823095,-0.174077655953207));
#6225=DIRECTION('center_axis',(1.,0.,0.));
#6226=DIRECTION('ref_axis',(0.,1.,0.));
#6227=DIRECTION('',(0.707106781186578,-0.623917748114405,-0.33275613230684));
#6228=DIRECTION('center_axis',(-1.,0.,0.));
#6229=DIRECTION('ref_axis',(0.,1.,0.));
#6230=DIRECTION('center_axis',(0.707106781186554,0.623917748103565,0.332756132327215));
#6231=DIRECTION('ref_axis',(0.425797036334207,0.,-0.904818702198958));
#6232=DIRECTION('',(0.,-0.470588235299969,0.88235294117335));
#6233=DIRECTION('',(0.696310623822488,-0.696310623822473,-0.174077655958185));
#6234=DIRECTION('center_axis',(0.70710678118654,0.707106781186555,1.25607396694704E-14));
#6235=DIRECTION('ref_axis',(1.7763568394003E-14,0.,-1.));
#6236=DIRECTION('',(0.,-1.77635683940026E-14,1.));
#6237=DIRECTION('center_axis',(-1.,0.,0.));
#6238=DIRECTION('ref_axis',(0.,1.,0.));
#6239=DIRECTION('',(-1.,0.,0.));
#6240=DIRECTION('',(-1.,0.,0.));
#6241=DIRECTION('center_axis',(0.,-0.882352941179637,0.47058823528818));
#6242=DIRECTION('ref_axis',(0.,0.47058823528818,0.882352941179637));
#6243=DIRECTION('',(-1.,0.,0.));
#6244=DIRECTION('center_axis',(0.,-0.88235294117335,-0.470588235299969));
#6245=DIRECTION('ref_axis',(0.,-0.470588235299969,0.88235294117335));
#6246=DIRECTION('',(-1.,0.,0.));
#6247=DIRECTION('center_axis',(0.,-1.,-1.77635683940026E-14));
#6248=DIRECTION('ref_axis',(0.,-1.77635683940026E-14,1.));
#6249=DIRECTION('center_axis',(0.,-0.882352941229748,-0.470588235194222));
#6250=DIRECTION('ref_axis',(0.,-0.470588235194222,0.882352941229748));
#6251=DIRECTION('',(-1.,0.,0.));
#6252=DIRECTION('center_axis',(0.,-1.,1.77635683940029E-14));
#6253=DIRECTION('ref_axis',(0.,1.77635683940029E-14,1.));
#6254=DIRECTION('center_axis',(0.70710678118654,0.707106781186555,0.));
#6255=DIRECTION('ref_axis',(0.,0.,-1.));
#6256=DIRECTION('',(-0.688247201611735,0.688247201611659,0.229415733870492));
#6257=DIRECTION('',(0.,0.,1.));
#6258=DIRECTION('',(-0.688247201611687,0.68824720161161,-0.229415733870781));
#6259=DIRECTION('center_axis',(0.707106781186571,0.565685424949186,-0.424264068711959));
#6260=DIRECTION('ref_axis',(-0.514495755427541,0.,-0.857492925712536));
#6261=DIRECTION('',(0.,0.600000000000062,0.799999999999953));
#6262=DIRECTION('',(0.707106781186524,-0.565685424949219,0.424264068711993));
#6263=DIRECTION('center_axis',(1.,0.,0.));
#6264=DIRECTION('ref_axis',(0.,1.,0.));
#6265=DIRECTION('',(0.707106781186524,-0.565685424949219,-0.424264068711993));
#6266=DIRECTION('center_axis',(-1.,0.,0.));
#6267=DIRECTION('ref_axis',(0.,1.,0.));
#6268=DIRECTION('center_axis',(0.707106781186533,0.56568542494927,0.424264068711909));
#6269=DIRECTION('ref_axis',(0.514495755427517,0.,-0.85749292571255));
#6270=DIRECTION('',(0.,-0.59999999999996,0.80000000000003));
#6271=DIRECTION('center_axis',(0.,-0.799999999999953,0.600000000000063));
#6272=DIRECTION('ref_axis',(0.,0.600000000000062,0.799999999999953));
#6273=DIRECTION('',(-1.,0.,0.));
#6274=DIRECTION('',(0.,0.600000000000062,0.799999999999953));
#6275=DIRECTION('',(-1.,0.,0.));
#6276=DIRECTION('center_axis',(0.,-1.,0.));
#6277=DIRECTION('ref_axis',(0.,0.,1.));
#6278=DIRECTION('',(-1.,0.,0.));
#6279=DIRECTION('',(0.,0.,1.));
#6280=DIRECTION('center_axis',(0.707106781186571,0.707106781186524,-1.25607396694689E-14));
#6281=DIRECTION('ref_axis',(-1.77635683940001E-14,0.,-1.));
#6282=DIRECTION('',(-0.688247201611668,0.688247201611713,0.22941573387053));
#6283=DIRECTION('',(0.,1.77635683940013E-14,1.));
#6284=DIRECTION('',(-0.688247201611658,0.688247201611704,-0.229415733870588));
#6285=DIRECTION('center_axis',(0.707106781186559,0.565685424949265,-0.424264068711874));
#6286=DIRECTION('ref_axis',(-0.514495755427472,0.,-0.857492925712577));
#6287=DIRECTION('',(0.,0.599999999999932,0.800000000000051));
#6288=DIRECTION('',(0.707106781186493,-0.56568542494932,0.424264068711911));
#6289=DIRECTION('center_axis',(1.,0.,0.));
#6290=DIRECTION('ref_axis',(0.,1.,0.));
#6291=DIRECTION('',(0.707106781186612,-0.565685424949164,-0.42426406871192));
#6292=DIRECTION('center_axis',(-1.,0.,0.));
#6293=DIRECTION('ref_axis',(0.,1.,0.));
#6294=DIRECTION('center_axis',(0.707106781186552,0.565685424949243,0.424264068711914));
#6295=DIRECTION('ref_axis',(0.514495755427511,0.,-0.857492925712554));
#6296=DIRECTION('',(0.,-0.599999999999983,0.800000000000013));
#6297=DIRECTION('center_axis',(0.,-0.800000000000051,0.599999999999932));
#6298=DIRECTION('ref_axis',(0.,0.599999999999932,0.800000000000051));
#6299=DIRECTION('',(-1.,0.,0.));
#6300=DIRECTION('',(0.,0.599999999999932,0.800000000000051));
#6301=DIRECTION('',(-1.,0.,0.));
#6302=DIRECTION('center_axis',(0.,-1.,1.77635683940013E-14));
#6303=DIRECTION('ref_axis',(0.,1.77635683940013E-14,1.));
#6304=DIRECTION('',(-1.,0.,0.));
#6305=DIRECTION('',(0.,1.77635683940013E-14,1.));
#6306=DIRECTION('center_axis',(0.70710678118654,0.707106781186555,0.));
#6307=DIRECTION('ref_axis',(0.,0.,-1.));
#6308=DIRECTION('',(-0.688247201611648,0.688247201611694,0.229415733870646));
#6309=DIRECTION('',(0.,0.,1.));
#6310=DIRECTION('',(-0.688247201611687,0.688247201611733,-0.229415733870415));
#6311=DIRECTION('center_axis',(0.707106781186527,0.565685424949233,-0.424264068711969));
#6312=DIRECTION('ref_axis',(-0.514495755427573,0.,-0.857492925712516));
#6313=DIRECTION('',(0.,0.60000000000004,0.79999999999997));
#6314=DIRECTION('',(0.707106781186568,-0.565685424949191,0.424264068711956));
#6315=DIRECTION('center_axis',(1.,0.,0.));
#6316=DIRECTION('ref_axis',(0.,1.,0.));
#6317=DIRECTION('',(0.707106781186524,-0.565685424949219,-0.424264068711993));
#6318=DIRECTION('center_axis',(-1.,0.,0.));
#6319=DIRECTION('ref_axis',(0.,1.,0.));
#6320=DIRECTION('center_axis',(0.707106781186596,0.565685424949178,0.424264068711927));
#6321=DIRECTION('ref_axis',(0.5144957554275,0.,-0.85749292571256));
#6322=DIRECTION('',(0.,-0.60000000000004,0.79999999999997));
#6323=DIRECTION('center_axis',(0.,-0.79999999999997,0.60000000000004));
#6324=DIRECTION('ref_axis',(0.,0.60000000000004,0.79999999999997));
#6325=DIRECTION('',(-1.,0.,0.));
#6326=DIRECTION('',(0.,0.60000000000004,0.79999999999997));
#6327=DIRECTION('',(-1.,0.,0.));
#6328=DIRECTION('center_axis',(0.,-1.,0.));
#6329=DIRECTION('ref_axis',(0.,0.,1.));
#6330=DIRECTION('',(-1.,0.,0.));
#6331=DIRECTION('',(0.,0.,1.));
#6332=DIRECTION('center_axis',(-1.,0.,0.));
#6333=DIRECTION('ref_axis',(0.,0.,1.));
#6334=DIRECTION('',(0.,0.984807753012216,0.173648177666883));
#6335=DIRECTION('',(0.,-0.173648177666906,0.984807753012212));
#6336=DIRECTION('center_axis',(-1.,0.,0.));
#6337=DIRECTION('ref_axis',(0.,1.,0.));
#6338=DIRECTION('center_axis',(-1.,0.,0.));
#6339=DIRECTION('ref_axis',(0.,1.,0.));
#6340=DIRECTION('',(-1.,0.,0.));
#6341=DIRECTION('center_axis',(0.,-0.80000000000003,-0.59999999999996));
#6342=DIRECTION('ref_axis',(0.,-0.59999999999996,0.80000000000003));
#6343=DIRECTION('',(0.,-0.59999999999996,0.80000000000003));
#6344=DIRECTION('center_axis',(1.,0.,0.));
#6345=DIRECTION('ref_axis',(0.,0.,-1.));
#6346=DIRECTION('center_axis',(-1.,0.,0.));
#6347=DIRECTION('ref_axis',(0.,1.,0.));
#6348=DIRECTION('center_axis',(-1.,0.,0.));
#6349=DIRECTION('ref_axis',(0.,1.,0.));
#6350=DIRECTION('',(-1.,0.,0.));
#6351=DIRECTION('center_axis',(0.,-0.800000000000013,-0.599999999999983));
#6352=DIRECTION('ref_axis',(0.,-0.599999999999983,0.800000000000013));
#6353=DIRECTION('',(0.,-0.599999999999983,0.800000000000013));
#6354=DIRECTION('center_axis',(1.,0.,0.));
#6355=DIRECTION('ref_axis',(0.,0.,-1.));
#6356=DIRECTION('center_axis',(-1.,0.,0.));
#6357=DIRECTION('ref_axis',(0.,1.,0.));
#6358=DIRECTION('center_axis',(-1.,0.,0.));
#6359=DIRECTION('ref_axis',(0.,1.,0.));
#6360=DIRECTION('',(-1.,0.,0.));
#6361=DIRECTION('center_axis',(0.,-0.79999999999997,-0.60000000000004));
#6362=DIRECTION('ref_axis',(0.,-0.60000000000004,0.79999999999997));
#6363=DIRECTION('',(0.,-0.60000000000004,0.79999999999997));
#6364=DIRECTION('center_axis',(1.,0.,0.));
#6365=DIRECTION('ref_axis',(0.,0.,-1.));
#6366=DIRECTION('center_axis',(0.,-0.984807753012212,-0.173648177666906));
#6367=DIRECTION('ref_axis',(0.,-0.173648177666906,0.984807753012212));
#6368=DIRECTION('',(-1.,0.,0.));
#6369=DIRECTION('center_axis',(0.,-0.173648177666883,0.984807753012216));
#6370=DIRECTION('ref_axis',(0.,0.984807753012216,0.173648177666883));
#6371=DIRECTION('center_axis',(1.,0.,0.));
#6372=DIRECTION('ref_axis',(0.,1.,0.));
#6373=DIRECTION('',(0.,0.,1.));
#6374=DIRECTION('',(1.,0.,0.));
#6375=DIRECTION('',(0.,0.,1.));
#6376=DIRECTION('',(1.,0.,0.));
#6377=DIRECTION('',(0.,0.,1.));
#6378=DIRECTION('',(1.,0.,0.));
#6379=CARTESIAN_POINT('',(0.,0.,0.));
#6380=CARTESIAN_POINT('',(0.,0.,0.));
#6381=CARTESIAN_POINT('',(0.,0.,0.));
#6382=CARTESIAN_POINT('Origin',(10.,292.758110934027,-206.049999999918));
#6383=CARTESIAN_POINT('',(10.,297.682149699088,-205.181759111583));
#6384=CARTESIAN_POINT('',(10.,292.758110934027,-206.049999999918));
#6385=CARTESIAN_POINT('',(10.,296.451140007823,-205.398819333667));
#6386=CARTESIAN_POINT('',(-17.,297.682149699088,-205.181759111583));
#6387=CARTESIAN_POINT('',(10.,297.682149699088,-205.181759111583));
#6388=CARTESIAN_POINT('',(-17.,292.758110934027,-206.049999999918));
#6389=CARTESIAN_POINT('',(-17.,296.451140007823,-205.398819333667));
#6390=CARTESIAN_POINT('',(10.,292.758110934027,-206.049999999918));
#6391=CARTESIAN_POINT('Origin',(10.,293.800000000028,-211.958846517991));
#6392=CARTESIAN_POINT('',(10.,293.800000000028,-211.958846517991));
#6393=CARTESIAN_POINT('',(10.,293.018583200527,-207.527211629436));
#6394=CARTESIAN_POINT('',(-17.,293.800000000028,-211.958846517991));
#6395=CARTESIAN_POINT('',(-17.,293.018583200527,-207.527211629436));
#6396=CARTESIAN_POINT('',(10.,293.800000000028,-211.958846517991));
#6397=CARTESIAN_POINT('Origin',(10.,298.72403876509,-211.090605629656));
#6398=CARTESIAN_POINT('',(10.,298.72403876509,-211.090605629656));
#6399=CARTESIAN_POINT('',(10.,295.031009691294,-211.741786295907));
#6400=CARTESIAN_POINT('',(-17.,298.72403876509,-211.090605629656));
#6401=CARTESIAN_POINT('',(-17.,295.031009691294,-211.741786295907));
#6402=CARTESIAN_POINT('',(10.,298.72403876509,-211.090605629656));
#6403=CARTESIAN_POINT('Origin',(10.,297.682149699088,-205.181759111583));
#6404=CARTESIAN_POINT('',(10.,298.463566498589,-209.613394000138));
#6405=CARTESIAN_POINT('',(-17.,298.463566498589,-209.613394000138));
#6406=CARTESIAN_POINT('Origin',(10.,295.741074849558,-208.570302814787));
#6407=CARTESIAN_POINT('Origin',(-17.,295.741074849558,-208.570302814787));
#6408=CARTESIAN_POINT('',(0.,0.,0.));
#6409=CARTESIAN_POINT('Origin',(15.,293.650000000028,-209.049999999918));
#6410=CARTESIAN_POINT('',(53.0857864376269,293.400000000028,-208.049999999918));
#6411=CARTESIAN_POINT('',(53.5857864376269,293.900000000028,-210.049999999918));
#6412=CARTESIAN_POINT('',(53.2212983022032,293.535511864605,-208.592047458223));
#6413=CARTESIAN_POINT('',(16.4142135623731,293.900000000028,-210.049999999918));
#6414=CARTESIAN_POINT('',(15.,293.900000000028,-210.049999999918));
#6415=CARTESIAN_POINT('',(16.9142135623731,293.400000000028,-208.049999999918));
#6416=CARTESIAN_POINT('',(15.6675905866857,294.646622975716,-213.036491902668));
#6417=CARTESIAN_POINT('',(15.,293.400000000028,-208.049999999918));
#6418=CARTESIAN_POINT('Origin',(15.,293.900000000028,-208.049999999918));
#6419=CARTESIAN_POINT('',(53.5857864376269,293.900000000028,-225.551037690966));
#6420=CARTESIAN_POINT('',(53.5857864376269,293.900000000028,-212.712499999918));
#6421=CARTESIAN_POINT('',(18.8641621612212,293.900000000028,-225.551037690967));
#6422=CARTESIAN_POINT('',(15.,293.900000000028,-225.551037690966));
#6423=CARTESIAN_POINT('',(18.473576436351,293.900000000028,-224.858739683956));
#6424=CARTESIAN_POINT('Origin',(17.9,293.900000000028,-225.882679739315));
#6425=CARTESIAN_POINT('',(16.426423563649,293.900000000028,-223.066949842292));
#6426=CARTESIAN_POINT('',(12.4177903952597,293.900000000028,-219.558355889269));
#6427=CARTESIAN_POINT('',(16.4142135623731,293.900000000028,-223.056091602399));
#6428=CARTESIAN_POINT('Origin',(17.,293.900000000028,-222.043009786933));
#6429=CARTESIAN_POINT('',(16.4142135623731,293.900000000028,-212.712499999918));
#6430=CARTESIAN_POINT('Origin',(17.9,287.328532793011,-237.297338292166));
#6431=CARTESIAN_POINT('',(18.9,287.258317182675,-237.349999999918));
#6432=CARTESIAN_POINT('',(18.4735764363511,285.893063775527,-237.349999999918));
#6433=CARTESIAN_POINT('Origin',(17.9,287.258317182675,-237.349999999918));
#6434=CARTESIAN_POINT('',(18.4735764363511,285.144887768848,-237.911132004928));
#6435=CARTESIAN_POINT('',(18.4735764363511,286.837041566437,-236.642016656735));
#6436=CARTESIAN_POINT('',(18.9,285.636378995421,-238.566453640359));
#6437=CARTESIAN_POINT('Origin',(17.9,285.636378995421,-238.566453640359));
#6438=CARTESIAN_POINT('',(18.9,287.328532793011,-237.297338292166));
#6439=CARTESIAN_POINT('Origin',(17.9,287.72403876509,-241.349999999918));
#6440=CARTESIAN_POINT('',(18.4735764363511,284.645429834362,-244.349999999922));
#6441=CARTESIAN_POINT('',(18.9,285.961525318416,-244.349999999918));
#6442=CARTESIAN_POINT('Ctrl Pts',(18.9,285.961525318416,-244.349999999918));
#6443=CARTESIAN_POINT('Ctrl Pts',(18.9,285.70990307999,-244.349999999918));
#6444=CARTESIAN_POINT('Ctrl Pts',(18.8680732681519,285.409649045802,-244.349999999918));
#6445=CARTESIAN_POINT('Ctrl Pts',(18.7365123552332,285.017581935523,-244.349999999918));
#6446=CARTESIAN_POINT('Ctrl Pts',(18.6477397199404,284.844729944833,-244.349999999918));
#6447=CARTESIAN_POINT('Ctrl Pts',(18.5222251311319,284.695595616601,-244.349999999918));
#6448=CARTESIAN_POINT('Ctrl Pts',(18.4988050929152,284.670095446612,-244.349999999918));
#6449=CARTESIAN_POINT('Ctrl Pts',(18.4735764363528,284.645429834359,-244.349999999918));
#6450=CARTESIAN_POINT('Origin',(18.9,287.72403876509,-241.349999999918));
#6451=CARTESIAN_POINT('Origin',(18.4735764363511,287.72403876509,-241.349999999918));
#6452=CARTESIAN_POINT('Origin',(18.9,287.72403876509,-241.349999999918));
#6453=CARTESIAN_POINT('',(17.4718519932586,284.724038765091,-237.349999999918));
#6454=CARTESIAN_POINT('',(18.9,285.32403876509,-238.149999999918));
#6455=CARTESIAN_POINT('',(16.4264235636489,283.618430726759,-237.349999999918));
#6456=CARTESIAN_POINT('Ctrl Pts',(17.4718519932586,284.72403876509,-237.349999999918));
#6457=CARTESIAN_POINT('Ctrl Pts',(17.0304703026364,284.208940786751,-237.349999999918));
#6458=CARTESIAN_POINT('Ctrl Pts',(16.4264235636497,283.61843072676,-237.349999999918));
#6459=CARTESIAN_POINT('',(16.4264235636489,282.839776552191,-244.349999999922));
#6460=CARTESIAN_POINT('Origin',(16.4264235636489,287.72403876509,-241.349999999918));
#6461=CARTESIAN_POINT('Ctrl Pts',(16.4264235636489,282.839776552191,-244.349999999922));
#6462=CARTESIAN_POINT('Ctrl Pts',(17.6763265940963,283.866873861576,-244.349999999922));
#6463=CARTESIAN_POINT('Ctrl Pts',(18.4698126799842,284.64175007619,-244.349999999922));
#6464=CARTESIAN_POINT('Ctrl Pts',(18.473576436351,284.645429834362,-244.349999999922));
#6465=CARTESIAN_POINT('Origin',(15.7053070272729,284.781869904027,-235.760441518503));
#6466=CARTESIAN_POINT('',(17.5770933464813,284.84685674652,-237.349999999918));
#6467=CARTESIAN_POINT('Origin',(15.,288.724038765089,-237.349999999918));
#6468=CARTESIAN_POINT('',(18.9,288.189760347503,-237.349999999918));
#6469=CARTESIAN_POINT('',(18.9,287.993029073824,-237.349999999918));
#6470=CARTESIAN_POINT('',(18.473576436351,289.555013754651,-237.349999999918));
#6471=CARTESIAN_POINT('Origin',(17.9,288.189760347503,-237.349999999918));
#6472=CARTESIAN_POINT('',(17.4718519932594,290.724038765088,-237.349999999918));
#6473=CARTESIAN_POINT('',(16.8853600326348,291.408482251636,-237.349999999918));
#6474=CARTESIAN_POINT('',(16.426423563649,291.82964680342,-237.349999999918));
#6475=CARTESIAN_POINT('Ctrl Pts',(17.4718519932594,290.724038765088,-237.349999999918));
#6476=CARTESIAN_POINT('Ctrl Pts',(17.0304703026368,291.239136743427,-237.349999999918));
#6477=CARTESIAN_POINT('Ctrl Pts',(16.4264235636497,291.829646803419,-237.349999999918));
#6478=CARTESIAN_POINT('',(16.,292.912276819108,-237.349999999918));
#6479=CARTESIAN_POINT('Ctrl Pts',(16.,292.912276819108,-237.349999999918));
#6480=CARTESIAN_POINT('Ctrl Pts',(16.,292.74092059394,-237.349999999918));
#6481=CARTESIAN_POINT('Ctrl Pts',(16.0343999589285,292.538190972701,-237.349999999918));
#6482=CARTESIAN_POINT('Ctrl Pts',(16.1429822118471,292.224931574331,-237.349999999918));
#6483=CARTESIAN_POINT('Ctrl Pts',(16.2332789107214,292.05523426825,-237.349999999918));
#6484=CARTESIAN_POINT('Ctrl Pts',(16.3617885182763,291.897030987215,-237.349999999918));
#6485=CARTESIAN_POINT('Ctrl Pts',(16.3927555039275,291.862560362391,-237.349999999918));
#6486=CARTESIAN_POINT('Ctrl Pts',(16.4264235636478,291.829646803419,-237.349999999918));
#6487=CARTESIAN_POINT('',(16.,282.535800711071,-237.349999999918));
#6488=CARTESIAN_POINT('',(16.,291.243029073824,-237.349999999918));
#6489=CARTESIAN_POINT('Ctrl Pts',(16.4264235636477,283.61843072676,-237.349999999918));
#6490=CARTESIAN_POINT('Ctrl Pts',(16.3927555039275,283.585517167789,-237.349999999918));
#6491=CARTESIAN_POINT('Ctrl Pts',(16.3617885182763,283.551046542964,-237.349999999918));
#6492=CARTESIAN_POINT('Ctrl Pts',(16.2332789107214,283.392843261929,-237.349999999918));
#6493=CARTESIAN_POINT('Ctrl Pts',(16.1429822118471,283.223145955848,-237.349999999918));
#6494=CARTESIAN_POINT('Ctrl Pts',(16.0343999589285,282.909886557478,-237.349999999918));
#6495=CARTESIAN_POINT('Ctrl Pts',(16.,282.70715693624,-237.349999999918));
#6496=CARTESIAN_POINT('Ctrl Pts',(16.,282.535800711071,-237.349999999918));
#6497=CARTESIAN_POINT('Origin',(17.9,287.72403876509,-241.349999999918));
#6498=CARTESIAN_POINT('',(18.473576436351,290.303189761331,-237.911132004927));
#6499=CARTESIAN_POINT('',(18.9,289.811698534758,-238.566453640359));
#6500=CARTESIAN_POINT('Origin',(17.9,289.811698534758,-238.566453640359));
#6501=CARTESIAN_POINT('',(18.9,289.486552211764,-244.349999999918));
#6502=CARTESIAN_POINT('Origin',(18.9,287.72403876509,-241.349999999918));
#6503=CARTESIAN_POINT('',(18.473576436351,290.802647695817,-244.349999999922));
#6504=CARTESIAN_POINT('Ctrl Pts',(18.4735764363543,290.802647695819,-244.349999999918));
#6505=CARTESIAN_POINT('Ctrl Pts',(18.4988050929162,290.777982083566,-244.349999999918));
#6506=CARTESIAN_POINT('Ctrl Pts',(18.5222251311323,290.752481913578,-244.349999999918));
#6507=CARTESIAN_POINT('Ctrl Pts',(18.6477397199404,290.603347585346,-244.349999999918));
#6508=CARTESIAN_POINT('Ctrl Pts',(18.7365123552332,290.430495594656,-244.349999999918));
#6509=CARTESIAN_POINT('Ctrl Pts',(18.8680732681519,290.038428484378,-244.349999999918));
#6510=CARTESIAN_POINT('Ctrl Pts',(18.9,289.738174450189,-244.349999999918));
#6511=CARTESIAN_POINT('Ctrl Pts',(18.9,289.486552211764,-244.349999999918));
#6512=CARTESIAN_POINT('Origin',(18.473576436351,287.72403876509,-241.349999999918));
#6513=CARTESIAN_POINT('Origin',(17.9,288.223852332348,-237.375568988552));
#6514=CARTESIAN_POINT('',(18.9,288.223852332348,-237.375568988552));
#6515=CARTESIAN_POINT('',(18.473576436351,288.715343558921,-236.720247353121));
#6516=CARTESIAN_POINT('Origin',(15.7053070272729,291.46620762615,-236.360441518502));
#6517=CARTESIAN_POINT('',(18.9,290.124038765089,-238.149999999917));
#6518=CARTESIAN_POINT('Origin',(18.9,287.72403876509,-241.349999999918));
#6519=CARTESIAN_POINT('',(16.426423563649,292.608300977988,-244.349999999922));
#6520=CARTESIAN_POINT('Ctrl Pts',(18.473576436351,290.802647695817,-244.349999999922));
#6521=CARTESIAN_POINT('Ctrl Pts',(17.682105244266,291.576455111398,-244.349999999922));
#6522=CARTESIAN_POINT('Ctrl Pts',(16.426423563649,292.608300977988,-244.349999999922));
#6523=CARTESIAN_POINT('Origin',(16.426423563649,287.72403876509,-241.349999999918));
#6524=CARTESIAN_POINT('Origin',(17.9,292.72403876509,-229.349999999918));
#6525=CARTESIAN_POINT('',(18.473576436351,295.303189761325,-225.911132004923));
#6526=CARTESIAN_POINT('',(18.9,294.811698534753,-226.566453640355));
#6527=CARTESIAN_POINT('Origin',(17.9,294.811698534753,-226.566453640355));
#6528=CARTESIAN_POINT('',(18.9,289.945051486728,-231.443724756521));
#6529=CARTESIAN_POINT('Origin',(18.9,292.72403876509,-229.349999999918));
#6530=CARTESIAN_POINT('',(18.473576436351,289.273712107457,-231.913801650588));
#6531=CARTESIAN_POINT('Ctrl Pts',(18.4735764363529,289.273712107453,-231.913801650587));
#6532=CARTESIAN_POINT('Ctrl Pts',(18.5226674669665,289.301880749495,-231.894077755087));
#6533=CARTESIAN_POINT('Ctrl Pts',(18.5681389050687,289.333603561724,-231.871865202831));
#6534=CARTESIAN_POINT('Ctrl Pts',(18.6943275201821,289.436995388352,-231.799469466438));
#6535=CARTESIAN_POINT('Ctrl Pts',(18.7766146849827,289.537908419695,-231.728809401187));
#6536=CARTESIAN_POINT('Ctrl Pts',(18.8711004092713,289.724813244478,-231.597937233947));
#6537=CARTESIAN_POINT('Ctrl Pts',(18.9,289.843883878499,-231.514563078426));
#6538=CARTESIAN_POINT('Ctrl Pts',(18.9,289.945051486728,-231.443724756521));
#6539=CARTESIAN_POINT('Origin',(18.473576436351,292.72403876509,-229.349999999918));
#6540=CARTESIAN_POINT('Origin',(17.9,294.503852332334,-226.335568988542));
#6541=CARTESIAN_POINT('',(18.9,293.891189593152,-225.876071934158));
#6542=CARTESIAN_POINT('Ctrl Pts',(18.9,293.891189593152,-225.876071934158));
#6543=CARTESIAN_POINT('Ctrl Pts',(18.9,293.896900334166,-225.770808772354));
#6544=CARTESIAN_POINT('Ctrl Pts',(18.8882355713883,293.900000000028,-225.660392562857));
#6545=CARTESIAN_POINT('Ctrl Pts',(18.8641621612217,293.900000000028,-225.551037690969));
#6546=CARTESIAN_POINT('',(18.9,294.503852332334,-226.335568988542));
#6547=CARTESIAN_POINT('',(18.473576436351,294.995343558906,-225.68024735311));
#6548=CARTESIAN_POINT('Origin',(15.7053070272729,296.46620762614,-224.360441518495));
#6549=CARTESIAN_POINT('',(16.426423563649,296.163248885323,-224.764386506255));
#6550=CARTESIAN_POINT('',(18.9,295.124038765084,-226.149999999913));
#6551=CARTESIAN_POINT('',(16.426423563649,295.859402682914,-224.536501854449));
#6552=CARTESIAN_POINT('Origin',(18.9,292.72403876509,-229.349999999918));
#6553=CARTESIAN_POINT('',(16.426423563649,288.099163762363,-232.736229255815));
#6554=CARTESIAN_POINT('Ctrl Pts',(18.4735764363506,289.273712107457,-231.913801650588));
#6555=CARTESIAN_POINT('Ctrl Pts',(17.5963622191337,288.770362860751,-232.266250587484));
#6556=CARTESIAN_POINT('Ctrl Pts',(16.426423563649,288.099163762363,-232.736229255815));
#6557=CARTESIAN_POINT('Origin',(16.426423563649,292.72403876509,-229.349999999918));
#6558=CARTESIAN_POINT('Origin',(17.,287.72403876509,-241.349999999918));
#6559=CARTESIAN_POINT('',(16.,281.90013851653,-244.349999999918));
#6560=CARTESIAN_POINT('Ctrl Pts',(16.4264235636508,282.839776552189,-244.349999999918));
#6561=CARTESIAN_POINT('Ctrl Pts',(16.384707338771,282.805496595034,-244.349999999918));
#6562=CARTESIAN_POINT('Ctrl Pts',(16.3463283547087,282.768319298273,-244.349999999918));
#6563=CARTESIAN_POINT('Ctrl Pts',(16.219080710727,282.627937955466,-244.349999999918));
#6564=CARTESIAN_POINT('Ctrl Pts',(16.1329557687729,282.484070837161,-244.349999999918));
#6565=CARTESIAN_POINT('Ctrl Pts',(16.0315174797062,282.21744968127,-244.349999999918));
#6566=CARTESIAN_POINT('Ctrl Pts',(16.,282.045674269304,-244.349999999918));
#6567=CARTESIAN_POINT('Ctrl Pts',(16.,281.90013851653,-244.349999999918));
#6568=CARTESIAN_POINT('Origin',(16.,287.72403876509,-241.349999999918));
#6569=CARTESIAN_POINT('Origin',(15.,276.800000000028,-244.349999999918));
#6570=CARTESIAN_POINT('',(16.,278.214213562401,-244.349999999918));
#6571=CARTESIAN_POINT('',(16.,285.281009691294,-244.349999999918));
#6572=CARTESIAN_POINT('',(16.4142135623731,277.800000000028,-244.349999999918));
#6573=CARTESIAN_POINT('',(16.2071067811866,278.007106781215,-244.349999999918));
#6574=CARTESIAN_POINT('',(53.5857864376269,277.800000000028,-244.349999999918));
#6575=CARTESIAN_POINT('',(15.,277.800000000028,-244.349999999918));
#6576=CARTESIAN_POINT('',(54.,278.214213562402,-244.349999999918));
#6577=CARTESIAN_POINT('',(43.7928932188136,268.007106781215,-244.349999999918));
#6578=CARTESIAN_POINT('',(54.,306.895611640343,-244.349999999918));
#6579=CARTESIAN_POINT('',(54.,285.281009691294,-244.349999999918));
#6580=CARTESIAN_POINT('',(53.7071067811866,307.60271842153,-244.349999999918));
#6581=CARTESIAN_POINT('Origin',(53.,306.895611640343,-244.349999999918));
#6582=CARTESIAN_POINT('',(51.8786796564403,309.431145546276,-244.349999999918));
#6583=CARTESIAN_POINT('',(51.2739029100788,310.035922292638,-244.349999999918));
#6584=CARTESIAN_POINT('',(51.1715728752538,309.72403876509,-244.349999999918));
#6585=CARTESIAN_POINT('Origin',(51.1715728752538,308.72403876509,-244.349999999918));
#6586=CARTESIAN_POINT('',(18.8284271247462,309.72403876509,-244.349999999918));
#6587=CARTESIAN_POINT('',(15.,309.72403876509,-244.349999999918));
#6588=CARTESIAN_POINT('',(18.1213203435597,309.431145546276,-244.349999999918));
#6589=CARTESIAN_POINT('Origin',(18.8284271247462,308.72403876509,-244.349999999918));
#6590=CARTESIAN_POINT('',(16.2928932188135,307.60271842153,-244.349999999918));
#6591=CARTESIAN_POINT('',(8.72609708992124,300.035922292638,-244.349999999918));
#6592=CARTESIAN_POINT('',(16.,306.895611640343,-244.349999999918));
#6593=CARTESIAN_POINT('Origin',(17.,306.895611640343,-244.349999999918));
#6594=CARTESIAN_POINT('',(16.,293.547939013649,-244.349999999918));
#6595=CARTESIAN_POINT('',(16.,285.281009691294,-244.349999999918));
#6596=CARTESIAN_POINT('Ctrl Pts',(16.,293.547939013649,-244.349999999918));
#6597=CARTESIAN_POINT('Ctrl Pts',(16.,293.402403260875,-244.349999999918));
#6598=CARTESIAN_POINT('Ctrl Pts',(16.0315174797062,293.230627848909,-244.349999999918));
#6599=CARTESIAN_POINT('Ctrl Pts',(16.1329557687729,292.964006693019,-244.349999999918));
#6600=CARTESIAN_POINT('Ctrl Pts',(16.219080710727,292.820139574714,-244.349999999918));
#6601=CARTESIAN_POINT('Ctrl Pts',(16.3463283547087,292.679758231906,-244.349999999918));
#6602=CARTESIAN_POINT('Ctrl Pts',(16.384707338771,292.642580935145,-244.349999999918));
#6603=CARTESIAN_POINT('Ctrl Pts',(16.4264235636509,292.60830097799,-244.349999999918));
#6604=CARTESIAN_POINT('',(18.9,282.031009691294,-244.349999999918));
#6605=CARTESIAN_POINT('Origin',(16.,293.762019382559,-226.699999999918));
#6606=CARTESIAN_POINT('Origin',(16.,287.72403876509,-241.349999999918));
#6607=CARTESIAN_POINT('',(16.,306.895611640343,-208.049999999918));
#6608=CARTESIAN_POINT('',(16.,306.895611640343,-231.362499999918));
#6609=CARTESIAN_POINT('',(16.,294.314213562402,-208.049999999918));
#6610=CARTESIAN_POINT('',(16.,302.243029073824,-208.049999999918));
#6611=CARTESIAN_POINT('',(16.,294.314213562402,-222.353669958711));
#6612=CARTESIAN_POINT('',(16.,294.314213562402,-222.037499999918));
#6613=CARTESIAN_POINT('',(16.,296.654740111896,-224.109064870823));
#6614=CARTESIAN_POINT('',(16.,296.350893909486,-223.881180219016));
#6615=CARTESIAN_POINT('',(16.,287.682635327032,-233.533546997373));
#6616=CARTESIAN_POINT('Origin',(16.,292.72403876509,-229.349999999918));
#6617=CARTESIAN_POINT('',(16.,278.890430266321,-239.689915258369));
#6618=CARTESIAN_POINT('',(16.,294.65729996993,-228.649834237932));
#6619=CARTESIAN_POINT('',(16.,278.214213562401,-240.988915460557));
#6620=CARTESIAN_POINT('Origin',(16.,279.800000000028,-240.988915460557));
#6621=CARTESIAN_POINT('',(16.,278.214213562402,-229.881803577164));
#6622=CARTESIAN_POINT('Origin',(17.,287.72403876509,-241.349999999918));
#6623=CARTESIAN_POINT('Origin',(17.,292.72403876509,-229.349999999918));
#6624=CARTESIAN_POINT('',(16.4142135623731,288.092046536227,-232.741212791202));
#6625=CARTESIAN_POINT('Ctrl Pts',(16.,287.682635327033,-233.533546997373));
#6626=CARTESIAN_POINT('Ctrl Pts',(16.,287.770066866779,-233.472326774165));
#6627=CARTESIAN_POINT('Ctrl Pts',(16.0218332558574,287.859367328668,-233.383144433644));
#6628=CARTESIAN_POINT('Ctrl Pts',(16.0960147551652,287.986652080207,-233.203459801806));
#6629=CARTESIAN_POINT('Ctrl Pts',(16.1663082116941,288.039166425018,-233.080876396219));
#6630=CARTESIAN_POINT('Ctrl Pts',(16.2871634194235,288.082357252681,-232.903096886592));
#6631=CARTESIAN_POINT('Ctrl Pts',(16.3495148370205,288.091960229127,-232.82025578392));
#6632=CARTESIAN_POINT('Ctrl Pts',(16.4142135623731,288.092046536227,-232.741212791202));
#6633=CARTESIAN_POINT('Origin',(17.,296.654740111896,-224.109064870823));
#6634=CARTESIAN_POINT('Ctrl Pts',(16.4142135623731,288.092046536227,-232.741212791202));
#6635=CARTESIAN_POINT('Ctrl Pts',(16.4182537556804,288.094439125488,-232.739537482165));
#6636=CARTESIAN_POINT('Ctrl Pts',(16.4223326920768,288.096816810833,-232.737872608963));
#6637=CARTESIAN_POINT('Ctrl Pts',(16.4264235636508,288.099163762358,-232.736229255813));
#6638=CARTESIAN_POINT('Origin',(17.,296.350893909486,-223.881180219016));
#6639=CARTESIAN_POINT('Origin',(17.,293.314213562402,-221.603669958715));
#6640=CARTESIAN_POINT('Origin',(16.2071067811865,294.223128268914,-228.701013840227));
#6641=CARTESIAN_POINT('',(16.4142135623731,278.652847127326,-239.350611371979));
#6642=CARTESIAN_POINT('',(16.4142135623731,293.788956567898,-228.752193442523));
#6643=CARTESIAN_POINT('',(15.7071067811865,279.058426914999,-239.929839337318));
#6644=CARTESIAN_POINT('Origin',(15.,293.473576436379,-228.973024988014));
#6645=CARTESIAN_POINT('',(18.9,291.341458618135,-230.4659499567));
#6646=CARTESIAN_POINT('',(18.9,289.891468674063,-231.481243845868));
#6647=CARTESIAN_POINT('',(53.5857864376269,291.341458618135,-230.4659499567));
#6648=CARTESIAN_POINT('',(15.,291.341458618135,-230.4659499567));
#6649=CARTESIAN_POINT('',(53.5857864376269,278.652847127326,-239.350611371979));
#6650=CARTESIAN_POINT('',(53.5857864376269,293.788956567898,-228.752193442523));
#6651=CARTESIAN_POINT('',(15.,278.652847127326,-239.350611371979));
#6652=CARTESIAN_POINT('Origin',(17.9,287.262019382559,-235.349999999918));
#6653=CARTESIAN_POINT('',(17.9,288.724038765089,-238.349999999918));
#6654=CARTESIAN_POINT('',(17.9,286.724038765089,-238.349999999918));
#6655=CARTESIAN_POINT('',(17.9,287.993029073824,-238.349999999918));
#6656=CARTESIAN_POINT('',(17.9,289.524038765089,-238.949999999917));
#6657=CARTESIAN_POINT('',(17.9,287.936192562679,-237.759115348111));
#6658=CARTESIAN_POINT('',(17.9,285.92403876509,-238.949999999917));
#6659=CARTESIAN_POINT('Origin',(17.9,287.72403876509,-241.349999999918));
#6660=CARTESIAN_POINT('',(17.9,287.61619256268,-237.680884651725));
#6661=CARTESIAN_POINT('Origin',(15.,288.187111577779,-225.349999999918));
#6662=CARTESIAN_POINT('',(18.,287.556514000021,-225.349999999918));
#6663=CARTESIAN_POINT('',(18.,278.800000000028,-225.349999999918));
#6664=CARTESIAN_POINT('',(18.,286.518555788904,-225.349999999918));
#6665=CARTESIAN_POINT('',(15.5,287.556514000021,-225.349999999918));
#6666=CARTESIAN_POINT('',(15.,287.556514000021,-225.349999999918));
#6667=CARTESIAN_POINT('',(15.5,278.800000000028,-225.349999999918));
#6668=CARTESIAN_POINT('',(15.5,290.974565480169,-225.349999999918));
#6669=CARTESIAN_POINT('',(15.,278.800000000028,-225.349999999918));
#6670=CARTESIAN_POINT('Origin',(15.,278.800000000028,-227.349999999918));
#6671=CARTESIAN_POINT('',(18.,276.800000000028,-227.349999999918));
#6672=CARTESIAN_POINT('Origin',(18.,278.800000000028,-227.349999999918));
#6673=CARTESIAN_POINT('',(15.5,276.800000000028,-227.349999999918));
#6674=CARTESIAN_POINT('Origin',(15.5,278.800000000028,-227.349999999918));
#6675=CARTESIAN_POINT('',(15.,276.800000000028,-227.349999999918));
#6676=CARTESIAN_POINT('Origin',(15.5,277.300000000028,-245.349999999918));
#6677=CARTESIAN_POINT('',(15.,277.300000000028,-244.849999999918));
#6678=CARTESIAN_POINT('',(15.5,276.800000000028,-244.849999999918));
#6679=CARTESIAN_POINT('',(15.,277.300000000028,-244.849999999918));
#6680=CARTESIAN_POINT('',(15.5,277.300000000028,-245.349999999918));
#6681=CARTESIAN_POINT('',(15.5,277.300000000028,-245.349999999918));
#6682=CARTESIAN_POINT('',(15.5,276.800000000028,-244.849999999918));
#6683=CARTESIAN_POINT('Origin',(17.9,287.262019382559,-232.649999999918));
#6684=CARTESIAN_POINT('',(17.9,283.599999999966,-226.949999999871));
#6685=CARTESIAN_POINT('',(17.9,282.799999999985,-226.349999999918));
#6686=CARTESIAN_POINT('',(17.9,286.139846202432,-228.854884651618));
#6687=CARTESIAN_POINT('',(17.9,280.00000000009,-226.949999999871));
#6688=CARTESIAN_POINT('Origin',(17.9,281.800000000028,-229.349999999918));
#6689=CARTESIAN_POINT('',(17.9,280.799999999985,-226.349999999918));
#6690=CARTESIAN_POINT('',(17.9,281.355846202306,-225.933115348155));
#6691=CARTESIAN_POINT('',(17.9,285.031009691272,-226.349999999918));
#6692=CARTESIAN_POINT('Origin',(17.9,287.262019382559,-232.649999999918));
#6693=CARTESIAN_POINT('',(17.9,294.524038765085,-226.949999999915));
#6694=CARTESIAN_POINT('',(17.9,293.724038765085,-226.349999999918));
#6695=CARTESIAN_POINT('',(17.9,293.568192562667,-226.233115348105));
#6696=CARTESIAN_POINT('',(17.9,290.924038765094,-226.949999999915));
#6697=CARTESIAN_POINT('Origin',(17.9,292.72403876509,-229.349999999918));
#6698=CARTESIAN_POINT('',(17.9,291.724038765085,-226.349999999918));
#6699=CARTESIAN_POINT('',(17.9,288.78419256268,-228.554884651733));
#6700=CARTESIAN_POINT('',(17.9,290.493029073822,-226.349999999918));
#6701=CARTESIAN_POINT('Origin',(15.,277.050000000028,-245.099999999918));
#6702=CARTESIAN_POINT('',(54.5,277.300000000028,-245.349999999918));
#6703=CARTESIAN_POINT('',(54.,276.800000000028,-244.849999999918));
#6704=CARTESIAN_POINT('',(45.7856011924155,268.585601192444,-236.635601192333));
#6705=CARTESIAN_POINT('',(15.,276.800000000028,-244.849999999918));
#6706=CARTESIAN_POINT('',(15.,277.300000000028,-245.349999999918));
#6707=CARTESIAN_POINT('Origin',(15.,276.800000000028,-239.427214308902));
#6708=CARTESIAN_POINT('',(18.,276.800000000028,-240.988915460557));
#6709=CARTESIAN_POINT('',(18.,276.800000000028,-235.082910731656));
#6710=CARTESIAN_POINT('',(15.5,276.800000000028,-233.06360715441));
#6711=CARTESIAN_POINT('',(54.,276.800000000028,-240.988915460557));
#6712=CARTESIAN_POINT('',(54.,276.800000000028,-233.06360715441));
#6713=CARTESIAN_POINT('',(15.,276.800000000028,-240.988915460557));
#6714=CARTESIAN_POINT('Origin',(15.,276.800000000028,-245.349999999918));
#6715=CARTESIAN_POINT('',(15.5,306.895611640343,-245.349999999918));
#6716=CARTESIAN_POINT('',(15.5,285.281009691294,-245.349999999918));
#6717=CARTESIAN_POINT('',(15.9393398282202,307.956271812123,-245.349999999918));
#6718=CARTESIAN_POINT('Origin',(17.,306.895611640343,-245.349999999918));
#6719=CARTESIAN_POINT('',(17.7677669529664,309.78469893687,-245.349999999918));
#6720=CARTESIAN_POINT('',(8.37254369932799,300.389475683231,-245.349999999918));
#6721=CARTESIAN_POINT('',(18.8284271247462,310.22403876509,-245.349999999918));
#6722=CARTESIAN_POINT('Origin',(18.8284271247462,308.72403876509,-245.349999999918));
#6723=CARTESIAN_POINT('',(51.1715728752538,310.22403876509,-245.349999999918));
#6724=CARTESIAN_POINT('',(15.,310.22403876509,-245.349999999918));
#6725=CARTESIAN_POINT('',(52.2322330470336,309.78469893687,-245.349999999918));
#6726=CARTESIAN_POINT('Origin',(51.1715728752538,308.72403876509,-245.349999999918));
#6727=CARTESIAN_POINT('',(54.0606601717798,307.956271812123,-245.349999999918));
#6728=CARTESIAN_POINT('',(51.6274563006721,310.389475683231,-245.349999999918));
#6729=CARTESIAN_POINT('',(54.5,306.895611640343,-245.349999999918));
#6730=CARTESIAN_POINT('Origin',(53.,306.895611640343,-245.349999999918));
#6731=CARTESIAN_POINT('',(54.5,285.281009691294,-245.349999999918));
#6732=CARTESIAN_POINT('Origin',(15.,292.900000000028,-228.153872943725));
#6733=CARTESIAN_POINT('',(54.,278.079270690975,-238.53145932769));
#6734=CARTESIAN_POINT('',(18.5,278.079270690975,-238.53145932769));
#6735=CARTESIAN_POINT('',(15.,278.079270690975,-238.53145932769));
#6736=CARTESIAN_POINT('',(54.,290.767882181784,-229.646797912411));
#6737=CARTESIAN_POINT('',(54.,293.530760263066,-227.712209852743));
#6738=CARTESIAN_POINT('',(18.5,290.767882181784,-229.646797912411));
#6739=CARTESIAN_POINT('',(15.,290.767882181784,-229.646797912411));
#6740=CARTESIAN_POINT('',(18.5,289.591970545467,-230.470180104429));
#6741=CARTESIAN_POINT('Origin',(15.,279.800000000028,-240.988915460557));
#6742=CARTESIAN_POINT('',(18.5,277.300000000028,-239.330603065379));
#6743=CARTESIAN_POINT('Origin',(18.5,279.800000000028,-240.988915460557));
#6744=CARTESIAN_POINT('Origin',(21.,279.800000000028,-240.988915460557));
#6745=CARTESIAN_POINT('Origin',(54.,279.800000000028,-240.988915460557));
#6746=CARTESIAN_POINT('Origin',(18.25,277.050000000028,-235.082910731656));
#6747=CARTESIAN_POINT('',(18.5,277.300000000028,-227.349999999918));
#6748=CARTESIAN_POINT('',(18.5,277.300000000028,-235.082910731656));
#6749=CARTESIAN_POINT('',(18.5,277.300000000028,-227.349999999918));
#6750=CARTESIAN_POINT('Origin',(18.25,278.800000000028,-227.349999999918));
#6751=CARTESIAN_POINT('',(18.5,278.800000000028,-225.849999999918));
#6752=CARTESIAN_POINT('',(18.5,278.800000000028,-225.849999999918));
#6753=CARTESIAN_POINT('Origin',(18.5,278.800000000028,-227.349999999918));
#6754=CARTESIAN_POINT('Origin',(18.25,286.518555788904,-225.599999999918));
#6755=CARTESIAN_POINT('',(18.5,287.556514000021,-225.849999999918));
#6756=CARTESIAN_POINT('',(18.5,286.518555788904,-225.849999999918));
#6757=CARTESIAN_POINT('',(18.5,287.556514000021,-225.849999999918));
#6758=CARTESIAN_POINT('Origin',(18.25,287.556514000021,-223.349999999918));
#6759=CARTESIAN_POINT('',(18.5,288.990455090899,-225.39788011064));
#6760=CARTESIAN_POINT('',(18.,288.703666872723,-224.988304088496));
#6761=CARTESIAN_POINT('',(18.5,288.990455090899,-225.39788011064));
#6762=CARTESIAN_POINT('Origin',(18.,287.556514000021,-223.349999999918));
#6763=CARTESIAN_POINT('Origin',(18.5,287.556514000021,-223.349999999918));
#6764=CARTESIAN_POINT('Origin',(15.,287.556514000021,-223.349999999918));
#6765=CARTESIAN_POINT('',(15.5,288.703666872723,-224.988304088496));
#6766=CARTESIAN_POINT('',(15.,288.703666872723,-224.988304088496));
#6767=CARTESIAN_POINT('Origin',(15.5,287.556514000021,-223.349999999918));
#6768=CARTESIAN_POINT('Origin',(18.25,288.301423563677,-225.575151532875));
#6769=CARTESIAN_POINT('',(18.5,292.333941090906,-223.056746009537));
#6770=CARTESIAN_POINT('',(18.5,288.444817672765,-225.779939543947));
#6771=CARTESIAN_POINT('',(18.,292.047152872731,-222.647169987392));
#6772=CARTESIAN_POINT('',(18.5,292.333941090906,-223.056746009537));
#6773=CARTESIAN_POINT('',(18.,288.15802945459,-225.370363521803));
#6774=CARTESIAN_POINT('Origin',(18.9,287.262019382559,-235.349999999918));
#6775=CARTESIAN_POINT('Origin',(15.,277.800000000028,-239.427214308902));
#6776=CARTESIAN_POINT('',(16.4142135623731,277.800000000028,-240.988915460557));
#6777=CARTESIAN_POINT('',(16.4142135623731,277.800000000028,-236.245410731656));
#6778=CARTESIAN_POINT('',(53.5857864376269,277.800000000028,-240.988915460557));
#6779=CARTESIAN_POINT('',(15.,277.800000000028,-240.988915460557));
#6780=CARTESIAN_POINT('',(53.5857864376269,277.800000000028,-236.245410731656));
#6781=CARTESIAN_POINT('Origin',(15.,287.72403876509,-241.349999999918));
#6782=CARTESIAN_POINT('',(15.,285.92403876509,-238.949999999917));
#6783=CARTESIAN_POINT('',(15.,289.524038765089,-238.949999999917));
#6784=CARTESIAN_POINT('Origin',(15.,287.72403876509,-241.349999999918));
#6785=CARTESIAN_POINT('',(15.,285.92403876509,-238.949999999917));
#6786=CARTESIAN_POINT('',(15.,289.524038765089,-238.949999999917));
#6787=CARTESIAN_POINT('Origin',(15.,286.724038765089,-238.349999999918));
#6788=CARTESIAN_POINT('',(15.,286.724038765089,-238.349999999918));
#6789=CARTESIAN_POINT('',(15.,291.772192562679,-234.563884651723));
#6790=CARTESIAN_POINT('',(15.,286.724038765089,-238.349999999918));
#6791=CARTESIAN_POINT('Origin',(15.,288.724038765089,-238.349999999918));
#6792=CARTESIAN_POINT('',(15.,288.724038765089,-238.349999999918));
#6793=CARTESIAN_POINT('',(15.,291.243029073824,-238.349999999918));
#6794=CARTESIAN_POINT('',(15.,288.724038765089,-238.349999999918));
#6795=CARTESIAN_POINT('Origin',(15.,289.524038765089,-238.949999999917));
#6796=CARTESIAN_POINT('',(15.,287.94019256268,-237.762115348112));
#6797=CARTESIAN_POINT('Origin',(15.25,287.556514000021,-223.349999999918));
#6798=CARTESIAN_POINT('',(15.,287.556514000021,-225.849999999918));
#6799=CARTESIAN_POINT('',(15.,287.556514000021,-225.849999999918));
#6800=CARTESIAN_POINT('',(15.,288.990455090899,-225.397880110641));
#6801=CARTESIAN_POINT('',(15.,288.990455090899,-225.397880110641));
#6802=CARTESIAN_POINT('Origin',(15.,287.556514000021,-223.349999999918));
#6803=CARTESIAN_POINT('Origin',(15.25,290.974565480169,-225.599999999918));
#6804=CARTESIAN_POINT('',(15.,278.800000000028,-225.849999999918));
#6805=CARTESIAN_POINT('',(15.,278.800000000028,-225.849999999918));
#6806=CARTESIAN_POINT('',(15.,290.974565480169,-225.849999999918));
#6807=CARTESIAN_POINT('Origin',(15.25,278.800000000028,-227.349999999918));
#6808=CARTESIAN_POINT('',(15.,277.300000000028,-227.349999999918));
#6809=CARTESIAN_POINT('',(15.,277.300000000028,-227.349999999918));
#6810=CARTESIAN_POINT('Origin',(15.,278.800000000028,-227.349999999918));
#6811=CARTESIAN_POINT('Origin',(15.25,277.050000000028,-233.06360715441));
#6812=CARTESIAN_POINT('',(15.,277.300000000028,-233.06360715441));
#6813=CARTESIAN_POINT('Origin',(15.25,285.281009691294,-245.099999999918));
#6814=CARTESIAN_POINT('',(15.,306.895611640343,-244.849999999918));
#6815=CARTESIAN_POINT('',(15.5,306.895611640343,-245.349999999918));
#6816=CARTESIAN_POINT('',(15.,285.281009691294,-244.849999999918));
#6817=CARTESIAN_POINT('Origin',(15.,283.599999999966,-226.949999999871));
#6818=CARTESIAN_POINT('',(15.,282.799999999985,-226.349999999918));
#6819=CARTESIAN_POINT('',(15.,282.799999999985,-226.349999999918));
#6820=CARTESIAN_POINT('',(15.,283.599999999966,-226.949999999871));
#6821=CARTESIAN_POINT('',(15.,286.791846202534,-229.343884651668));
#6822=CARTESIAN_POINT('',(15.,283.599999999966,-226.949999999871));
#6823=CARTESIAN_POINT('Origin',(15.,281.800000000028,-229.349999999918));
#6824=CARTESIAN_POINT('',(15.,280.00000000009,-226.949999999871));
#6825=CARTESIAN_POINT('Origin',(15.,281.800000000028,-229.349999999918));
#6826=CARTESIAN_POINT('',(15.,280.00000000009,-226.949999999871));
#6827=CARTESIAN_POINT('Origin',(15.,280.799999999985,-226.349999999918));
#6828=CARTESIAN_POINT('',(15.,280.799999999985,-226.349999999918));
#6829=CARTESIAN_POINT('',(15.,284.863846202247,-223.302115348058));
#6830=CARTESIAN_POINT('',(15.,280.799999999985,-226.349999999918));
#6831=CARTESIAN_POINT('Origin',(15.,282.799999999985,-226.349999999918));
#6832=CARTESIAN_POINT('',(15.,288.281009691272,-226.349999999918));
#6833=CARTESIAN_POINT('Origin',(15.,294.524038765085,-226.949999999915));
#6834=CARTESIAN_POINT('',(15.,293.724038765085,-226.349999999918));
#6835=CARTESIAN_POINT('',(15.,293.724038765085,-226.349999999918));
#6836=CARTESIAN_POINT('',(15.,294.524038765085,-226.949999999915));
#6837=CARTESIAN_POINT('',(15.,294.220192562677,-226.72211534811));
#6838=CARTESIAN_POINT('',(15.,294.524038765085,-226.949999999915));
#6839=CARTESIAN_POINT('Origin',(15.,292.72403876509,-229.349999999918));
#6840=CARTESIAN_POINT('',(15.,290.924038765094,-226.949999999915));
#6841=CARTESIAN_POINT('Origin',(15.,292.72403876509,-229.349999999918));
#6842=CARTESIAN_POINT('',(15.,290.924038765094,-226.949999999915));
#6843=CARTESIAN_POINT('Origin',(15.,291.724038765085,-226.349999999918));
#6844=CARTESIAN_POINT('',(15.,291.724038765085,-226.349999999918));
#6845=CARTESIAN_POINT('',(15.,292.292192562674,-225.923884651724));
#6846=CARTESIAN_POINT('',(15.,291.724038765085,-226.349999999918));
#6847=CARTESIAN_POINT('Origin',(15.,293.724038765085,-226.349999999918));
#6848=CARTESIAN_POINT('',(15.,293.743029073822,-226.349999999918));
#6849=CARTESIAN_POINT('Origin',(17.,306.895611640343,-245.099999999918));
#6850=CARTESIAN_POINT('',(15.5857864376269,308.309825202717,-244.849999999918));
#6851=CARTESIAN_POINT('Origin',(17.,306.895611640343,-244.849999999918));
#6852=CARTESIAN_POINT('',(15.9393398282202,307.956271812123,-245.349999999918));
#6853=CARTESIAN_POINT('Origin',(8.19576700403134,300.566252378528,-245.099999999918));
#6854=CARTESIAN_POINT('',(17.4142135623731,310.138252327463,-244.849999999918));
#6855=CARTESIAN_POINT('',(8.01899030873469,300.743029073824,-244.849999999918));
#6856=CARTESIAN_POINT('',(17.7677669529664,309.78469893687,-245.349999999918));
#6857=CARTESIAN_POINT('Origin',(18.8284271247462,308.72403876509,-245.099999999918));
#6858=CARTESIAN_POINT('',(18.8284271247462,310.72403876509,-244.849999999918));
#6859=CARTESIAN_POINT('Origin',(18.8284271247462,308.72403876509,-244.849999999918));
#6860=CARTESIAN_POINT('',(18.8284271247462,310.22403876509,-245.349999999918));
#6861=CARTESIAN_POINT('Origin',(15.,310.47403876509,-245.099999999918));
#6862=CARTESIAN_POINT('',(51.1715728752538,310.72403876509,-244.849999999918));
#6863=CARTESIAN_POINT('',(51.1715728752538,310.22403876509,-245.349999999918));
#6864=CARTESIAN_POINT('',(15.,310.72403876509,-244.849999999918));
#6865=CARTESIAN_POINT('Origin',(51.1715728752538,308.72403876509,-245.099999999918));
#6866=CARTESIAN_POINT('',(52.5857864376269,310.138252327463,-244.849999999918));
#6867=CARTESIAN_POINT('Origin',(51.1715728752538,308.72403876509,-244.849999999918));
#6868=CARTESIAN_POINT('',(52.2322330470336,309.78469893687,-245.349999999918));
#6869=CARTESIAN_POINT('Origin',(51.8042329959687,310.566252378528,-245.099999999918));
#6870=CARTESIAN_POINT('',(54.4142135623731,308.309825202717,-244.849999999918));
#6871=CARTESIAN_POINT('',(51.9810096912653,310.743029073824,-244.849999999918));
#6872=CARTESIAN_POINT('',(54.0606601717798,307.956271812123,-245.349999999918));
#6873=CARTESIAN_POINT('Origin',(53.,306.895611640343,-245.099999999918));
#6874=CARTESIAN_POINT('',(55.,306.895611640343,-244.849999999918));
#6875=CARTESIAN_POINT('Origin',(53.,306.895611640343,-244.849999999918));
#6876=CARTESIAN_POINT('',(54.5,306.895611640343,-245.349999999918));
#6877=CARTESIAN_POINT('Origin',(54.5,277.300000000028,-233.06360715441));
#6878=CARTESIAN_POINT('',(55.,277.800000000028,-244.849999999918));
#6879=CARTESIAN_POINT('',(57.9612337561289,280.761233756157,-241.888766243789));
#6880=CARTESIAN_POINT('',(55.,277.800000000028,-240.988915460557));
#6881=CARTESIAN_POINT('',(55.,277.800000000028,-233.06360715441));
#6882=CARTESIAN_POINT('',(54.,276.800000000028,-240.988915460557));
#6883=CARTESIAN_POINT('Origin',(54.5,279.800000000028,-240.988915460557));
#6884=CARTESIAN_POINT('',(55.,278.652847127326,-239.350611371979));
#6885=CARTESIAN_POINT('',(54.,278.079270690975,-238.53145932769));
#6886=CARTESIAN_POINT('Origin',(55.,279.800000000028,-240.988915460557));
#6887=CARTESIAN_POINT('Origin',(54.5,293.817548481241,-228.121785874888));
#6888=CARTESIAN_POINT('',(55.,291.341458618135,-230.4659499567));
#6889=CARTESIAN_POINT('',(55.,294.104336699417,-228.531361897032));
#6890=CARTESIAN_POINT('',(54.,290.767882181784,-229.646797912411));
#6891=CARTESIAN_POINT('Origin',(54.75,285.281009691294,-245.099999999918));
#6892=CARTESIAN_POINT('',(55.,285.281009691294,-244.849999999918));
#6893=CARTESIAN_POINT('Origin',(54.5,287.900000000028,-225.551037690966));
#6894=CARTESIAN_POINT('',(54.,292.900000000028,-225.551037690966));
#6895=CARTESIAN_POINT('',(55.,293.900000000028,-225.551037690966));
#6896=CARTESIAN_POINT('',(54.,292.900000000028,-225.551037690966));
#6897=CARTESIAN_POINT('Origin',(54.,287.900000000028,-225.551037690966));
#6898=CARTESIAN_POINT('Origin',(55.,287.900000000028,-225.551037690966));
#6899=CARTESIAN_POINT('Origin',(18.25,290.900000000028,-221.008865898814));
#6900=CARTESIAN_POINT('',(18.5,292.900000000028,-222.508865898814));
#6901=CARTESIAN_POINT('',(18.,292.900000000028,-221.008865898814));
#6902=CARTESIAN_POINT('Ctrl Pts',(18.,292.900000000028,-221.008865898814));
#6903=CARTESIAN_POINT('Ctrl Pts',(18.,292.900000000028,-221.675532565481));
#6904=CARTESIAN_POINT('Ctrl Pts',(18.5,292.900000000028,-222.508865898814));
#6905=CARTESIAN_POINT('Origin',(18.,290.900000000028,-221.008865898814));
#6906=CARTESIAN_POINT('Origin',(18.5,290.900000000028,-221.008865898814));
#6907=CARTESIAN_POINT('Origin',(15.,287.900000000028,-225.551037690966));
#6908=CARTESIAN_POINT('',(18.5,292.900000000028,-225.551037690966));
#6909=CARTESIAN_POINT('Origin',(18.5,287.900000000028,-225.551037690966));
#6910=CARTESIAN_POINT('',(15.,292.900000000028,-225.551037690966));
#6911=CARTESIAN_POINT('Origin',(18.5,284.850000000028,-230.73860715441));
#6912=CARTESIAN_POINT('',(18.5,292.900000000028,-219.394303577164));
#6913=CARTESIAN_POINT('Origin',(15.25,292.240213281276,-222.81718128119));
#6914=CARTESIAN_POINT('',(15.5,293.400000000028,-221.699896230813));
#6915=CARTESIAN_POINT('',(15.,293.900000000028,-221.960179756089));
#6916=CARTESIAN_POINT('',(16.0679380686041,292.832061931424,-221.404246385544));
#6917=CARTESIAN_POINT('',(15.,292.383607390364,-223.021969292262));
#6918=CARTESIAN_POINT('',(15.5,292.096819172188,-222.612393270117));
#6919=CARTESIAN_POINT('Origin',(15.,290.900000000028,-221.008865898814));
#6920=CARTESIAN_POINT('',(16.,292.900000000028,-221.008865898814));
#6921=CARTESIAN_POINT('',(15.,292.900000000028,-221.008865898814));
#6922=CARTESIAN_POINT('',(16.8528471272979,292.047152872731,-222.647169987392));
#6923=CARTESIAN_POINT('Origin',(17.9999999999999,290.900000000028,-221.008865898814));
#6924=CARTESIAN_POINT('',(15.,292.047152872731,-222.647169987392));
#6925=CARTESIAN_POINT('Origin',(15.,292.900000000028,-222.049999999918));
#6926=CARTESIAN_POINT('',(14.9411938011566,293.958806198872,-221.308615917985));
#6927=CARTESIAN_POINT('Origin',(53.7928932188135,279.800000000028,-240.988915460557));
#6928=CARTESIAN_POINT('',(54.,278.890430266321,-239.689915258369));
#6929=CARTESIAN_POINT('',(53.2928932188135,278.484850478648,-239.110687293029));
#6930=CARTESIAN_POINT('',(54.,278.214213562402,-240.988915460557));
#6931=CARTESIAN_POINT('Origin',(54.,279.800000000028,-240.988915460557));
#6932=CARTESIAN_POINT('',(53.2928932188134,277.507106781215,-240.988915460557));
#6933=CARTESIAN_POINT('Origin',(53.5857864376269,279.800000000028,-240.988915460557));
#6934=CARTESIAN_POINT('Origin',(53.7928932188134,278.007106781215,-233.06360715441));
#6935=CARTESIAN_POINT('',(54.,278.214213562402,-229.881803577164));
#6936=CARTESIAN_POINT('Origin',(16.2071067811866,278.007106781215,-233.06360715441));
#6937=CARTESIAN_POINT('',(15.7071067811866,278.507106781215,-240.988915460557));
#6938=CARTESIAN_POINT('Origin',(16.2071067811865,279.800000000028,-240.988915460557));
#6939=CARTESIAN_POINT('Origin',(16.4142135623731,279.800000000028,-240.988915460557));
#6940=CARTESIAN_POINT('Origin',(15.,279.800000000028,-240.988915460557));
#6941=CARTESIAN_POINT('Origin',(53.7928932188135,294.223128268914,-228.701013840227));
#6942=CARTESIAN_POINT('',(54.,291.579041757129,-230.805253843091));
#6943=CARTESIAN_POINT('',(53.2928932188135,291.173461969456,-230.226025877751));
#6944=CARTESIAN_POINT('',(54.,294.65729996993,-228.649834237932));
#6945=CARTESIAN_POINT('Origin',(53.7928932188135,287.900000000028,-225.551037690966));
#6946=CARTESIAN_POINT('',(54.,294.314213562402,-225.551037690966));
#6947=CARTESIAN_POINT('',(53.2928932188134,293.607106781215,-225.551037690966));
#6948=CARTESIAN_POINT('Origin',(54.,287.900000000028,-225.551037690966));
#6949=CARTESIAN_POINT('Origin',(53.5857864376269,287.900000000028,-225.551037690966));
#6950=CARTESIAN_POINT('Origin',(15.,293.762019382559,-226.699999999918));
#6951=CARTESIAN_POINT('',(15.,293.900000000028,-208.049999999918));
#6952=CARTESIAN_POINT('',(15.,293.900000000028,-217.374999999918));
#6953=CARTESIAN_POINT('',(15.,306.895611640343,-208.049999999918));
#6954=CARTESIAN_POINT('',(15.,292.900000000028,-208.049999999918));
#6955=CARTESIAN_POINT('',(15.,306.895611640343,-231.362499999918));
#6956=CARTESIAN_POINT('Origin',(17.,306.895611640343,-231.362499999918));
#6957=CARTESIAN_POINT('',(15.5857864376269,308.309825202717,-208.049999999918));
#6958=CARTESIAN_POINT('Origin',(17.,306.895611640343,-208.049999999918));
#6959=CARTESIAN_POINT('',(15.5857864376269,308.309825202717,-231.362499999918));
#6960=CARTESIAN_POINT('Origin',(16.5,309.22403876509,-236.024999999918));
#6961=CARTESIAN_POINT('',(17.4142135623731,310.138252327463,-208.049999999918));
#6962=CARTESIAN_POINT('',(16.5,309.22403876509,-208.049999999918));
#6963=CARTESIAN_POINT('',(17.4142135623731,310.138252327463,-240.687499999918));
#6964=CARTESIAN_POINT('Origin',(18.8284271247462,308.72403876509,-240.687499999918));
#6965=CARTESIAN_POINT('',(18.8284271247462,310.72403876509,-208.049999999918));
#6966=CARTESIAN_POINT('Origin',(18.8284271247462,308.72403876509,-208.049999999918));
#6967=CARTESIAN_POINT('',(18.8284271247462,310.72403876509,-240.687499999918));
#6968=CARTESIAN_POINT('Origin',(15.,310.72403876509,-245.349999999918));
#6969=CARTESIAN_POINT('',(51.1715728752538,310.72403876509,-208.049999999918));
#6970=CARTESIAN_POINT('',(15.,310.72403876509,-208.049999999918));
#6971=CARTESIAN_POINT('',(51.1715728752538,310.72403876509,-240.687499999918));
#6972=CARTESIAN_POINT('Origin',(51.1715728752538,308.72403876509,-240.687499999918));
#6973=CARTESIAN_POINT('',(52.5857864376269,310.138252327463,-208.049999999918));
#6974=CARTESIAN_POINT('Origin',(51.1715728752538,308.72403876509,-208.049999999918));
#6975=CARTESIAN_POINT('',(52.5857864376269,310.138252327463,-240.687499999918));
#6976=CARTESIAN_POINT('Origin',(53.5,309.22403876509,-236.024999999918));
#6977=CARTESIAN_POINT('',(54.4142135623731,308.309825202717,-208.049999999918));
#6978=CARTESIAN_POINT('',(43.5,319.22403876509,-208.049999999918));
#6979=CARTESIAN_POINT('',(54.4142135623731,308.309825202717,-231.362499999918));
#6980=CARTESIAN_POINT('Origin',(53.,306.895611640343,-231.362499999918));
#6981=CARTESIAN_POINT('',(55.,306.895611640343,-208.049999999918));
#6982=CARTESIAN_POINT('Origin',(53.,306.895611640343,-208.049999999918));
#6983=CARTESIAN_POINT('',(55.,306.895611640343,-231.362499999918));
#6984=CARTESIAN_POINT('Origin',(55.,293.762019382559,-226.699999999918));
#6985=CARTESIAN_POINT('',(55.,293.900000000028,-208.049999999918));
#6986=CARTESIAN_POINT('',(55.,292.900000000028,-208.049999999918));
#6987=CARTESIAN_POINT('',(55.,293.900000000028,-217.374999999918));
#6988=CARTESIAN_POINT('Origin',(54.5,293.400000000028,-217.374999999918));
#6989=CARTESIAN_POINT('',(54.,292.900000000028,-208.049999999918));
#6990=CARTESIAN_POINT('',(48.9560096912655,287.856009691294,-208.049999999918));
#6991=CARTESIAN_POINT('',(54.,292.900000000028,-217.374999999918));
#6992=CARTESIAN_POINT('Origin',(15.,292.900000000028,-208.049999999918));
#6993=CARTESIAN_POINT('',(16.,292.900000000028,-208.049999999918));
#6994=CARTESIAN_POINT('',(15.,292.900000000028,-208.049999999918));
#6995=CARTESIAN_POINT('',(16.,292.900000000028,-217.374999999918));
#6996=CARTESIAN_POINT('Origin',(15.5,293.400000000028,-217.374999999918));
#6997=CARTESIAN_POINT('',(11.0439903087347,297.856009691294,-208.049999999918));
#6998=CARTESIAN_POINT('Origin',(54.,293.762019382559,-226.699999999918));
#6999=CARTESIAN_POINT('',(54.,294.314213562402,-208.049999999918));
#7000=CARTESIAN_POINT('',(54.,294.314213562402,-222.037499999918));
#7001=CARTESIAN_POINT('',(54.,306.895611640343,-208.049999999918));
#7002=CARTESIAN_POINT('',(54.,302.243029073824,-208.049999999918));
#7003=CARTESIAN_POINT('',(54.,306.895611640343,-231.362499999918));
#7004=CARTESIAN_POINT('Origin',(53.,306.895611640343,-231.362499999918));
#7005=CARTESIAN_POINT('',(53.7071067811866,307.60271842153,-208.049999999918));
#7006=CARTESIAN_POINT('Origin',(53.,306.895611640343,-208.049999999918));
#7007=CARTESIAN_POINT('',(53.7071067811866,307.60271842153,-231.362499999918));
#7008=CARTESIAN_POINT('Origin',(52.7928932188134,308.516931983903,-236.024999999918));
#7009=CARTESIAN_POINT('',(51.8786796564403,309.431145546276,-208.049999999918));
#7010=CARTESIAN_POINT('',(51.8786796564403,309.431145546276,-240.687499999918));
#7011=CARTESIAN_POINT('',(42.7928932188134,318.516931983903,-208.049999999918));
#7012=CARTESIAN_POINT('Origin',(51.1715728752538,308.72403876509,-240.687499999918));
#7013=CARTESIAN_POINT('',(51.1715728752538,309.72403876509,-208.049999999918));
#7014=CARTESIAN_POINT('Origin',(51.1715728752538,308.72403876509,-208.049999999918));
#7015=CARTESIAN_POINT('',(51.1715728752538,309.72403876509,-240.687499999918));
#7016=CARTESIAN_POINT('Origin',(15.,309.72403876509,-245.349999999918));
#7017=CARTESIAN_POINT('',(18.8284271247462,309.72403876509,-208.049999999918));
#7018=CARTESIAN_POINT('',(18.8284271247462,309.72403876509,-240.687499999918));
#7019=CARTESIAN_POINT('',(15.,309.72403876509,-208.049999999918));
#7020=CARTESIAN_POINT('Origin',(18.8284271247462,308.72403876509,-240.687499999918));
#7021=CARTESIAN_POINT('',(18.1213203435597,309.431145546276,-208.049999999918));
#7022=CARTESIAN_POINT('Origin',(18.8284271247462,308.72403876509,-208.049999999918));
#7023=CARTESIAN_POINT('',(18.1213203435597,309.431145546276,-240.687499999918));
#7024=CARTESIAN_POINT('Origin',(17.2071067811865,308.516931983903,-236.024999999918));
#7025=CARTESIAN_POINT('',(16.2928932188135,307.60271842153,-208.049999999918));
#7026=CARTESIAN_POINT('',(16.2928932188135,307.60271842153,-231.362499999918));
#7027=CARTESIAN_POINT('',(17.2071067811866,308.516931983903,-208.049999999918));
#7028=CARTESIAN_POINT('Origin',(17.,306.895611640343,-231.362499999918));
#7029=CARTESIAN_POINT('Origin',(17.,306.895611640343,-208.049999999918));
#7030=CARTESIAN_POINT('Origin',(15.,287.900000000028,-225.551037690966));
#7031=CARTESIAN_POINT('Origin',(18.9,287.900000000028,-225.551037690966));
#7032=CARTESIAN_POINT('Origin',(53.7928932188134,294.107106781215,-217.374999999918));
#7033=CARTESIAN_POINT('',(48.2489029100789,288.56311647248,-208.049999999918));
#7034=CARTESIAN_POINT('Origin',(15.,310.72403876509,-208.049999999918));
#7035=CARTESIAN_POINT('',(11.7510970899212,298.56311647248,-208.049999999918));
#7036=CARTESIAN_POINT('Origin',(16.2071067811866,294.107106781215,-217.374999999918));
#7037=CARTESIAN_POINT('Origin',(18.9,287.262019382559,-235.349999999918));
#7038=CARTESIAN_POINT('Origin',(9.6,300.493029073824,-216.749999999918));
#7039=CARTESIAN_POINT('',(9.60000000000004,301.92403876509,-216.749999999918));
#7040=CARTESIAN_POINT('',(10.,302.32403876509,-217.149999999918));
#7041=CARTESIAN_POINT('',(12.2864983847891,304.610537149879,-219.436498384707));
#7042=CARTESIAN_POINT('',(10.,293.400000000028,-217.149999999918));
#7043=CARTESIAN_POINT('',(10.,300.493029073824,-217.149999999918));
#7044=CARTESIAN_POINT('',(9.2,294.200000000028,-216.349999999918));
#7045=CARTESIAN_POINT('',(8.8594951543673,294.540504845661,-216.009495154285));
#7046=CARTESIAN_POINT('',(9.2,302.32403876509,-216.349999999918));
#7047=CARTESIAN_POINT('',(9.2,300.493029073824,-216.349999999918));
#7048=CARTESIAN_POINT('',(9.70516828187757,301.818870483212,-216.855168281795));
#7049=CARTESIAN_POINT('Origin',(10.,302.72403876509,-216.349999999918));
#7050=CARTESIAN_POINT('',(-19.6,294.200000000028,-216.349999999918));
#7051=CARTESIAN_POINT('',(10.,294.200000000028,-216.349999999918));
#7052=CARTESIAN_POINT('',(-19.6,302.32403876509,-216.349999999918));
#7053=CARTESIAN_POINT('',(-19.6,300.276638552501,-216.349999999918));
#7054=CARTESIAN_POINT('',(10.,302.32403876509,-216.349999999918));
#7055=CARTESIAN_POINT('Origin',(-19.6,293.800000000028,-215.949999999918));
#7056=CARTESIAN_POINT('',(-20.,294.200000000028,-215.949999999918));
#7057=CARTESIAN_POINT('',(-19.6,294.200000000028,-216.349999999918));
#7058=CARTESIAN_POINT('',(-19.6,293.800000000028,-215.949999999918));
#7059=CARTESIAN_POINT('',(-19.6,293.800000000028,-215.949999999918));
#7060=CARTESIAN_POINT('',(-20.,294.200000000028,-215.949999999918));
#7061=CARTESIAN_POINT('Origin',(10.,294.000000000028,-216.149999999918));
#7062=CARTESIAN_POINT('',(9.6,293.800000000028,-215.949999999918));
#7063=CARTESIAN_POINT('',(9.22500000000003,294.175000000028,-216.324999999918));
#7064=CARTESIAN_POINT('',(10.,293.800000000028,-215.949999999918));
#7065=CARTESIAN_POINT('Origin',(-19.8,294.000000000028,-214.024999999918));
#7066=CARTESIAN_POINT('',(-19.6,293.800000000028,-211.958846517991));
#7067=CARTESIAN_POINT('',(-20.,294.200000000028,-211.92385105258));
#7068=CARTESIAN_POINT('',(-19.7590638764015,293.95906387643,-211.944930232029));
#7069=CARTESIAN_POINT('',(-20.,294.200000000028,-214.024999999918));
#7070=CARTESIAN_POINT('',(-19.6,293.800000000028,-214.024999999918));
#7071=CARTESIAN_POINT('Origin',(-19.6,302.32403876509,-216.349999999918));
#7072=CARTESIAN_POINT('',(-19.6,302.72403876509,-215.949999999918));
#7073=CARTESIAN_POINT('',(-20.,302.32403876509,-215.949999999918));
#7074=CARTESIAN_POINT('',(-19.6,302.72403876509,-215.949999999918));
#7075=CARTESIAN_POINT('',(-19.6,302.32403876509,-216.349999999918));
#7076=CARTESIAN_POINT('',(-20.,302.32403876509,-215.949999999918));
#7077=CARTESIAN_POINT('Origin',(10.,302.52403876509,-216.149999999918));
#7078=CARTESIAN_POINT('',(10.4,302.72403876509,-215.949999999918));
#7079=CARTESIAN_POINT('',(7.34166666666668,299.665705431756,-219.008333333251));
#7080=CARTESIAN_POINT('',(10.,302.72403876509,-215.949999999918));
#7081=CARTESIAN_POINT('Origin',(-19.8,300.276638552501,-216.149999999918));
#7082=CARTESIAN_POINT('',(-20.,300.276638552501,-215.949999999918));
#7083=CARTESIAN_POINT('Origin',(-20.,302.32403876509,-209.366805863367));
#7084=CARTESIAN_POINT('',(-19.6,302.72403876509,-209.449999999918));
#7085=CARTESIAN_POINT('',(-19.6,302.334671897756,-208.958384266428));
#7086=CARTESIAN_POINT('',(-19.6,302.72403876509,-209.449999999918));
#7087=CARTESIAN_POINT('',(-20.,302.32403876509,-209.366805863367));
#7088=CARTESIAN_POINT('',(-20.,302.32403876509,-209.366805863367));
#7089=CARTESIAN_POINT('',(-19.6,302.334671897756,-208.958384266428));
#7090=CARTESIAN_POINT('Origin',(-19.8,302.52403876509,-228.524999999918));
#7091=CARTESIAN_POINT('',(-20.,302.32403876509,-228.524999999918));
#7092=CARTESIAN_POINT('',(-19.6,302.72403876509,-228.524999999918));
#7093=CARTESIAN_POINT('Origin',(-19.8,298.529628729695,-208.268541746844));
#7094=CARTESIAN_POINT('',(-20.,294.697308204511,-207.572281025583));
#7095=CARTESIAN_POINT('',(-19.6,294.788923938001,-207.18291415825));
#7096=CARTESIAN_POINT('',(-20.,294.697308204511,-207.572281025583));
#7097=CARTESIAN_POINT('',(-19.6,298.57543659644,-208.073858313177));
#7098=CARTESIAN_POINT('',(-20.,298.48382086295,-208.46322518051));
#7099=CARTESIAN_POINT('Origin',(-19.8,293.643727269373,-212.049999999918));
#7100=CARTESIAN_POINT('',(-20.,293.643727269373,-207.449999999918));
#7101=CARTESIAN_POINT('',(-19.6,293.643727269373,-207.049999999918));
#7102=CARTESIAN_POINT('',(-20.,293.643727269373,-207.449999999918));
#7103=CARTESIAN_POINT('Origin',(-19.6,293.643727269373,-212.049999999918));
#7104=CARTESIAN_POINT('Origin',(-20.,293.643727269373,-212.049999999918));
#7105=CARTESIAN_POINT('Origin',(-19.8,300.276638552501,-207.249999999918));
#7106=CARTESIAN_POINT('',(-20.,293.411139351773,-207.449999999918));
#7107=CARTESIAN_POINT('',(-19.6,292.934437914735,-207.049999999918));
#7108=CARTESIAN_POINT('',(-21.9032489238733,295.6793430944,-209.353248923791));
#7109=CARTESIAN_POINT('',(-19.6,300.276638552501,-207.049999999918));
#7110=CARTESIAN_POINT('',(-20.,300.276638552501,-207.449999999918));
#7111=CARTESIAN_POINT('Origin',(15.,302.32403876509,-209.366805863367));
#7112=CARTESIAN_POINT('',(14.6,302.334671897756,-208.958384266428));
#7113=CARTESIAN_POINT('',(14.6,302.72403876509,-209.449999999918));
#7114=CARTESIAN_POINT('',(14.6,302.334671897756,-208.958384266428));
#7115=CARTESIAN_POINT('',(15.,302.32403876509,-209.366805863367));
#7116=CARTESIAN_POINT('',(15.,302.32403876509,-209.366805863367));
#7117=CARTESIAN_POINT('',(14.6,302.72403876509,-209.449999999918));
#7118=CARTESIAN_POINT('Origin',(14.8,299.754667617113,-208.556786190942));
#7119=CARTESIAN_POINT('',(14.6,294.788923938001,-207.18291415825));
#7120=CARTESIAN_POINT('',(15.,294.697308204511,-207.572281025583));
#7121=CARTESIAN_POINT('',(14.6,294.788923938001,-207.18291415825));
#7122=CARTESIAN_POINT('',(15.,299.708859750368,-208.751469624609));
#7123=CARTESIAN_POINT('',(14.6,299.800475483858,-208.362102757275));
#7124=CARTESIAN_POINT('Origin',(14.8,293.643727269373,-212.049999999918));
#7125=CARTESIAN_POINT('',(14.6,293.643727269373,-207.049999999918));
#7126=CARTESIAN_POINT('Origin',(14.6,293.643727269373,-212.049999999918));
#7127=CARTESIAN_POINT('',(15.,293.643727269373,-207.449999999918));
#7128=CARTESIAN_POINT('',(14.6,293.643727269373,-207.049999999918));
#7129=CARTESIAN_POINT('Origin',(15.,293.643727269373,-212.049999999918));
#7130=CARTESIAN_POINT('Origin',(14.8,300.493029073824,-207.249999999918));
#7131=CARTESIAN_POINT('',(14.6,292.800000000028,-207.049999999918));
#7132=CARTESIAN_POINT('',(15.,293.200000000028,-207.449999999918));
#7133=CARTESIAN_POINT('',(17.1655048456327,295.365504845661,-209.615504845551));
#7134=CARTESIAN_POINT('',(15.,300.493029073824,-207.449999999918));
#7135=CARTESIAN_POINT('',(14.6,300.493029073824,-207.049999999918));
#7136=CARTESIAN_POINT('Origin',(14.8,302.52403876509,-233.099999999918));
#7137=CARTESIAN_POINT('',(15.,302.32403876509,-242.184314574969));
#7138=CARTESIAN_POINT('',(14.6,302.72403876509,-242.349999999918));
#7139=CARTESIAN_POINT('',(15.1930403757005,302.130998389389,-242.104354633268));
#7140=CARTESIAN_POINT('',(14.6,302.72403876509,-233.099999999918));
#7141=CARTESIAN_POINT('',(15.,302.32403876509,-233.099999999918));
#7142=CARTESIAN_POINT('Origin',(10.,302.529355331423,-209.204192133173));
#7143=CARTESIAN_POINT('',(10.,302.334671897756,-208.958384266428));
#7144=CARTESIAN_POINT('',(10.,302.72403876509,-209.449999999918));
#7145=CARTESIAN_POINT('Origin',(-20.,297.829238339913,-211.699999999918));
#7146=CARTESIAN_POINT('',(-20.,294.232538621558,-212.108386745294));
#7147=CARTESIAN_POINT('Origin',(10.,293.800000000028,-216.349999999918));
#7148=CARTESIAN_POINT('',(9.6,293.800000000028,-211.958846517991));
#7149=CARTESIAN_POINT('',(9.6,293.800000000028,-218.599999999918));
#7150=CARTESIAN_POINT('',(-17.4,293.800000000028,-211.958846517991));
#7151=CARTESIAN_POINT('',(10.,293.800000000028,-211.958846517991));
#7152=CARTESIAN_POINT('',(-17.,293.800000000028,-211.958846517991));
#7153=CARTESIAN_POINT('Origin',(10.,302.72403876509,-245.349999999918));
#7154=CARTESIAN_POINT('',(10.4,302.72403876509,-232.449999999919));
#7155=CARTESIAN_POINT('',(10.4,302.72403876509,-233.099999999918));
#7156=CARTESIAN_POINT('',(10.4,302.72403876509,-242.349999999918));
#7157=CARTESIAN_POINT('',(10.,302.72403876509,-242.349999999918));
#7158=CARTESIAN_POINT('',(10.4,302.72403876509,-238.249999999919));
#7159=CARTESIAN_POINT('',(10.4,302.72403876509,-233.099999999918));
#7160=CARTESIAN_POINT('',(8.,302.72403876509,-238.249999999919));
#7161=CARTESIAN_POINT('',(10.,302.72403876509,-238.249999999919));
#7162=CARTESIAN_POINT('',(8.,302.72403876509,-232.449999999919));
#7163=CARTESIAN_POINT('',(8.,302.72403876509,-238.249999999919));
#7164=CARTESIAN_POINT('',(8.,302.72403876509,-232.449999999919));
#7165=CARTESIAN_POINT('Origin',(-17.2,294.035577070955,-212.143116380827));
#7166=CARTESIAN_POINT('',(-17.4,292.934437914735,-207.049999999918));
#7167=CARTESIAN_POINT('',(-17.4,293.838615520353,-212.17784601636));
#7168=CARTESIAN_POINT('',(-17.,294.193923101233,-211.889387246924));
#7169=CARTESIAN_POINT('',(-10.4499999999998,300.644413883463,-210.751991683206));
#7170=CARTESIAN_POINT('',(-17.,293.411139351773,-207.449999999918));
#7171=CARTESIAN_POINT('',(-17.,294.232538621558,-212.108386745294));
#7172=CARTESIAN_POINT('',(-17.,293.411139351773,-207.449999999918));
#7173=CARTESIAN_POINT('Origin',(-17.2,298.529628729695,-208.268541746844));
#7174=CARTESIAN_POINT('',(-17.,298.25110565141,-208.408468660148));
#7175=CARTESIAN_POINT('',(-17.4,298.17551248729,-207.979758522789));
#7176=CARTESIAN_POINT('',(-10.209471583462,299.534399474036,-215.686389585638));
#7177=CARTESIAN_POINT('',(-17.4,294.788923938001,-207.18291415825));
#7178=CARTESIAN_POINT('',(-17.4,298.57543659644,-208.073858313177));
#7179=CARTESIAN_POINT('',(-17.,294.697308204511,-207.572281025583));
#7180=CARTESIAN_POINT('',(-17.4,294.788923938001,-207.18291415825));
#7181=CARTESIAN_POINT('',(-17.,298.48382086295,-208.46322518051));
#7182=CARTESIAN_POINT('Origin',(-17.2,293.643727269373,-212.049999999918));
#7183=CARTESIAN_POINT('',(-17.4,293.643727269373,-207.049999999918));
#7184=CARTESIAN_POINT('Origin',(-17.4,293.643727269373,-212.049999999918));
#7185=CARTESIAN_POINT('',(-17.,293.643727269373,-207.449999999918));
#7186=CARTESIAN_POINT('',(-17.4,293.643727269373,-207.049999999918));
#7187=CARTESIAN_POINT('Origin',(-17.,293.643727269373,-212.049999999918));
#7188=CARTESIAN_POINT('Origin',(-17.2,300.276638552501,-207.249999999918));
#7189=CARTESIAN_POINT('',(-17.,300.276638552501,-207.449999999918));
#7190=CARTESIAN_POINT('',(-17.4,300.276638552501,-207.049999999918));
#7191=CARTESIAN_POINT('Origin',(-17.,293.800000000028,-211.958846517991));
#7192=CARTESIAN_POINT('',(-17.,292.934437914735,-207.049999999918));
#7193=CARTESIAN_POINT('',(-19.6,293.838615520353,-212.17784601636));
#7194=CARTESIAN_POINT('Origin',(10.,302.72403876509,-207.049999999918));
#7195=CARTESIAN_POINT('',(10.,293.643727269373,-207.049999999918));
#7196=CARTESIAN_POINT('Origin',(10.,293.643727269373,-212.049999999918));
#7197=CARTESIAN_POINT('',(10.,294.788923938001,-207.18291415825));
#7198=CARTESIAN_POINT('Origin',(10.,298.47403876509,-208.049999999918));
#7199=CARTESIAN_POINT('',(10.4,298.17551248729,-207.979758522789));
#7200=CARTESIAN_POINT('',(10.,298.17551248729,-207.979758522789));
#7201=CARTESIAN_POINT('',(10.4,294.788923938001,-207.18291415825));
#7202=CARTESIAN_POINT('',(10.4,299.800475483858,-208.362102757275));
#7203=CARTESIAN_POINT('',(10.,294.788923938001,-207.18291415825));
#7204=CARTESIAN_POINT('Origin',(10.2,299.754667617113,-208.556786190942));
#7205=CARTESIAN_POINT('',(10.,298.25110565141,-208.408468660148));
#7206=CARTESIAN_POINT('',(9.26590590456004,298.389836889999,-209.195252611375));
#7207=CARTESIAN_POINT('',(10.,294.697308204511,-207.572281025583));
#7208=CARTESIAN_POINT('',(10.,299.708859750368,-208.751469624609));
#7209=CARTESIAN_POINT('',(10.,294.697308204511,-207.572281025583));
#7210=CARTESIAN_POINT('Origin',(10.2,293.643727269373,-212.049999999918));
#7211=CARTESIAN_POINT('',(10.,293.643727269373,-207.449999999918));
#7212=CARTESIAN_POINT('',(10.4,293.643727269373,-207.049999999918));
#7213=CARTESIAN_POINT('',(10.,293.643727269373,-207.449999999918));
#7214=CARTESIAN_POINT('Origin',(10.4,293.643727269373,-212.049999999918));
#7215=CARTESIAN_POINT('Origin',(10.,293.643727269373,-212.049999999918));
#7216=CARTESIAN_POINT('Origin',(10.2,300.493029073824,-207.249999999918));
#7217=CARTESIAN_POINT('',(10.4,292.800000000028,-207.049999999918));
#7218=CARTESIAN_POINT('',(10.4,300.493029073824,-207.049999999918));
#7219=CARTESIAN_POINT('',(10.,293.200000000028,-207.449999999918));
#7220=CARTESIAN_POINT('',(10.,300.493029073824,-207.449999999918));
#7221=CARTESIAN_POINT('',(10.,293.200000000028,-207.449999999918));
#7222=CARTESIAN_POINT('Origin',(10.2,293.000000000028,-213.949999999918));
#7223=CARTESIAN_POINT('',(10.,293.200000000028,-224.349999999918));
#7224=CARTESIAN_POINT('',(10.,293.200000000028,-213.949999999918));
#7225=CARTESIAN_POINT('',(10.4,292.800000000028,-224.349999999918));
#7226=CARTESIAN_POINT('',(10.,293.200000000028,-224.349999999918));
#7227=CARTESIAN_POINT('',(10.4,292.800000000028,-213.949999999918));
#7228=CARTESIAN_POINT('Origin',(10.2,291.800000000028,-224.349999999918));
#7229=CARTESIAN_POINT('',(10.,291.800000000028,-225.749999999918));
#7230=CARTESIAN_POINT('',(10.4,291.800000000028,-225.349999999918));
#7231=CARTESIAN_POINT('',(10.,291.800000000028,-225.749999999918));
#7232=CARTESIAN_POINT('Origin',(10.4,291.800000000028,-224.349999999918));
#7233=CARTESIAN_POINT('Origin',(10.,291.800000000028,-224.349999999918));
#7234=CARTESIAN_POINT('Origin',(10.2,295.531009691294,-225.549999999918));
#7235=CARTESIAN_POINT('',(10.,275.214213562401,-225.749999999918));
#7236=CARTESIAN_POINT('',(10.,295.531009691294,-225.749999999918));
#7237=CARTESIAN_POINT('',(10.4,275.214213562401,-225.349999999918));
#7238=CARTESIAN_POINT('',(10.,275.214213562401,-225.749999999918));
#7239=CARTESIAN_POINT('',(10.4,295.531009691294,-225.349999999918));
#7240=CARTESIAN_POINT('Origin',(10.2,275.214213562401,-226.349999999918));
#7241=CARTESIAN_POINT('',(10.,274.78994949369,-225.925735931206));
#7242=CARTESIAN_POINT('',(10.4,274.507106781215,-225.642893218731));
#7243=CARTESIAN_POINT('',(10.,274.78994949369,-225.925735931206));
#7244=CARTESIAN_POINT('Origin',(10.4,275.214213562401,-226.349999999918));
#7245=CARTESIAN_POINT('Origin',(10.,275.214213562401,-226.349999999918));
#7246=CARTESIAN_POINT('Origin',(10.2,281.181926201898,-219.250916510523));
#7247=CARTESIAN_POINT('',(10.,272.375735931317,-228.339949493579));
#7248=CARTESIAN_POINT('',(10.4,272.092893218842,-228.057106781104));
#7249=CARTESIAN_POINT('',(10.,272.375735931317,-228.339949493579));
#7250=CARTESIAN_POINT('',(10.4,281.040504845661,-219.109495154285));
#7251=CARTESIAN_POINT('',(10.,281.323347558136,-219.39233786676));
#7252=CARTESIAN_POINT('Origin',(10.2,272.800000000028,-228.764213562291));
#7253=CARTESIAN_POINT('',(10.,272.200000000028,-228.764213562291));
#7254=CARTESIAN_POINT('',(10.4,271.800000000028,-228.764213562291));
#7255=CARTESIAN_POINT('',(10.,272.200000000028,-228.764213562291));
#7256=CARTESIAN_POINT('Origin',(10.4,272.800000000028,-228.764213562291));
#7257=CARTESIAN_POINT('Origin',(10.,272.800000000028,-228.764213562291));
#7258=CARTESIAN_POINT('Origin',(10.2,272.000000000028,-223.099999999918));
#7259=CARTESIAN_POINT('',(10.,272.200000000028,-232.449999999919));
#7260=CARTESIAN_POINT('',(10.4,271.800000000028,-232.449999999919));
#7261=CARTESIAN_POINT('',(2.4689903087347,279.731009691294,-232.449999999919));
#7262=CARTESIAN_POINT('',(10.4,271.800000000028,-223.099999999918));
#7263=CARTESIAN_POINT('',(10.,272.200000000028,-223.099999999918));
#7264=CARTESIAN_POINT('Origin',(10.,293.643727269373,-212.049999999918));
#7265=CARTESIAN_POINT('',(10.,293.643727269373,-207.049999999918));
#7266=CARTESIAN_POINT('Origin',(10.,302.72403876509,-207.049999999918));
#7267=CARTESIAN_POINT('',(10.,292.800000000028,-207.049999999918));
#7268=CARTESIAN_POINT('Origin',(10.,292.800000000028,-207.049999999918));
#7269=CARTESIAN_POINT('',(14.6,292.800000000028,-224.349999999918));
#7270=CARTESIAN_POINT('',(10.,292.800000000028,-224.349999999918));
#7271=CARTESIAN_POINT('',(14.6,292.800000000028,-213.949999999918));
#7272=CARTESIAN_POINT('Origin',(10.,291.800000000028,-224.349999999918));
#7273=CARTESIAN_POINT('',(14.6,291.800000000028,-225.349999999918));
#7274=CARTESIAN_POINT('',(10.,291.800000000028,-225.349999999918));
#7275=CARTESIAN_POINT('Origin',(14.6,291.800000000028,-224.349999999918));
#7276=CARTESIAN_POINT('Origin',(10.,292.800000000028,-225.349999999918));
#7277=CARTESIAN_POINT('',(14.6,275.214213562401,-225.349999999918));
#7278=CARTESIAN_POINT('',(10.,275.214213562401,-225.349999999918));
#7279=CARTESIAN_POINT('',(14.6,295.531009691294,-225.349999999918));
#7280=CARTESIAN_POINT('Origin',(10.,275.214213562401,-226.349999999918));
#7281=CARTESIAN_POINT('',(14.6,274.507106781215,-225.642893218731));
#7282=CARTESIAN_POINT('',(10.,274.507106781215,-225.642893218731));
#7283=CARTESIAN_POINT('Origin',(14.6,275.214213562401,-226.349999999918));
#7284=CARTESIAN_POINT('Origin',(10.,273.300000000028,-226.849999999918));
#7285=CARTESIAN_POINT('',(14.6,272.092893218842,-228.057106781104));
#7286=CARTESIAN_POINT('',(10.,272.092893218842,-228.057106781104));
#7287=CARTESIAN_POINT('',(14.6,281.040504845661,-219.109495154285));
#7288=CARTESIAN_POINT('Origin',(10.,272.800000000028,-228.764213562291));
#7289=CARTESIAN_POINT('',(14.6,271.800000000028,-228.764213562291));
#7290=CARTESIAN_POINT('',(10.,271.800000000028,-228.764213562291));
#7291=CARTESIAN_POINT('Origin',(14.6,272.800000000028,-228.764213562291));
#7292=CARTESIAN_POINT('Origin',(10.,271.800000000028,-225.349999999918));
#7293=CARTESIAN_POINT('',(8.,271.800000000028,-232.449999999919));
#7294=CARTESIAN_POINT('',(9.5,271.800000000028,-232.449999999919));
#7295=CARTESIAN_POINT('',(8.,271.800000000028,-238.249999999919));
#7296=CARTESIAN_POINT('',(8.,271.800000000028,-233.899999999919));
#7297=CARTESIAN_POINT('',(10.4,271.800000000028,-238.249999999919));
#7298=CARTESIAN_POINT('',(8.5,271.800000000028,-238.249999999919));
#7299=CARTESIAN_POINT('',(10.4,271.800000000028,-241.935786437545));
#7300=CARTESIAN_POINT('',(10.4,271.800000000028,-223.099999999918));
#7301=CARTESIAN_POINT('',(14.6,271.800000000028,-241.935786437545));
#7302=CARTESIAN_POINT('',(10.,271.800000000028,-241.935786437545));
#7303=CARTESIAN_POINT('',(14.6,271.800000000028,-223.099999999918));
#7304=CARTESIAN_POINT('Origin',(10.2,306.09211256322,-238.699083489313));
#7305=CARTESIAN_POINT('',(10.4,300.016931983903,-245.057106781104));
#7306=CARTESIAN_POINT('',(10.4,306.233533919457,-238.84050484555));
#7307=CARTESIAN_POINT('',(10.,299.734089271429,-244.77426406863));
#7308=CARTESIAN_POINT('',(10.4,300.016931983903,-245.057106781104));
#7309=CARTESIAN_POINT('',(10.,302.32403876509,-242.184314574969));
#7310=CARTESIAN_POINT('',(10.,305.950691206982,-238.557662133076));
#7311=CARTESIAN_POINT('',(10.,302.32403876509,-242.184314574969));
#7312=CARTESIAN_POINT('Origin',(10.2,302.52403876509,-233.099999999918));
#7313=CARTESIAN_POINT('',(10.,302.32403876509,-238.249999999919));
#7314=CARTESIAN_POINT('',(10.,302.32403876509,-233.099999999918));
#7315=CARTESIAN_POINT('',(9.69999999999997,302.02403876509,-238.249999999919));
#7316=CARTESIAN_POINT('Origin',(10.2,299.309825202717,-244.349999999918));
#7317=CARTESIAN_POINT('',(10.4,299.309825202717,-245.349999999918));
#7318=CARTESIAN_POINT('Origin',(10.4,299.309825202717,-244.349999999918));
#7319=CARTESIAN_POINT('',(10.,299.309825202717,-244.949999999918));
#7320=CARTESIAN_POINT('',(10.4,299.309825202717,-245.349999999918));
#7321=CARTESIAN_POINT('Origin',(10.,299.309825202717,-244.349999999918));
#7322=CARTESIAN_POINT('Origin',(10.2,285.031009691294,-245.149999999918));
#7323=CARTESIAN_POINT('',(10.4,275.214213562401,-245.349999999918));
#7324=CARTESIAN_POINT('',(10.4,285.031009691294,-245.349999999918));
#7325=CARTESIAN_POINT('',(10.,275.214213562401,-244.949999999918));
#7326=CARTESIAN_POINT('',(10.4,275.214213562401,-245.349999999918));
#7327=CARTESIAN_POINT('',(10.,285.031009691294,-244.949999999918));
#7328=CARTESIAN_POINT('Origin',(10.2,275.214213562401,-244.349999999918));
#7329=CARTESIAN_POINT('',(10.4,274.507106781215,-245.057106781104));
#7330=CARTESIAN_POINT('Origin',(10.4,275.214213562401,-244.349999999918));
#7331=CARTESIAN_POINT('',(10.,274.78994949369,-244.77426406863));
#7332=CARTESIAN_POINT('',(10.4,274.507106781215,-245.057106781104));
#7333=CARTESIAN_POINT('Origin',(10.,275.214213562401,-244.349999999918));
#7334=CARTESIAN_POINT('Origin',(10.2,273.931926201898,-244.199083489313));
#7335=CARTESIAN_POINT('',(10.4,272.092893218842,-242.642893218731));
#7336=CARTESIAN_POINT('',(10.4,273.790504845661,-244.34050484555));
#7337=CARTESIAN_POINT('',(10.,272.375735931317,-242.360050506257));
#7338=CARTESIAN_POINT('',(10.4,272.092893218842,-242.642893218731));
#7339=CARTESIAN_POINT('',(10.,274.073347558136,-244.057662133076));
#7340=CARTESIAN_POINT('Origin',(10.2,272.800000000028,-241.935786437545));
#7341=CARTESIAN_POINT('Origin',(10.4,272.800000000028,-241.935786437545));
#7342=CARTESIAN_POINT('',(10.,272.200000000028,-241.935786437545));
#7343=CARTESIAN_POINT('',(10.4,271.800000000028,-241.935786437545));
#7344=CARTESIAN_POINT('Origin',(10.,272.800000000028,-241.935786437545));
#7345=CARTESIAN_POINT('Origin',(10.2,272.000000000028,-223.099999999918));
#7346=CARTESIAN_POINT('',(10.,272.200000000028,-238.249999999919));
#7347=CARTESIAN_POINT('',(1.96899030873469,280.231009691294,-238.249999999919));
#7348=CARTESIAN_POINT('',(10.,272.200000000028,-223.099999999918));
#7349=CARTESIAN_POINT('Origin',(10.,272.800000000028,-241.935786437545));
#7350=CARTESIAN_POINT('',(14.6,272.092893218842,-242.642893218731));
#7351=CARTESIAN_POINT('',(10.,272.092893218842,-242.642893218731));
#7352=CARTESIAN_POINT('Origin',(14.6,272.800000000028,-241.935786437545));
#7353=CARTESIAN_POINT('Origin',(10.,273.300000000028,-243.849999999918));
#7354=CARTESIAN_POINT('',(14.6,274.507106781215,-245.057106781104));
#7355=CARTESIAN_POINT('',(10.,274.507106781215,-245.057106781104));
#7356=CARTESIAN_POINT('',(14.6,273.790504845661,-244.34050484555));
#7357=CARTESIAN_POINT('Origin',(10.,275.214213562401,-244.349999999918));
#7358=CARTESIAN_POINT('',(14.6,275.214213562401,-245.349999999918));
#7359=CARTESIAN_POINT('',(10.,275.214213562401,-245.349999999918));
#7360=CARTESIAN_POINT('Origin',(14.6,275.214213562401,-244.349999999918));
#7361=CARTESIAN_POINT('Origin',(10.,271.800000000028,-245.349999999918));
#7362=CARTESIAN_POINT('',(14.6,299.309825202717,-245.349999999918));
#7363=CARTESIAN_POINT('',(10.,299.309825202717,-245.349999999918));
#7364=CARTESIAN_POINT('',(14.6,285.031009691294,-245.349999999918));
#7365=CARTESIAN_POINT('Origin',(10.,299.309825202717,-244.349999999918));
#7366=CARTESIAN_POINT('',(14.6,300.016931983903,-245.057106781104));
#7367=CARTESIAN_POINT('',(10.,300.016931983903,-245.057106781104));
#7368=CARTESIAN_POINT('Origin',(14.6,299.309825202717,-244.349999999918));
#7369=CARTESIAN_POINT('Origin',(10.,301.22403876509,-243.849999999918));
#7370=CARTESIAN_POINT('',(14.6,306.233533919457,-238.84050484555));
#7371=CARTESIAN_POINT('Origin',(-19.8,294.035577070955,-212.143116380827));
#7372=CARTESIAN_POINT('Origin',(9.8,293.600000000028,-218.599999999918));
#7373=CARTESIAN_POINT('',(10.,293.400000000028,-212.029377310274));
#7374=CARTESIAN_POINT('',(10.085210742355,293.314789257673,-212.044402263198));
#7375=CARTESIAN_POINT('',(10.,293.400000000028,-218.599999999918));
#7376=CARTESIAN_POINT('Origin',(10.2,302.52403876509,-233.099999999918));
#7377=CARTESIAN_POINT('',(10.,302.32403876509,-232.449999999919));
#7378=CARTESIAN_POINT('',(10.2,302.52403876509,-232.449999999919));
#7379=CARTESIAN_POINT('',(10.,302.32403876509,-233.099999999918));
#7380=CARTESIAN_POINT('Origin',(14.8,293.000000000028,-213.949999999918));
#7381=CARTESIAN_POINT('',(15.,293.200000000028,-224.349999999918));
#7382=CARTESIAN_POINT('',(14.6,292.800000000028,-224.349999999918));
#7383=CARTESIAN_POINT('',(15.,293.200000000028,-213.949999999918));
#7384=CARTESIAN_POINT('Origin',(14.8,291.800000000028,-224.349999999918));
#7385=CARTESIAN_POINT('',(15.,291.800000000028,-225.749999999918));
#7386=CARTESIAN_POINT('',(14.6,291.800000000028,-225.349999999918));
#7387=CARTESIAN_POINT('Origin',(15.,291.800000000028,-224.349999999918));
#7388=CARTESIAN_POINT('Origin',(14.8,295.531009691294,-225.549999999918));
#7389=CARTESIAN_POINT('',(15.,275.214213562401,-225.749999999918));
#7390=CARTESIAN_POINT('',(14.6,275.214213562401,-225.349999999918));
#7391=CARTESIAN_POINT('',(15.,295.531009691294,-225.749999999918));
#7392=CARTESIAN_POINT('Origin',(14.8,275.214213562401,-226.349999999918));
#7393=CARTESIAN_POINT('',(15.,274.78994949369,-225.925735931206));
#7394=CARTESIAN_POINT('',(14.6,274.507106781215,-225.642893218731));
#7395=CARTESIAN_POINT('Origin',(15.,275.214213562401,-226.349999999918));
#7396=CARTESIAN_POINT('Origin',(14.8,281.181926201898,-219.250916510523));
#7397=CARTESIAN_POINT('',(15.,272.375735931317,-228.339949493579));
#7398=CARTESIAN_POINT('',(14.6,272.092893218842,-228.057106781104));
#7399=CARTESIAN_POINT('',(15.,281.323347558136,-219.39233786676));
#7400=CARTESIAN_POINT('Origin',(14.8,272.800000000028,-228.764213562291));
#7401=CARTESIAN_POINT('',(15.,272.200000000028,-228.764213562291));
#7402=CARTESIAN_POINT('',(14.6,271.800000000028,-228.764213562291));
#7403=CARTESIAN_POINT('Origin',(15.,272.800000000028,-228.764213562291));
#7404=CARTESIAN_POINT('Origin',(14.8,272.000000000028,-223.099999999918));
#7405=CARTESIAN_POINT('',(15.,272.200000000028,-241.935786437545));
#7406=CARTESIAN_POINT('',(14.6,271.800000000028,-241.935786437545));
#7407=CARTESIAN_POINT('',(15.,272.200000000028,-223.099999999918));
#7408=CARTESIAN_POINT('Origin',(14.8,272.800000000028,-241.935786437545));
#7409=CARTESIAN_POINT('',(15.,272.375735931317,-242.360050506257));
#7410=CARTESIAN_POINT('',(14.6,272.092893218842,-242.642893218731));
#7411=CARTESIAN_POINT('Origin',(15.,272.800000000028,-241.935786437545));
#7412=CARTESIAN_POINT('Origin',(14.8,273.931926201898,-244.199083489313));
#7413=CARTESIAN_POINT('',(15.,274.78994949369,-244.77426406863));
#7414=CARTESIAN_POINT('',(14.6,274.507106781215,-245.057106781104));
#7415=CARTESIAN_POINT('',(15.,274.073347558136,-244.057662133076));
#7416=CARTESIAN_POINT('Origin',(14.8,275.214213562401,-244.349999999918));
#7417=CARTESIAN_POINT('',(15.,275.214213562401,-244.949999999918));
#7418=CARTESIAN_POINT('',(14.6,275.214213562401,-245.349999999918));
#7419=CARTESIAN_POINT('Origin',(15.,275.214213562401,-244.349999999918));
#7420=CARTESIAN_POINT('Origin',(14.8,285.031009691294,-245.149999999918));
#7421=CARTESIAN_POINT('',(15.,299.309825202717,-244.949999999918));
#7422=CARTESIAN_POINT('',(14.6,299.309825202717,-245.349999999918));
#7423=CARTESIAN_POINT('',(15.,285.031009691294,-244.949999999918));
#7424=CARTESIAN_POINT('Origin',(14.8,299.309825202717,-244.349999999918));
#7425=CARTESIAN_POINT('',(15.,299.734089271429,-244.77426406863));
#7426=CARTESIAN_POINT('',(14.6,300.016931983903,-245.057106781104));
#7427=CARTESIAN_POINT('Origin',(15.,299.309825202717,-244.349999999918));
#7428=CARTESIAN_POINT('Origin',(14.8,306.09211256322,-238.699083489313));
#7429=CARTESIAN_POINT('',(15.,305.950691206982,-238.557662133076));
#7430=CARTESIAN_POINT('Origin',(15.,298.262019382559,-220.849999999918));
#7431=CARTESIAN_POINT('',(15.,293.841685823719,-233.279411764988));
#7432=CARTESIAN_POINT('',(15.,293.32403876509,-234.249999999653));
#7433=CARTESIAN_POINT('',(15.,296.676341117807,-227.964433090021));
#7434=CARTESIAN_POINT('',(15.,293.841685823676,-237.420588234767));
#7435=CARTESIAN_POINT('Origin',(15.,297.72403876509,-235.349999999918));
#7436=CARTESIAN_POINT('',(15.,293.32403876509,-236.449999999653));
#7437=CARTESIAN_POINT('',(15.,290.890873989366,-231.887816043927));
#7438=CARTESIAN_POINT('',(15.,293.32403876509,-228.599999999798));
#7439=CARTESIAN_POINT('',(15.,278.400000000028,-228.216666666585));
#7440=CARTESIAN_POINT('',(15.,278.400000000028,-230.483333333251));
#7441=CARTESIAN_POINT('',(15.,278.400000000029,-225.599999999918));
#7442=CARTESIAN_POINT('',(15.,279.080000000028,-227.309999999918));
#7443=CARTESIAN_POINT('',(15.,283.783163488883,-221.03911534811));
#7444=CARTESIAN_POINT('',(15.,279.080000000029,-231.389999999918));
#7445=CARTESIAN_POINT('Origin',(15.,281.800000000028,-229.349999999918));
#7446=CARTESIAN_POINT('',(15.,280.003163488884,-232.620884651725));
#7447=CARTESIAN_POINT('',(15.,289.32403876509,-228.216666666585));
#7448=CARTESIAN_POINT('',(15.,289.32403876509,-230.483333333251));
#7449=CARTESIAN_POINT('',(15.,289.32403876509,-225.599999999918));
#7450=CARTESIAN_POINT('',(15.,290.00403876509,-227.309999999918));
#7451=CARTESIAN_POINT('',(15.,292.740875276234,-223.660884651725));
#7452=CARTESIAN_POINT('',(15.,290.00403876509,-231.389999999918));
#7453=CARTESIAN_POINT('Origin',(15.,292.72403876509,-229.349999999918));
#7454=CARTESIAN_POINT('',(15.,288.960875276234,-229.999115348111));
#7455=CARTESIAN_POINT('',(15.,284.32403876509,-240.216666666584));
#7456=CARTESIAN_POINT('',(15.,284.32403876509,-242.483333333251));
#7457=CARTESIAN_POINT('',(15.,284.32403876509,-231.599999999918));
#7458=CARTESIAN_POINT('',(15.,285.00403876509,-239.309999999918));
#7459=CARTESIAN_POINT('',(15.,291.520875276235,-230.620884651726));
#7460=CARTESIAN_POINT('',(15.,285.00403876509,-243.389999999918));
#7461=CARTESIAN_POINT('Origin',(15.,287.72403876509,-241.349999999918));
#7462=CARTESIAN_POINT('',(15.,281.980875276234,-239.35911534811));
#7463=CARTESIAN_POINT('',(15.,272.917647058802,-233.279411764718));
#7464=CARTESIAN_POINT('',(15.,272.400000000028,-234.249999999933));
#7465=CARTESIAN_POINT('',(15.,278.069150935024,-223.620341996645));
#7466=CARTESIAN_POINT('',(15.,272.917647058798,-237.420588235111));
#7467=CARTESIAN_POINT('Origin',(15.,276.800000000028,-235.349999999918));
#7468=CARTESIAN_POINT('',(15.,272.400000000028,-236.449999999933));
#7469=CARTESIAN_POINT('',(15.,272.283683807106,-236.231907138207));
#7470=CARTESIAN_POINT('',(15.,272.400000000028,-228.599999999925));
#7471=CARTESIAN_POINT('Origin',(12.4,295.87403876509,-234.849999999914));
#7472=CARTESIAN_POINT('',(12.5,295.77403876509,-234.235714285623));
#7473=CARTESIAN_POINT('',(12.5,295.77403876509,-236.464285714194));
#7474=CARTESIAN_POINT('',(12.5,295.77403876509,-234.849999999914));
#7475=CARTESIAN_POINT('',(12.3,295.97403876509,-236.34999999991));
#7476=CARTESIAN_POINT('',(12.5,295.77403876509,-236.464285714194));
#7477=CARTESIAN_POINT('',(12.3,295.97403876509,-234.34999999991));
#7478=CARTESIAN_POINT('',(12.3,295.97403876509,-234.849999999914));
#7479=CARTESIAN_POINT('',(12.3,295.97403876509,-234.34999999991));
#7480=CARTESIAN_POINT('Origin',(12.4,292.902098790665,-236.044178913381));
#7481=CARTESIAN_POINT('',(12.3,296.835577226617,-233.842307692232));
#7482=CARTESIAN_POINT('',(12.3,292.952868021434,-236.130332759535));
#7483=CARTESIAN_POINT('',(12.5,296.73403876508,-233.669999999924));
#7484=CARTESIAN_POINT('',(12.3,296.835577226617,-233.842307692232));
#7485=CARTESIAN_POINT('',(12.5,292.851329559896,-235.958025067226));
#7486=CARTESIAN_POINT('Origin',(12.4,297.72403876509,-235.349999999918));
#7487=CARTESIAN_POINT('',(12.3,296.835577226617,-236.857692307604));
#7488=CARTESIAN_POINT('Origin',(12.3,297.72403876509,-235.349999999918));
#7489=CARTESIAN_POINT('',(12.5,296.734038765077,-237.029999999911));
#7490=CARTESIAN_POINT('',(12.3,296.835577226617,-236.857692307604));
#7491=CARTESIAN_POINT('Origin',(12.5,297.72403876509,-235.349999999918));
#7492=CARTESIAN_POINT('Origin',(12.4,292.471329559955,-234.401974932565));
#7493=CARTESIAN_POINT('',(12.5,292.420560329185,-234.488128778718));
#7494=CARTESIAN_POINT('',(12.3,292.522098790724,-234.315821086411));
#7495=CARTESIAN_POINT('Origin',(0.,296.835577226617,-233.842307692232));
#7496=CARTESIAN_POINT('',(8.2,295.97403876509,-234.34999999991));
#7497=CARTESIAN_POINT('',(0.,295.97403876509,-234.34999999991));
#7498=CARTESIAN_POINT('',(8.2,296.835577226617,-233.842307692232));
#7499=CARTESIAN_POINT('',(8.2,299.325423380485,-232.375076923013));
#7500=CARTESIAN_POINT('',(0.,296.835577226617,-233.842307692232));
#7501=CARTESIAN_POINT('Origin',(0.,295.97403876509,-234.34999999991));
#7502=CARTESIAN_POINT('',(8.2,295.97403876509,-236.34999999991));
#7503=CARTESIAN_POINT('',(0.,295.97403876509,-236.34999999991));
#7504=CARTESIAN_POINT('',(8.2,295.97403876509,-233.399999999914));
#7505=CARTESIAN_POINT('Origin',(12.5,287.262019382559,-235.349999999918));
#7506=CARTESIAN_POINT('',(12.5,293.72403876509,-236.349999999677));
#7507=CARTESIAN_POINT('',(12.5,293.72403876509,-234.349999999677));
#7508=CARTESIAN_POINT('',(12.5,293.72403876509,-234.849999999798));
#7509=CARTESIAN_POINT('',(12.5,294.194627000168,-237.23235294069));
#7510=CARTESIAN_POINT('',(12.5,292.800908591631,-234.61913092397));
#7511=CARTESIAN_POINT('',(12.5,294.194627000168,-233.467647059146));
#7512=CARTESIAN_POINT('Origin',(12.5,297.72403876509,-235.349999999918));
#7513=CARTESIAN_POINT('',(12.5,293.0362027084,-235.63969260562));
#7514=CARTESIAN_POINT('Origin',(8.1,295.87403876509,-233.399999999914));
#7515=CARTESIAN_POINT('',(8.,295.77403876509,-236.464285714194));
#7516=CARTESIAN_POINT('',(8.,295.77403876509,-234.235714285623));
#7517=CARTESIAN_POINT('',(8.,295.77403876509,-233.399999999914));
#7518=CARTESIAN_POINT('',(8.,295.77403876509,-234.235714285623));
#7519=CARTESIAN_POINT('',(8.2,295.97403876509,-236.34999999991));
#7520=CARTESIAN_POINT('Origin',(8.1,297.575435214767,-237.4097514792));
#7521=CARTESIAN_POINT('',(8.2,296.835577226617,-236.857692307604));
#7522=CARTESIAN_POINT('',(8.2,297.626204445537,-237.323597633046));
#7523=CARTESIAN_POINT('',(8.,296.734038765078,-237.029999999911));
#7524=CARTESIAN_POINT('',(8.2,296.835577226617,-236.857692307604));
#7525=CARTESIAN_POINT('',(8.,297.524665983998,-237.495905325353));
#7526=CARTESIAN_POINT('Origin',(8.1,297.72403876509,-235.349999999918));
#7527=CARTESIAN_POINT('',(8.,296.734038765078,-233.669999999925));
#7528=CARTESIAN_POINT('',(8.2,296.835577226617,-233.842307692232));
#7529=CARTESIAN_POINT('Origin',(8.,297.72403876509,-235.349999999918));
#7530=CARTESIAN_POINT('Origin',(8.2,297.72403876509,-235.349999999918));
#7531=CARTESIAN_POINT('Origin',(8.1,299.274654149716,-232.288923076858));
#7532=CARTESIAN_POINT('',(8.,299.223884918947,-232.202769230704));
#7533=CARTESIAN_POINT('Origin',(0.,295.97403876509,-236.34999999991));
#7534=CARTESIAN_POINT('',(0.,296.835577226617,-236.857692307604));
#7535=CARTESIAN_POINT('Origin',(8.,302.72403876509,-232.449999999919));
#7536=CARTESIAN_POINT('',(8.,302.72403876509,-232.449999999919));
#7537=CARTESIAN_POINT('',(8.,302.72403876509,-238.249999999919));
#7538=CARTESIAN_POINT('',(8.,274.850000000028,-236.464285714194));
#7539=CARTESIAN_POINT('',(8.,274.850000000028,-234.235714285623));
#7540=CARTESIAN_POINT('',(8.,274.850000000028,-233.399999999914));
#7541=CARTESIAN_POINT('',(8.,275.810000000016,-237.02999999991));
#7542=CARTESIAN_POINT('',(8.,284.366045629191,-242.071955460045));
#7543=CARTESIAN_POINT('',(8.,275.810000000016,-233.669999999925));
#7544=CARTESIAN_POINT('Origin',(8.,276.800000000028,-235.349999999918));
#7545=CARTESIAN_POINT('',(8.,286.065264564278,-227.626719096088));
#7546=CARTESIAN_POINT('Origin',(8.1,274.950000000028,-233.399999999914));
#7547=CARTESIAN_POINT('',(8.2,275.050000000028,-234.349999999909));
#7548=CARTESIAN_POINT('',(8.,274.850000000028,-234.235714285623));
#7549=CARTESIAN_POINT('',(8.2,275.050000000028,-236.349999999909));
#7550=CARTESIAN_POINT('',(8.2,275.050000000028,-233.399999999914));
#7551=CARTESIAN_POINT('',(8.2,275.050000000028,-236.349999999909));
#7552=CARTESIAN_POINT('Origin',(8.1,284.416814859961,-241.985801613892));
#7553=CARTESIAN_POINT('',(8.2,275.911538461556,-236.857692307603));
#7554=CARTESIAN_POINT('',(8.2,284.46758409073,-241.899647767738));
#7555=CARTESIAN_POINT('',(8.2,275.911538461556,-236.857692307603));
#7556=CARTESIAN_POINT('Origin',(8.1,276.800000000028,-235.349999999918));
#7557=CARTESIAN_POINT('',(8.2,275.911538461556,-233.842307692232));
#7558=CARTESIAN_POINT('',(8.2,275.911538461556,-233.842307692232));
#7559=CARTESIAN_POINT('Origin',(8.2,276.800000000028,-235.349999999918));
#7560=CARTESIAN_POINT('Origin',(8.1,286.116033795047,-227.712872942242));
#7561=CARTESIAN_POINT('',(8.2,286.166803025815,-227.799026788396));
#7562=CARTESIAN_POINT('Origin',(0.,275.050000000028,-236.349999999909));
#7563=CARTESIAN_POINT('',(12.3,275.050000000028,-236.349999999909));
#7564=CARTESIAN_POINT('',(0.,275.050000000028,-236.349999999909));
#7565=CARTESIAN_POINT('',(12.3,275.911538461556,-236.857692307603));
#7566=CARTESIAN_POINT('',(12.3,279.36347843592,-238.891871221103));
#7567=CARTESIAN_POINT('',(10.,275.911538461556,-236.857692307603));
#7568=CARTESIAN_POINT('Origin',(0.,275.050000000028,-234.349999999909));
#7569=CARTESIAN_POINT('',(12.3,275.050000000028,-234.349999999909));
#7570=CARTESIAN_POINT('',(0.,275.050000000028,-234.349999999909));
#7571=CARTESIAN_POINT('',(12.3,275.050000000028,-234.849999999914));
#7572=CARTESIAN_POINT('Origin',(12.4,274.950000000028,-234.849999999914));
#7573=CARTESIAN_POINT('',(12.5,274.850000000028,-234.235714285622));
#7574=CARTESIAN_POINT('',(12.5,274.850000000028,-236.464285714194));
#7575=CARTESIAN_POINT('',(12.5,274.850000000028,-234.849999999914));
#7576=CARTESIAN_POINT('',(12.5,274.850000000028,-236.464285714194));
#7577=CARTESIAN_POINT('',(12.3,275.050000000028,-234.349999999909));
#7578=CARTESIAN_POINT('Origin',(12.4,279.743478435994,-231.468128778763));
#7579=CARTESIAN_POINT('',(12.3,275.911538461556,-233.842307692232));
#7580=CARTESIAN_POINT('',(12.3,279.794247666763,-231.554282624917));
#7581=CARTESIAN_POINT('',(12.5,275.810000000019,-233.669999999923));
#7582=CARTESIAN_POINT('',(12.3,275.911538461556,-233.842307692232));
#7583=CARTESIAN_POINT('',(12.5,279.692709205226,-231.381974932608));
#7584=CARTESIAN_POINT('Origin',(12.4,276.800000000028,-235.349999999918));
#7585=CARTESIAN_POINT('Origin',(12.3,276.800000000028,-235.349999999918));
#7586=CARTESIAN_POINT('',(12.5,275.810000000016,-237.02999999991));
#7587=CARTESIAN_POINT('',(12.3,275.911538461556,-236.857692307603));
#7588=CARTESIAN_POINT('Origin',(12.5,276.800000000028,-235.349999999918));
#7589=CARTESIAN_POINT('Origin',(12.4,279.31270920515,-238.978025067256));
#7590=CARTESIAN_POINT('',(12.5,279.26193997438,-239.064178913409));
#7591=CARTESIAN_POINT('Origin',(0.,275.911538461556,-233.842307692232));
#7592=CARTESIAN_POINT('',(0.,275.911538461556,-233.842307692232));
#7593=CARTESIAN_POINT('Origin',(12.5,287.262019382559,-235.349999999918));
#7594=CARTESIAN_POINT('',(12.5,272.800000000028,-236.349999999932));
#7595=CARTESIAN_POINT('',(12.5,272.800000000028,-234.349999999932));
#7596=CARTESIAN_POINT('',(12.5,272.800000000028,-234.849999999925));
#7597=CARTESIAN_POINT('',(12.5,273.270588235274,-237.232352941003));
#7598=CARTESIAN_POINT('',(12.5,274.193718409202,-238.96322201709));
#7599=CARTESIAN_POINT('',(12.5,273.270588235274,-233.467647058833));
#7600=CARTESIAN_POINT('Origin',(12.5,276.800000000028,-235.349999999918));
#7601=CARTESIAN_POINT('',(12.5,274.429012526754,-231.295601512272));
#7602=CARTESIAN_POINT('Origin',(10.,298.262019382559,-220.849999999918));
#7603=CARTESIAN_POINT('',(10.,300.493029073824,-238.249999999919));
#7604=CARTESIAN_POINT('Origin',(0.,297.72403876509,-235.349999999918));
#7605=CARTESIAN_POINT('Origin',(10.,302.72403876509,-232.449999999919));
#7606=CARTESIAN_POINT('',(10.,300.493029073824,-232.449999999919));
#7607=CARTESIAN_POINT('Origin',(8.,302.72403876509,-238.249999999919));
#7608=CARTESIAN_POINT('Origin',(10.,298.262019382559,-220.849999999918));
#7609=CARTESIAN_POINT('',(10.,298.72403876509,-211.090605629656));
#7610=CARTESIAN_POINT('',(10.,299.551550335885,-215.783656956632));
#7611=CARTESIAN_POINT('',(10.,295.203498120498,-211.711371931978));
#7612=CARTESIAN_POINT('Origin',(14.8,296.852811706032,-228.0585507371));
#7613=CARTESIAN_POINT('',(14.6,293.72403876509,-234.349999999677));
#7614=CARTESIAN_POINT('',(14.6,294.194627000168,-233.467647059146));
#7615=CARTESIAN_POINT('',(14.6,297.029282294256,-228.152668384179));
#7616=CARTESIAN_POINT('',(14.6,294.194627000168,-233.467647059146));
#7617=CARTESIAN_POINT('',(15.,293.32403876509,-234.249999999653));
#7618=CARTESIAN_POINT('Origin',(14.8,297.72403876509,-235.349999999918));
#7619=CARTESIAN_POINT('',(14.6,294.194627000168,-237.23235294069));
#7620=CARTESIAN_POINT('',(14.6,294.194627000168,-237.23235294069));
#7621=CARTESIAN_POINT('Origin',(14.6,297.72403876509,-235.349999999918));
#7622=CARTESIAN_POINT('Origin',(14.8,291.067344577611,-231.793698396888));
#7623=CARTESIAN_POINT('',(14.6,293.72403876509,-236.349999999677));
#7624=CARTESIAN_POINT('',(14.6,291.243815165857,-231.699580749849));
#7625=CARTESIAN_POINT('',(14.6,293.72403876509,-236.349999999677));
#7626=CARTESIAN_POINT('Origin',(14.8,293.52403876509,-228.599999999798));
#7627=CARTESIAN_POINT('',(14.6,293.72403876509,-228.599999999798));
#7628=CARTESIAN_POINT('Origin',(15.,297.72403876509,-235.349999999918));
#7629=CARTESIAN_POINT('',(15.,294.194627000168,-233.467647059146));
#7630=CARTESIAN_POINT('',(15.,294.194627000168,-237.23235294069));
#7631=CARTESIAN_POINT('Origin',(15.,293.72403876509,-234.349999999677));
#7632=CARTESIAN_POINT('',(15.,293.72403876509,-234.349999999677));
#7633=CARTESIAN_POINT('Origin',(14.8,278.24562152326,-223.714459643703));
#7634=CARTESIAN_POINT('',(14.6,272.800000000028,-234.349999999932));
#7635=CARTESIAN_POINT('',(14.6,273.270588235274,-233.467647058833));
#7636=CARTESIAN_POINT('',(14.6,278.422092111495,-223.808577290761));
#7637=CARTESIAN_POINT('',(14.6,273.270588235274,-233.467647058833));
#7638=CARTESIAN_POINT('',(15.,272.400000000028,-234.249999999933));
#7639=CARTESIAN_POINT('Origin',(14.8,276.800000000028,-235.349999999918));
#7640=CARTESIAN_POINT('',(14.6,273.270588235274,-237.232352941003));
#7641=CARTESIAN_POINT('',(14.6,273.270588235274,-237.232352941003));
#7642=CARTESIAN_POINT('Origin',(14.6,276.800000000028,-235.349999999918));
#7643=CARTESIAN_POINT('Origin',(14.8,272.460154395341,-236.137789491147));
#7644=CARTESIAN_POINT('',(14.6,272.800000000028,-236.349999999932));
#7645=CARTESIAN_POINT('',(14.6,272.636624983575,-236.043671844087));
#7646=CARTESIAN_POINT('',(14.6,272.800000000028,-236.349999999932));
#7647=CARTESIAN_POINT('Origin',(14.8,272.600000000028,-228.599999999925));
#7648=CARTESIAN_POINT('',(14.6,272.800000000028,-228.599999999925));
#7649=CARTESIAN_POINT('Origin',(15.,276.800000000028,-235.349999999918));
#7650=CARTESIAN_POINT('',(15.,273.270588235274,-233.467647058833));
#7651=CARTESIAN_POINT('',(15.,273.270588235274,-237.232352941003));
#7652=CARTESIAN_POINT('Origin',(15.,272.800000000028,-234.349999999932));
#7653=CARTESIAN_POINT('',(15.,272.800000000028,-234.349999999932));
#7654=CARTESIAN_POINT('Origin',(15.,273.270588235274,-237.232352941003));
#7655=CARTESIAN_POINT('',(15.,272.800000000028,-236.349999999932));
#7656=CARTESIAN_POINT('Origin',(15.,272.800000000028,-236.349999999932));
#7657=CARTESIAN_POINT('Origin',(15.,294.194627000168,-237.23235294069));
#7658=CARTESIAN_POINT('',(15.,293.72403876509,-236.349999999677));
#7659=CARTESIAN_POINT('Origin',(15.,293.72403876509,-236.349999999677));
#7660=CARTESIAN_POINT('Origin',(14.8,284.52403876509,-231.599999999918));
#7661=CARTESIAN_POINT('',(14.6,284.72403876509,-242.349999999918));
#7662=CARTESIAN_POINT('',(15.,284.32403876509,-242.483333333251));
#7663=CARTESIAN_POINT('',(14.6,284.72403876509,-240.349999999918));
#7664=CARTESIAN_POINT('',(14.6,284.72403876509,-231.599999999918));
#7665=CARTESIAN_POINT('',(15.,284.32403876509,-240.216666666584));
#7666=CARTESIAN_POINT('Origin',(14.8,291.680875276235,-230.740884651726));
#7667=CARTESIAN_POINT('',(14.6,285.32403876509,-239.549999999918));
#7668=CARTESIAN_POINT('',(14.6,291.840875276235,-230.860884651726));
#7669=CARTESIAN_POINT('',(14.6,285.32403876509,-239.549999999918));
#7670=CARTESIAN_POINT('Origin',(14.8,287.72403876509,-241.349999999918));
#7671=CARTESIAN_POINT('',(14.6,285.32403876509,-243.149999999918));
#7672=CARTESIAN_POINT('',(14.6,285.32403876509,-243.149999999918));
#7673=CARTESIAN_POINT('Origin',(14.6,287.72403876509,-241.349999999918));
#7674=CARTESIAN_POINT('Origin',(14.8,282.140875276234,-239.23911534811));
#7675=CARTESIAN_POINT('',(14.6,282.300875276234,-239.11911534811));
#7676=CARTESIAN_POINT('Origin',(15.,284.72403876509,-240.349999999918));
#7677=CARTESIAN_POINT('',(12.1,284.72403876509,-240.349999999918));
#7678=CARTESIAN_POINT('',(15.,284.72403876509,-240.349999999918));
#7679=CARTESIAN_POINT('',(12.1,285.32403876509,-239.549999999918));
#7680=CARTESIAN_POINT('',(12.1,286.680875276234,-237.740884651725));
#7681=CARTESIAN_POINT('',(15.,285.32403876509,-239.549999999918));
#7682=CARTESIAN_POINT('Origin',(15.,284.72403876509,-242.349999999918));
#7683=CARTESIAN_POINT('',(12.1,284.72403876509,-242.349999999918));
#7684=CARTESIAN_POINT('',(15.,284.72403876509,-242.349999999918));
#7685=CARTESIAN_POINT('',(12.1,284.72403876509,-237.849999999918));
#7686=CARTESIAN_POINT('Origin',(14.8,278.600000000029,-225.599999999918));
#7687=CARTESIAN_POINT('',(14.6,278.800000000028,-230.349999999918));
#7688=CARTESIAN_POINT('',(15.,278.400000000028,-230.483333333251));
#7689=CARTESIAN_POINT('',(14.6,278.800000000028,-228.349999999918));
#7690=CARTESIAN_POINT('',(14.6,278.800000000028,-225.599999999918));
#7691=CARTESIAN_POINT('',(15.,278.400000000028,-228.216666666585));
#7692=CARTESIAN_POINT('Origin',(14.8,283.943163488883,-221.15911534811));
#7693=CARTESIAN_POINT('',(14.6,279.400000000028,-227.549999999918));
#7694=CARTESIAN_POINT('',(14.6,284.103163488883,-221.27911534811));
#7695=CARTESIAN_POINT('',(14.6,279.400000000028,-227.549999999918));
#7696=CARTESIAN_POINT('Origin',(14.8,281.800000000028,-229.349999999918));
#7697=CARTESIAN_POINT('',(14.6,279.400000000028,-231.149999999918));
#7698=CARTESIAN_POINT('',(14.6,279.400000000028,-231.149999999918));
#7699=CARTESIAN_POINT('Origin',(14.6,281.800000000028,-229.349999999918));
#7700=CARTESIAN_POINT('Origin',(14.8,280.163163488884,-232.500884651725));
#7701=CARTESIAN_POINT('',(14.6,280.323163488884,-232.380884651725));
#7702=CARTESIAN_POINT('Origin',(15.,278.800000000028,-228.349999999918));
#7703=CARTESIAN_POINT('',(12.1,278.800000000028,-228.349999999918));
#7704=CARTESIAN_POINT('',(15.,278.800000000028,-228.349999999918));
#7705=CARTESIAN_POINT('',(12.1,279.400000000028,-227.549999999918));
#7706=CARTESIAN_POINT('',(12.1,278.943163488884,-228.159115348111));
#7707=CARTESIAN_POINT('',(15.,279.400000000028,-227.549999999918));
#7708=CARTESIAN_POINT('Origin',(15.,278.800000000028,-230.349999999918));
#7709=CARTESIAN_POINT('',(12.1,278.800000000028,-230.349999999918));
#7710=CARTESIAN_POINT('',(15.,278.800000000028,-230.349999999918));
#7711=CARTESIAN_POINT('',(12.1,278.800000000028,-231.849999999918));
#7712=CARTESIAN_POINT('Origin',(14.8,289.52403876509,-225.599999999918));
#7713=CARTESIAN_POINT('',(14.6,289.72403876509,-230.349999999918));
#7714=CARTESIAN_POINT('',(15.,289.32403876509,-230.483333333251));
#7715=CARTESIAN_POINT('',(14.6,289.72403876509,-228.349999999918));
#7716=CARTESIAN_POINT('',(14.6,289.72403876509,-225.599999999918));
#7717=CARTESIAN_POINT('',(15.,289.32403876509,-228.216666666585));
#7718=CARTESIAN_POINT('Origin',(14.8,292.900875276234,-223.780884651725));
#7719=CARTESIAN_POINT('',(14.6,290.32403876509,-227.549999999918));
#7720=CARTESIAN_POINT('',(14.6,293.060875276234,-223.900884651725));
#7721=CARTESIAN_POINT('',(14.6,290.32403876509,-227.549999999918));
#7722=CARTESIAN_POINT('Origin',(14.8,292.72403876509,-229.349999999918));
#7723=CARTESIAN_POINT('',(14.6,290.32403876509,-231.149999999918));
#7724=CARTESIAN_POINT('',(14.6,290.32403876509,-231.149999999918));
#7725=CARTESIAN_POINT('Origin',(14.6,292.72403876509,-229.349999999918));
#7726=CARTESIAN_POINT('Origin',(14.8,289.120875276234,-229.879115348111));
#7727=CARTESIAN_POINT('',(14.6,289.280875276234,-229.759115348111));
#7728=CARTESIAN_POINT('Origin',(15.,289.72403876509,-228.349999999918));
#7729=CARTESIAN_POINT('',(12.1,289.72403876509,-228.349999999918));
#7730=CARTESIAN_POINT('',(15.,289.72403876509,-228.349999999918));
#7731=CARTESIAN_POINT('',(12.1,290.32403876509,-227.549999999918));
#7732=CARTESIAN_POINT('',(12.1,287.900875276234,-230.780884651725));
#7733=CARTESIAN_POINT('',(15.,290.32403876509,-227.549999999918));
#7734=CARTESIAN_POINT('Origin',(15.,289.72403876509,-230.349999999918));
#7735=CARTESIAN_POINT('',(12.1,289.72403876509,-230.349999999918));
#7736=CARTESIAN_POINT('',(15.,289.72403876509,-230.349999999918));
#7737=CARTESIAN_POINT('',(12.1,289.72403876509,-231.849999999918));
#7738=CARTESIAN_POINT('Origin',(-17.,297.829238339913,-211.699999999918));
#7739=CARTESIAN_POINT('',(-17.,298.72403876509,-211.090605629656));
#7740=CARTESIAN_POINT('',(-17.,298.447888580886,-211.139298357859));
#7741=CARTESIAN_POINT('',(-17.,298.412945362565,-209.326307271715));
#7742=CARTESIAN_POINT('Origin',(15.,287.72403876509,-241.349999999918));
#7743=CARTESIAN_POINT('',(12.1,285.32403876509,-243.149999999918));
#7744=CARTESIAN_POINT('Origin',(12.1,287.72403876509,-241.349999999918));
#7745=CARTESIAN_POINT('',(15.,285.32403876509,-243.149999999918));
#7746=CARTESIAN_POINT('Origin',(15.,285.32403876509,-243.149999999918));
#7747=CARTESIAN_POINT('',(12.1,283.500875276234,-240.71911534811));
#7748=CARTESIAN_POINT('Origin',(12.1,287.262019382559,-235.349999999918));
#7749=CARTESIAN_POINT('Origin',(15.,281.800000000028,-229.349999999918));
#7750=CARTESIAN_POINT('',(12.1,279.400000000028,-231.149999999918));
#7751=CARTESIAN_POINT('Origin',(12.1,281.800000000028,-229.349999999918));
#7752=CARTESIAN_POINT('',(15.,279.400000000028,-231.149999999918));
#7753=CARTESIAN_POINT('Origin',(15.,279.400000000028,-231.149999999918));
#7754=CARTESIAN_POINT('',(12.1,281.523163488884,-233.980884651725));
#7755=CARTESIAN_POINT('Origin',(12.1,287.262019382559,-235.349999999918));
#7756=CARTESIAN_POINT('Origin',(15.,292.72403876509,-229.349999999918));
#7757=CARTESIAN_POINT('',(12.1,290.32403876509,-231.149999999918));
#7758=CARTESIAN_POINT('Origin',(12.1,292.72403876509,-229.349999999918));
#7759=CARTESIAN_POINT('',(15.,290.32403876509,-231.149999999918));
#7760=CARTESIAN_POINT('Origin',(15.,290.32403876509,-231.149999999918));
#7761=CARTESIAN_POINT('',(12.1,290.480875276234,-231.35911534811));
#7762=CARTESIAN_POINT('Origin',(12.1,287.262019382559,-235.349999999918));
#7763=CARTESIAN_POINT('Origin',(10.,298.72403876509,-211.090605629656));
#7764=CARTESIAN_POINT('',(10.,298.72403876509,-211.090605629656));
#7765=CARTESIAN_POINT('Origin',(10.,293.800000000028,-211.958846517991));
#7766=CARTESIAN_POINT('Origin',(10.,276.800000000028,-235.349999999918));
#7767=CARTESIAN_POINT('',(0.,0.,0.));
#7768=CARTESIAN_POINT('',(0.,0.,0.));
#7769=CARTESIAN_POINT('',(0.,0.,0.));
#7770=UNCERTAINTY_MEASURE_WITH_UNIT(LENGTH_MEASURE(0.01),#7780,
'DISTANCE_ACCURACY_VALUE',
'Maximum model space distance between geometric entities at asserted c
onnectivities');
#7771=UNCERTAINTY_MEASURE_WITH_UNIT(LENGTH_MEASURE(0.01),#7780,
'DISTANCE_ACCURACY_VALUE',
'Maximum model space distance between geometric entities at asserted c
onnectivities');
#7772=UNCERTAINTY_MEASURE_WITH_UNIT(LENGTH_MEASURE(0.01),#7780,
'DISTANCE_ACCURACY_VALUE',
'Maximum model space distance between geometric entities at asserted c
onnectivities');
#7773=UNCERTAINTY_MEASURE_WITH_UNIT(LENGTH_MEASURE(0.01),#7780,
'DISTANCE_ACCURACY_VALUE',
'Maximum model space distance between geometric entities at asserted c
onnectivities');
#7774=UNCERTAINTY_MEASURE_WITH_UNIT(LENGTH_MEASURE(0.01),#7780,
'DISTANCE_ACCURACY_VALUE',
'Maximum model space distance between geometric entities at asserted c
onnectivities');
#7775=(
GEOMETRIC_REPRESENTATION_CONTEXT(3)
GLOBAL_UNCERTAINTY_ASSIGNED_CONTEXT((#7770))
GLOBAL_UNIT_ASSIGNED_CONTEXT((#7780,#7782,#7783))
REPRESENTATION_CONTEXT('','3D')
);
#7776=(
GEOMETRIC_REPRESENTATION_CONTEXT(3)
GLOBAL_UNCERTAINTY_ASSIGNED_CONTEXT((#7771))
GLOBAL_UNIT_ASSIGNED_CONTEXT((#7780,#7782,#7783))
REPRESENTATION_CONTEXT('','3D')
);
#7777=(
GEOMETRIC_REPRESENTATION_CONTEXT(3)
GLOBAL_UNCERTAINTY_ASSIGNED_CONTEXT((#7772))
GLOBAL_UNIT_ASSIGNED_CONTEXT((#7780,#7782,#7783))
REPRESENTATION_CONTEXT('','3D')
);
#7778=(
GEOMETRIC_REPRESENTATION_CONTEXT(3)
GLOBAL_UNCERTAINTY_ASSIGNED_CONTEXT((#7773))
GLOBAL_UNIT_ASSIGNED_CONTEXT((#7780,#7782,#7783))
REPRESENTATION_CONTEXT('','3D')
);
#7779=(
GEOMETRIC_REPRESENTATION_CONTEXT(3)
GLOBAL_UNCERTAINTY_ASSIGNED_CONTEXT((#7774))
GLOBAL_UNIT_ASSIGNED_CONTEXT((#7780,#7782,#7783))
REPRESENTATION_CONTEXT('','3D')
);
#7780=(
LENGTH_UNIT()
NAMED_UNIT(*)
SI_UNIT(.MILLI.,.METRE.)
);
#7781=(
LENGTH_UNIT()
NAMED_UNIT(*)
SI_UNIT($,.METRE.)
);
#7782=(
NAMED_UNIT(*)
PLANE_ANGLE_UNIT()
SI_UNIT($,.RADIAN.)
);
#7783=(
NAMED_UNIT(*)
SI_UNIT($,.STERADIAN.)
SOLID_ANGLE_UNIT()
);
#7784=SHAPE_DEFINITION_REPRESENTATION(#7788,#7795);
#7785=SHAPE_DEFINITION_REPRESENTATION(#7789,#7796);
#7786=SHAPE_DEFINITION_REPRESENTATION(#7790,#7797);
#7787=SHAPE_DEFINITION_REPRESENTATION(#7791,#7798);
#7788=PRODUCT_DEFINITION_SHAPE('',$,#7800);
#7789=PRODUCT_DEFINITION_SHAPE('',$,#7801);
#7790=PRODUCT_DEFINITION_SHAPE('',$,#7802);
#7791=PRODUCT_DEFINITION_SHAPE('',$,#7803);
#7792=PRODUCT_DEFINITION_SHAPE($,$,#20);
#7793=PRODUCT_DEFINITION_SHAPE($,$,#21);
#7794=PRODUCT_DEFINITION_SHAPE($,$,#22);
#7795=SHAPE_REPRESENTATION('',(#4657,#5062),#7775);
#7796=SHAPE_REPRESENTATION('',(#4658,#5060,#5061),#7776);
#7797=SHAPE_REPRESENTATION('',(#4659),#7777);
#7798=SHAPE_REPRESENTATION('',(#4666),#7778);
#7799=PRODUCT_DEFINITION_CONTEXT('part definition',#7813,'design');
#7800=PRODUCT_DEFINITION('Trident Nozzle Scrubber',
'Trident Nozzle Scrubber v10',#7804,#7799);
#7801=PRODUCT_DEFINITION('Nozzle Scrubber','Nozzle Scrubber',#7805,#7799);
#7802=PRODUCT_DEFINITION('Brush','Brush',#7806,#7799);
#7803=PRODUCT_DEFINITION('Bucket','Bucket',#7807,#7799);
#7804=PRODUCT_DEFINITION_FORMATION('',$,#7815);
#7805=PRODUCT_DEFINITION_FORMATION('',$,#7816);
#7806=PRODUCT_DEFINITION_FORMATION('',$,#7817);
#7807=PRODUCT_DEFINITION_FORMATION('',$,#7818);
#7808=PRODUCT_RELATED_PRODUCT_CATEGORY('Trident Nozzle Scrubber v10',
'Trident Nozzle Scrubber v10',(#7815));
#7809=PRODUCT_RELATED_PRODUCT_CATEGORY('Nozzle Scrubber',
'Nozzle Scrubber',(#7816));
#7810=PRODUCT_RELATED_PRODUCT_CATEGORY('Brush','Brush',(#7817));
#7811=PRODUCT_RELATED_PRODUCT_CATEGORY('Bucket','Bucket',(#7818));
#7812=APPLICATION_PROTOCOL_DEFINITION('international standard',
'automotive_design',2009,#7813);
#7813=APPLICATION_CONTEXT(
'Core Data for Automotive Mechanical Design Process');
#7814=PRODUCT_CONTEXT('part definition',#7813,'mechanical');
#7815=PRODUCT('Trident Nozzle Scrubber','Trident Nozzle Scrubber v10',$,
(#7814));
#7816=PRODUCT('Nozzle Scrubber','Nozzle Scrubber',$,(#7814));
#7817=PRODUCT('Brush','Brush',$,(#7814));
#7818=PRODUCT('Bucket','Bucket',$,(#7814));
#7819=PRESENTATION_STYLE_ASSIGNMENT((#7829));
#7820=PRESENTATION_STYLE_ASSIGNMENT((#7830));
#7821=PRESENTATION_STYLE_ASSIGNMENT((#7831));
#7822=PRESENTATION_STYLE_ASSIGNMENT((#7832));
#7823=PRESENTATION_STYLE_ASSIGNMENT((#7833));
#7824=PRESENTATION_STYLE_ASSIGNMENT((#7834));
#7825=PRESENTATION_STYLE_ASSIGNMENT((#7835));
#7826=PRESENTATION_STYLE_ASSIGNMENT((#7836));
#7827=PRESENTATION_STYLE_ASSIGNMENT((#7837));
#7828=PRESENTATION_STYLE_ASSIGNMENT((#7838));
#7829=SURFACE_STYLE_USAGE(.BOTH.,#7839);
#7830=SURFACE_STYLE_USAGE(.BOTH.,#7840);
#7831=SURFACE_STYLE_USAGE(.BOTH.,#7841);
#7832=SURFACE_STYLE_USAGE(.BOTH.,#7842);
#7833=SURFACE_STYLE_USAGE(.BOTH.,#7843);
#7834=SURFACE_STYLE_USAGE(.BOTH.,#7844);
#7835=SURFACE_STYLE_USAGE(.BOTH.,#7845);
#7836=SURFACE_STYLE_USAGE(.BOTH.,#7846);
#7837=SURFACE_STYLE_USAGE(.BOTH.,#7847);
#7838=SURFACE_STYLE_USAGE(.BOTH.,#7848);
#7839=SURFACE_SIDE_STYLE('',(#7849));
#7840=SURFACE_SIDE_STYLE('',(#7850));
#7841=SURFACE_SIDE_STYLE('',(#7851));
#7842=SURFACE_SIDE_STYLE('',(#7852));
#7843=SURFACE_SIDE_STYLE('',(#7853));
#7844=SURFACE_SIDE_STYLE('',(#7854));
#7845=SURFACE_SIDE_STYLE('',(#7855));
#7846=SURFACE_SIDE_STYLE('',(#7856));
#7847=SURFACE_SIDE_STYLE('',(#7857));
#7848=SURFACE_SIDE_STYLE('',(#7858));
#7849=SURFACE_STYLE_FILL_AREA(#7859);
#7850=SURFACE_STYLE_FILL_AREA(#7860);
#7851=SURFACE_STYLE_FILL_AREA(#7861);
#7852=SURFACE_STYLE_FILL_AREA(#7862);
#7853=SURFACE_STYLE_FILL_AREA(#7863);
#7854=SURFACE_STYLE_FILL_AREA(#7864);
#7855=SURFACE_STYLE_FILL_AREA(#7865);
#7856=SURFACE_STYLE_FILL_AREA(#7866);
#7857=SURFACE_STYLE_FILL_AREA(#7867);
#7858=SURFACE_STYLE_FILL_AREA(#7868);
#7859=FILL_AREA_STYLE('Heated Bed',(#7869));
#7860=FILL_AREA_STYLE('Bed and connectors',(#7870));
#7861=FILL_AREA_STYLE('Tape panels',(#7871));
#7862=FILL_AREA_STYLE('Rails etc',(#7872));
#7863=FILL_AREA_STYLE('Screws_Nuts',(#7873));
#7864=FILL_AREA_STYLE('Main_Color_TridentGreen_ABS',(#7874));
#7865=FILL_AREA_STYLE('Fans and other black palstic',(#7875));
#7866=FILL_AREA_STYLE('Electronics green',(#7876));
#7867=FILL_AREA_STYLE('Frame - Black Aluminum Extrusions',(#7877));
#7868=FILL_AREA_STYLE('KVP Battleship Gray',(#7878));
#7869=FILL_AREA_STYLE_COLOUR('Heated Bed',#7879);
#7870=FILL_AREA_STYLE_COLOUR('Bed and connectors',#7880);
#7871=FILL_AREA_STYLE_COLOUR('Tape panels',#7881);
#7872=FILL_AREA_STYLE_COLOUR('Rails etc',#7882);
#7873=FILL_AREA_STYLE_COLOUR('Screws_Nuts',#7883);
#7874=FILL_AREA_STYLE_COLOUR('Main_Color_TridentGreen_ABS',#7884);
#7875=FILL_AREA_STYLE_COLOUR('Fans and other black palstic',#7885);
#7876=FILL_AREA_STYLE_COLOUR('Electronics green',#7886);
#7877=FILL_AREA_STYLE_COLOUR('Frame - Black Aluminum Extrusions',#7887);
#7878=FILL_AREA_STYLE_COLOUR('KVP Battleship Gray',#7888);
#7879=COLOUR_RGB('Heated Bed',0.756862745098039,0.266666666666667,0.0862745098039216);
#7880=COLOUR_RGB('Bed and connectors',0.8,0.603921568627451,0.231372549019608);
#7881=COLOUR_RGB('Tape panels',0.250980392156863,0.250980392156863,0.250980392156863);
#7882=COLOUR_RGB('Rails etc',0.96078431372549,0.96078431372549,0.964705882352941);
#7883=COLOUR_RGB('Screws_Nuts',0.796078431372549,0.796078431372549,0.796078431372549);
#7884=COLOUR_RGB('Main_Color_TridentGreen_ABS',0.443137254901961,0.784313725490196,
0.32156862745098);
#7885=COLOUR_RGB('Fans and other black palstic',0.2,0.2,0.2);
#7886=COLOUR_RGB('Electronics green',0.0588235294117647,0.4,0.0588235294117647);
#7887=COLOUR_RGB('Frame - Black Aluminum Extrusions',0.294117647058824,
0.294117647058824,0.294117647058824);
#7888=COLOUR_RGB('KVP Battleship Gray',0.388235294117647,0.4,0.415686274509804);
ENDSEC;
END-ISO-10303-21;
