ISO-10303-21;
HEADER;
/* Generated by software containing ST-Developer
 * from STEP Tools, Inc. (www.steptools.com) 
 */

FILE_DESCRIPTION(
/* description */ (''),
/* implementation_level */ '2;1');

FILE_NAME(
/* name */ 'Skirt USB - No Markings.step',
/* time_stamp */ '2023-12-30T13:45:02-07:00',
/* author */ (''),
/* organization */ (''),
/* preprocessor_version */ 'ST-DEVELOPER v20',
/* originating_system */ 'Autodesk Translation Framework v12.14.0.127',

/* authorisation */ '');

FILE_SCHEMA (('AUTOMOTIVE_DESIGN { 1 0 10303 214 3 1 1 }'));
ENDSEC;

DATA;
#10=MECHANICAL_DESIGN_GEOMETRIC_PRESENTATION_REPRESENTATION('',(#41,#42,
#43),#5287);
#11=ITEM_DEFINED_TRANSFORMATION($,$,#3187,#3444);
#12=(
REPRESENTATION_RELATIONSHIP($,$,#5298,#5297)
REPRESENTATION_RELATIONSHIP_WITH_TRANSFORMATION(#11)
SHAPE_REPRESENTATION_RELATIONSHIP()
);
#13=CONTEXT_DEPENDENT_SHAPE_REPRESENTATION(#12,#5296);
#14=NEXT_ASSEMBLY_USAGE_OCCURRENCE('lock v1:1','lock v1:1','lock v1:1',
#5300,#5301,'lock v1:1');
#15=(
BOUNDED_CURVE()
B_SPLINE_CURVE(2,(#4671,#4672,#4673),.UNSPECIFIED.,.F.,.F.)
B_SPLINE_CURVE_WITH_KNOTS((3,3),(0.419523539268084,0.602043952241977),
 .UNSPECIFIED.)
CURVE()
GEOMETRIC_REPRESENTATION_ITEM()
RATIONAL_B_SPLINE_CURVE((1.61111111111146,1.61111111111148,1.49543853766646))
REPRESENTATION_ITEM('')
);
#16=(
BOUNDED_CURVE()
B_SPLINE_CURVE(2,(#4676,#4677,#4678),.UNSPECIFIED.,.F.,.F.)
B_SPLINE_CURVE_WITH_KNOTS((3,3),(0.237003126294231,0.419523539268098),
 .UNSPECIFIED.)
CURVE()
GEOMETRIC_REPRESENTATION_ITEM()
RATIONAL_B_SPLINE_CURVE((1.49543853766641,1.61111111111141,1.61111111111142))
REPRESENTATION_ITEM('')
);
#17=(
BOUNDED_CURVE()
B_SPLINE_CURVE(2,(#5227,#5228,#5229),.UNSPECIFIED.,.F.,.F.)
B_SPLINE_CURVE_WITH_KNOTS((3,3),(0.237003126294134,0.419523539268008),
 .UNSPECIFIED.)
CURVE()
GEOMETRIC_REPRESENTATION_ITEM()
RATIONAL_B_SPLINE_CURVE((1.49543853766589,1.61111111111085,1.61111111111086))
REPRESENTATION_ITEM('')
);
#18=(
BOUNDED_CURVE()
B_SPLINE_CURVE(2,(#5231,#5232,#5233),.UNSPECIFIED.,.F.,.F.)
B_SPLINE_CURVE_WITH_KNOTS((3,3),(0.41952353926805,0.602043952241902),
 .UNSPECIFIED.)
CURVE()
GEOMETRIC_REPRESENTATION_ITEM()
RATIONAL_B_SPLINE_CURVE((1.61111111111084,1.61111111111083,1.4954385376659))
REPRESENTATION_ITEM('')
);
#19=B_SPLINE_CURVE_WITH_KNOTS('',3,(#4649,#4650,#4651,#4652,#4653,#4654,
#4655,#4656,#4657,#4658,#4659),.UNSPECIFIED.,.F.,.F.,(4,2,3,2,4),(-0.0844510086569605,
-0.066102426762828,0.,0.0662064405119316,0.0870870767748746),
 .UNSPECIFIED.);
#20=B_SPLINE_CURVE_WITH_KNOTS('',3,(#4691,#4692,#4693,#4694,#4695,#4696,
#4697,#4698,#4699,#4700,#4701),.UNSPECIFIED.,.F.,.F.,(4,2,3,2,4),(-0.0870870767748365,
-0.066206440511895,0.,0.0630477969967846,0.0843049001956588),
 .UNSPECIFIED.);
#21=B_SPLINE_CURVE_WITH_KNOTS('',3,(#5164,#5165,#5166,#5167,#5168,#5169,
#5170,#5171,#5172,#5173,#5174),.UNSPECIFIED.,.F.,.F.,(4,2,3,2,4),(-0.0843049001956899,
-0.0630477969968126,0.,0.0662064405119012,0.0870870767748475),
 .UNSPECIFIED.);
#22=B_SPLINE_CURVE_WITH_KNOTS('',3,(#5187,#5188,#5189,#5190,#5191,#5192,
#5193,#5194,#5195,#5196,#5197),.UNSPECIFIED.,.F.,.F.,(4,2,3,2,4),(-0.0870870767748605,
-0.0662064405119116,0.,0.0630477969968155,0.0843049001956939),
 .UNSPECIFIED.);
#23=CONICAL_SURFACE('',#3285,2.4,0.785398163397452);
#24=CONICAL_SURFACE('',#3288,2.4,0.785398163397449);
#25=CONICAL_SURFACE('',#3291,2.4,0.785398163397449);
#26=CONICAL_SURFACE('',#3424,2.4,0.785398163397449);
#27=CONICAL_SURFACE('',#3427,2.4,0.785398163397452);
#28=CONICAL_SURFACE('',#3430,2.4,0.785398163397449);
#29=ELLIPSE('',#3284,4.24264068711922,2.99999999999994);
#30=ELLIPSE('',#3287,4.24264068711919,2.99999999999994);
#31=ELLIPSE('',#3290,4.24264068711918,2.99999999999992);
#32=ELLIPSE('',#3310,4.24264068711919,2.99999999999992);
#33=ELLIPSE('',#3355,4.24264068711916,2.9999999999999);
#34=ELLIPSE('',#3406,4.2426406871192,2.99999999999994);
#35=ELLIPSE('',#3407,4.24264068711922,2.99999999999994);
#36=ELLIPSE('',#3411,4.24264068711915,2.9999999999999);
#37=SHAPE_REPRESENTATION_RELATIONSHIP('SRR','None',#5298,#39);
#38=SHAPE_REPRESENTATION_RELATIONSHIP('SRR','None',#5297,#40);
#39=ADVANCED_BREP_SHAPE_REPRESENTATION('',(#44),#5286);
#40=ADVANCED_BREP_SHAPE_REPRESENTATION('',(#45,#46),#5285);
#41=STYLED_ITEM('',(#5312),#44);
#42=STYLED_ITEM('',(#5312),#45);
#43=STYLED_ITEM('',(#5312),#46);
#44=MANIFOLD_SOLID_BREP('Body1',#3171);
#45=MANIFOLD_SOLID_BREP('Body1',#3172);
#46=MANIFOLD_SOLID_BREP('Body2',#3173);
#47=FACE_BOUND('',#354,.T.);
#48=FACE_BOUND('',#369,.T.);
#49=FACE_BOUND('',#437,.T.);
#50=FACE_BOUND('',#438,.T.);
#51=FACE_BOUND('',#496,.T.);
#52=FACE_BOUND('',#497,.T.);
#53=PLANE('',#3191);
#54=PLANE('',#3192);
#55=PLANE('',#3206);
#56=PLANE('',#3207);
#57=PLANE('',#3210);
#58=PLANE('',#3213);
#59=PLANE('',#3214);
#60=PLANE('',#3217);
#61=PLANE('',#3220);
#62=PLANE('',#3221);
#63=PLANE('',#3222);
#64=PLANE('',#3230);
#65=PLANE('',#3232);
#66=PLANE('',#3233);
#67=PLANE('',#3239);
#68=PLANE('',#3240);
#69=PLANE('',#3244);
#70=PLANE('',#3245);
#71=PLANE('',#3249);
#72=PLANE('',#3250);
#73=PLANE('',#3254);
#74=PLANE('',#3255);
#75=PLANE('',#3258);
#76=PLANE('',#3264);
#77=PLANE('',#3267);
#78=PLANE('',#3274);
#79=PLANE('',#3275);
#80=PLANE('',#3278);
#81=PLANE('',#3281);
#82=PLANE('',#3282);
#83=PLANE('',#3283);
#84=PLANE('',#3286);
#85=PLANE('',#3289);
#86=PLANE('',#3292);
#87=PLANE('',#3293);
#88=PLANE('',#3294);
#89=PLANE('',#3295);
#90=PLANE('',#3299);
#91=PLANE('',#3303);
#92=PLANE('',#3304);
#93=PLANE('',#3305);
#94=PLANE('',#3307);
#95=PLANE('',#3311);
#96=PLANE('',#3312);
#97=PLANE('',#3314);
#98=PLANE('',#3315);
#99=PLANE('',#3316);
#100=PLANE('',#3317);
#101=PLANE('',#3322);
#102=PLANE('',#3323);
#103=PLANE('',#3324);
#104=PLANE('',#3325);
#105=PLANE('',#3326);
#106=PLANE('',#3327);
#107=PLANE('',#3328);
#108=PLANE('',#3329);
#109=PLANE('',#3330);
#110=PLANE('',#3331);
#111=PLANE('',#3332);
#112=PLANE('',#3334);
#113=PLANE('',#3335);
#114=PLANE('',#3338);
#115=PLANE('',#3339);
#116=PLANE('',#3340);
#117=PLANE('',#3341);
#118=PLANE('',#3342);
#119=PLANE('',#3343);
#120=PLANE('',#3344);
#121=PLANE('',#3345);
#122=PLANE('',#3346);
#123=PLANE('',#3347);
#124=PLANE('',#3348);
#125=PLANE('',#3349);
#126=PLANE('',#3350);
#127=PLANE('',#3351);
#128=PLANE('',#3352);
#129=PLANE('',#3353);
#130=PLANE('',#3354);
#131=PLANE('',#3356);
#132=PLANE('',#3357);
#133=PLANE('',#3363);
#134=PLANE('',#3364);
#135=PLANE('',#3365);
#136=PLANE('',#3369);
#137=PLANE('',#3372);
#138=PLANE('',#3375);
#139=PLANE('',#3376);
#140=PLANE('',#3379);
#141=PLANE('',#3380);
#142=PLANE('',#3381);
#143=PLANE('',#3382);
#144=PLANE('',#3383);
#145=PLANE('',#3384);
#146=PLANE('',#3385);
#147=PLANE('',#3386);
#148=PLANE('',#3387);
#149=PLANE('',#3388);
#150=PLANE('',#3389);
#151=PLANE('',#3392);
#152=PLANE('',#3393);
#153=PLANE('',#3396);
#154=PLANE('',#3397);
#155=PLANE('',#3398);
#156=PLANE('',#3399);
#157=PLANE('',#3400);
#158=PLANE('',#3401);
#159=PLANE('',#3402);
#160=PLANE('',#3403);
#161=PLANE('',#3404);
#162=PLANE('',#3408);
#163=PLANE('',#3412);
#164=PLANE('',#3414);
#165=PLANE('',#3419);
#166=PLANE('',#3420);
#167=PLANE('',#3421);
#168=PLANE('',#3422);
#169=PLANE('',#3423);
#170=PLANE('',#3426);
#171=PLANE('',#3429);
#172=PLANE('',#3432);
#173=PLANE('',#3433);
#174=PLANE('',#3435);
#175=PLANE('',#3436);
#176=PLANE('',#3438);
#177=PLANE('',#3441);
#178=PLANE('',#3443);
#179=FACE_OUTER_BOUND('',#351,.T.);
#180=FACE_OUTER_BOUND('',#352,.T.);
#181=FACE_OUTER_BOUND('',#353,.T.);
#182=FACE_OUTER_BOUND('',#355,.T.);
#183=FACE_OUTER_BOUND('',#356,.T.);
#184=FACE_OUTER_BOUND('',#357,.T.);
#185=FACE_OUTER_BOUND('',#358,.T.);
#186=FACE_OUTER_BOUND('',#359,.T.);
#187=FACE_OUTER_BOUND('',#360,.T.);
#188=FACE_OUTER_BOUND('',#361,.T.);
#189=FACE_OUTER_BOUND('',#362,.T.);
#190=FACE_OUTER_BOUND('',#363,.T.);
#191=FACE_OUTER_BOUND('',#364,.T.);
#192=FACE_OUTER_BOUND('',#365,.T.);
#193=FACE_OUTER_BOUND('',#366,.T.);
#194=FACE_OUTER_BOUND('',#367,.T.);
#195=FACE_OUTER_BOUND('',#368,.T.);
#196=FACE_OUTER_BOUND('',#370,.T.);
#197=FACE_OUTER_BOUND('',#371,.T.);
#198=FACE_OUTER_BOUND('',#372,.T.);
#199=FACE_OUTER_BOUND('',#373,.T.);
#200=FACE_OUTER_BOUND('',#374,.T.);
#201=FACE_OUTER_BOUND('',#375,.T.);
#202=FACE_OUTER_BOUND('',#376,.T.);
#203=FACE_OUTER_BOUND('',#377,.T.);
#204=FACE_OUTER_BOUND('',#378,.T.);
#205=FACE_OUTER_BOUND('',#379,.T.);
#206=FACE_OUTER_BOUND('',#380,.T.);
#207=FACE_OUTER_BOUND('',#381,.T.);
#208=FACE_OUTER_BOUND('',#382,.T.);
#209=FACE_OUTER_BOUND('',#383,.T.);
#210=FACE_OUTER_BOUND('',#384,.T.);
#211=FACE_OUTER_BOUND('',#385,.T.);
#212=FACE_OUTER_BOUND('',#386,.T.);
#213=FACE_OUTER_BOUND('',#387,.T.);
#214=FACE_OUTER_BOUND('',#388,.T.);
#215=FACE_OUTER_BOUND('',#389,.T.);
#216=FACE_OUTER_BOUND('',#390,.T.);
#217=FACE_OUTER_BOUND('',#391,.T.);
#218=FACE_OUTER_BOUND('',#392,.T.);
#219=FACE_OUTER_BOUND('',#393,.T.);
#220=FACE_OUTER_BOUND('',#394,.T.);
#221=FACE_OUTER_BOUND('',#395,.T.);
#222=FACE_OUTER_BOUND('',#396,.T.);
#223=FACE_OUTER_BOUND('',#397,.T.);
#224=FACE_OUTER_BOUND('',#398,.T.);
#225=FACE_OUTER_BOUND('',#399,.T.);
#226=FACE_OUTER_BOUND('',#400,.T.);
#227=FACE_OUTER_BOUND('',#401,.T.);
#228=FACE_OUTER_BOUND('',#402,.T.);
#229=FACE_OUTER_BOUND('',#403,.T.);
#230=FACE_OUTER_BOUND('',#404,.T.);
#231=FACE_OUTER_BOUND('',#405,.T.);
#232=FACE_OUTER_BOUND('',#406,.T.);
#233=FACE_OUTER_BOUND('',#407,.T.);
#234=FACE_OUTER_BOUND('',#408,.T.);
#235=FACE_OUTER_BOUND('',#409,.T.);
#236=FACE_OUTER_BOUND('',#410,.T.);
#237=FACE_OUTER_BOUND('',#411,.T.);
#238=FACE_OUTER_BOUND('',#412,.T.);
#239=FACE_OUTER_BOUND('',#413,.T.);
#240=FACE_OUTER_BOUND('',#414,.T.);
#241=FACE_OUTER_BOUND('',#415,.T.);
#242=FACE_OUTER_BOUND('',#416,.T.);
#243=FACE_OUTER_BOUND('',#417,.T.);
#244=FACE_OUTER_BOUND('',#418,.T.);
#245=FACE_OUTER_BOUND('',#419,.T.);
#246=FACE_OUTER_BOUND('',#420,.T.);
#247=FACE_OUTER_BOUND('',#421,.T.);
#248=FACE_OUTER_BOUND('',#422,.T.);
#249=FACE_OUTER_BOUND('',#423,.T.);
#250=FACE_OUTER_BOUND('',#424,.T.);
#251=FACE_OUTER_BOUND('',#425,.T.);
#252=FACE_OUTER_BOUND('',#426,.T.);
#253=FACE_OUTER_BOUND('',#427,.T.);
#254=FACE_OUTER_BOUND('',#428,.T.);
#255=FACE_OUTER_BOUND('',#429,.T.);
#256=FACE_OUTER_BOUND('',#430,.T.);
#257=FACE_OUTER_BOUND('',#431,.T.);
#258=FACE_OUTER_BOUND('',#432,.T.);
#259=FACE_OUTER_BOUND('',#433,.T.);
#260=FACE_OUTER_BOUND('',#434,.T.);
#261=FACE_OUTER_BOUND('',#435,.T.);
#262=FACE_OUTER_BOUND('',#436,.T.);
#263=FACE_OUTER_BOUND('',#439,.T.);
#264=FACE_OUTER_BOUND('',#440,.T.);
#265=FACE_OUTER_BOUND('',#441,.T.);
#266=FACE_OUTER_BOUND('',#442,.T.);
#267=FACE_OUTER_BOUND('',#443,.T.);
#268=FACE_OUTER_BOUND('',#444,.T.);
#269=FACE_OUTER_BOUND('',#445,.T.);
#270=FACE_OUTER_BOUND('',#446,.T.);
#271=FACE_OUTER_BOUND('',#447,.T.);
#272=FACE_OUTER_BOUND('',#448,.T.);
#273=FACE_OUTER_BOUND('',#449,.T.);
#274=FACE_OUTER_BOUND('',#450,.T.);
#275=FACE_OUTER_BOUND('',#451,.T.);
#276=FACE_OUTER_BOUND('',#452,.T.);
#277=FACE_OUTER_BOUND('',#453,.T.);
#278=FACE_OUTER_BOUND('',#454,.T.);
#279=FACE_OUTER_BOUND('',#455,.T.);
#280=FACE_OUTER_BOUND('',#456,.T.);
#281=FACE_OUTER_BOUND('',#457,.T.);
#282=FACE_OUTER_BOUND('',#458,.T.);
#283=FACE_OUTER_BOUND('',#459,.T.);
#284=FACE_OUTER_BOUND('',#460,.T.);
#285=FACE_OUTER_BOUND('',#461,.T.);
#286=FACE_OUTER_BOUND('',#462,.T.);
#287=FACE_OUTER_BOUND('',#463,.T.);
#288=FACE_OUTER_BOUND('',#464,.T.);
#289=FACE_OUTER_BOUND('',#465,.T.);
#290=FACE_OUTER_BOUND('',#466,.T.);
#291=FACE_OUTER_BOUND('',#467,.T.);
#292=FACE_OUTER_BOUND('',#468,.T.);
#293=FACE_OUTER_BOUND('',#469,.T.);
#294=FACE_OUTER_BOUND('',#470,.T.);
#295=FACE_OUTER_BOUND('',#471,.T.);
#296=FACE_OUTER_BOUND('',#472,.T.);
#297=FACE_OUTER_BOUND('',#473,.T.);
#298=FACE_OUTER_BOUND('',#474,.T.);
#299=FACE_OUTER_BOUND('',#475,.T.);
#300=FACE_OUTER_BOUND('',#476,.T.);
#301=FACE_OUTER_BOUND('',#477,.T.);
#302=FACE_OUTER_BOUND('',#478,.T.);
#303=FACE_OUTER_BOUND('',#479,.T.);
#304=FACE_OUTER_BOUND('',#480,.T.);
#305=FACE_OUTER_BOUND('',#481,.T.);
#306=FACE_OUTER_BOUND('',#482,.T.);
#307=FACE_OUTER_BOUND('',#483,.T.);
#308=FACE_OUTER_BOUND('',#484,.T.);
#309=FACE_OUTER_BOUND('',#485,.T.);
#310=FACE_OUTER_BOUND('',#486,.T.);
#311=FACE_OUTER_BOUND('',#487,.T.);
#312=FACE_OUTER_BOUND('',#488,.T.);
#313=FACE_OUTER_BOUND('',#489,.T.);
#314=FACE_OUTER_BOUND('',#490,.T.);
#315=FACE_OUTER_BOUND('',#491,.T.);
#316=FACE_OUTER_BOUND('',#492,.T.);
#317=FACE_OUTER_BOUND('',#493,.T.);
#318=FACE_OUTER_BOUND('',#494,.T.);
#319=FACE_OUTER_BOUND('',#495,.T.);
#320=FACE_OUTER_BOUND('',#498,.T.);
#321=FACE_OUTER_BOUND('',#499,.T.);
#322=FACE_OUTER_BOUND('',#500,.T.);
#323=FACE_OUTER_BOUND('',#501,.T.);
#324=FACE_OUTER_BOUND('',#502,.T.);
#325=FACE_OUTER_BOUND('',#503,.T.);
#326=FACE_OUTER_BOUND('',#504,.T.);
#327=FACE_OUTER_BOUND('',#505,.T.);
#328=FACE_OUTER_BOUND('',#506,.T.);
#329=FACE_OUTER_BOUND('',#507,.T.);
#330=FACE_OUTER_BOUND('',#508,.T.);
#331=FACE_OUTER_BOUND('',#509,.T.);
#332=FACE_OUTER_BOUND('',#510,.T.);
#333=FACE_OUTER_BOUND('',#511,.T.);
#334=FACE_OUTER_BOUND('',#512,.T.);
#335=FACE_OUTER_BOUND('',#513,.T.);
#336=FACE_OUTER_BOUND('',#514,.T.);
#337=FACE_OUTER_BOUND('',#515,.T.);
#338=FACE_OUTER_BOUND('',#516,.T.);
#339=FACE_OUTER_BOUND('',#517,.T.);
#340=FACE_OUTER_BOUND('',#518,.T.);
#341=FACE_OUTER_BOUND('',#519,.T.);
#342=FACE_OUTER_BOUND('',#520,.T.);
#343=FACE_OUTER_BOUND('',#521,.T.);
#344=FACE_OUTER_BOUND('',#522,.T.);
#345=FACE_OUTER_BOUND('',#523,.T.);
#346=FACE_OUTER_BOUND('',#524,.T.);
#347=FACE_OUTER_BOUND('',#525,.T.);
#348=FACE_OUTER_BOUND('',#526,.T.);
#349=FACE_OUTER_BOUND('',#527,.T.);
#350=FACE_OUTER_BOUND('',#528,.T.);
#351=EDGE_LOOP('',(#2059,#2060,#2061,#2062));
#352=EDGE_LOOP('',(#2063,#2064,#2065,#2066));
#353=EDGE_LOOP('',(#2067,#2068,#2069,#2070,#2071,#2072,#2073,#2074,#2075,
#2076,#2077,#2078));
#354=EDGE_LOOP('',(#2079,#2080,#2081,#2082,#2083,#2084,#2085,#2086,#2087,
#2088,#2089,#2090));
#355=EDGE_LOOP('',(#2091,#2092,#2093,#2094));
#356=EDGE_LOOP('',(#2095,#2096,#2097,#2098));
#357=EDGE_LOOP('',(#2099,#2100,#2101,#2102));
#358=EDGE_LOOP('',(#2103,#2104,#2105,#2106));
#359=EDGE_LOOP('',(#2107,#2108,#2109,#2110));
#360=EDGE_LOOP('',(#2111,#2112,#2113,#2114));
#361=EDGE_LOOP('',(#2115,#2116,#2117,#2118));
#362=EDGE_LOOP('',(#2119,#2120,#2121,#2122));
#363=EDGE_LOOP('',(#2123,#2124,#2125,#2126));
#364=EDGE_LOOP('',(#2127,#2128,#2129,#2130));
#365=EDGE_LOOP('',(#2131,#2132,#2133,#2134));
#366=EDGE_LOOP('',(#2135,#2136,#2137,#2138,#2139,#2140,#2141,#2142));
#367=EDGE_LOOP('',(#2143,#2144,#2145,#2146,#2147,#2148,#2149,#2150));
#368=EDGE_LOOP('',(#2151,#2152,#2153,#2154,#2155,#2156,#2157,#2158,#2159,
#2160,#2161,#2162));
#369=EDGE_LOOP('',(#2163,#2164,#2165,#2166,#2167,#2168,#2169,#2170,#2171,
#2172,#2173,#2174,#2175,#2176,#2177,#2178,#2179,#2180,#2181,#2182,#2183,
#2184,#2185,#2186,#2187,#2188,#2189,#2190));
#370=EDGE_LOOP('',(#2191,#2192,#2193,#2194));
#371=EDGE_LOOP('',(#2195,#2196,#2197,#2198));
#372=EDGE_LOOP('',(#2199,#2200,#2201,#2202));
#373=EDGE_LOOP('',(#2203,#2204,#2205,#2206,#2207,#2208,#2209,#2210));
#374=EDGE_LOOP('',(#2211,#2212,#2213,#2214,#2215,#2216,#2217,#2218));
#375=EDGE_LOOP('',(#2219,#2220,#2221,#2222));
#376=EDGE_LOOP('',(#2223,#2224,#2225,#2226));
#377=EDGE_LOOP('',(#2227,#2228,#2229,#2230));
#378=EDGE_LOOP('',(#2231,#2232,#2233));
#379=EDGE_LOOP('',(#2234,#2235,#2236));
#380=EDGE_LOOP('',(#2237,#2238,#2239,#2240));
#381=EDGE_LOOP('',(#2241,#2242,#2243));
#382=EDGE_LOOP('',(#2244,#2245,#2246));
#383=EDGE_LOOP('',(#2247,#2248,#2249,#2250));
#384=EDGE_LOOP('',(#2251,#2252,#2253));
#385=EDGE_LOOP('',(#2254,#2255,#2256));
#386=EDGE_LOOP('',(#2257,#2258,#2259,#2260));
#387=EDGE_LOOP('',(#2261,#2262,#2263));
#388=EDGE_LOOP('',(#2264,#2265,#2266));
#389=EDGE_LOOP('',(#2267,#2268,#2269,#2270));
#390=EDGE_LOOP('',(#2271,#2272,#2273,#2274));
#391=EDGE_LOOP('',(#2275,#2276,#2277,#2278,#2279,#2280,#2281,#2282,#2283,
#2284,#2285,#2286,#2287,#2288));
#392=EDGE_LOOP('',(#2289,#2290,#2291,#2292));
#393=EDGE_LOOP('',(#2293,#2294,#2295,#2296));
#394=EDGE_LOOP('',(#2297,#2298,#2299,#2300));
#395=EDGE_LOOP('',(#2301,#2302,#2303,#2304));
#396=EDGE_LOOP('',(#2305,#2306,#2307,#2308));
#397=EDGE_LOOP('',(#2309,#2310,#2311,#2312));
#398=EDGE_LOOP('',(#2313,#2314,#2315,#2316));
#399=EDGE_LOOP('',(#2317,#2318,#2319,#2320));
#400=EDGE_LOOP('',(#2321,#2322,#2323,#2324));
#401=EDGE_LOOP('',(#2325,#2326,#2327,#2328));
#402=EDGE_LOOP('',(#2329,#2330,#2331,#2332));
#403=EDGE_LOOP('',(#2333,#2334,#2335,#2336));
#404=EDGE_LOOP('',(#2337,#2338,#2339,#2340,#2341));
#405=EDGE_LOOP('',(#2342,#2343,#2344,#2345));
#406=EDGE_LOOP('',(#2346,#2347,#2348,#2349,#2350,#2351,#2352,#2353));
#407=EDGE_LOOP('',(#2354,#2355,#2356,#2357,#2358));
#408=EDGE_LOOP('',(#2359,#2360,#2361,#2362,#2363,#2364,#2365,#2366));
#409=EDGE_LOOP('',(#2367,#2368,#2369,#2370));
#410=EDGE_LOOP('',(#2371,#2372,#2373,#2374,#2375,#2376,#2377));
#411=EDGE_LOOP('',(#2378,#2379,#2380));
#412=EDGE_LOOP('',(#2381,#2382,#2383));
#413=EDGE_LOOP('',(#2384,#2385,#2386,#2387,#2388));
#414=EDGE_LOOP('',(#2389,#2390,#2391,#2392));
#415=EDGE_LOOP('',(#2393,#2394,#2395));
#416=EDGE_LOOP('',(#2396,#2397,#2398,#2399,#2400,#2401,#2402,#2403));
#417=EDGE_LOOP('',(#2404,#2405,#2406,#2407));
#418=EDGE_LOOP('',(#2408,#2409,#2410,#2411,#2412,#2413,#2414));
#419=EDGE_LOOP('',(#2415,#2416,#2417));
#420=EDGE_LOOP('',(#2418,#2419,#2420,#2421,#2422,#2423,#2424,#2425,#2426,
#2427,#2428,#2429));
#421=EDGE_LOOP('',(#2430,#2431,#2432,#2433,#2434,#2435,#2436,#2437));
#422=EDGE_LOOP('',(#2438,#2439,#2440,#2441));
#423=EDGE_LOOP('',(#2442,#2443,#2444,#2445,#2446,#2447));
#424=EDGE_LOOP('',(#2448,#2449,#2450,#2451));
#425=EDGE_LOOP('',(#2452,#2453,#2454,#2455));
#426=EDGE_LOOP('',(#2456,#2457,#2458,#2459));
#427=EDGE_LOOP('',(#2460,#2461,#2462,#2463));
#428=EDGE_LOOP('',(#2464,#2465,#2466,#2467));
#429=EDGE_LOOP('',(#2468,#2469,#2470,#2471));
#430=EDGE_LOOP('',(#2472,#2473,#2474,#2475));
#431=EDGE_LOOP('',(#2476,#2477,#2478,#2479));
#432=EDGE_LOOP('',(#2480,#2481,#2482,#2483));
#433=EDGE_LOOP('',(#2484,#2485,#2486,#2487));
#434=EDGE_LOOP('',(#2488,#2489,#2490,#2491));
#435=EDGE_LOOP('',(#2492,#2493,#2494,#2495));
#436=EDGE_LOOP('',(#2496,#2497,#2498,#2499));
#437=EDGE_LOOP('',(#2500,#2501,#2502,#2503));
#438=EDGE_LOOP('',(#2504,#2505,#2506,#2507));
#439=EDGE_LOOP('',(#2508,#2509,#2510,#2511));
#440=EDGE_LOOP('',(#2512,#2513,#2514,#2515));
#441=EDGE_LOOP('',(#2516,#2517,#2518,#2519));
#442=EDGE_LOOP('',(#2520,#2521,#2522,#2523));
#443=EDGE_LOOP('',(#2524,#2525,#2526,#2527));
#444=EDGE_LOOP('',(#2528,#2529,#2530,#2531));
#445=EDGE_LOOP('',(#2532,#2533,#2534,#2535));
#446=EDGE_LOOP('',(#2536,#2537,#2538,#2539));
#447=EDGE_LOOP('',(#2540,#2541,#2542,#2543,#2544,#2545));
#448=EDGE_LOOP('',(#2546,#2547,#2548,#2549));
#449=EDGE_LOOP('',(#2550,#2551,#2552,#2553));
#450=EDGE_LOOP('',(#2554,#2555,#2556,#2557,#2558,#2559,#2560,#2561));
#451=EDGE_LOOP('',(#2562,#2563,#2564,#2565));
#452=EDGE_LOOP('',(#2566,#2567,#2568,#2569,#2570,#2571,#2572,#2573,#2574,
#2575));
#453=EDGE_LOOP('',(#2576,#2577,#2578,#2579,#2580));
#454=EDGE_LOOP('',(#2581,#2582,#2583,#2584));
#455=EDGE_LOOP('',(#2585,#2586,#2587,#2588));
#456=EDGE_LOOP('',(#2589,#2590,#2591,#2592));
#457=EDGE_LOOP('',(#2593,#2594,#2595,#2596));
#458=EDGE_LOOP('',(#2597,#2598,#2599,#2600,#2601,#2602,#2603,#2604,#2605,
#2606));
#459=EDGE_LOOP('',(#2607,#2608,#2609,#2610,#2611,#2612,#2613,#2614,#2615,
#2616));
#460=EDGE_LOOP('',(#2617,#2618,#2619,#2620,#2621,#2622,#2623,#2624,#2625,
#2626));
#461=EDGE_LOOP('',(#2627,#2628,#2629,#2630,#2631,#2632,#2633,#2634,#2635,
#2636));
#462=EDGE_LOOP('',(#2637,#2638,#2639,#2640));
#463=EDGE_LOOP('',(#2641,#2642,#2643,#2644,#2645));
#464=EDGE_LOOP('',(#2646,#2647,#2648,#2649));
#465=EDGE_LOOP('',(#2650,#2651,#2652,#2653,#2654,#2655,#2656,#2657,#2658,
#2659,#2660,#2661,#2662,#2663));
#466=EDGE_LOOP('',(#2664,#2665,#2666,#2667));
#467=EDGE_LOOP('',(#2668,#2669,#2670,#2671));
#468=EDGE_LOOP('',(#2672,#2673,#2674,#2675,#2676,#2677,#2678,#2679,#2680,
#2681,#2682,#2683));
#469=EDGE_LOOP('',(#2684,#2685,#2686,#2687,#2688,#2689));
#470=EDGE_LOOP('',(#2690,#2691,#2692,#2693,#2694,#2695));
#471=EDGE_LOOP('',(#2696,#2697,#2698,#2699));
#472=EDGE_LOOP('',(#2700,#2701,#2702,#2703));
#473=EDGE_LOOP('',(#2704,#2705,#2706,#2707));
#474=EDGE_LOOP('',(#2708,#2709,#2710,#2711));
#475=EDGE_LOOP('',(#2712,#2713,#2714,#2715));
#476=EDGE_LOOP('',(#2716,#2717,#2718,#2719));
#477=EDGE_LOOP('',(#2720,#2721,#2722,#2723));
#478=EDGE_LOOP('',(#2724,#2725,#2726,#2727));
#479=EDGE_LOOP('',(#2728,#2729,#2730,#2731));
#480=EDGE_LOOP('',(#2732,#2733,#2734,#2735));
#481=EDGE_LOOP('',(#2736,#2737,#2738,#2739));
#482=EDGE_LOOP('',(#2740,#2741,#2742,#2743));
#483=EDGE_LOOP('',(#2744,#2745,#2746,#2747));
#484=EDGE_LOOP('',(#2748,#2749,#2750,#2751));
#485=EDGE_LOOP('',(#2752,#2753,#2754,#2755));
#486=EDGE_LOOP('',(#2756,#2757,#2758,#2759));
#487=EDGE_LOOP('',(#2760,#2761,#2762,#2763));
#488=EDGE_LOOP('',(#2764,#2765,#2766,#2767));
#489=EDGE_LOOP('',(#2768,#2769,#2770,#2771));
#490=EDGE_LOOP('',(#2772,#2773,#2774,#2775));
#491=EDGE_LOOP('',(#2776,#2777,#2778,#2779));
#492=EDGE_LOOP('',(#2780,#2781,#2782,#2783));
#493=EDGE_LOOP('',(#2784,#2785,#2786,#2787,#2788,#2789,#2790,#2791,#2792,
#2793));
#494=EDGE_LOOP('',(#2794,#2795,#2796,#2797));
#495=EDGE_LOOP('',(#2798,#2799,#2800,#2801));
#496=EDGE_LOOP('',(#2802,#2803,#2804,#2805));
#497=EDGE_LOOP('',(#2806,#2807,#2808,#2809));
#498=EDGE_LOOP('',(#2810,#2811,#2812,#2813,#2814,#2815,#2816,#2817));
#499=EDGE_LOOP('',(#2818,#2819,#2820,#2821));
#500=EDGE_LOOP('',(#2822,#2823,#2824,#2825,#2826,#2827,#2828,#2829));
#501=EDGE_LOOP('',(#2830,#2831,#2832,#2833,#2834,#2835,#2836));
#502=EDGE_LOOP('',(#2837,#2838,#2839,#2840,#2841,#2842,#2843,#2844));
#503=EDGE_LOOP('',(#2845,#2846,#2847));
#504=EDGE_LOOP('',(#2848,#2849,#2850,#2851,#2852,#2853,#2854));
#505=EDGE_LOOP('',(#2855,#2856,#2857,#2858));
#506=EDGE_LOOP('',(#2859,#2860,#2861,#2862));
#507=EDGE_LOOP('',(#2863,#2864,#2865,#2866,#2867));
#508=EDGE_LOOP('',(#2868,#2869,#2870));
#509=EDGE_LOOP('',(#2871,#2872,#2873));
#510=EDGE_LOOP('',(#2874,#2875,#2876));
#511=EDGE_LOOP('',(#2877,#2878,#2879,#2880,#2881,#2882,#2883,#2884));
#512=EDGE_LOOP('',(#2885,#2886,#2887,#2888,#2889));
#513=EDGE_LOOP('',(#2890,#2891,#2892,#2893,#2894,#2895,#2896,#2897));
#514=EDGE_LOOP('',(#2898,#2899,#2900,#2901));
#515=EDGE_LOOP('',(#2902,#2903,#2904,#2905,#2906));
#516=EDGE_LOOP('',(#2907,#2908,#2909,#2910));
#517=EDGE_LOOP('',(#2911,#2912,#2913,#2914));
#518=EDGE_LOOP('',(#2915,#2916,#2917,#2918));
#519=EDGE_LOOP('',(#2919,#2920,#2921,#2922));
#520=EDGE_LOOP('',(#2923,#2924,#2925,#2926));
#521=EDGE_LOOP('',(#2927,#2928,#2929,#2930));
#522=EDGE_LOOP('',(#2931,#2932,#2933,#2934));
#523=EDGE_LOOP('',(#2935,#2936,#2937,#2938));
#524=EDGE_LOOP('',(#2939,#2940,#2941,#2942));
#525=EDGE_LOOP('',(#2943,#2944,#2945,#2946));
#526=EDGE_LOOP('',(#2947,#2948,#2949,#2950));
#527=EDGE_LOOP('',(#2951,#2952,#2953,#2954));
#528=EDGE_LOOP('',(#2955,#2956,#2957,#2958));
#529=LINE('',#4328,#887);
#530=LINE('',#4331,#888);
#531=LINE('',#4334,#889);
#532=LINE('',#4336,#890);
#533=LINE('',#4337,#891);
#534=LINE('',#4340,#892);
#535=LINE('',#4344,#893);
#536=LINE('',#4348,#894);
#537=LINE('',#4352,#895);
#538=LINE('',#4356,#896);
#539=LINE('',#4360,#897);
#540=LINE('',#4364,#898);
#541=LINE('',#4368,#899);
#542=LINE('',#4372,#900);
#543=LINE('',#4376,#901);
#544=LINE('',#4380,#902);
#545=LINE('',#4386,#903);
#546=LINE('',#4387,#904);
#547=LINE('',#4390,#905);
#548=LINE('',#4391,#906);
#549=LINE('',#4393,#907);
#550=LINE('',#4398,#908);
#551=LINE('',#4399,#909);
#552=LINE('',#4402,#910);
#553=LINE('',#4403,#911);
#554=LINE('',#4408,#912);
#555=LINE('',#4409,#913);
#556=LINE('',#4412,#914);
#557=LINE('',#4413,#915);
#558=LINE('',#4415,#916);
#559=LINE('',#4420,#917);
#560=LINE('',#4421,#918);
#561=LINE('',#4424,#919);
#562=LINE('',#4425,#920);
#563=LINE('',#4429,#921);
#564=LINE('',#4432,#922);
#565=LINE('',#4434,#923);
#566=LINE('',#4436,#924);
#567=LINE('',#4438,#925);
#568=LINE('',#4440,#926);
#569=LINE('',#4441,#927);
#570=LINE('',#4444,#928);
#571=LINE('',#4446,#929);
#572=LINE('',#4448,#930);
#573=LINE('',#4450,#931);
#574=LINE('',#4452,#932);
#575=LINE('',#4453,#933);
#576=LINE('',#4458,#934);
#577=LINE('',#4460,#935);
#578=LINE('',#4461,#936);
#579=LINE('',#4465,#937);
#580=LINE('',#4467,#938);
#581=LINE('',#4469,#939);
#582=LINE('',#4471,#940);
#583=LINE('',#4473,#941);
#584=LINE('',#4477,#942);
#585=LINE('',#4481,#943);
#586=LINE('',#4483,#944);
#587=LINE('',#4485,#945);
#588=LINE('',#4487,#946);
#589=LINE('',#4489,#947);
#590=LINE('',#4492,#948);
#591=LINE('',#4494,#949);
#592=LINE('',#4495,#950);
#593=LINE('',#4497,#951);
#594=LINE('',#4498,#952);
#595=LINE('',#4500,#953);
#596=LINE('',#4502,#954);
#597=LINE('',#4505,#955);
#598=LINE('',#4507,#956);
#599=LINE('',#4508,#957);
#600=LINE('',#4509,#958);
#601=LINE('',#4511,#959);
#602=LINE('',#4513,#960);
#603=LINE('',#4515,#961);
#604=LINE('',#4516,#962);
#605=LINE('',#4544,#963);
#606=LINE('',#4546,#964);
#607=LINE('',#4550,#965);
#608=LINE('',#4554,#966);
#609=LINE('',#4556,#967);
#610=LINE('',#4558,#968);
#611=LINE('',#4562,#969);
#612=LINE('',#4566,#970);
#613=LINE('',#4569,#971);
#614=LINE('',#4573,#972);
#615=LINE('',#4574,#973);
#616=LINE('',#4575,#974);
#617=LINE('',#4579,#975);
#618=LINE('',#4583,#976);
#619=LINE('',#4585,#977);
#620=LINE('',#4587,#978);
#621=LINE('',#4588,#979);
#622=LINE('',#4594,#980);
#623=LINE('',#4600,#981);
#624=LINE('',#4603,#982);
#625=LINE('',#4606,#983);
#626=LINE('',#4608,#984);
#627=LINE('',#4609,#985);
#628=LINE('',#4612,#986);
#629=LINE('',#4614,#987);
#630=LINE('',#4615,#988);
#631=LINE('',#4619,#989);
#632=LINE('',#4622,#990);
#633=LINE('',#4623,#991);
#634=LINE('',#4628,#992);
#635=LINE('',#4630,#993);
#636=LINE('',#4631,#994);
#637=LINE('',#4634,#995);
#638=LINE('',#4636,#996);
#639=LINE('',#4637,#997);
#640=LINE('',#4640,#998);
#641=LINE('',#4642,#999);
#642=LINE('',#4645,#1000);
#643=LINE('',#4648,#1001);
#644=LINE('',#4662,#1002);
#645=LINE('',#4664,#1003);
#646=LINE('',#4665,#1004);
#647=LINE('',#4667,#1005);
#648=LINE('',#4675,#1006);
#649=LINE('',#4681,#1007);
#650=LINE('',#4684,#1008);
#651=LINE('',#4686,#1009);
#652=LINE('',#4687,#1010);
#653=LINE('',#4690,#1011);
#654=LINE('',#4705,#1012);
#655=LINE('',#4706,#1013);
#656=LINE('',#4708,#1014);
#657=LINE('',#4709,#1015);
#658=LINE('',#4712,#1016);
#659=LINE('',#4713,#1017);
#660=LINE('',#4715,#1018);
#661=LINE('',#4721,#1019);
#662=LINE('',#4724,#1020);
#663=LINE('',#4727,#1021);
#664=LINE('',#4730,#1022);
#665=LINE('',#4733,#1023);
#666=LINE('',#4734,#1024);
#667=LINE('',#4738,#1025);
#668=LINE('',#4739,#1026);
#669=LINE('',#4740,#1027);
#670=LINE('',#4743,#1028);
#671=LINE('',#4747,#1029);
#672=LINE('',#4751,#1030);
#673=LINE('',#4753,#1031);
#674=LINE('',#4755,#1032);
#675=LINE('',#4757,#1033);
#676=LINE('',#4758,#1034);
#677=LINE('',#4762,#1035);
#678=LINE('',#4763,#1036);
#679=LINE('',#4767,#1037);
#680=LINE('',#4769,#1038);
#681=LINE('',#4771,#1039);
#682=LINE('',#4772,#1040);
#683=LINE('',#4775,#1041);
#684=LINE('',#4778,#1042);
#685=LINE('',#4781,#1043);
#686=LINE('',#4783,#1044);
#687=LINE('',#4784,#1045);
#688=LINE('',#4787,#1046);
#689=LINE('',#4788,#1047);
#690=LINE('',#4791,#1048);
#691=LINE('',#4793,#1049);
#692=LINE('',#4794,#1050);
#693=LINE('',#4797,#1051);
#694=LINE('',#4799,#1052);
#695=LINE('',#4800,#1053);
#696=LINE('',#4806,#1054);
#697=LINE('',#4810,#1055);
#698=LINE('',#4812,#1056);
#699=LINE('',#4814,#1057);
#700=LINE('',#4815,#1058);
#701=LINE('',#4819,#1059);
#702=LINE('',#4821,#1060);
#703=LINE('',#4823,#1061);
#704=LINE('',#4824,#1062);
#705=LINE('',#4828,#1063);
#706=LINE('',#4829,#1064);
#707=LINE('',#4830,#1065);
#708=LINE('',#4833,#1066);
#709=LINE('',#4835,#1067);
#710=LINE('',#4836,#1068);
#711=LINE('',#4838,#1069);
#712=LINE('',#4840,#1070);
#713=LINE('',#4843,#1071);
#714=LINE('',#4845,#1072);
#715=LINE('',#4846,#1073);
#716=LINE('',#4849,#1074);
#717=LINE('',#4851,#1075);
#718=LINE('',#4853,#1076);
#719=LINE('',#4854,#1077);
#720=LINE('',#4856,#1078);
#721=LINE('',#4857,#1079);
#722=LINE('',#4859,#1080);
#723=LINE('',#4861,#1081);
#724=LINE('',#4864,#1082);
#725=LINE('',#4866,#1083);
#726=LINE('',#4871,#1084);
#727=LINE('',#4873,#1085);
#728=LINE('',#4877,#1086);
#729=LINE('',#4878,#1087);
#730=LINE('',#4882,#1088);
#731=LINE('',#4883,#1089);
#732=LINE('',#4884,#1090);
#733=LINE('',#4885,#1091);
#734=LINE('',#4888,#1092);
#735=LINE('',#4889,#1093);
#736=LINE('',#4893,#1094);
#737=LINE('',#4894,#1095);
#738=LINE('',#4895,#1096);
#739=LINE('',#4896,#1097);
#740=LINE('',#4899,#1098);
#741=LINE('',#4900,#1099);
#742=LINE('',#4902,#1100);
#743=LINE('',#4904,#1101);
#744=LINE('',#4906,#1102);
#745=LINE('',#4908,#1103);
#746=LINE('',#4914,#1104);
#747=LINE('',#4916,#1105);
#748=LINE('',#4918,#1106);
#749=LINE('',#4920,#1107);
#750=LINE('',#4922,#1108);
#751=LINE('',#4924,#1109);
#752=LINE('',#4926,#1110);
#753=LINE('',#4928,#1111);
#754=LINE('',#4930,#1112);
#755=LINE('',#4931,#1113);
#756=LINE('',#4935,#1114);
#757=LINE('',#4937,#1115);
#758=LINE('',#4939,#1116);
#759=LINE('',#4941,#1117);
#760=LINE('',#4943,#1118);
#761=LINE('',#4945,#1119);
#762=LINE('',#4947,#1120);
#763=LINE('',#4949,#1121);
#764=LINE('',#4951,#1122);
#765=LINE('',#4952,#1123);
#766=LINE('',#4955,#1124);
#767=LINE('',#4957,#1125);
#768=LINE('',#4958,#1126);
#769=LINE('',#4961,#1127);
#770=LINE('',#4964,#1128);
#771=LINE('',#4967,#1129);
#772=LINE('',#4968,#1130);
#773=LINE('',#4973,#1131);
#774=LINE('',#4977,#1132);
#775=LINE('',#4980,#1133);
#776=LINE('',#4982,#1134);
#777=LINE('',#4986,#1135);
#778=LINE('',#4989,#1136);
#779=LINE('',#4992,#1137);
#780=LINE('',#4993,#1138);
#781=LINE('',#4996,#1139);
#782=LINE('',#4998,#1140);
#783=LINE('',#4999,#1141);
#784=LINE('',#5002,#1142);
#785=LINE('',#5004,#1143);
#786=LINE('',#5005,#1144);
#787=LINE('',#5007,#1145);
#788=LINE('',#5011,#1146);
#789=LINE('',#5015,#1147);
#790=LINE('',#5020,#1148);
#791=LINE('',#5022,#1149);
#792=LINE('',#5026,#1150);
#793=LINE('',#5029,#1151);
#794=LINE('',#5035,#1152);
#795=LINE('',#5037,#1153);
#796=LINE('',#5039,#1154);
#797=LINE('',#5042,#1155);
#798=LINE('',#5045,#1156);
#799=LINE('',#5047,#1157);
#800=LINE('',#5048,#1158);
#801=LINE('',#5051,#1159);
#802=LINE('',#5052,#1160);
#803=LINE('',#5055,#1161);
#804=LINE('',#5058,#1162);
#805=LINE('',#5061,#1163);
#806=LINE('',#5062,#1164);
#807=LINE('',#5066,#1165);
#808=LINE('',#5068,#1166);
#809=LINE('',#5070,#1167);
#810=LINE('',#5071,#1168);
#811=LINE('',#5075,#1169);
#812=LINE('',#5077,#1170);
#813=LINE('',#5079,#1171);
#814=LINE('',#5080,#1172);
#815=LINE('',#5084,#1173);
#816=LINE('',#5086,#1174);
#817=LINE('',#5088,#1175);
#818=LINE('',#5089,#1176);
#819=LINE('',#5093,#1177);
#820=LINE('',#5095,#1178);
#821=LINE('',#5097,#1179);
#822=LINE('',#5098,#1180);
#823=LINE('',#5100,#1181);
#824=LINE('',#5101,#1182);
#825=LINE('',#5103,#1183);
#826=LINE('',#5104,#1184);
#827=LINE('',#5106,#1185);
#828=LINE('',#5107,#1186);
#829=LINE('',#5109,#1187);
#830=LINE('',#5110,#1188);
#831=LINE('',#5117,#1189);
#832=LINE('',#5118,#1190);
#833=LINE('',#5121,#1191);
#834=LINE('',#5122,#1192);
#835=LINE('',#5124,#1193);
#836=LINE('',#5129,#1194);
#837=LINE('',#5130,#1195);
#838=LINE('',#5133,#1196);
#839=LINE('',#5135,#1197);
#840=LINE('',#5136,#1198);
#841=LINE('',#5138,#1199);
#842=LINE('',#5140,#1200);
#843=LINE('',#5143,#1201);
#844=LINE('',#5144,#1202);
#845=LINE('',#5147,#1203);
#846=LINE('',#5148,#1204);
#847=LINE('',#5150,#1205);
#848=LINE('',#5154,#1206);
#849=LINE('',#5155,#1207);
#850=LINE('',#5160,#1208);
#851=LINE('',#5161,#1209);
#852=LINE('',#5177,#1210);
#853=LINE('',#5181,#1211);
#854=LINE('',#5182,#1212);
#855=LINE('',#5198,#1213);
#856=LINE('',#5199,#1214);
#857=LINE('',#5203,#1215);
#858=LINE('',#5206,#1216);
#859=LINE('',#5208,#1217);
#860=LINE('',#5211,#1218);
#861=LINE('',#5213,#1219);
#862=LINE('',#5219,#1220);
#863=LINE('',#5221,#1221);
#864=LINE('',#5222,#1222);
#865=LINE('',#5223,#1223);
#866=LINE('',#5226,#1224);
#867=LINE('',#5235,#1225);
#868=LINE('',#5238,#1226);
#869=LINE('',#5240,#1227);
#870=LINE('',#5241,#1228);
#871=LINE('',#5242,#1229);
#872=LINE('',#5245,#1230);
#873=LINE('',#5249,#1231);
#874=LINE('',#5250,#1232);
#875=LINE('',#5251,#1233);
#876=LINE('',#5254,#1234);
#877=LINE('',#5257,#1235);
#878=LINE('',#5261,#1236);
#879=LINE('',#5263,#1237);
#880=LINE('',#5265,#1238);
#881=LINE('',#5267,#1239);
#882=LINE('',#5269,#1240);
#883=LINE('',#5272,#1241);
#884=LINE('',#5275,#1242);
#885=LINE('',#5277,#1243);
#886=LINE('',#5279,#1244);
#887=VECTOR('',#3453,10.);
#888=VECTOR('',#3456,10.);
#889=VECTOR('',#3459,10.);
#890=VECTOR('',#3460,10.);
#891=VECTOR('',#3461,10.);
#892=VECTOR('',#3464,10.);
#893=VECTOR('',#3467,10.);
#894=VECTOR('',#3470,10.);
#895=VECTOR('',#3473,10.);
#896=VECTOR('',#3476,9.99999999999999);
#897=VECTOR('',#3479,10.);
#898=VECTOR('',#3482,10.);
#899=VECTOR('',#3485,10.);
#900=VECTOR('',#3488,10.);
#901=VECTOR('',#3491,10.);
#902=VECTOR('',#3494,10.);
#903=VECTOR('',#3501,10.);
#904=VECTOR('',#3502,10.);
#905=VECTOR('',#3505,10.);
#906=VECTOR('',#3506,10.);
#907=VECTOR('',#3509,10.);
#908=VECTOR('',#3514,10.);
#909=VECTOR('',#3515,10.);
#910=VECTOR('',#3518,10.);
#911=VECTOR('',#3519,10.);
#912=VECTOR('',#3524,10.);
#913=VECTOR('',#3525,10.);
#914=VECTOR('',#3528,9.99999999999999);
#915=VECTOR('',#3529,10.);
#916=VECTOR('',#3532,10.);
#917=VECTOR('',#3537,10.);
#918=VECTOR('',#3538,10.);
#919=VECTOR('',#3541,10.);
#920=VECTOR('',#3542,10.);
#921=VECTOR('',#3547,10.);
#922=VECTOR('',#3550,10.);
#923=VECTOR('',#3551,10.);
#924=VECTOR('',#3552,10.);
#925=VECTOR('',#3553,10.);
#926=VECTOR('',#3554,10.);
#927=VECTOR('',#3555,10.);
#928=VECTOR('',#3558,10.);
#929=VECTOR('',#3559,10.);
#930=VECTOR('',#3560,10.);
#931=VECTOR('',#3561,10.);
#932=VECTOR('',#3562,10.);
#933=VECTOR('',#3563,10.);
#934=VECTOR('',#3570,10.);
#935=VECTOR('',#3571,10.);
#936=VECTOR('',#3572,10.);
#937=VECTOR('',#3575,10.);
#938=VECTOR('',#3576,10.);
#939=VECTOR('',#3577,10.);
#940=VECTOR('',#3578,10.);
#941=VECTOR('',#3579,10.);
#942=VECTOR('',#3582,10.);
#943=VECTOR('',#3585,10.);
#944=VECTOR('',#3586,10.);
#945=VECTOR('',#3587,10.);
#946=VECTOR('',#3588,10.);
#947=VECTOR('',#3589,10.);
#948=VECTOR('',#3592,10.);
#949=VECTOR('',#3593,10.);
#950=VECTOR('',#3594,10.);
#951=VECTOR('',#3597,10.);
#952=VECTOR('',#3598,10.);
#953=VECTOR('',#3601,10.);
#954=VECTOR('',#3604,10.);
#955=VECTOR('',#3607,10.);
#956=VECTOR('',#3608,10.);
#957=VECTOR('',#3609,10.);
#958=VECTOR('',#3610,10.);
#959=VECTOR('',#3613,10.);
#960=VECTOR('',#3614,10.);
#961=VECTOR('',#3615,10.);
#962=VECTOR('',#3616,10.);
#963=VECTOR('',#3667,10.);
#964=VECTOR('',#3668,10.);
#965=VECTOR('',#3671,10.);
#966=VECTOR('',#3674,10.);
#967=VECTOR('',#3675,10.);
#968=VECTOR('',#3676,10.);
#969=VECTOR('',#3679,10.);
#970=VECTOR('',#3682,10.);
#971=VECTOR('',#3685,10.);
#972=VECTOR('',#3688,10.);
#973=VECTOR('',#3689,10.);
#974=VECTOR('',#3690,10.);
#975=VECTOR('',#3695,10.);
#976=VECTOR('',#3698,10.);
#977=VECTOR('',#3699,10.);
#978=VECTOR('',#3700,10.);
#979=VECTOR('',#3701,10.);
#980=VECTOR('',#3708,10.);
#981=VECTOR('',#3713,10.);
#982=VECTOR('',#3716,10.);
#983=VECTOR('',#3719,10.);
#984=VECTOR('',#3720,10.);
#985=VECTOR('',#3721,10.);
#986=VECTOR('',#3724,10.);
#987=VECTOR('',#3725,10.);
#988=VECTOR('',#3726,10.);
#989=VECTOR('',#3731,10.);
#990=VECTOR('',#3734,10.);
#991=VECTOR('',#3735,10.);
#992=VECTOR('',#3742,10.);
#993=VECTOR('',#3743,10.);
#994=VECTOR('',#3744,10.);
#995=VECTOR('',#3747,10.);
#996=VECTOR('',#3748,10.);
#997=VECTOR('',#3749,10.);
#998=VECTOR('',#3752,10.);
#999=VECTOR('',#3753,10.);
#1000=VECTOR('',#3756,10.);
#1001=VECTOR('',#3759,10.);
#1002=VECTOR('',#3762,10.);
#1003=VECTOR('',#3763,10.);
#1004=VECTOR('',#3764,10.);
#1005=VECTOR('',#3765,10.);
#1006=VECTOR('',#3770,9.99999999999998);
#1007=VECTOR('',#3773,10.);
#1008=VECTOR('',#3776,10.);
#1009=VECTOR('',#3777,10.);
#1010=VECTOR('',#3778,10.);
#1011=VECTOR('',#3781,10.);
#1012=VECTOR('',#3784,10.);
#1013=VECTOR('',#3785,10.);
#1014=VECTOR('',#3786,10.);
#1015=VECTOR('',#3787,10.);
#1016=VECTOR('',#3790,9.99999999999999);
#1017=VECTOR('',#3791,10.);
#1018=VECTOR('',#3794,10.);
#1019=VECTOR('',#3803,10.);
#1020=VECTOR('',#3806,10.);
#1021=VECTOR('',#3811,10.);
#1022=VECTOR('',#3814,10.);
#1023=VECTOR('',#3817,10.);
#1024=VECTOR('',#3818,10.);
#1025=VECTOR('',#3821,10.);
#1026=VECTOR('',#3822,10.);
#1027=VECTOR('',#3823,10.);
#1028=VECTOR('',#3826,10.);
#1029=VECTOR('',#3831,10.);
#1030=VECTOR('',#3834,10.);
#1031=VECTOR('',#3835,10.);
#1032=VECTOR('',#3836,10.);
#1033=VECTOR('',#3837,10.);
#1034=VECTOR('',#3838,10.);
#1035=VECTOR('',#3843,10.);
#1036=VECTOR('',#3844,10.);
#1037=VECTOR('',#3847,10.);
#1038=VECTOR('',#3848,10.);
#1039=VECTOR('',#3849,10.);
#1040=VECTOR('',#3850,10.);
#1041=VECTOR('',#3853,10.);
#1042=VECTOR('',#3856,10.);
#1043=VECTOR('',#3859,10.);
#1044=VECTOR('',#3860,10.);
#1045=VECTOR('',#3861,10.);
#1046=VECTOR('',#3864,10.);
#1047=VECTOR('',#3865,10.);
#1048=VECTOR('',#3868,10.);
#1049=VECTOR('',#3869,10.);
#1050=VECTOR('',#3870,10.);
#1051=VECTOR('',#3873,10.);
#1052=VECTOR('',#3874,10.);
#1053=VECTOR('',#3875,10.);
#1054=VECTOR('',#3884,10.);
#1055=VECTOR('',#3887,10.);
#1056=VECTOR('',#3888,10.);
#1057=VECTOR('',#3889,10.);
#1058=VECTOR('',#3890,10.);
#1059=VECTOR('',#3893,10.);
#1060=VECTOR('',#3894,10.);
#1061=VECTOR('',#3895,10.);
#1062=VECTOR('',#3896,10.);
#1063=VECTOR('',#3899,10.);
#1064=VECTOR('',#3900,10.);
#1065=VECTOR('',#3901,10.);
#1066=VECTOR('',#3904,10.);
#1067=VECTOR('',#3905,10.);
#1068=VECTOR('',#3906,10.);
#1069=VECTOR('',#3909,10.);
#1070=VECTOR('',#3912,10.);
#1071=VECTOR('',#3915,10.);
#1072=VECTOR('',#3916,10.);
#1073=VECTOR('',#3917,10.);
#1074=VECTOR('',#3918,10.);
#1075=VECTOR('',#3919,10.);
#1076=VECTOR('',#3920,10.);
#1077=VECTOR('',#3921,10.);
#1078=VECTOR('',#3924,10.);
#1079=VECTOR('',#3925,10.);
#1080=VECTOR('',#3928,10.);
#1081=VECTOR('',#3931,10.);
#1082=VECTOR('',#3936,10.);
#1083=VECTOR('',#3939,10.);
#1084=VECTOR('',#3946,10.);
#1085=VECTOR('',#3949,10.);
#1086=VECTOR('',#3954,10.);
#1087=VECTOR('',#3955,10.);
#1088=VECTOR('',#3958,10.);
#1089=VECTOR('',#3959,10.);
#1090=VECTOR('',#3960,10.);
#1091=VECTOR('',#3961,10.);
#1092=VECTOR('',#3964,10.);
#1093=VECTOR('',#3965,10.);
#1094=VECTOR('',#3968,10.);
#1095=VECTOR('',#3969,10.);
#1096=VECTOR('',#3970,10.);
#1097=VECTOR('',#3971,10.);
#1098=VECTOR('',#3974,10.);
#1099=VECTOR('',#3975,10.);
#1100=VECTOR('',#3978,10.);
#1101=VECTOR('',#3981,10.);
#1102=VECTOR('',#3984,10.);
#1103=VECTOR('',#3987,10.);
#1104=VECTOR('',#3994,10.);
#1105=VECTOR('',#3995,10.);
#1106=VECTOR('',#3996,10.);
#1107=VECTOR('',#3997,10.);
#1108=VECTOR('',#3998,10.);
#1109=VECTOR('',#3999,10.);
#1110=VECTOR('',#4000,10.);
#1111=VECTOR('',#4001,10.);
#1112=VECTOR('',#4002,10.);
#1113=VECTOR('',#4003,10.);
#1114=VECTOR('',#4006,10.);
#1115=VECTOR('',#4007,10.);
#1116=VECTOR('',#4008,10.);
#1117=VECTOR('',#4009,10.);
#1118=VECTOR('',#4010,10.);
#1119=VECTOR('',#4011,10.);
#1120=VECTOR('',#4012,10.);
#1121=VECTOR('',#4013,10.);
#1122=VECTOR('',#4014,10.);
#1123=VECTOR('',#4015,10.);
#1124=VECTOR('',#4018,10.);
#1125=VECTOR('',#4019,10.);
#1126=VECTOR('',#4020,10.);
#1127=VECTOR('',#4023,10.);
#1128=VECTOR('',#4026,10.);
#1129=VECTOR('',#4029,10.);
#1130=VECTOR('',#4030,10.);
#1131=VECTOR('',#4035,9.99999999999998);
#1132=VECTOR('',#4038,9.99999999999998);
#1133=VECTOR('',#4041,10.);
#1134=VECTOR('',#4042,10.);
#1135=VECTOR('',#4045,10.);
#1136=VECTOR('',#4048,10.);
#1137=VECTOR('',#4051,10.);
#1138=VECTOR('',#4052,10.);
#1139=VECTOR('',#4055,10.);
#1140=VECTOR('',#4056,10.);
#1141=VECTOR('',#4057,10.);
#1142=VECTOR('',#4060,10.);
#1143=VECTOR('',#4061,10.);
#1144=VECTOR('',#4062,10.);
#1145=VECTOR('',#4063,10.);
#1146=VECTOR('',#4066,10.);
#1147=VECTOR('',#4069,10.);
#1148=VECTOR('',#4074,10.);
#1149=VECTOR('',#4075,10.);
#1150=VECTOR('',#4078,10.);
#1151=VECTOR('',#4081,10.);
#1152=VECTOR('',#4086,10.);
#1153=VECTOR('',#4087,10.);
#1154=VECTOR('',#4088,10.);
#1155=VECTOR('',#4091,10.);
#1156=VECTOR('',#4094,10.);
#1157=VECTOR('',#4095,10.);
#1158=VECTOR('',#4096,10.);
#1159=VECTOR('',#4099,10.);
#1160=VECTOR('',#4100,10.);
#1161=VECTOR('',#4103,10.);
#1162=VECTOR('',#4106,10.);
#1163=VECTOR('',#4109,10.);
#1164=VECTOR('',#4110,10.);
#1165=VECTOR('',#4113,10.);
#1166=VECTOR('',#4114,10.);
#1167=VECTOR('',#4115,10.);
#1168=VECTOR('',#4116,10.);
#1169=VECTOR('',#4119,10.);
#1170=VECTOR('',#4120,10.);
#1171=VECTOR('',#4121,10.);
#1172=VECTOR('',#4122,10.);
#1173=VECTOR('',#4125,10.);
#1174=VECTOR('',#4126,10.);
#1175=VECTOR('',#4127,10.);
#1176=VECTOR('',#4128,10.);
#1177=VECTOR('',#4131,10.);
#1178=VECTOR('',#4132,10.);
#1179=VECTOR('',#4133,10.);
#1180=VECTOR('',#4134,10.);
#1181=VECTOR('',#4137,10.);
#1182=VECTOR('',#4138,10.);
#1183=VECTOR('',#4141,10.);
#1184=VECTOR('',#4142,10.);
#1185=VECTOR('',#4145,10.);
#1186=VECTOR('',#4146,10.);
#1187=VECTOR('',#4149,10.);
#1188=VECTOR('',#4150,10.);
#1189=VECTOR('',#4159,10.);
#1190=VECTOR('',#4160,10.);
#1191=VECTOR('',#4163,10.);
#1192=VECTOR('',#4164,10.);
#1193=VECTOR('',#4167,10.);
#1194=VECTOR('',#4174,10.);
#1195=VECTOR('',#4175,10.);
#1196=VECTOR('',#4178,10.);
#1197=VECTOR('',#4179,10.);
#1198=VECTOR('',#4180,10.);
#1199=VECTOR('',#4183,10.);
#1200=VECTOR('',#4186,10.);
#1201=VECTOR('',#4189,10.);
#1202=VECTOR('',#4190,10.);
#1203=VECTOR('',#4193,10.);
#1204=VECTOR('',#4194,10.);
#1205=VECTOR('',#4197,10.);
#1206=VECTOR('',#4202,10.);
#1207=VECTOR('',#4203,10.);
#1208=VECTOR('',#4208,10.);
#1209=VECTOR('',#4209,10.);
#1210=VECTOR('',#4214,10.);
#1211=VECTOR('',#4217,10.);
#1212=VECTOR('',#4218,10.);
#1213=VECTOR('',#4223,10.);
#1214=VECTOR('',#4224,10.);
#1215=VECTOR('',#4229,10.);
#1216=VECTOR('',#4232,10.);
#1217=VECTOR('',#4233,10.);
#1218=VECTOR('',#4236,10.);
#1219=VECTOR('',#4239,10.);
#1220=VECTOR('',#4246,10.);
#1221=VECTOR('',#4247,10.);
#1222=VECTOR('',#4248,10.);
#1223=VECTOR('',#4249,10.);
#1224=VECTOR('',#4252,10.);
#1225=VECTOR('',#4257,10.);
#1226=VECTOR('',#4260,10.);
#1227=VECTOR('',#4261,9.99999999999998);
#1228=VECTOR('',#4262,10.);
#1229=VECTOR('',#4263,9.99999999999998);
#1230=VECTOR('',#4266,10.);
#1231=VECTOR('',#4271,10.);
#1232=VECTOR('',#4272,9.99999999999998);
#1233=VECTOR('',#4273,9.99999999999998);
#1234=VECTOR('',#4276,10.);
#1235=VECTOR('',#4281,10.);
#1236=VECTOR('',#4288,10.);
#1237=VECTOR('',#4291,10.);
#1238=VECTOR('',#4294,10.);
#1239=VECTOR('',#4297,10.);
#1240=VECTOR('',#4300,10.);
#1241=VECTOR('',#4305,10.);
#1242=VECTOR('',#4310,10.);
#1243=VECTOR('',#4313,10.);
#1244=VECTOR('',#4316,10.);
#1245=CIRCLE('',#3189,3.);
#1246=CIRCLE('',#3190,3.);
#1247=CIRCLE('',#3193,3.);
#1248=CIRCLE('',#3194,3.);
#1249=CIRCLE('',#3195,3.);
#1250=CIRCLE('',#3196,3.);
#1251=CIRCLE('',#3197,3.);
#1252=CIRCLE('',#3198,2.99999999999999);
#1253=CIRCLE('',#3199,3.00000000000033);
#1254=CIRCLE('',#3200,2.99999999999999);
#1255=CIRCLE('',#3201,3.00000000000001);
#1256=CIRCLE('',#3202,3.00000000000029);
#1257=CIRCLE('',#3203,3.00000000000003);
#1258=CIRCLE('',#3205,3.);
#1259=CIRCLE('',#3209,3.);
#1260=CIRCLE('',#3212,3.);
#1261=CIRCLE('',#3216,3.00000000000029);
#1262=CIRCLE('',#3219,3.00000000000003);
#1263=CIRCLE('',#3223,3.);
#1264=CIRCLE('',#3224,3.);
#1265=CIRCLE('',#3225,3.00000000000001);
#1266=CIRCLE('',#3226,2.99999999999999);
#1267=CIRCLE('',#3227,3.00000000000033);
#1268=CIRCLE('',#3228,2.99999999999999);
#1269=CIRCLE('',#3237,2.8);
#1270=CIRCLE('',#3238,2.8);
#1271=CIRCLE('',#3242,2.8);
#1272=CIRCLE('',#3243,2.8);
#1273=CIRCLE('',#3247,2.8);
#1274=CIRCLE('',#3248,2.8);
#1275=CIRCLE('',#3252,2.8);
#1276=CIRCLE('',#3253,2.8);
#1277=CIRCLE('',#3259,1.25);
#1278=CIRCLE('',#3260,1.25);
#1279=CIRCLE('',#3261,3.);
#1280=CIRCLE('',#3262,3.);
#1281=CIRCLE('',#3263,3.);
#1282=CIRCLE('',#3266,3.);
#1283=CIRCLE('',#3269,2.);
#1284=CIRCLE('',#3270,2.);
#1285=CIRCLE('',#3272,2.);
#1286=CIRCLE('',#3273,2.);
#1287=CIRCLE('',#3277,3.);
#1288=CIRCLE('',#3280,3.);
#1289=CIRCLE('',#3296,2.99999999999999);
#1290=CIRCLE('',#3298,2.99999999999999);
#1291=CIRCLE('',#3300,2.);
#1292=CIRCLE('',#3302,2.99999999999994);
#1293=CIRCLE('',#3306,2.);
#1294=CIRCLE('',#3308,2.99999999999992);
#1295=CIRCLE('',#3313,2.);
#1296=CIRCLE('',#3319,1.25);
#1297=CIRCLE('',#3321,1.25);
#1298=CIRCLE('',#3337,2.);
#1299=CIRCLE('',#3358,3.);
#1300=CIRCLE('',#3359,3.);
#1301=CIRCLE('',#3360,3.);
#1302=CIRCLE('',#3361,1.25);
#1303=CIRCLE('',#3362,1.25);
#1304=CIRCLE('',#3366,2.99999999999994);
#1305=CIRCLE('',#3367,2.99999999999997);
#1306=CIRCLE('',#3368,2.9999999999999);
#1307=CIRCLE('',#3370,2.);
#1308=CIRCLE('',#3371,2.);
#1309=CIRCLE('',#3373,2.);
#1310=CIRCLE('',#3374,2.);
#1311=CIRCLE('',#3378,2.);
#1312=CIRCLE('',#3391,1.25);
#1313=CIRCLE('',#3395,1.25);
#1314=CIRCLE('',#3409,2.);
#1315=CIRCLE('',#3413,2.);
#1316=CIRCLE('',#3415,2.);
#1317=CIRCLE('',#3418,2.99999999999997);
#1318=CIRCLE('',#3425,3.);
#1319=CIRCLE('',#3428,3.);
#1320=CIRCLE('',#3431,3.);
#1321=VERTEX_POINT('',#4324);
#1322=VERTEX_POINT('',#4325);
#1323=VERTEX_POINT('',#4327);
#1324=VERTEX_POINT('',#4329);
#1325=VERTEX_POINT('',#4333);
#1326=VERTEX_POINT('',#4335);
#1327=VERTEX_POINT('',#4339);
#1328=VERTEX_POINT('',#4341);
#1329=VERTEX_POINT('',#4343);
#1330=VERTEX_POINT('',#4345);
#1331=VERTEX_POINT('',#4347);
#1332=VERTEX_POINT('',#4349);
#1333=VERTEX_POINT('',#4351);
#1334=VERTEX_POINT('',#4353);
#1335=VERTEX_POINT('',#4355);
#1336=VERTEX_POINT('',#4358);
#1337=VERTEX_POINT('',#4359);
#1338=VERTEX_POINT('',#4361);
#1339=VERTEX_POINT('',#4363);
#1340=VERTEX_POINT('',#4365);
#1341=VERTEX_POINT('',#4367);
#1342=VERTEX_POINT('',#4369);
#1343=VERTEX_POINT('',#4371);
#1344=VERTEX_POINT('',#4373);
#1345=VERTEX_POINT('',#4375);
#1346=VERTEX_POINT('',#4377);
#1347=VERTEX_POINT('',#4379);
#1348=VERTEX_POINT('',#4383);
#1349=VERTEX_POINT('',#4384);
#1350=VERTEX_POINT('',#4389);
#1351=VERTEX_POINT('',#4395);
#1352=VERTEX_POINT('',#4396);
#1353=VERTEX_POINT('',#4401);
#1354=VERTEX_POINT('',#4405);
#1355=VERTEX_POINT('',#4406);
#1356=VERTEX_POINT('',#4411);
#1357=VERTEX_POINT('',#4417);
#1358=VERTEX_POINT('',#4418);
#1359=VERTEX_POINT('',#4423);
#1360=VERTEX_POINT('',#4427);
#1361=VERTEX_POINT('',#4431);
#1362=VERTEX_POINT('',#4433);
#1363=VERTEX_POINT('',#4435);
#1364=VERTEX_POINT('',#4437);
#1365=VERTEX_POINT('',#4439);
#1366=VERTEX_POINT('',#4443);
#1367=VERTEX_POINT('',#4445);
#1368=VERTEX_POINT('',#4447);
#1369=VERTEX_POINT('',#4449);
#1370=VERTEX_POINT('',#4451);
#1371=VERTEX_POINT('',#4457);
#1372=VERTEX_POINT('',#4459);
#1373=VERTEX_POINT('',#4462);
#1374=VERTEX_POINT('',#4464);
#1375=VERTEX_POINT('',#4466);
#1376=VERTEX_POINT('',#4468);
#1377=VERTEX_POINT('',#4470);
#1378=VERTEX_POINT('',#4472);
#1379=VERTEX_POINT('',#4474);
#1380=VERTEX_POINT('',#4476);
#1381=VERTEX_POINT('',#4478);
#1382=VERTEX_POINT('',#4480);
#1383=VERTEX_POINT('',#4482);
#1384=VERTEX_POINT('',#4484);
#1385=VERTEX_POINT('',#4486);
#1386=VERTEX_POINT('',#4488);
#1387=VERTEX_POINT('',#4491);
#1388=VERTEX_POINT('',#4493);
#1389=VERTEX_POINT('',#4504);
#1390=VERTEX_POINT('',#4506);
#1391=VERTEX_POINT('',#4512);
#1392=VERTEX_POINT('',#4514);
#1393=VERTEX_POINT('',#4542);
#1394=VERTEX_POINT('',#4543);
#1395=VERTEX_POINT('',#4545);
#1396=VERTEX_POINT('',#4547);
#1397=VERTEX_POINT('',#4549);
#1398=VERTEX_POINT('',#4551);
#1399=VERTEX_POINT('',#4553);
#1400=VERTEX_POINT('',#4555);
#1401=VERTEX_POINT('',#4557);
#1402=VERTEX_POINT('',#4559);
#1403=VERTEX_POINT('',#4561);
#1404=VERTEX_POINT('',#4563);
#1405=VERTEX_POINT('',#4565);
#1406=VERTEX_POINT('',#4567);
#1407=VERTEX_POINT('',#4571);
#1408=VERTEX_POINT('',#4572);
#1409=VERTEX_POINT('',#4577);
#1410=VERTEX_POINT('',#4581);
#1411=VERTEX_POINT('',#4582);
#1412=VERTEX_POINT('',#4584);
#1413=VERTEX_POINT('',#4586);
#1414=VERTEX_POINT('',#4590);
#1415=VERTEX_POINT('',#4592);
#1416=VERTEX_POINT('',#4596);
#1417=VERTEX_POINT('',#4597);
#1418=VERTEX_POINT('',#4599);
#1419=VERTEX_POINT('',#4601);
#1420=VERTEX_POINT('',#4605);
#1421=VERTEX_POINT('',#4607);
#1422=VERTEX_POINT('',#4611);
#1423=VERTEX_POINT('',#4613);
#1424=VERTEX_POINT('',#4617);
#1425=VERTEX_POINT('',#4621);
#1426=VERTEX_POINT('',#4627);
#1427=VERTEX_POINT('',#4629);
#1428=VERTEX_POINT('',#4633);
#1429=VERTEX_POINT('',#4635);
#1430=VERTEX_POINT('',#4639);
#1431=VERTEX_POINT('',#4641);
#1432=VERTEX_POINT('',#4643);
#1433=VERTEX_POINT('',#4647);
#1434=VERTEX_POINT('',#4661);
#1435=VERTEX_POINT('',#4663);
#1436=VERTEX_POINT('',#4666);
#1437=VERTEX_POINT('',#4670);
#1438=VERTEX_POINT('',#4674);
#1439=VERTEX_POINT('',#4680);
#1440=VERTEX_POINT('',#4682);
#1441=VERTEX_POINT('',#4685);
#1442=VERTEX_POINT('',#4689);
#1443=VERTEX_POINT('',#4703);
#1444=VERTEX_POINT('',#4704);
#1445=VERTEX_POINT('',#4707);
#1446=VERTEX_POINT('',#4711);
#1447=VERTEX_POINT('',#4719);
#1448=VERTEX_POINT('',#4723);
#1449=VERTEX_POINT('',#4728);
#1450=VERTEX_POINT('',#4732);
#1451=VERTEX_POINT('',#4736);
#1452=VERTEX_POINT('',#4737);
#1453=VERTEX_POINT('',#4742);
#1454=VERTEX_POINT('',#4746);
#1455=VERTEX_POINT('',#4748);
#1456=VERTEX_POINT('',#4750);
#1457=VERTEX_POINT('',#4752);
#1458=VERTEX_POINT('',#4754);
#1459=VERTEX_POINT('',#4756);
#1460=VERTEX_POINT('',#4760);
#1461=VERTEX_POINT('',#4765);
#1462=VERTEX_POINT('',#4766);
#1463=VERTEX_POINT('',#4768);
#1464=VERTEX_POINT('',#4770);
#1465=VERTEX_POINT('',#4774);
#1466=VERTEX_POINT('',#4776);
#1467=VERTEX_POINT('',#4780);
#1468=VERTEX_POINT('',#4782);
#1469=VERTEX_POINT('',#4786);
#1470=VERTEX_POINT('',#4790);
#1471=VERTEX_POINT('',#4792);
#1472=VERTEX_POINT('',#4796);
#1473=VERTEX_POINT('',#4798);
#1474=VERTEX_POINT('',#4804);
#1475=VERTEX_POINT('',#4808);
#1476=VERTEX_POINT('',#4809);
#1477=VERTEX_POINT('',#4811);
#1478=VERTEX_POINT('',#4813);
#1479=VERTEX_POINT('',#4817);
#1480=VERTEX_POINT('',#4818);
#1481=VERTEX_POINT('',#4820);
#1482=VERTEX_POINT('',#4822);
#1483=VERTEX_POINT('',#4826);
#1484=VERTEX_POINT('',#4827);
#1485=VERTEX_POINT('',#4832);
#1486=VERTEX_POINT('',#4834);
#1487=VERTEX_POINT('',#4842);
#1488=VERTEX_POINT('',#4844);
#1489=VERTEX_POINT('',#4847);
#1490=VERTEX_POINT('',#4848);
#1491=VERTEX_POINT('',#4850);
#1492=VERTEX_POINT('',#4852);
#1493=VERTEX_POINT('',#4869);
#1494=VERTEX_POINT('',#4876);
#1495=VERTEX_POINT('',#4880);
#1496=VERTEX_POINT('',#4881);
#1497=VERTEX_POINT('',#4887);
#1498=VERTEX_POINT('',#4891);
#1499=VERTEX_POINT('',#4892);
#1500=VERTEX_POINT('',#4898);
#1501=VERTEX_POINT('',#4912);
#1502=VERTEX_POINT('',#4913);
#1503=VERTEX_POINT('',#4915);
#1504=VERTEX_POINT('',#4917);
#1505=VERTEX_POINT('',#4919);
#1506=VERTEX_POINT('',#4921);
#1507=VERTEX_POINT('',#4923);
#1508=VERTEX_POINT('',#4925);
#1509=VERTEX_POINT('',#4927);
#1510=VERTEX_POINT('',#4929);
#1511=VERTEX_POINT('',#4933);
#1512=VERTEX_POINT('',#4934);
#1513=VERTEX_POINT('',#4936);
#1514=VERTEX_POINT('',#4938);
#1515=VERTEX_POINT('',#4940);
#1516=VERTEX_POINT('',#4942);
#1517=VERTEX_POINT('',#4944);
#1518=VERTEX_POINT('',#4946);
#1519=VERTEX_POINT('',#4948);
#1520=VERTEX_POINT('',#4950);
#1521=VERTEX_POINT('',#4954);
#1522=VERTEX_POINT('',#4956);
#1523=VERTEX_POINT('',#4960);
#1524=VERTEX_POINT('',#4962);
#1525=VERTEX_POINT('',#4966);
#1526=VERTEX_POINT('',#4970);
#1527=VERTEX_POINT('',#4972);
#1528=VERTEX_POINT('',#4974);
#1529=VERTEX_POINT('',#4976);
#1530=VERTEX_POINT('',#4978);
#1531=VERTEX_POINT('',#4981);
#1532=VERTEX_POINT('',#4983);
#1533=VERTEX_POINT('',#4985);
#1534=VERTEX_POINT('',#4987);
#1535=VERTEX_POINT('',#4991);
#1536=VERTEX_POINT('',#4995);
#1537=VERTEX_POINT('',#4997);
#1538=VERTEX_POINT('',#5001);
#1539=VERTEX_POINT('',#5003);
#1540=VERTEX_POINT('',#5006);
#1541=VERTEX_POINT('',#5008);
#1542=VERTEX_POINT('',#5010);
#1543=VERTEX_POINT('',#5012);
#1544=VERTEX_POINT('',#5014);
#1545=VERTEX_POINT('',#5018);
#1546=VERTEX_POINT('',#5019);
#1547=VERTEX_POINT('',#5021);
#1548=VERTEX_POINT('',#5023);
#1549=VERTEX_POINT('',#5025);
#1550=VERTEX_POINT('',#5027);
#1551=VERTEX_POINT('',#5031);
#1552=VERTEX_POINT('',#5032);
#1553=VERTEX_POINT('',#5034);
#1554=VERTEX_POINT('',#5036);
#1555=VERTEX_POINT('',#5038);
#1556=VERTEX_POINT('',#5040);
#1557=VERTEX_POINT('',#5044);
#1558=VERTEX_POINT('',#5046);
#1559=VERTEX_POINT('',#5050);
#1560=VERTEX_POINT('',#5054);
#1561=VERTEX_POINT('',#5056);
#1562=VERTEX_POINT('',#5060);
#1563=VERTEX_POINT('',#5064);
#1564=VERTEX_POINT('',#5065);
#1565=VERTEX_POINT('',#5067);
#1566=VERTEX_POINT('',#5069);
#1567=VERTEX_POINT('',#5073);
#1568=VERTEX_POINT('',#5074);
#1569=VERTEX_POINT('',#5076);
#1570=VERTEX_POINT('',#5078);
#1571=VERTEX_POINT('',#5082);
#1572=VERTEX_POINT('',#5083);
#1573=VERTEX_POINT('',#5085);
#1574=VERTEX_POINT('',#5087);
#1575=VERTEX_POINT('',#5091);
#1576=VERTEX_POINT('',#5092);
#1577=VERTEX_POINT('',#5094);
#1578=VERTEX_POINT('',#5096);
#1579=VERTEX_POINT('',#5114);
#1580=VERTEX_POINT('',#5115);
#1581=VERTEX_POINT('',#5120);
#1582=VERTEX_POINT('',#5128);
#1583=VERTEX_POINT('',#5132);
#1584=VERTEX_POINT('',#5134);
#1585=VERTEX_POINT('',#5142);
#1586=VERTEX_POINT('',#5146);
#1587=VERTEX_POINT('',#5153);
#1588=VERTEX_POINT('',#5157);
#1589=VERTEX_POINT('',#5158);
#1590=VERTEX_POINT('',#5162);
#1591=VERTEX_POINT('',#5176);
#1592=VERTEX_POINT('',#5178);
#1593=VERTEX_POINT('',#5180);
#1594=VERTEX_POINT('',#5184);
#1595=VERTEX_POINT('',#5185);
#1596=VERTEX_POINT('',#5201);
#1597=VERTEX_POINT('',#5205);
#1598=VERTEX_POINT('',#5207);
#1599=VERTEX_POINT('',#5209);
#1600=VERTEX_POINT('',#5217);
#1601=VERTEX_POINT('',#5218);
#1602=VERTEX_POINT('',#5220);
#1603=VERTEX_POINT('',#5225);
#1604=VERTEX_POINT('',#5237);
#1605=VERTEX_POINT('',#5239);
#1606=VERTEX_POINT('',#5244);
#1607=VERTEX_POINT('',#5248);
#1608=VERTEX_POINT('',#5253);
#1609=EDGE_CURVE('',#1321,#1322,#1245,.T.);
#1610=EDGE_CURVE('',#1322,#1323,#529,.T.);
#1611=EDGE_CURVE('',#1323,#1324,#1246,.T.);
#1612=EDGE_CURVE('',#1324,#1321,#530,.T.);
#1613=EDGE_CURVE('',#1325,#1324,#531,.T.);
#1614=EDGE_CURVE('',#1326,#1325,#532,.T.);
#1615=EDGE_CURVE('',#1321,#1326,#533,.T.);
#1616=EDGE_CURVE('',#1323,#1327,#534,.F.);
#1617=EDGE_CURVE('',#1328,#1327,#1247,.T.);
#1618=EDGE_CURVE('',#1328,#1329,#535,.T.);
#1619=EDGE_CURVE('',#1330,#1329,#1248,.T.);
#1620=EDGE_CURVE('',#1330,#1331,#536,.T.);
#1621=EDGE_CURVE('',#1332,#1331,#1249,.T.);
#1622=EDGE_CURVE('',#1332,#1333,#537,.F.);
#1623=EDGE_CURVE('',#1334,#1333,#1250,.T.);
#1624=EDGE_CURVE('',#1334,#1335,#538,.T.);
#1625=EDGE_CURVE('',#1325,#1335,#1251,.T.);
#1626=EDGE_CURVE('',#1336,#1337,#539,.F.);
#1627=EDGE_CURVE('',#1338,#1337,#1252,.T.);
#1628=EDGE_CURVE('',#1338,#1339,#540,.F.);
#1629=EDGE_CURVE('',#1340,#1339,#1253,.T.);
#1630=EDGE_CURVE('',#1340,#1341,#541,.F.);
#1631=EDGE_CURVE('',#1342,#1341,#1254,.T.);
#1632=EDGE_CURVE('',#1342,#1343,#542,.F.);
#1633=EDGE_CURVE('',#1344,#1343,#1255,.T.);
#1634=EDGE_CURVE('',#1344,#1345,#543,.F.);
#1635=EDGE_CURVE('',#1346,#1345,#1256,.T.);
#1636=EDGE_CURVE('',#1346,#1347,#544,.F.);
#1637=EDGE_CURVE('',#1336,#1347,#1257,.T.);
#1638=EDGE_CURVE('',#1348,#1349,#1258,.T.);
#1639=EDGE_CURVE('',#1349,#1328,#545,.T.);
#1640=EDGE_CURVE('',#1327,#1348,#546,.T.);
#1641=EDGE_CURVE('',#1350,#1349,#547,.T.);
#1642=EDGE_CURVE('',#1329,#1350,#548,.T.);
#1643=EDGE_CURVE('',#1348,#1322,#549,.T.);
#1644=EDGE_CURVE('',#1351,#1352,#1259,.T.);
#1645=EDGE_CURVE('',#1352,#1332,#550,.T.);
#1646=EDGE_CURVE('',#1331,#1351,#551,.T.);
#1647=EDGE_CURVE('',#1353,#1330,#552,.T.);
#1648=EDGE_CURVE('',#1351,#1353,#553,.T.);
#1649=EDGE_CURVE('',#1354,#1355,#1260,.T.);
#1650=EDGE_CURVE('',#1355,#1334,#554,.T.);
#1651=EDGE_CURVE('',#1333,#1354,#555,.T.);
#1652=EDGE_CURVE('',#1356,#1355,#556,.T.);
#1653=EDGE_CURVE('',#1335,#1356,#557,.T.);
#1654=EDGE_CURVE('',#1354,#1352,#558,.T.);
#1655=EDGE_CURVE('',#1357,#1358,#1261,.T.);
#1656=EDGE_CURVE('',#1358,#1346,#559,.T.);
#1657=EDGE_CURVE('',#1345,#1357,#560,.T.);
#1658=EDGE_CURVE('',#1359,#1358,#561,.T.);
#1659=EDGE_CURVE('',#1347,#1359,#562,.T.);
#1660=EDGE_CURVE('',#1359,#1360,#1262,.T.);
#1661=EDGE_CURVE('',#1360,#1336,#563,.T.);
#1662=EDGE_CURVE('',#1361,#1360,#564,.T.);
#1663=EDGE_CURVE('',#1361,#1362,#565,.T.);
#1664=EDGE_CURVE('',#1362,#1363,#566,.T.);
#1665=EDGE_CURVE('',#1363,#1364,#567,.F.);
#1666=EDGE_CURVE('',#1365,#1364,#568,.T.);
#1667=EDGE_CURVE('',#1337,#1365,#569,.T.);
#1668=EDGE_CURVE('',#1366,#1344,#570,.T.);
#1669=EDGE_CURVE('',#1367,#1366,#571,.T.);
#1670=EDGE_CURVE('',#1367,#1368,#572,.F.);
#1671=EDGE_CURVE('',#1368,#1369,#573,.T.);
#1672=EDGE_CURVE('',#1369,#1370,#574,.T.);
#1673=EDGE_CURVE('',#1357,#1370,#575,.T.);
#1674=EDGE_CURVE('',#1356,#1326,#1263,.T.);
#1675=EDGE_CURVE('',#1350,#1353,#1264,.T.);
#1676=EDGE_CURVE('',#1370,#1371,#576,.T.);
#1677=EDGE_CURVE('',#1371,#1372,#577,.T.);
#1678=EDGE_CURVE('',#1367,#1372,#578,.T.);
#1679=EDGE_CURVE('',#1373,#1366,#1265,.T.);
#1680=EDGE_CURVE('',#1373,#1374,#579,.T.);
#1681=EDGE_CURVE('',#1374,#1375,#580,.T.);
#1682=EDGE_CURVE('',#1375,#1376,#581,.T.);
#1683=EDGE_CURVE('',#1377,#1376,#582,.T.);
#1684=EDGE_CURVE('',#1377,#1378,#583,.T.);
#1685=EDGE_CURVE('',#1379,#1378,#1266,.T.);
#1686=EDGE_CURVE('',#1379,#1380,#584,.T.);
#1687=EDGE_CURVE('',#1381,#1380,#1267,.T.);
#1688=EDGE_CURVE('',#1381,#1382,#585,.T.);
#1689=EDGE_CURVE('',#1382,#1383,#586,.T.);
#1690=EDGE_CURVE('',#1383,#1384,#587,.T.);
#1691=EDGE_CURVE('',#1385,#1384,#588,.T.);
#1692=EDGE_CURVE('',#1385,#1386,#589,.T.);
#1693=EDGE_CURVE('',#1365,#1386,#1268,.T.);
#1694=EDGE_CURVE('',#1387,#1364,#590,.T.);
#1695=EDGE_CURVE('',#1387,#1388,#591,.T.);
#1696=EDGE_CURVE('',#1388,#1361,#592,.T.);
#1697=EDGE_CURVE('',#1380,#1340,#593,.T.);
#1698=EDGE_CURVE('',#1339,#1381,#594,.T.);
#1699=EDGE_CURVE('',#1341,#1379,#595,.T.);
#1700=EDGE_CURVE('',#1378,#1342,#596,.T.);
#1701=EDGE_CURVE('',#1377,#1389,#597,.F.);
#1702=EDGE_CURVE('',#1389,#1390,#598,.T.);
#1703=EDGE_CURVE('',#1390,#1374,#599,.T.);
#1704=EDGE_CURVE('',#1343,#1373,#600,.T.);
#1705=EDGE_CURVE('',#1386,#1338,#601,.T.);
#1706=EDGE_CURVE('',#1385,#1391,#602,.F.);
#1707=EDGE_CURVE('',#1391,#1392,#603,.T.);
#1708=EDGE_CURVE('',#1392,#1382,#604,.T.);
#1709=EDGE_CURVE('',#1372,#1368,#1269,.F.);
#1710=EDGE_CURVE('',#1371,#1369,#1270,.F.);
#1711=EDGE_CURVE('',#1362,#1388,#1271,.F.);
#1712=EDGE_CURVE('',#1363,#1387,#1272,.F.);
#1713=EDGE_CURVE('',#1376,#1389,#1273,.F.);
#1714=EDGE_CURVE('',#1375,#1390,#1274,.F.);
#1715=EDGE_CURVE('',#1384,#1391,#1275,.F.);
#1716=EDGE_CURVE('',#1383,#1392,#1276,.F.);
#1717=EDGE_CURVE('',#1393,#1394,#605,.T.);
#1718=EDGE_CURVE('',#1393,#1395,#606,.T.);
#1719=EDGE_CURVE('',#1396,#1395,#1277,.T.);
#1720=EDGE_CURVE('',#1396,#1397,#607,.T.);
#1721=EDGE_CURVE('',#1398,#1397,#1278,.T.);
#1722=EDGE_CURVE('',#1398,#1399,#608,.T.);
#1723=EDGE_CURVE('',#1400,#1399,#609,.T.);
#1724=EDGE_CURVE('',#1400,#1401,#610,.T.);
#1725=EDGE_CURVE('',#1402,#1401,#1279,.F.);
#1726=EDGE_CURVE('',#1402,#1403,#611,.T.);
#1727=EDGE_CURVE('',#1404,#1403,#1280,.F.);
#1728=EDGE_CURVE('',#1404,#1405,#612,.T.);
#1729=EDGE_CURVE('',#1406,#1405,#1281,.F.);
#1730=EDGE_CURVE('',#1406,#1394,#613,.T.);
#1731=EDGE_CURVE('',#1407,#1408,#614,.T.);
#1732=EDGE_CURVE('',#1403,#1407,#615,.T.);
#1733=EDGE_CURVE('',#1408,#1402,#616,.T.);
#1734=EDGE_CURVE('',#1408,#1409,#1282,.T.);
#1735=EDGE_CURVE('',#1401,#1409,#617,.T.);
#1736=EDGE_CURVE('',#1410,#1411,#618,.T.);
#1737=EDGE_CURVE('',#1412,#1411,#619,.T.);
#1738=EDGE_CURVE('',#1413,#1412,#620,.T.);
#1739=EDGE_CURVE('',#1410,#1413,#621,.T.);
#1740=EDGE_CURVE('',#1414,#1410,#1283,.T.);
#1741=EDGE_CURVE('',#1413,#1415,#1284,.T.);
#1742=EDGE_CURVE('',#1415,#1414,#622,.T.);
#1743=EDGE_CURVE('',#1416,#1417,#1285,.T.);
#1744=EDGE_CURVE('',#1417,#1418,#623,.T.);
#1745=EDGE_CURVE('',#1418,#1419,#1286,.T.);
#1746=EDGE_CURVE('',#1419,#1416,#624,.T.);
#1747=EDGE_CURVE('',#1420,#1416,#625,.T.);
#1748=EDGE_CURVE('',#1419,#1421,#626,.T.);
#1749=EDGE_CURVE('',#1420,#1421,#627,.T.);
#1750=EDGE_CURVE('',#1394,#1422,#628,.T.);
#1751=EDGE_CURVE('',#1423,#1406,#629,.T.);
#1752=EDGE_CURVE('',#1422,#1423,#630,.T.);
#1753=EDGE_CURVE('',#1423,#1424,#1287,.T.);
#1754=EDGE_CURVE('',#1405,#1424,#631,.T.);
#1755=EDGE_CURVE('',#1424,#1425,#632,.T.);
#1756=EDGE_CURVE('',#1425,#1404,#633,.T.);
#1757=EDGE_CURVE('',#1425,#1407,#1288,.T.);
#1758=EDGE_CURVE('',#1426,#1417,#634,.T.);
#1759=EDGE_CURVE('',#1427,#1426,#635,.T.);
#1760=EDGE_CURVE('',#1418,#1427,#636,.T.);
#1761=EDGE_CURVE('',#1414,#1428,#637,.T.);
#1762=EDGE_CURVE('',#1429,#1415,#638,.T.);
#1763=EDGE_CURVE('',#1428,#1429,#639,.T.);
#1764=EDGE_CURVE('',#1422,#1430,#640,.T.);
#1765=EDGE_CURVE('',#1431,#1423,#641,.T.);
#1766=EDGE_CURVE('',#1432,#1431,#29,.F.);
#1767=EDGE_CURVE('',#1432,#1430,#642,.F.);
#1768=EDGE_CURVE('',#1433,#1424,#643,.T.);
#1769=EDGE_CURVE('',#1433,#1431,#19,.T.);
#1770=EDGE_CURVE('',#1434,#1425,#644,.T.);
#1771=EDGE_CURVE('',#1435,#1434,#645,.T.);
#1772=EDGE_CURVE('',#1435,#1414,#646,.T.);
#1773=EDGE_CURVE('',#1428,#1436,#647,.T.);
#1774=EDGE_CURVE('',#1433,#1436,#30,.F.);
#1775=EDGE_CURVE('',#1434,#1437,#15,.T.);
#1776=EDGE_CURVE('',#1438,#1407,#648,.T.);
#1777=EDGE_CURVE('',#1437,#1438,#16,.T.);
#1778=EDGE_CURVE('',#1408,#1439,#649,.F.);
#1779=EDGE_CURVE('',#1439,#1440,#31,.T.);
#1780=EDGE_CURVE('',#1426,#1440,#650,.T.);
#1781=EDGE_CURVE('',#1441,#1417,#651,.T.);
#1782=EDGE_CURVE('',#1438,#1441,#652,.T.);
#1783=EDGE_CURVE('',#1442,#1409,#653,.T.);
#1784=EDGE_CURVE('',#1439,#1442,#20,.F.);
#1785=EDGE_CURVE('',#1443,#1444,#654,.T.);
#1786=EDGE_CURVE('',#1411,#1443,#655,.T.);
#1787=EDGE_CURVE('',#1435,#1445,#656,.T.);
#1788=EDGE_CURVE('',#1445,#1444,#657,.T.);
#1789=EDGE_CURVE('',#1438,#1446,#658,.T.);
#1790=EDGE_CURVE('',#1446,#1437,#659,.T.);
#1791=EDGE_CURVE('',#1446,#1434,#660,.T.);
#1792=EDGE_CURVE('',#1435,#1441,#1289,.T.);
#1793=EDGE_CURVE('',#1445,#1447,#1290,.T.);
#1794=EDGE_CURVE('',#1441,#1447,#661,.T.);
#1795=EDGE_CURVE('',#1436,#1448,#662,.T.);
#1796=EDGE_CURVE('',#1448,#1428,#1291,.T.);
#1797=EDGE_CURVE('',#1443,#1448,#663,.T.);
#1798=EDGE_CURVE('',#1444,#1449,#1292,.T.);
#1799=EDGE_CURVE('',#1449,#1432,#664,.T.);
#1800=EDGE_CURVE('',#1430,#1450,#665,.T.);
#1801=EDGE_CURVE('',#1450,#1449,#666,.T.);
#1802=EDGE_CURVE('',#1451,#1452,#667,.T.);
#1803=EDGE_CURVE('',#1447,#1451,#668,.T.);
#1804=EDGE_CURVE('',#1452,#1420,#669,.T.);
#1805=EDGE_CURVE('',#1453,#1440,#670,.T.);
#1806=EDGE_CURVE('',#1426,#1453,#1293,.T.);
#1807=EDGE_CURVE('',#1450,#1454,#671,.T.);
#1808=EDGE_CURVE('',#1455,#1451,#1294,.T.);
#1809=EDGE_CURVE('',#1455,#1456,#672,.T.);
#1810=EDGE_CURVE('',#1457,#1456,#673,.T.);
#1811=EDGE_CURVE('',#1457,#1458,#674,.T.);
#1812=EDGE_CURVE('',#1458,#1459,#675,.T.);
#1813=EDGE_CURVE('',#1459,#1454,#676,.T.);
#1814=EDGE_CURVE('',#1460,#1442,#32,.T.);
#1815=EDGE_CURVE('',#1460,#1455,#677,.T.);
#1816=EDGE_CURVE('',#1452,#1453,#678,.T.);
#1817=EDGE_CURVE('',#1461,#1462,#679,.T.);
#1818=EDGE_CURVE('',#1461,#1463,#680,.T.);
#1819=EDGE_CURVE('',#1463,#1464,#681,.T.);
#1820=EDGE_CURVE('',#1462,#1464,#682,.F.);
#1821=EDGE_CURVE('',#1421,#1465,#683,.T.);
#1822=EDGE_CURVE('',#1466,#1427,#1295,.T.);
#1823=EDGE_CURVE('',#1466,#1465,#684,.T.);
#1824=EDGE_CURVE('',#1467,#1458,#685,.T.);
#1825=EDGE_CURVE('',#1468,#1467,#686,.F.);
#1826=EDGE_CURVE('',#1468,#1459,#687,.T.);
#1827=EDGE_CURVE('',#1469,#1412,#688,.T.);
#1828=EDGE_CURVE('',#1443,#1469,#689,.F.);
#1829=EDGE_CURVE('',#1399,#1470,#690,.T.);
#1830=EDGE_CURVE('',#1471,#1398,#691,.T.);
#1831=EDGE_CURVE('',#1471,#1470,#692,.T.);
#1832=EDGE_CURVE('',#1472,#1396,#693,.T.);
#1833=EDGE_CURVE('',#1472,#1473,#694,.T.);
#1834=EDGE_CURVE('',#1397,#1473,#695,.T.);
#1835=EDGE_CURVE('',#1471,#1473,#1296,.T.);
#1836=EDGE_CURVE('',#1472,#1474,#1297,.T.);
#1837=EDGE_CURVE('',#1395,#1474,#696,.T.);
#1838=EDGE_CURVE('',#1475,#1476,#697,.T.);
#1839=EDGE_CURVE('',#1477,#1475,#698,.T.);
#1840=EDGE_CURVE('',#1478,#1477,#699,.T.);
#1841=EDGE_CURVE('',#1476,#1478,#700,.T.);
#1842=EDGE_CURVE('',#1479,#1480,#701,.T.);
#1843=EDGE_CURVE('',#1481,#1479,#702,.T.);
#1844=EDGE_CURVE('',#1482,#1481,#703,.T.);
#1845=EDGE_CURVE('',#1480,#1482,#704,.T.);
#1846=EDGE_CURVE('',#1483,#1484,#705,.T.);
#1847=EDGE_CURVE('',#1475,#1484,#706,.T.);
#1848=EDGE_CURVE('',#1483,#1476,#707,.T.);
#1849=EDGE_CURVE('',#1485,#1477,#708,.T.);
#1850=EDGE_CURVE('',#1485,#1486,#709,.T.);
#1851=EDGE_CURVE('',#1486,#1478,#710,.T.);
#1852=EDGE_CURVE('',#1484,#1485,#711,.T.);
#1853=EDGE_CURVE('',#1486,#1483,#712,.T.);
#1854=EDGE_CURVE('',#1463,#1487,#713,.T.);
#1855=EDGE_CURVE('',#1487,#1488,#714,.T.);
#1856=EDGE_CURVE('',#1464,#1488,#715,.F.);
#1857=EDGE_CURVE('',#1489,#1490,#716,.T.);
#1858=EDGE_CURVE('',#1491,#1489,#717,.T.);
#1859=EDGE_CURVE('',#1492,#1491,#718,.T.);
#1860=EDGE_CURVE('',#1490,#1492,#719,.T.);
#1861=EDGE_CURVE('',#1479,#1489,#720,.T.);
#1862=EDGE_CURVE('',#1491,#1480,#721,.T.);
#1863=EDGE_CURVE('',#1492,#1482,#722,.T.);
#1864=EDGE_CURVE('',#1490,#1481,#723,.T.);
#1865=EDGE_CURVE('',#1453,#1466,#724,.T.);
#1866=EDGE_CURVE('',#1452,#1465,#725,.T.);
#1867=EDGE_CURVE('',#1493,#1429,#1298,.F.);
#1868=EDGE_CURVE('',#1493,#1448,#726,.T.);
#1869=EDGE_CURVE('',#1493,#1469,#727,.T.);
#1870=EDGE_CURVE('',#1494,#1457,#728,.T.);
#1871=EDGE_CURVE('',#1467,#1494,#729,.F.);
#1872=EDGE_CURVE('',#1495,#1496,#730,.T.);
#1873=EDGE_CURVE('',#1495,#1468,#731,.F.);
#1874=EDGE_CURVE('',#1462,#1494,#732,.T.);
#1875=EDGE_CURVE('',#1488,#1496,#733,.F.);
#1876=EDGE_CURVE('',#1456,#1497,#734,.T.);
#1877=EDGE_CURVE('',#1497,#1460,#735,.F.);
#1878=EDGE_CURVE('',#1498,#1499,#736,.T.);
#1879=EDGE_CURVE('',#1487,#1498,#737,.T.);
#1880=EDGE_CURVE('',#1470,#1461,#738,.T.);
#1881=EDGE_CURVE('',#1499,#1474,#739,.T.);
#1882=EDGE_CURVE('',#1497,#1500,#740,.T.);
#1883=EDGE_CURVE('',#1409,#1500,#741,.T.);
#1884=EDGE_CURVE('',#1500,#1400,#742,.T.);
#1885=EDGE_CURVE('',#1454,#1495,#743,.T.);
#1886=EDGE_CURVE('',#1496,#1498,#744,.T.);
#1887=EDGE_CURVE('',#1499,#1393,#745,.T.);
#1888=EDGE_CURVE('',#1501,#1502,#746,.T.);
#1889=EDGE_CURVE('',#1503,#1501,#747,.T.);
#1890=EDGE_CURVE('',#1504,#1503,#748,.T.);
#1891=EDGE_CURVE('',#1505,#1504,#749,.T.);
#1892=EDGE_CURVE('',#1506,#1505,#750,.T.);
#1893=EDGE_CURVE('',#1507,#1506,#751,.T.);
#1894=EDGE_CURVE('',#1508,#1507,#752,.T.);
#1895=EDGE_CURVE('',#1509,#1508,#753,.T.);
#1896=EDGE_CURVE('',#1510,#1509,#754,.T.);
#1897=EDGE_CURVE('',#1502,#1510,#755,.T.);
#1898=EDGE_CURVE('',#1511,#1512,#756,.T.);
#1899=EDGE_CURVE('',#1513,#1511,#757,.T.);
#1900=EDGE_CURVE('',#1514,#1513,#758,.T.);
#1901=EDGE_CURVE('',#1515,#1514,#759,.T.);
#1902=EDGE_CURVE('',#1516,#1515,#760,.T.);
#1903=EDGE_CURVE('',#1517,#1516,#761,.T.);
#1904=EDGE_CURVE('',#1518,#1517,#762,.T.);
#1905=EDGE_CURVE('',#1519,#1518,#763,.T.);
#1906=EDGE_CURVE('',#1520,#1519,#764,.T.);
#1907=EDGE_CURVE('',#1512,#1520,#765,.T.);
#1908=EDGE_CURVE('',#1521,#1505,#766,.T.);
#1909=EDGE_CURVE('',#1522,#1521,#767,.T.);
#1910=EDGE_CURVE('',#1506,#1522,#768,.T.);
#1911=EDGE_CURVE('',#1504,#1523,#769,.F.);
#1912=EDGE_CURVE('',#1523,#1524,#33,.T.);
#1913=EDGE_CURVE('',#1524,#1521,#770,.T.);
#1914=EDGE_CURVE('',#1525,#1503,#771,.T.);
#1915=EDGE_CURVE('',#1523,#1525,#772,.T.);
#1916=EDGE_CURVE('',#1526,#1522,#1299,.F.);
#1917=EDGE_CURVE('',#1526,#1527,#773,.T.);
#1918=EDGE_CURVE('',#1528,#1527,#1300,.F.);
#1919=EDGE_CURVE('',#1528,#1529,#774,.T.);
#1920=EDGE_CURVE('',#1530,#1529,#1301,.F.);
#1921=EDGE_CURVE('',#1530,#1517,#775,.T.);
#1922=EDGE_CURVE('',#1516,#1531,#776,.T.);
#1923=EDGE_CURVE('',#1532,#1531,#1302,.T.);
#1924=EDGE_CURVE('',#1532,#1533,#777,.T.);
#1925=EDGE_CURVE('',#1534,#1533,#1303,.T.);
#1926=EDGE_CURVE('',#1534,#1507,#778,.T.);
#1927=EDGE_CURVE('',#1515,#1535,#779,.T.);
#1928=EDGE_CURVE('',#1531,#1535,#780,.T.);
#1929=EDGE_CURVE('',#1536,#1513,#781,.F.);
#1930=EDGE_CURVE('',#1537,#1536,#782,.T.);
#1931=EDGE_CURVE('',#1537,#1514,#783,.T.);
#1932=EDGE_CURVE('',#1501,#1538,#784,.T.);
#1933=EDGE_CURVE('',#1538,#1539,#785,.T.);
#1934=EDGE_CURVE('',#1539,#1512,#786,.T.);
#1935=EDGE_CURVE('',#1520,#1540,#787,.T.);
#1936=EDGE_CURVE('',#1541,#1540,#1304,.T.);
#1937=EDGE_CURVE('',#1542,#1541,#788,.T.);
#1938=EDGE_CURVE('',#1542,#1543,#1305,.T.);
#1939=EDGE_CURVE('',#1543,#1544,#789,.T.);
#1940=EDGE_CURVE('',#1525,#1544,#1306,.T.);
#1941=EDGE_CURVE('',#1545,#1546,#790,.T.);
#1942=EDGE_CURVE('',#1547,#1545,#791,.T.);
#1943=EDGE_CURVE('',#1548,#1547,#1307,.T.);
#1944=EDGE_CURVE('',#1549,#1548,#792,.T.);
#1945=EDGE_CURVE('',#1550,#1549,#1308,.T.);
#1946=EDGE_CURVE('',#1546,#1550,#793,.T.);
#1947=EDGE_CURVE('',#1551,#1552,#1309,.T.);
#1948=EDGE_CURVE('',#1551,#1553,#794,.T.);
#1949=EDGE_CURVE('',#1554,#1553,#795,.T.);
#1950=EDGE_CURVE('',#1555,#1554,#796,.T.);
#1951=EDGE_CURVE('',#1556,#1555,#1310,.T.);
#1952=EDGE_CURVE('',#1556,#1552,#797,.T.);
#1953=EDGE_CURVE('',#1557,#1553,#798,.T.);
#1954=EDGE_CURVE('',#1557,#1558,#799,.T.);
#1955=EDGE_CURVE('',#1558,#1554,#800,.T.);
#1956=EDGE_CURVE('',#1559,#1551,#801,.T.);
#1957=EDGE_CURVE('',#1557,#1559,#802,.T.);
#1958=EDGE_CURVE('',#1560,#1547,#803,.T.);
#1959=EDGE_CURVE('',#1560,#1561,#1311,.T.);
#1960=EDGE_CURVE('',#1561,#1548,#804,.T.);
#1961=EDGE_CURVE('',#1562,#1545,#805,.F.);
#1962=EDGE_CURVE('',#1562,#1560,#806,.T.);
#1963=EDGE_CURVE('',#1563,#1564,#807,.F.);
#1964=EDGE_CURVE('',#1564,#1565,#808,.T.);
#1965=EDGE_CURVE('',#1565,#1566,#809,.F.);
#1966=EDGE_CURVE('',#1566,#1563,#810,.T.);
#1967=EDGE_CURVE('',#1567,#1568,#811,.F.);
#1968=EDGE_CURVE('',#1568,#1569,#812,.T.);
#1969=EDGE_CURVE('',#1569,#1570,#813,.F.);
#1970=EDGE_CURVE('',#1570,#1567,#814,.T.);
#1971=EDGE_CURVE('',#1571,#1572,#815,.F.);
#1972=EDGE_CURVE('',#1572,#1573,#816,.T.);
#1973=EDGE_CURVE('',#1573,#1574,#817,.F.);
#1974=EDGE_CURVE('',#1574,#1571,#818,.T.);
#1975=EDGE_CURVE('',#1575,#1576,#819,.F.);
#1976=EDGE_CURVE('',#1576,#1577,#820,.T.);
#1977=EDGE_CURVE('',#1577,#1578,#821,.F.);
#1978=EDGE_CURVE('',#1578,#1575,#822,.T.);
#1979=EDGE_CURVE('',#1577,#1572,#823,.T.);
#1980=EDGE_CURVE('',#1571,#1578,#824,.T.);
#1981=EDGE_CURVE('',#1565,#1568,#825,.T.);
#1982=EDGE_CURVE('',#1567,#1566,#826,.T.);
#1983=EDGE_CURVE('',#1569,#1564,#827,.T.);
#1984=EDGE_CURVE('',#1563,#1570,#828,.T.);
#1985=EDGE_CURVE('',#1573,#1576,#829,.T.);
#1986=EDGE_CURVE('',#1575,#1574,#830,.T.);
#1987=EDGE_CURVE('',#1579,#1580,#1312,.T.);
#1988=EDGE_CURVE('',#1579,#1534,#831,.T.);
#1989=EDGE_CURVE('',#1533,#1580,#832,.T.);
#1990=EDGE_CURVE('',#1581,#1532,#833,.T.);
#1991=EDGE_CURVE('',#1581,#1580,#834,.T.);
#1992=EDGE_CURVE('',#1579,#1508,#835,.T.);
#1993=EDGE_CURVE('',#1581,#1535,#1313,.T.);
#1994=EDGE_CURVE('',#1546,#1582,#836,.T.);
#1995=EDGE_CURVE('',#1582,#1562,#837,.T.);
#1996=EDGE_CURVE('',#1583,#1538,#838,.T.);
#1997=EDGE_CURVE('',#1584,#1583,#839,.F.);
#1998=EDGE_CURVE('',#1584,#1539,#840,.T.);
#1999=EDGE_CURVE('',#1583,#1502,#841,.F.);
#2000=EDGE_CURVE('',#1511,#1584,#842,.F.);
#2001=EDGE_CURVE('',#1585,#1537,#843,.T.);
#2002=EDGE_CURVE('',#1509,#1585,#844,.T.);
#2003=EDGE_CURVE('',#1585,#1586,#845,.T.);
#2004=EDGE_CURVE('',#1510,#1586,#846,.F.);
#2005=EDGE_CURVE('',#1586,#1536,#847,.F.);
#2006=EDGE_CURVE('',#1587,#1519,#848,.F.);
#2007=EDGE_CURVE('',#1540,#1587,#849,.T.);
#2008=EDGE_CURVE('',#1588,#1589,#34,.F.);
#2009=EDGE_CURVE('',#1589,#1560,#850,.T.);
#2010=EDGE_CURVE('',#1562,#1541,#851,.T.);
#2011=EDGE_CURVE('',#1587,#1590,#35,.F.);
#2012=EDGE_CURVE('',#1588,#1590,#21,.T.);
#2013=EDGE_CURVE('',#1591,#1582,#852,.T.);
#2014=EDGE_CURVE('',#1592,#1591,#1314,.T.);
#2015=EDGE_CURVE('',#1593,#1592,#853,.T.);
#2016=EDGE_CURVE('',#1593,#1542,#854,.T.);
#2017=EDGE_CURVE('',#1594,#1595,#36,.T.);
#2018=EDGE_CURVE('',#1594,#1524,#22,.F.);
#2019=EDGE_CURVE('',#1544,#1557,#855,.T.);
#2020=EDGE_CURVE('',#1559,#1595,#856,.T.);
#2021=EDGE_CURVE('',#1596,#1559,#1315,.T.);
#2022=EDGE_CURVE('',#1596,#1595,#857,.T.);
#2023=EDGE_CURVE('',#1597,#1543,#858,.T.);
#2024=EDGE_CURVE('',#1597,#1598,#859,.T.);
#2025=EDGE_CURVE('',#1599,#1598,#1316,.T.);
#2026=EDGE_CURVE('',#1558,#1599,#860,.T.);
#2027=EDGE_CURVE('',#1552,#1596,#861,.T.);
#2028=EDGE_CURVE('',#1593,#1597,#1317,.T.);
#2029=EDGE_CURVE('',#1600,#1601,#862,.T.);
#2030=EDGE_CURVE('',#1602,#1600,#863,.T.);
#2031=EDGE_CURVE('',#1602,#1597,#864,.T.);
#2032=EDGE_CURVE('',#1593,#1601,#865,.T.);
#2033=EDGE_CURVE('',#1600,#1603,#866,.T.);
#2034=EDGE_CURVE('',#1603,#1602,#17,.T.);
#2035=EDGE_CURVE('',#1601,#1603,#18,.T.);
#2036=EDGE_CURVE('',#1561,#1589,#867,.T.);
#2037=EDGE_CURVE('',#1602,#1604,#868,.T.);
#2038=EDGE_CURVE('',#1604,#1605,#869,.T.);
#2039=EDGE_CURVE('',#1605,#1594,#870,.F.);
#2040=EDGE_CURVE('',#1596,#1598,#871,.T.);
#2041=EDGE_CURVE('',#1601,#1606,#872,.T.);
#2042=EDGE_CURVE('',#1606,#1604,#1318,.T.);
#2043=EDGE_CURVE('',#1588,#1607,#873,.T.);
#2044=EDGE_CURVE('',#1607,#1606,#874,.T.);
#2045=EDGE_CURVE('',#1592,#1561,#875,.T.);
#2046=EDGE_CURVE('',#1590,#1608,#876,.T.);
#2047=EDGE_CURVE('',#1608,#1607,#1319,.T.);
#2048=EDGE_CURVE('',#1518,#1608,#877,.T.);
#2049=EDGE_CURVE('',#1605,#1521,#1320,.T.);
#2050=EDGE_CURVE('',#1549,#1592,#878,.T.);
#2051=EDGE_CURVE('',#1598,#1556,#879,.T.);
#2052=EDGE_CURVE('',#1605,#1526,#880,.T.);
#2053=EDGE_CURVE('',#1527,#1604,#881,.T.);
#2054=EDGE_CURVE('',#1555,#1599,#882,.T.);
#2055=EDGE_CURVE('',#1591,#1550,#883,.T.);
#2056=EDGE_CURVE('',#1606,#1528,#884,.T.);
#2057=EDGE_CURVE('',#1529,#1607,#885,.T.);
#2058=EDGE_CURVE('',#1608,#1530,#886,.T.);
#2059=ORIENTED_EDGE('',*,*,#1609,.T.);
#2060=ORIENTED_EDGE('',*,*,#1610,.T.);
#2061=ORIENTED_EDGE('',*,*,#1611,.T.);
#2062=ORIENTED_EDGE('',*,*,#1612,.T.);
#2063=ORIENTED_EDGE('',*,*,#1612,.F.);
#2064=ORIENTED_EDGE('',*,*,#1613,.F.);
#2065=ORIENTED_EDGE('',*,*,#1614,.F.);
#2066=ORIENTED_EDGE('',*,*,#1615,.F.);
#2067=ORIENTED_EDGE('',*,*,#1611,.F.);
#2068=ORIENTED_EDGE('',*,*,#1616,.T.);
#2069=ORIENTED_EDGE('',*,*,#1617,.F.);
#2070=ORIENTED_EDGE('',*,*,#1618,.T.);
#2071=ORIENTED_EDGE('',*,*,#1619,.F.);
#2072=ORIENTED_EDGE('',*,*,#1620,.T.);
#2073=ORIENTED_EDGE('',*,*,#1621,.F.);
#2074=ORIENTED_EDGE('',*,*,#1622,.T.);
#2075=ORIENTED_EDGE('',*,*,#1623,.F.);
#2076=ORIENTED_EDGE('',*,*,#1624,.T.);
#2077=ORIENTED_EDGE('',*,*,#1625,.F.);
#2078=ORIENTED_EDGE('',*,*,#1613,.T.);
#2079=ORIENTED_EDGE('',*,*,#1626,.T.);
#2080=ORIENTED_EDGE('',*,*,#1627,.F.);
#2081=ORIENTED_EDGE('',*,*,#1628,.T.);
#2082=ORIENTED_EDGE('',*,*,#1629,.F.);
#2083=ORIENTED_EDGE('',*,*,#1630,.T.);
#2084=ORIENTED_EDGE('',*,*,#1631,.F.);
#2085=ORIENTED_EDGE('',*,*,#1632,.T.);
#2086=ORIENTED_EDGE('',*,*,#1633,.F.);
#2087=ORIENTED_EDGE('',*,*,#1634,.T.);
#2088=ORIENTED_EDGE('',*,*,#1635,.F.);
#2089=ORIENTED_EDGE('',*,*,#1636,.T.);
#2090=ORIENTED_EDGE('',*,*,#1637,.F.);
#2091=ORIENTED_EDGE('',*,*,#1638,.T.);
#2092=ORIENTED_EDGE('',*,*,#1639,.T.);
#2093=ORIENTED_EDGE('',*,*,#1617,.T.);
#2094=ORIENTED_EDGE('',*,*,#1640,.T.);
#2095=ORIENTED_EDGE('',*,*,#1639,.F.);
#2096=ORIENTED_EDGE('',*,*,#1641,.F.);
#2097=ORIENTED_EDGE('',*,*,#1642,.F.);
#2098=ORIENTED_EDGE('',*,*,#1618,.F.);
#2099=ORIENTED_EDGE('',*,*,#1610,.F.);
#2100=ORIENTED_EDGE('',*,*,#1643,.F.);
#2101=ORIENTED_EDGE('',*,*,#1640,.F.);
#2102=ORIENTED_EDGE('',*,*,#1616,.F.);
#2103=ORIENTED_EDGE('',*,*,#1644,.T.);
#2104=ORIENTED_EDGE('',*,*,#1645,.T.);
#2105=ORIENTED_EDGE('',*,*,#1621,.T.);
#2106=ORIENTED_EDGE('',*,*,#1646,.T.);
#2107=ORIENTED_EDGE('',*,*,#1646,.F.);
#2108=ORIENTED_EDGE('',*,*,#1620,.F.);
#2109=ORIENTED_EDGE('',*,*,#1647,.F.);
#2110=ORIENTED_EDGE('',*,*,#1648,.F.);
#2111=ORIENTED_EDGE('',*,*,#1649,.T.);
#2112=ORIENTED_EDGE('',*,*,#1650,.T.);
#2113=ORIENTED_EDGE('',*,*,#1623,.T.);
#2114=ORIENTED_EDGE('',*,*,#1651,.T.);
#2115=ORIENTED_EDGE('',*,*,#1650,.F.);
#2116=ORIENTED_EDGE('',*,*,#1652,.F.);
#2117=ORIENTED_EDGE('',*,*,#1653,.F.);
#2118=ORIENTED_EDGE('',*,*,#1624,.F.);
#2119=ORIENTED_EDGE('',*,*,#1645,.F.);
#2120=ORIENTED_EDGE('',*,*,#1654,.F.);
#2121=ORIENTED_EDGE('',*,*,#1651,.F.);
#2122=ORIENTED_EDGE('',*,*,#1622,.F.);
#2123=ORIENTED_EDGE('',*,*,#1655,.T.);
#2124=ORIENTED_EDGE('',*,*,#1656,.T.);
#2125=ORIENTED_EDGE('',*,*,#1635,.T.);
#2126=ORIENTED_EDGE('',*,*,#1657,.T.);
#2127=ORIENTED_EDGE('',*,*,#1656,.F.);
#2128=ORIENTED_EDGE('',*,*,#1658,.F.);
#2129=ORIENTED_EDGE('',*,*,#1659,.F.);
#2130=ORIENTED_EDGE('',*,*,#1636,.F.);
#2131=ORIENTED_EDGE('',*,*,#1637,.T.);
#2132=ORIENTED_EDGE('',*,*,#1659,.T.);
#2133=ORIENTED_EDGE('',*,*,#1660,.T.);
#2134=ORIENTED_EDGE('',*,*,#1661,.T.);
#2135=ORIENTED_EDGE('',*,*,#1661,.F.);
#2136=ORIENTED_EDGE('',*,*,#1662,.F.);
#2137=ORIENTED_EDGE('',*,*,#1663,.T.);
#2138=ORIENTED_EDGE('',*,*,#1664,.T.);
#2139=ORIENTED_EDGE('',*,*,#1665,.T.);
#2140=ORIENTED_EDGE('',*,*,#1666,.F.);
#2141=ORIENTED_EDGE('',*,*,#1667,.F.);
#2142=ORIENTED_EDGE('',*,*,#1626,.F.);
#2143=ORIENTED_EDGE('',*,*,#1657,.F.);
#2144=ORIENTED_EDGE('',*,*,#1634,.F.);
#2145=ORIENTED_EDGE('',*,*,#1668,.F.);
#2146=ORIENTED_EDGE('',*,*,#1669,.F.);
#2147=ORIENTED_EDGE('',*,*,#1670,.T.);
#2148=ORIENTED_EDGE('',*,*,#1671,.T.);
#2149=ORIENTED_EDGE('',*,*,#1672,.T.);
#2150=ORIENTED_EDGE('',*,*,#1673,.F.);
#2151=ORIENTED_EDGE('',*,*,#1609,.F.);
#2152=ORIENTED_EDGE('',*,*,#1615,.T.);
#2153=ORIENTED_EDGE('',*,*,#1674,.F.);
#2154=ORIENTED_EDGE('',*,*,#1652,.T.);
#2155=ORIENTED_EDGE('',*,*,#1649,.F.);
#2156=ORIENTED_EDGE('',*,*,#1654,.T.);
#2157=ORIENTED_EDGE('',*,*,#1644,.F.);
#2158=ORIENTED_EDGE('',*,*,#1648,.T.);
#2159=ORIENTED_EDGE('',*,*,#1675,.F.);
#2160=ORIENTED_EDGE('',*,*,#1641,.T.);
#2161=ORIENTED_EDGE('',*,*,#1638,.F.);
#2162=ORIENTED_EDGE('',*,*,#1643,.T.);
#2163=ORIENTED_EDGE('',*,*,#1658,.T.);
#2164=ORIENTED_EDGE('',*,*,#1655,.F.);
#2165=ORIENTED_EDGE('',*,*,#1673,.T.);
#2166=ORIENTED_EDGE('',*,*,#1676,.T.);
#2167=ORIENTED_EDGE('',*,*,#1677,.T.);
#2168=ORIENTED_EDGE('',*,*,#1678,.F.);
#2169=ORIENTED_EDGE('',*,*,#1669,.T.);
#2170=ORIENTED_EDGE('',*,*,#1679,.F.);
#2171=ORIENTED_EDGE('',*,*,#1680,.T.);
#2172=ORIENTED_EDGE('',*,*,#1681,.T.);
#2173=ORIENTED_EDGE('',*,*,#1682,.T.);
#2174=ORIENTED_EDGE('',*,*,#1683,.F.);
#2175=ORIENTED_EDGE('',*,*,#1684,.T.);
#2176=ORIENTED_EDGE('',*,*,#1685,.F.);
#2177=ORIENTED_EDGE('',*,*,#1686,.T.);
#2178=ORIENTED_EDGE('',*,*,#1687,.F.);
#2179=ORIENTED_EDGE('',*,*,#1688,.T.);
#2180=ORIENTED_EDGE('',*,*,#1689,.T.);
#2181=ORIENTED_EDGE('',*,*,#1690,.T.);
#2182=ORIENTED_EDGE('',*,*,#1691,.F.);
#2183=ORIENTED_EDGE('',*,*,#1692,.T.);
#2184=ORIENTED_EDGE('',*,*,#1693,.F.);
#2185=ORIENTED_EDGE('',*,*,#1666,.T.);
#2186=ORIENTED_EDGE('',*,*,#1694,.F.);
#2187=ORIENTED_EDGE('',*,*,#1695,.T.);
#2188=ORIENTED_EDGE('',*,*,#1696,.T.);
#2189=ORIENTED_EDGE('',*,*,#1662,.T.);
#2190=ORIENTED_EDGE('',*,*,#1660,.F.);
#2191=ORIENTED_EDGE('',*,*,#1687,.T.);
#2192=ORIENTED_EDGE('',*,*,#1697,.T.);
#2193=ORIENTED_EDGE('',*,*,#1629,.T.);
#2194=ORIENTED_EDGE('',*,*,#1698,.T.);
#2195=ORIENTED_EDGE('',*,*,#1697,.F.);
#2196=ORIENTED_EDGE('',*,*,#1686,.F.);
#2197=ORIENTED_EDGE('',*,*,#1699,.F.);
#2198=ORIENTED_EDGE('',*,*,#1630,.F.);
#2199=ORIENTED_EDGE('',*,*,#1631,.T.);
#2200=ORIENTED_EDGE('',*,*,#1699,.T.);
#2201=ORIENTED_EDGE('',*,*,#1685,.T.);
#2202=ORIENTED_EDGE('',*,*,#1700,.T.);
#2203=ORIENTED_EDGE('',*,*,#1700,.F.);
#2204=ORIENTED_EDGE('',*,*,#1684,.F.);
#2205=ORIENTED_EDGE('',*,*,#1701,.T.);
#2206=ORIENTED_EDGE('',*,*,#1702,.T.);
#2207=ORIENTED_EDGE('',*,*,#1703,.T.);
#2208=ORIENTED_EDGE('',*,*,#1680,.F.);
#2209=ORIENTED_EDGE('',*,*,#1704,.F.);
#2210=ORIENTED_EDGE('',*,*,#1632,.F.);
#2211=ORIENTED_EDGE('',*,*,#1698,.F.);
#2212=ORIENTED_EDGE('',*,*,#1628,.F.);
#2213=ORIENTED_EDGE('',*,*,#1705,.F.);
#2214=ORIENTED_EDGE('',*,*,#1692,.F.);
#2215=ORIENTED_EDGE('',*,*,#1706,.T.);
#2216=ORIENTED_EDGE('',*,*,#1707,.T.);
#2217=ORIENTED_EDGE('',*,*,#1708,.T.);
#2218=ORIENTED_EDGE('',*,*,#1688,.F.);
#2219=ORIENTED_EDGE('',*,*,#1679,.T.);
#2220=ORIENTED_EDGE('',*,*,#1668,.T.);
#2221=ORIENTED_EDGE('',*,*,#1633,.T.);
#2222=ORIENTED_EDGE('',*,*,#1704,.T.);
#2223=ORIENTED_EDGE('',*,*,#1627,.T.);
#2224=ORIENTED_EDGE('',*,*,#1667,.T.);
#2225=ORIENTED_EDGE('',*,*,#1693,.T.);
#2226=ORIENTED_EDGE('',*,*,#1705,.T.);
#2227=ORIENTED_EDGE('',*,*,#1671,.F.);
#2228=ORIENTED_EDGE('',*,*,#1709,.F.);
#2229=ORIENTED_EDGE('',*,*,#1677,.F.);
#2230=ORIENTED_EDGE('',*,*,#1710,.T.);
#2231=ORIENTED_EDGE('',*,*,#1670,.F.);
#2232=ORIENTED_EDGE('',*,*,#1678,.T.);
#2233=ORIENTED_EDGE('',*,*,#1709,.T.);
#2234=ORIENTED_EDGE('',*,*,#1710,.F.);
#2235=ORIENTED_EDGE('',*,*,#1676,.F.);
#2236=ORIENTED_EDGE('',*,*,#1672,.F.);
#2237=ORIENTED_EDGE('',*,*,#1664,.F.);
#2238=ORIENTED_EDGE('',*,*,#1711,.T.);
#2239=ORIENTED_EDGE('',*,*,#1695,.F.);
#2240=ORIENTED_EDGE('',*,*,#1712,.F.);
#2241=ORIENTED_EDGE('',*,*,#1712,.T.);
#2242=ORIENTED_EDGE('',*,*,#1694,.T.);
#2243=ORIENTED_EDGE('',*,*,#1665,.F.);
#2244=ORIENTED_EDGE('',*,*,#1663,.F.);
#2245=ORIENTED_EDGE('',*,*,#1696,.F.);
#2246=ORIENTED_EDGE('',*,*,#1711,.F.);
#2247=ORIENTED_EDGE('',*,*,#1702,.F.);
#2248=ORIENTED_EDGE('',*,*,#1713,.F.);
#2249=ORIENTED_EDGE('',*,*,#1682,.F.);
#2250=ORIENTED_EDGE('',*,*,#1714,.T.);
#2251=ORIENTED_EDGE('',*,*,#1701,.F.);
#2252=ORIENTED_EDGE('',*,*,#1683,.T.);
#2253=ORIENTED_EDGE('',*,*,#1713,.T.);
#2254=ORIENTED_EDGE('',*,*,#1714,.F.);
#2255=ORIENTED_EDGE('',*,*,#1681,.F.);
#2256=ORIENTED_EDGE('',*,*,#1703,.F.);
#2257=ORIENTED_EDGE('',*,*,#1707,.F.);
#2258=ORIENTED_EDGE('',*,*,#1715,.F.);
#2259=ORIENTED_EDGE('',*,*,#1690,.F.);
#2260=ORIENTED_EDGE('',*,*,#1716,.T.);
#2261=ORIENTED_EDGE('',*,*,#1706,.F.);
#2262=ORIENTED_EDGE('',*,*,#1691,.T.);
#2263=ORIENTED_EDGE('',*,*,#1715,.T.);
#2264=ORIENTED_EDGE('',*,*,#1716,.F.);
#2265=ORIENTED_EDGE('',*,*,#1689,.F.);
#2266=ORIENTED_EDGE('',*,*,#1708,.F.);
#2267=ORIENTED_EDGE('',*,*,#1674,.T.);
#2268=ORIENTED_EDGE('',*,*,#1614,.T.);
#2269=ORIENTED_EDGE('',*,*,#1625,.T.);
#2270=ORIENTED_EDGE('',*,*,#1653,.T.);
#2271=ORIENTED_EDGE('',*,*,#1675,.T.);
#2272=ORIENTED_EDGE('',*,*,#1647,.T.);
#2273=ORIENTED_EDGE('',*,*,#1619,.T.);
#2274=ORIENTED_EDGE('',*,*,#1642,.T.);
#2275=ORIENTED_EDGE('',*,*,#1717,.F.);
#2276=ORIENTED_EDGE('',*,*,#1718,.T.);
#2277=ORIENTED_EDGE('',*,*,#1719,.F.);
#2278=ORIENTED_EDGE('',*,*,#1720,.T.);
#2279=ORIENTED_EDGE('',*,*,#1721,.F.);
#2280=ORIENTED_EDGE('',*,*,#1722,.T.);
#2281=ORIENTED_EDGE('',*,*,#1723,.F.);
#2282=ORIENTED_EDGE('',*,*,#1724,.T.);
#2283=ORIENTED_EDGE('',*,*,#1725,.F.);
#2284=ORIENTED_EDGE('',*,*,#1726,.T.);
#2285=ORIENTED_EDGE('',*,*,#1727,.F.);
#2286=ORIENTED_EDGE('',*,*,#1728,.T.);
#2287=ORIENTED_EDGE('',*,*,#1729,.F.);
#2288=ORIENTED_EDGE('',*,*,#1730,.T.);
#2289=ORIENTED_EDGE('',*,*,#1731,.F.);
#2290=ORIENTED_EDGE('',*,*,#1732,.F.);
#2291=ORIENTED_EDGE('',*,*,#1726,.F.);
#2292=ORIENTED_EDGE('',*,*,#1733,.F.);
#2293=ORIENTED_EDGE('',*,*,#1734,.F.);
#2294=ORIENTED_EDGE('',*,*,#1733,.T.);
#2295=ORIENTED_EDGE('',*,*,#1725,.T.);
#2296=ORIENTED_EDGE('',*,*,#1735,.T.);
#2297=ORIENTED_EDGE('',*,*,#1736,.T.);
#2298=ORIENTED_EDGE('',*,*,#1737,.F.);
#2299=ORIENTED_EDGE('',*,*,#1738,.F.);
#2300=ORIENTED_EDGE('',*,*,#1739,.F.);
#2301=ORIENTED_EDGE('',*,*,#1740,.T.);
#2302=ORIENTED_EDGE('',*,*,#1739,.T.);
#2303=ORIENTED_EDGE('',*,*,#1741,.T.);
#2304=ORIENTED_EDGE('',*,*,#1742,.T.);
#2305=ORIENTED_EDGE('',*,*,#1743,.T.);
#2306=ORIENTED_EDGE('',*,*,#1744,.T.);
#2307=ORIENTED_EDGE('',*,*,#1745,.T.);
#2308=ORIENTED_EDGE('',*,*,#1746,.T.);
#2309=ORIENTED_EDGE('',*,*,#1747,.T.);
#2310=ORIENTED_EDGE('',*,*,#1746,.F.);
#2311=ORIENTED_EDGE('',*,*,#1748,.T.);
#2312=ORIENTED_EDGE('',*,*,#1749,.F.);
#2313=ORIENTED_EDGE('',*,*,#1750,.F.);
#2314=ORIENTED_EDGE('',*,*,#1730,.F.);
#2315=ORIENTED_EDGE('',*,*,#1751,.F.);
#2316=ORIENTED_EDGE('',*,*,#1752,.F.);
#2317=ORIENTED_EDGE('',*,*,#1753,.F.);
#2318=ORIENTED_EDGE('',*,*,#1751,.T.);
#2319=ORIENTED_EDGE('',*,*,#1729,.T.);
#2320=ORIENTED_EDGE('',*,*,#1754,.T.);
#2321=ORIENTED_EDGE('',*,*,#1755,.F.);
#2322=ORIENTED_EDGE('',*,*,#1754,.F.);
#2323=ORIENTED_EDGE('',*,*,#1728,.F.);
#2324=ORIENTED_EDGE('',*,*,#1756,.F.);
#2325=ORIENTED_EDGE('',*,*,#1757,.F.);
#2326=ORIENTED_EDGE('',*,*,#1756,.T.);
#2327=ORIENTED_EDGE('',*,*,#1727,.T.);
#2328=ORIENTED_EDGE('',*,*,#1732,.T.);
#2329=ORIENTED_EDGE('',*,*,#1758,.F.);
#2330=ORIENTED_EDGE('',*,*,#1759,.F.);
#2331=ORIENTED_EDGE('',*,*,#1760,.F.);
#2332=ORIENTED_EDGE('',*,*,#1744,.F.);
#2333=ORIENTED_EDGE('',*,*,#1761,.F.);
#2334=ORIENTED_EDGE('',*,*,#1742,.F.);
#2335=ORIENTED_EDGE('',*,*,#1762,.F.);
#2336=ORIENTED_EDGE('',*,*,#1763,.F.);
#2337=ORIENTED_EDGE('',*,*,#1764,.F.);
#2338=ORIENTED_EDGE('',*,*,#1752,.T.);
#2339=ORIENTED_EDGE('',*,*,#1765,.F.);
#2340=ORIENTED_EDGE('',*,*,#1766,.F.);
#2341=ORIENTED_EDGE('',*,*,#1767,.T.);
#2342=ORIENTED_EDGE('',*,*,#1765,.T.);
#2343=ORIENTED_EDGE('',*,*,#1753,.T.);
#2344=ORIENTED_EDGE('',*,*,#1768,.F.);
#2345=ORIENTED_EDGE('',*,*,#1769,.T.);
#2346=ORIENTED_EDGE('',*,*,#1768,.T.);
#2347=ORIENTED_EDGE('',*,*,#1755,.T.);
#2348=ORIENTED_EDGE('',*,*,#1770,.F.);
#2349=ORIENTED_EDGE('',*,*,#1771,.F.);
#2350=ORIENTED_EDGE('',*,*,#1772,.T.);
#2351=ORIENTED_EDGE('',*,*,#1761,.T.);
#2352=ORIENTED_EDGE('',*,*,#1773,.T.);
#2353=ORIENTED_EDGE('',*,*,#1774,.F.);
#2354=ORIENTED_EDGE('',*,*,#1775,.F.);
#2355=ORIENTED_EDGE('',*,*,#1770,.T.);
#2356=ORIENTED_EDGE('',*,*,#1757,.T.);
#2357=ORIENTED_EDGE('',*,*,#1776,.F.);
#2358=ORIENTED_EDGE('',*,*,#1777,.F.);
#2359=ORIENTED_EDGE('',*,*,#1776,.T.);
#2360=ORIENTED_EDGE('',*,*,#1731,.T.);
#2361=ORIENTED_EDGE('',*,*,#1778,.T.);
#2362=ORIENTED_EDGE('',*,*,#1779,.T.);
#2363=ORIENTED_EDGE('',*,*,#1780,.F.);
#2364=ORIENTED_EDGE('',*,*,#1758,.T.);
#2365=ORIENTED_EDGE('',*,*,#1781,.F.);
#2366=ORIENTED_EDGE('',*,*,#1782,.F.);
#2367=ORIENTED_EDGE('',*,*,#1778,.F.);
#2368=ORIENTED_EDGE('',*,*,#1734,.T.);
#2369=ORIENTED_EDGE('',*,*,#1783,.F.);
#2370=ORIENTED_EDGE('',*,*,#1784,.F.);
#2371=ORIENTED_EDGE('',*,*,#1785,.F.);
#2372=ORIENTED_EDGE('',*,*,#1786,.F.);
#2373=ORIENTED_EDGE('',*,*,#1736,.F.);
#2374=ORIENTED_EDGE('',*,*,#1740,.F.);
#2375=ORIENTED_EDGE('',*,*,#1772,.F.);
#2376=ORIENTED_EDGE('',*,*,#1787,.T.);
#2377=ORIENTED_EDGE('',*,*,#1788,.T.);
#2378=ORIENTED_EDGE('',*,*,#1789,.T.);
#2379=ORIENTED_EDGE('',*,*,#1790,.T.);
#2380=ORIENTED_EDGE('',*,*,#1777,.T.);
#2381=ORIENTED_EDGE('',*,*,#1791,.T.);
#2382=ORIENTED_EDGE('',*,*,#1775,.T.);
#2383=ORIENTED_EDGE('',*,*,#1790,.F.);
#2384=ORIENTED_EDGE('',*,*,#1791,.F.);
#2385=ORIENTED_EDGE('',*,*,#1789,.F.);
#2386=ORIENTED_EDGE('',*,*,#1782,.T.);
#2387=ORIENTED_EDGE('',*,*,#1792,.F.);
#2388=ORIENTED_EDGE('',*,*,#1771,.T.);
#2389=ORIENTED_EDGE('',*,*,#1793,.F.);
#2390=ORIENTED_EDGE('',*,*,#1787,.F.);
#2391=ORIENTED_EDGE('',*,*,#1792,.T.);
#2392=ORIENTED_EDGE('',*,*,#1794,.T.);
#2393=ORIENTED_EDGE('',*,*,#1795,.F.);
#2394=ORIENTED_EDGE('',*,*,#1773,.F.);
#2395=ORIENTED_EDGE('',*,*,#1796,.F.);
#2396=ORIENTED_EDGE('',*,*,#1774,.T.);
#2397=ORIENTED_EDGE('',*,*,#1795,.T.);
#2398=ORIENTED_EDGE('',*,*,#1797,.F.);
#2399=ORIENTED_EDGE('',*,*,#1785,.T.);
#2400=ORIENTED_EDGE('',*,*,#1798,.T.);
#2401=ORIENTED_EDGE('',*,*,#1799,.T.);
#2402=ORIENTED_EDGE('',*,*,#1766,.T.);
#2403=ORIENTED_EDGE('',*,*,#1769,.F.);
#2404=ORIENTED_EDGE('',*,*,#1800,.F.);
#2405=ORIENTED_EDGE('',*,*,#1767,.F.);
#2406=ORIENTED_EDGE('',*,*,#1799,.F.);
#2407=ORIENTED_EDGE('',*,*,#1801,.F.);
#2408=ORIENTED_EDGE('',*,*,#1802,.F.);
#2409=ORIENTED_EDGE('',*,*,#1803,.F.);
#2410=ORIENTED_EDGE('',*,*,#1794,.F.);
#2411=ORIENTED_EDGE('',*,*,#1781,.T.);
#2412=ORIENTED_EDGE('',*,*,#1743,.F.);
#2413=ORIENTED_EDGE('',*,*,#1747,.F.);
#2414=ORIENTED_EDGE('',*,*,#1804,.F.);
#2415=ORIENTED_EDGE('',*,*,#1805,.F.);
#2416=ORIENTED_EDGE('',*,*,#1806,.F.);
#2417=ORIENTED_EDGE('',*,*,#1780,.T.);
#2418=ORIENTED_EDGE('',*,*,#1807,.F.);
#2419=ORIENTED_EDGE('',*,*,#1801,.T.);
#2420=ORIENTED_EDGE('',*,*,#1798,.F.);
#2421=ORIENTED_EDGE('',*,*,#1788,.F.);
#2422=ORIENTED_EDGE('',*,*,#1793,.T.);
#2423=ORIENTED_EDGE('',*,*,#1803,.T.);
#2424=ORIENTED_EDGE('',*,*,#1808,.F.);
#2425=ORIENTED_EDGE('',*,*,#1809,.T.);
#2426=ORIENTED_EDGE('',*,*,#1810,.F.);
#2427=ORIENTED_EDGE('',*,*,#1811,.T.);
#2428=ORIENTED_EDGE('',*,*,#1812,.T.);
#2429=ORIENTED_EDGE('',*,*,#1813,.T.);
#2430=ORIENTED_EDGE('',*,*,#1779,.F.);
#2431=ORIENTED_EDGE('',*,*,#1784,.T.);
#2432=ORIENTED_EDGE('',*,*,#1814,.F.);
#2433=ORIENTED_EDGE('',*,*,#1815,.T.);
#2434=ORIENTED_EDGE('',*,*,#1808,.T.);
#2435=ORIENTED_EDGE('',*,*,#1802,.T.);
#2436=ORIENTED_EDGE('',*,*,#1816,.T.);
#2437=ORIENTED_EDGE('',*,*,#1805,.T.);
#2438=ORIENTED_EDGE('',*,*,#1817,.F.);
#2439=ORIENTED_EDGE('',*,*,#1818,.T.);
#2440=ORIENTED_EDGE('',*,*,#1819,.T.);
#2441=ORIENTED_EDGE('',*,*,#1820,.F.);
#2442=ORIENTED_EDGE('',*,*,#1821,.F.);
#2443=ORIENTED_EDGE('',*,*,#1748,.F.);
#2444=ORIENTED_EDGE('',*,*,#1745,.F.);
#2445=ORIENTED_EDGE('',*,*,#1760,.T.);
#2446=ORIENTED_EDGE('',*,*,#1822,.F.);
#2447=ORIENTED_EDGE('',*,*,#1823,.T.);
#2448=ORIENTED_EDGE('',*,*,#1812,.F.);
#2449=ORIENTED_EDGE('',*,*,#1824,.F.);
#2450=ORIENTED_EDGE('',*,*,#1825,.F.);
#2451=ORIENTED_EDGE('',*,*,#1826,.T.);
#2452=ORIENTED_EDGE('',*,*,#1827,.T.);
#2453=ORIENTED_EDGE('',*,*,#1737,.T.);
#2454=ORIENTED_EDGE('',*,*,#1786,.T.);
#2455=ORIENTED_EDGE('',*,*,#1828,.T.);
#2456=ORIENTED_EDGE('',*,*,#1829,.F.);
#2457=ORIENTED_EDGE('',*,*,#1722,.F.);
#2458=ORIENTED_EDGE('',*,*,#1830,.F.);
#2459=ORIENTED_EDGE('',*,*,#1831,.T.);
#2460=ORIENTED_EDGE('',*,*,#1832,.F.);
#2461=ORIENTED_EDGE('',*,*,#1833,.T.);
#2462=ORIENTED_EDGE('',*,*,#1834,.F.);
#2463=ORIENTED_EDGE('',*,*,#1720,.F.);
#2464=ORIENTED_EDGE('',*,*,#1835,.F.);
#2465=ORIENTED_EDGE('',*,*,#1830,.T.);
#2466=ORIENTED_EDGE('',*,*,#1721,.T.);
#2467=ORIENTED_EDGE('',*,*,#1834,.T.);
#2468=ORIENTED_EDGE('',*,*,#1836,.F.);
#2469=ORIENTED_EDGE('',*,*,#1832,.T.);
#2470=ORIENTED_EDGE('',*,*,#1719,.T.);
#2471=ORIENTED_EDGE('',*,*,#1837,.T.);
#2472=ORIENTED_EDGE('',*,*,#1838,.F.);
#2473=ORIENTED_EDGE('',*,*,#1839,.F.);
#2474=ORIENTED_EDGE('',*,*,#1840,.F.);
#2475=ORIENTED_EDGE('',*,*,#1841,.F.);
#2476=ORIENTED_EDGE('',*,*,#1842,.F.);
#2477=ORIENTED_EDGE('',*,*,#1843,.F.);
#2478=ORIENTED_EDGE('',*,*,#1844,.F.);
#2479=ORIENTED_EDGE('',*,*,#1845,.F.);
#2480=ORIENTED_EDGE('',*,*,#1846,.T.);
#2481=ORIENTED_EDGE('',*,*,#1847,.F.);
#2482=ORIENTED_EDGE('',*,*,#1838,.T.);
#2483=ORIENTED_EDGE('',*,*,#1848,.F.);
#2484=ORIENTED_EDGE('',*,*,#1840,.T.);
#2485=ORIENTED_EDGE('',*,*,#1849,.F.);
#2486=ORIENTED_EDGE('',*,*,#1850,.T.);
#2487=ORIENTED_EDGE('',*,*,#1851,.T.);
#2488=ORIENTED_EDGE('',*,*,#1852,.T.);
#2489=ORIENTED_EDGE('',*,*,#1849,.T.);
#2490=ORIENTED_EDGE('',*,*,#1839,.T.);
#2491=ORIENTED_EDGE('',*,*,#1847,.T.);
#2492=ORIENTED_EDGE('',*,*,#1853,.T.);
#2493=ORIENTED_EDGE('',*,*,#1848,.T.);
#2494=ORIENTED_EDGE('',*,*,#1841,.T.);
#2495=ORIENTED_EDGE('',*,*,#1851,.F.);
#2496=ORIENTED_EDGE('',*,*,#1854,.T.);
#2497=ORIENTED_EDGE('',*,*,#1855,.T.);
#2498=ORIENTED_EDGE('',*,*,#1856,.F.);
#2499=ORIENTED_EDGE('',*,*,#1819,.F.);
#2500=ORIENTED_EDGE('',*,*,#1852,.F.);
#2501=ORIENTED_EDGE('',*,*,#1846,.F.);
#2502=ORIENTED_EDGE('',*,*,#1853,.F.);
#2503=ORIENTED_EDGE('',*,*,#1850,.F.);
#2504=ORIENTED_EDGE('',*,*,#1857,.F.);
#2505=ORIENTED_EDGE('',*,*,#1858,.F.);
#2506=ORIENTED_EDGE('',*,*,#1859,.F.);
#2507=ORIENTED_EDGE('',*,*,#1860,.F.);
#2508=ORIENTED_EDGE('',*,*,#1858,.T.);
#2509=ORIENTED_EDGE('',*,*,#1861,.F.);
#2510=ORIENTED_EDGE('',*,*,#1842,.T.);
#2511=ORIENTED_EDGE('',*,*,#1862,.F.);
#2512=ORIENTED_EDGE('',*,*,#1845,.T.);
#2513=ORIENTED_EDGE('',*,*,#1863,.F.);
#2514=ORIENTED_EDGE('',*,*,#1859,.T.);
#2515=ORIENTED_EDGE('',*,*,#1862,.T.);
#2516=ORIENTED_EDGE('',*,*,#1860,.T.);
#2517=ORIENTED_EDGE('',*,*,#1863,.T.);
#2518=ORIENTED_EDGE('',*,*,#1844,.T.);
#2519=ORIENTED_EDGE('',*,*,#1864,.F.);
#2520=ORIENTED_EDGE('',*,*,#1857,.T.);
#2521=ORIENTED_EDGE('',*,*,#1864,.T.);
#2522=ORIENTED_EDGE('',*,*,#1843,.T.);
#2523=ORIENTED_EDGE('',*,*,#1861,.T.);
#2524=ORIENTED_EDGE('',*,*,#1822,.T.);
#2525=ORIENTED_EDGE('',*,*,#1759,.T.);
#2526=ORIENTED_EDGE('',*,*,#1806,.T.);
#2527=ORIENTED_EDGE('',*,*,#1865,.T.);
#2528=ORIENTED_EDGE('',*,*,#1823,.F.);
#2529=ORIENTED_EDGE('',*,*,#1865,.F.);
#2530=ORIENTED_EDGE('',*,*,#1816,.F.);
#2531=ORIENTED_EDGE('',*,*,#1866,.T.);
#2532=ORIENTED_EDGE('',*,*,#1821,.T.);
#2533=ORIENTED_EDGE('',*,*,#1866,.F.);
#2534=ORIENTED_EDGE('',*,*,#1804,.T.);
#2535=ORIENTED_EDGE('',*,*,#1749,.T.);
#2536=ORIENTED_EDGE('',*,*,#1867,.F.);
#2537=ORIENTED_EDGE('',*,*,#1868,.T.);
#2538=ORIENTED_EDGE('',*,*,#1796,.T.);
#2539=ORIENTED_EDGE('',*,*,#1763,.T.);
#2540=ORIENTED_EDGE('',*,*,#1869,.F.);
#2541=ORIENTED_EDGE('',*,*,#1867,.T.);
#2542=ORIENTED_EDGE('',*,*,#1762,.T.);
#2543=ORIENTED_EDGE('',*,*,#1741,.F.);
#2544=ORIENTED_EDGE('',*,*,#1738,.T.);
#2545=ORIENTED_EDGE('',*,*,#1827,.F.);
#2546=ORIENTED_EDGE('',*,*,#1869,.T.);
#2547=ORIENTED_EDGE('',*,*,#1828,.F.);
#2548=ORIENTED_EDGE('',*,*,#1797,.T.);
#2549=ORIENTED_EDGE('',*,*,#1868,.F.);
#2550=ORIENTED_EDGE('',*,*,#1870,.F.);
#2551=ORIENTED_EDGE('',*,*,#1871,.F.);
#2552=ORIENTED_EDGE('',*,*,#1824,.T.);
#2553=ORIENTED_EDGE('',*,*,#1811,.F.);
#2554=ORIENTED_EDGE('',*,*,#1872,.F.);
#2555=ORIENTED_EDGE('',*,*,#1873,.T.);
#2556=ORIENTED_EDGE('',*,*,#1825,.T.);
#2557=ORIENTED_EDGE('',*,*,#1871,.T.);
#2558=ORIENTED_EDGE('',*,*,#1874,.F.);
#2559=ORIENTED_EDGE('',*,*,#1820,.T.);
#2560=ORIENTED_EDGE('',*,*,#1856,.T.);
#2561=ORIENTED_EDGE('',*,*,#1875,.T.);
#2562=ORIENTED_EDGE('',*,*,#1876,.F.);
#2563=ORIENTED_EDGE('',*,*,#1809,.F.);
#2564=ORIENTED_EDGE('',*,*,#1815,.F.);
#2565=ORIENTED_EDGE('',*,*,#1877,.F.);
#2566=ORIENTED_EDGE('',*,*,#1878,.F.);
#2567=ORIENTED_EDGE('',*,*,#1879,.F.);
#2568=ORIENTED_EDGE('',*,*,#1854,.F.);
#2569=ORIENTED_EDGE('',*,*,#1818,.F.);
#2570=ORIENTED_EDGE('',*,*,#1880,.F.);
#2571=ORIENTED_EDGE('',*,*,#1831,.F.);
#2572=ORIENTED_EDGE('',*,*,#1835,.T.);
#2573=ORIENTED_EDGE('',*,*,#1833,.F.);
#2574=ORIENTED_EDGE('',*,*,#1836,.T.);
#2575=ORIENTED_EDGE('',*,*,#1881,.F.);
#2576=ORIENTED_EDGE('',*,*,#1882,.F.);
#2577=ORIENTED_EDGE('',*,*,#1877,.T.);
#2578=ORIENTED_EDGE('',*,*,#1814,.T.);
#2579=ORIENTED_EDGE('',*,*,#1783,.T.);
#2580=ORIENTED_EDGE('',*,*,#1883,.T.);
#2581=ORIENTED_EDGE('',*,*,#1884,.F.);
#2582=ORIENTED_EDGE('',*,*,#1883,.F.);
#2583=ORIENTED_EDGE('',*,*,#1735,.F.);
#2584=ORIENTED_EDGE('',*,*,#1724,.F.);
#2585=ORIENTED_EDGE('',*,*,#1885,.F.);
#2586=ORIENTED_EDGE('',*,*,#1813,.F.);
#2587=ORIENTED_EDGE('',*,*,#1826,.F.);
#2588=ORIENTED_EDGE('',*,*,#1873,.F.);
#2589=ORIENTED_EDGE('',*,*,#1886,.F.);
#2590=ORIENTED_EDGE('',*,*,#1875,.F.);
#2591=ORIENTED_EDGE('',*,*,#1855,.F.);
#2592=ORIENTED_EDGE('',*,*,#1879,.T.);
#2593=ORIENTED_EDGE('',*,*,#1887,.F.);
#2594=ORIENTED_EDGE('',*,*,#1881,.T.);
#2595=ORIENTED_EDGE('',*,*,#1837,.F.);
#2596=ORIENTED_EDGE('',*,*,#1718,.F.);
#2597=ORIENTED_EDGE('',*,*,#1885,.T.);
#2598=ORIENTED_EDGE('',*,*,#1872,.T.);
#2599=ORIENTED_EDGE('',*,*,#1886,.T.);
#2600=ORIENTED_EDGE('',*,*,#1878,.T.);
#2601=ORIENTED_EDGE('',*,*,#1887,.T.);
#2602=ORIENTED_EDGE('',*,*,#1717,.T.);
#2603=ORIENTED_EDGE('',*,*,#1750,.T.);
#2604=ORIENTED_EDGE('',*,*,#1764,.T.);
#2605=ORIENTED_EDGE('',*,*,#1800,.T.);
#2606=ORIENTED_EDGE('',*,*,#1807,.T.);
#2607=ORIENTED_EDGE('',*,*,#1870,.T.);
#2608=ORIENTED_EDGE('',*,*,#1810,.T.);
#2609=ORIENTED_EDGE('',*,*,#1876,.T.);
#2610=ORIENTED_EDGE('',*,*,#1882,.T.);
#2611=ORIENTED_EDGE('',*,*,#1884,.T.);
#2612=ORIENTED_EDGE('',*,*,#1723,.T.);
#2613=ORIENTED_EDGE('',*,*,#1829,.T.);
#2614=ORIENTED_EDGE('',*,*,#1880,.T.);
#2615=ORIENTED_EDGE('',*,*,#1817,.T.);
#2616=ORIENTED_EDGE('',*,*,#1874,.T.);
#2617=ORIENTED_EDGE('',*,*,#1888,.F.);
#2618=ORIENTED_EDGE('',*,*,#1889,.F.);
#2619=ORIENTED_EDGE('',*,*,#1890,.F.);
#2620=ORIENTED_EDGE('',*,*,#1891,.F.);
#2621=ORIENTED_EDGE('',*,*,#1892,.F.);
#2622=ORIENTED_EDGE('',*,*,#1893,.F.);
#2623=ORIENTED_EDGE('',*,*,#1894,.F.);
#2624=ORIENTED_EDGE('',*,*,#1895,.F.);
#2625=ORIENTED_EDGE('',*,*,#1896,.F.);
#2626=ORIENTED_EDGE('',*,*,#1897,.F.);
#2627=ORIENTED_EDGE('',*,*,#1898,.F.);
#2628=ORIENTED_EDGE('',*,*,#1899,.F.);
#2629=ORIENTED_EDGE('',*,*,#1900,.F.);
#2630=ORIENTED_EDGE('',*,*,#1901,.F.);
#2631=ORIENTED_EDGE('',*,*,#1902,.F.);
#2632=ORIENTED_EDGE('',*,*,#1903,.F.);
#2633=ORIENTED_EDGE('',*,*,#1904,.F.);
#2634=ORIENTED_EDGE('',*,*,#1905,.F.);
#2635=ORIENTED_EDGE('',*,*,#1906,.F.);
#2636=ORIENTED_EDGE('',*,*,#1907,.F.);
#2637=ORIENTED_EDGE('',*,*,#1892,.T.);
#2638=ORIENTED_EDGE('',*,*,#1908,.F.);
#2639=ORIENTED_EDGE('',*,*,#1909,.F.);
#2640=ORIENTED_EDGE('',*,*,#1910,.F.);
#2641=ORIENTED_EDGE('',*,*,#1891,.T.);
#2642=ORIENTED_EDGE('',*,*,#1911,.T.);
#2643=ORIENTED_EDGE('',*,*,#1912,.T.);
#2644=ORIENTED_EDGE('',*,*,#1913,.T.);
#2645=ORIENTED_EDGE('',*,*,#1908,.T.);
#2646=ORIENTED_EDGE('',*,*,#1890,.T.);
#2647=ORIENTED_EDGE('',*,*,#1914,.F.);
#2648=ORIENTED_EDGE('',*,*,#1915,.F.);
#2649=ORIENTED_EDGE('',*,*,#1911,.F.);
#2650=ORIENTED_EDGE('',*,*,#1893,.T.);
#2651=ORIENTED_EDGE('',*,*,#1910,.T.);
#2652=ORIENTED_EDGE('',*,*,#1916,.F.);
#2653=ORIENTED_EDGE('',*,*,#1917,.T.);
#2654=ORIENTED_EDGE('',*,*,#1918,.F.);
#2655=ORIENTED_EDGE('',*,*,#1919,.T.);
#2656=ORIENTED_EDGE('',*,*,#1920,.F.);
#2657=ORIENTED_EDGE('',*,*,#1921,.T.);
#2658=ORIENTED_EDGE('',*,*,#1903,.T.);
#2659=ORIENTED_EDGE('',*,*,#1922,.T.);
#2660=ORIENTED_EDGE('',*,*,#1923,.F.);
#2661=ORIENTED_EDGE('',*,*,#1924,.T.);
#2662=ORIENTED_EDGE('',*,*,#1925,.F.);
#2663=ORIENTED_EDGE('',*,*,#1926,.T.);
#2664=ORIENTED_EDGE('',*,*,#1902,.T.);
#2665=ORIENTED_EDGE('',*,*,#1927,.T.);
#2666=ORIENTED_EDGE('',*,*,#1928,.F.);
#2667=ORIENTED_EDGE('',*,*,#1922,.F.);
#2668=ORIENTED_EDGE('',*,*,#1900,.T.);
#2669=ORIENTED_EDGE('',*,*,#1929,.F.);
#2670=ORIENTED_EDGE('',*,*,#1930,.F.);
#2671=ORIENTED_EDGE('',*,*,#1931,.T.);
#2672=ORIENTED_EDGE('',*,*,#1889,.T.);
#2673=ORIENTED_EDGE('',*,*,#1932,.T.);
#2674=ORIENTED_EDGE('',*,*,#1933,.T.);
#2675=ORIENTED_EDGE('',*,*,#1934,.T.);
#2676=ORIENTED_EDGE('',*,*,#1907,.T.);
#2677=ORIENTED_EDGE('',*,*,#1935,.T.);
#2678=ORIENTED_EDGE('',*,*,#1936,.F.);
#2679=ORIENTED_EDGE('',*,*,#1937,.F.);
#2680=ORIENTED_EDGE('',*,*,#1938,.T.);
#2681=ORIENTED_EDGE('',*,*,#1939,.T.);
#2682=ORIENTED_EDGE('',*,*,#1940,.F.);
#2683=ORIENTED_EDGE('',*,*,#1914,.T.);
#2684=ORIENTED_EDGE('',*,*,#1941,.F.);
#2685=ORIENTED_EDGE('',*,*,#1942,.F.);
#2686=ORIENTED_EDGE('',*,*,#1943,.F.);
#2687=ORIENTED_EDGE('',*,*,#1944,.F.);
#2688=ORIENTED_EDGE('',*,*,#1945,.F.);
#2689=ORIENTED_EDGE('',*,*,#1946,.F.);
#2690=ORIENTED_EDGE('',*,*,#1947,.F.);
#2691=ORIENTED_EDGE('',*,*,#1948,.T.);
#2692=ORIENTED_EDGE('',*,*,#1949,.F.);
#2693=ORIENTED_EDGE('',*,*,#1950,.F.);
#2694=ORIENTED_EDGE('',*,*,#1951,.F.);
#2695=ORIENTED_EDGE('',*,*,#1952,.T.);
#2696=ORIENTED_EDGE('',*,*,#1949,.T.);
#2697=ORIENTED_EDGE('',*,*,#1953,.F.);
#2698=ORIENTED_EDGE('',*,*,#1954,.T.);
#2699=ORIENTED_EDGE('',*,*,#1955,.T.);
#2700=ORIENTED_EDGE('',*,*,#1948,.F.);
#2701=ORIENTED_EDGE('',*,*,#1956,.F.);
#2702=ORIENTED_EDGE('',*,*,#1957,.F.);
#2703=ORIENTED_EDGE('',*,*,#1953,.T.);
#2704=ORIENTED_EDGE('',*,*,#1958,.F.);
#2705=ORIENTED_EDGE('',*,*,#1959,.T.);
#2706=ORIENTED_EDGE('',*,*,#1960,.T.);
#2707=ORIENTED_EDGE('',*,*,#1943,.T.);
#2708=ORIENTED_EDGE('',*,*,#1961,.F.);
#2709=ORIENTED_EDGE('',*,*,#1962,.T.);
#2710=ORIENTED_EDGE('',*,*,#1958,.T.);
#2711=ORIENTED_EDGE('',*,*,#1942,.T.);
#2712=ORIENTED_EDGE('',*,*,#1963,.T.);
#2713=ORIENTED_EDGE('',*,*,#1964,.T.);
#2714=ORIENTED_EDGE('',*,*,#1965,.T.);
#2715=ORIENTED_EDGE('',*,*,#1966,.T.);
#2716=ORIENTED_EDGE('',*,*,#1967,.T.);
#2717=ORIENTED_EDGE('',*,*,#1968,.T.);
#2718=ORIENTED_EDGE('',*,*,#1969,.T.);
#2719=ORIENTED_EDGE('',*,*,#1970,.T.);
#2720=ORIENTED_EDGE('',*,*,#1971,.T.);
#2721=ORIENTED_EDGE('',*,*,#1972,.T.);
#2722=ORIENTED_EDGE('',*,*,#1973,.T.);
#2723=ORIENTED_EDGE('',*,*,#1974,.T.);
#2724=ORIENTED_EDGE('',*,*,#1975,.T.);
#2725=ORIENTED_EDGE('',*,*,#1976,.T.);
#2726=ORIENTED_EDGE('',*,*,#1977,.T.);
#2727=ORIENTED_EDGE('',*,*,#1978,.T.);
#2728=ORIENTED_EDGE('',*,*,#1979,.T.);
#2729=ORIENTED_EDGE('',*,*,#1971,.F.);
#2730=ORIENTED_EDGE('',*,*,#1980,.T.);
#2731=ORIENTED_EDGE('',*,*,#1977,.F.);
#2732=ORIENTED_EDGE('',*,*,#1981,.T.);
#2733=ORIENTED_EDGE('',*,*,#1967,.F.);
#2734=ORIENTED_EDGE('',*,*,#1982,.T.);
#2735=ORIENTED_EDGE('',*,*,#1965,.F.);
#2736=ORIENTED_EDGE('',*,*,#1983,.T.);
#2737=ORIENTED_EDGE('',*,*,#1963,.F.);
#2738=ORIENTED_EDGE('',*,*,#1984,.T.);
#2739=ORIENTED_EDGE('',*,*,#1969,.F.);
#2740=ORIENTED_EDGE('',*,*,#1985,.T.);
#2741=ORIENTED_EDGE('',*,*,#1975,.F.);
#2742=ORIENTED_EDGE('',*,*,#1986,.T.);
#2743=ORIENTED_EDGE('',*,*,#1973,.F.);
#2744=ORIENTED_EDGE('',*,*,#1979,.F.);
#2745=ORIENTED_EDGE('',*,*,#1976,.F.);
#2746=ORIENTED_EDGE('',*,*,#1985,.F.);
#2747=ORIENTED_EDGE('',*,*,#1972,.F.);
#2748=ORIENTED_EDGE('',*,*,#1968,.F.);
#2749=ORIENTED_EDGE('',*,*,#1981,.F.);
#2750=ORIENTED_EDGE('',*,*,#1964,.F.);
#2751=ORIENTED_EDGE('',*,*,#1983,.F.);
#2752=ORIENTED_EDGE('',*,*,#1987,.F.);
#2753=ORIENTED_EDGE('',*,*,#1988,.T.);
#2754=ORIENTED_EDGE('',*,*,#1925,.T.);
#2755=ORIENTED_EDGE('',*,*,#1989,.T.);
#2756=ORIENTED_EDGE('',*,*,#1989,.F.);
#2757=ORIENTED_EDGE('',*,*,#1924,.F.);
#2758=ORIENTED_EDGE('',*,*,#1990,.F.);
#2759=ORIENTED_EDGE('',*,*,#1991,.T.);
#2760=ORIENTED_EDGE('',*,*,#1894,.T.);
#2761=ORIENTED_EDGE('',*,*,#1926,.F.);
#2762=ORIENTED_EDGE('',*,*,#1988,.F.);
#2763=ORIENTED_EDGE('',*,*,#1992,.T.);
#2764=ORIENTED_EDGE('',*,*,#1993,.F.);
#2765=ORIENTED_EDGE('',*,*,#1990,.T.);
#2766=ORIENTED_EDGE('',*,*,#1923,.T.);
#2767=ORIENTED_EDGE('',*,*,#1928,.T.);
#2768=ORIENTED_EDGE('',*,*,#1994,.T.);
#2769=ORIENTED_EDGE('',*,*,#1995,.T.);
#2770=ORIENTED_EDGE('',*,*,#1961,.T.);
#2771=ORIENTED_EDGE('',*,*,#1941,.T.);
#2772=ORIENTED_EDGE('',*,*,#1933,.F.);
#2773=ORIENTED_EDGE('',*,*,#1996,.F.);
#2774=ORIENTED_EDGE('',*,*,#1997,.F.);
#2775=ORIENTED_EDGE('',*,*,#1998,.T.);
#2776=ORIENTED_EDGE('',*,*,#1888,.T.);
#2777=ORIENTED_EDGE('',*,*,#1999,.F.);
#2778=ORIENTED_EDGE('',*,*,#1996,.T.);
#2779=ORIENTED_EDGE('',*,*,#1932,.F.);
#2780=ORIENTED_EDGE('',*,*,#1898,.T.);
#2781=ORIENTED_EDGE('',*,*,#1934,.F.);
#2782=ORIENTED_EDGE('',*,*,#1998,.F.);
#2783=ORIENTED_EDGE('',*,*,#2000,.F.);
#2784=ORIENTED_EDGE('',*,*,#1895,.T.);
#2785=ORIENTED_EDGE('',*,*,#1992,.F.);
#2786=ORIENTED_EDGE('',*,*,#1987,.T.);
#2787=ORIENTED_EDGE('',*,*,#1991,.F.);
#2788=ORIENTED_EDGE('',*,*,#1993,.T.);
#2789=ORIENTED_EDGE('',*,*,#1927,.F.);
#2790=ORIENTED_EDGE('',*,*,#1901,.T.);
#2791=ORIENTED_EDGE('',*,*,#1931,.F.);
#2792=ORIENTED_EDGE('',*,*,#2001,.F.);
#2793=ORIENTED_EDGE('',*,*,#2002,.F.);
#2794=ORIENTED_EDGE('',*,*,#1896,.T.);
#2795=ORIENTED_EDGE('',*,*,#2002,.T.);
#2796=ORIENTED_EDGE('',*,*,#2003,.T.);
#2797=ORIENTED_EDGE('',*,*,#2004,.F.);
#2798=ORIENTED_EDGE('',*,*,#2001,.T.);
#2799=ORIENTED_EDGE('',*,*,#1930,.T.);
#2800=ORIENTED_EDGE('',*,*,#2005,.F.);
#2801=ORIENTED_EDGE('',*,*,#2003,.F.);
#2802=ORIENTED_EDGE('',*,*,#1982,.F.);
#2803=ORIENTED_EDGE('',*,*,#1970,.F.);
#2804=ORIENTED_EDGE('',*,*,#1984,.F.);
#2805=ORIENTED_EDGE('',*,*,#1966,.F.);
#2806=ORIENTED_EDGE('',*,*,#1986,.F.);
#2807=ORIENTED_EDGE('',*,*,#1978,.F.);
#2808=ORIENTED_EDGE('',*,*,#1980,.F.);
#2809=ORIENTED_EDGE('',*,*,#1974,.F.);
#2810=ORIENTED_EDGE('',*,*,#1897,.T.);
#2811=ORIENTED_EDGE('',*,*,#2004,.T.);
#2812=ORIENTED_EDGE('',*,*,#2005,.T.);
#2813=ORIENTED_EDGE('',*,*,#1929,.T.);
#2814=ORIENTED_EDGE('',*,*,#1899,.T.);
#2815=ORIENTED_EDGE('',*,*,#2000,.T.);
#2816=ORIENTED_EDGE('',*,*,#1997,.T.);
#2817=ORIENTED_EDGE('',*,*,#1999,.T.);
#2818=ORIENTED_EDGE('',*,*,#1906,.T.);
#2819=ORIENTED_EDGE('',*,*,#2006,.F.);
#2820=ORIENTED_EDGE('',*,*,#2007,.F.);
#2821=ORIENTED_EDGE('',*,*,#1935,.F.);
#2822=ORIENTED_EDGE('',*,*,#2008,.T.);
#2823=ORIENTED_EDGE('',*,*,#2009,.T.);
#2824=ORIENTED_EDGE('',*,*,#1962,.F.);
#2825=ORIENTED_EDGE('',*,*,#2010,.T.);
#2826=ORIENTED_EDGE('',*,*,#1936,.T.);
#2827=ORIENTED_EDGE('',*,*,#2007,.T.);
#2828=ORIENTED_EDGE('',*,*,#2011,.T.);
#2829=ORIENTED_EDGE('',*,*,#2012,.F.);
#2830=ORIENTED_EDGE('',*,*,#2010,.F.);
#2831=ORIENTED_EDGE('',*,*,#1995,.F.);
#2832=ORIENTED_EDGE('',*,*,#2013,.F.);
#2833=ORIENTED_EDGE('',*,*,#2014,.F.);
#2834=ORIENTED_EDGE('',*,*,#2015,.F.);
#2835=ORIENTED_EDGE('',*,*,#2016,.T.);
#2836=ORIENTED_EDGE('',*,*,#1937,.T.);
#2837=ORIENTED_EDGE('',*,*,#2017,.F.);
#2838=ORIENTED_EDGE('',*,*,#2018,.T.);
#2839=ORIENTED_EDGE('',*,*,#1912,.F.);
#2840=ORIENTED_EDGE('',*,*,#1915,.T.);
#2841=ORIENTED_EDGE('',*,*,#1940,.T.);
#2842=ORIENTED_EDGE('',*,*,#2019,.T.);
#2843=ORIENTED_EDGE('',*,*,#1957,.T.);
#2844=ORIENTED_EDGE('',*,*,#2020,.T.);
#2845=ORIENTED_EDGE('',*,*,#2020,.F.);
#2846=ORIENTED_EDGE('',*,*,#2021,.F.);
#2847=ORIENTED_EDGE('',*,*,#2022,.T.);
#2848=ORIENTED_EDGE('',*,*,#2019,.F.);
#2849=ORIENTED_EDGE('',*,*,#1939,.F.);
#2850=ORIENTED_EDGE('',*,*,#2023,.F.);
#2851=ORIENTED_EDGE('',*,*,#2024,.T.);
#2852=ORIENTED_EDGE('',*,*,#2025,.F.);
#2853=ORIENTED_EDGE('',*,*,#2026,.F.);
#2854=ORIENTED_EDGE('',*,*,#1954,.F.);
#2855=ORIENTED_EDGE('',*,*,#1947,.T.);
#2856=ORIENTED_EDGE('',*,*,#2027,.T.);
#2857=ORIENTED_EDGE('',*,*,#2021,.T.);
#2858=ORIENTED_EDGE('',*,*,#1956,.T.);
#2859=ORIENTED_EDGE('',*,*,#1938,.F.);
#2860=ORIENTED_EDGE('',*,*,#2016,.F.);
#2861=ORIENTED_EDGE('',*,*,#2028,.T.);
#2862=ORIENTED_EDGE('',*,*,#2023,.T.);
#2863=ORIENTED_EDGE('',*,*,#2029,.F.);
#2864=ORIENTED_EDGE('',*,*,#2030,.F.);
#2865=ORIENTED_EDGE('',*,*,#2031,.T.);
#2866=ORIENTED_EDGE('',*,*,#2028,.F.);
#2867=ORIENTED_EDGE('',*,*,#2032,.T.);
#2868=ORIENTED_EDGE('',*,*,#2030,.T.);
#2869=ORIENTED_EDGE('',*,*,#2033,.T.);
#2870=ORIENTED_EDGE('',*,*,#2034,.T.);
#2871=ORIENTED_EDGE('',*,*,#2029,.T.);
#2872=ORIENTED_EDGE('',*,*,#2035,.T.);
#2873=ORIENTED_EDGE('',*,*,#2033,.F.);
#2874=ORIENTED_EDGE('',*,*,#2009,.F.);
#2875=ORIENTED_EDGE('',*,*,#2036,.F.);
#2876=ORIENTED_EDGE('',*,*,#1959,.F.);
#2877=ORIENTED_EDGE('',*,*,#2037,.T.);
#2878=ORIENTED_EDGE('',*,*,#2038,.T.);
#2879=ORIENTED_EDGE('',*,*,#2039,.T.);
#2880=ORIENTED_EDGE('',*,*,#2017,.T.);
#2881=ORIENTED_EDGE('',*,*,#2022,.F.);
#2882=ORIENTED_EDGE('',*,*,#2040,.T.);
#2883=ORIENTED_EDGE('',*,*,#2024,.F.);
#2884=ORIENTED_EDGE('',*,*,#2031,.F.);
#2885=ORIENTED_EDGE('',*,*,#2035,.F.);
#2886=ORIENTED_EDGE('',*,*,#2041,.T.);
#2887=ORIENTED_EDGE('',*,*,#2042,.T.);
#2888=ORIENTED_EDGE('',*,*,#2037,.F.);
#2889=ORIENTED_EDGE('',*,*,#2034,.F.);
#2890=ORIENTED_EDGE('',*,*,#2043,.T.);
#2891=ORIENTED_EDGE('',*,*,#2044,.T.);
#2892=ORIENTED_EDGE('',*,*,#2041,.F.);
#2893=ORIENTED_EDGE('',*,*,#2032,.F.);
#2894=ORIENTED_EDGE('',*,*,#2015,.T.);
#2895=ORIENTED_EDGE('',*,*,#2045,.T.);
#2896=ORIENTED_EDGE('',*,*,#2036,.T.);
#2897=ORIENTED_EDGE('',*,*,#2008,.F.);
#2898=ORIENTED_EDGE('',*,*,#2046,.T.);
#2899=ORIENTED_EDGE('',*,*,#2047,.T.);
#2900=ORIENTED_EDGE('',*,*,#2043,.F.);
#2901=ORIENTED_EDGE('',*,*,#2012,.T.);
#2902=ORIENTED_EDGE('',*,*,#1905,.T.);
#2903=ORIENTED_EDGE('',*,*,#2048,.T.);
#2904=ORIENTED_EDGE('',*,*,#2046,.F.);
#2905=ORIENTED_EDGE('',*,*,#2011,.F.);
#2906=ORIENTED_EDGE('',*,*,#2006,.T.);
#2907=ORIENTED_EDGE('',*,*,#2039,.F.);
#2908=ORIENTED_EDGE('',*,*,#2049,.T.);
#2909=ORIENTED_EDGE('',*,*,#1913,.F.);
#2910=ORIENTED_EDGE('',*,*,#2018,.F.);
#2911=ORIENTED_EDGE('',*,*,#2045,.F.);
#2912=ORIENTED_EDGE('',*,*,#2050,.F.);
#2913=ORIENTED_EDGE('',*,*,#1944,.T.);
#2914=ORIENTED_EDGE('',*,*,#1960,.F.);
#2915=ORIENTED_EDGE('',*,*,#2040,.F.);
#2916=ORIENTED_EDGE('',*,*,#2027,.F.);
#2917=ORIENTED_EDGE('',*,*,#1952,.F.);
#2918=ORIENTED_EDGE('',*,*,#2051,.F.);
#2919=ORIENTED_EDGE('',*,*,#2049,.F.);
#2920=ORIENTED_EDGE('',*,*,#2052,.T.);
#2921=ORIENTED_EDGE('',*,*,#1916,.T.);
#2922=ORIENTED_EDGE('',*,*,#1909,.T.);
#2923=ORIENTED_EDGE('',*,*,#2038,.F.);
#2924=ORIENTED_EDGE('',*,*,#2053,.F.);
#2925=ORIENTED_EDGE('',*,*,#1917,.F.);
#2926=ORIENTED_EDGE('',*,*,#2052,.F.);
#2927=ORIENTED_EDGE('',*,*,#2026,.T.);
#2928=ORIENTED_EDGE('',*,*,#2054,.F.);
#2929=ORIENTED_EDGE('',*,*,#1950,.T.);
#2930=ORIENTED_EDGE('',*,*,#1955,.F.);
#2931=ORIENTED_EDGE('',*,*,#2025,.T.);
#2932=ORIENTED_EDGE('',*,*,#2051,.T.);
#2933=ORIENTED_EDGE('',*,*,#1951,.T.);
#2934=ORIENTED_EDGE('',*,*,#2054,.T.);
#2935=ORIENTED_EDGE('',*,*,#2013,.T.);
#2936=ORIENTED_EDGE('',*,*,#1994,.F.);
#2937=ORIENTED_EDGE('',*,*,#1946,.T.);
#2938=ORIENTED_EDGE('',*,*,#2055,.F.);
#2939=ORIENTED_EDGE('',*,*,#2014,.T.);
#2940=ORIENTED_EDGE('',*,*,#2055,.T.);
#2941=ORIENTED_EDGE('',*,*,#1945,.T.);
#2942=ORIENTED_EDGE('',*,*,#2050,.T.);
#2943=ORIENTED_EDGE('',*,*,#2042,.F.);
#2944=ORIENTED_EDGE('',*,*,#2056,.T.);
#2945=ORIENTED_EDGE('',*,*,#1918,.T.);
#2946=ORIENTED_EDGE('',*,*,#2053,.T.);
#2947=ORIENTED_EDGE('',*,*,#2044,.F.);
#2948=ORIENTED_EDGE('',*,*,#2057,.F.);
#2949=ORIENTED_EDGE('',*,*,#1919,.F.);
#2950=ORIENTED_EDGE('',*,*,#2056,.F.);
#2951=ORIENTED_EDGE('',*,*,#2047,.F.);
#2952=ORIENTED_EDGE('',*,*,#2058,.T.);
#2953=ORIENTED_EDGE('',*,*,#1920,.T.);
#2954=ORIENTED_EDGE('',*,*,#2057,.T.);
#2955=ORIENTED_EDGE('',*,*,#1904,.T.);
#2956=ORIENTED_EDGE('',*,*,#1921,.F.);
#2957=ORIENTED_EDGE('',*,*,#2058,.F.);
#2958=ORIENTED_EDGE('',*,*,#2048,.F.);
#2959=CYLINDRICAL_SURFACE('',#3188,3.);
#2960=CYLINDRICAL_SURFACE('',#3204,3.);
#2961=CYLINDRICAL_SURFACE('',#3208,3.);
#2962=CYLINDRICAL_SURFACE('',#3211,3.);
#2963=CYLINDRICAL_SURFACE('',#3215,3.00000000000029);
#2964=CYLINDRICAL_SURFACE('',#3218,3.00000000000003);
#2965=CYLINDRICAL_SURFACE('',#3229,3.00000000000033);
#2966=CYLINDRICAL_SURFACE('',#3231,2.99999999999999);
#2967=CYLINDRICAL_SURFACE('',#3234,3.00000000000001);
#2968=CYLINDRICAL_SURFACE('',#3235,2.99999999999999);
#2969=CYLINDRICAL_SURFACE('',#3236,2.8);
#2970=CYLINDRICAL_SURFACE('',#3241,2.8);
#2971=CYLINDRICAL_SURFACE('',#3246,2.8);
#2972=CYLINDRICAL_SURFACE('',#3251,2.8);
#2973=CYLINDRICAL_SURFACE('',#3256,3.);
#2974=CYLINDRICAL_SURFACE('',#3257,3.);
#2975=CYLINDRICAL_SURFACE('',#3265,3.);
#2976=CYLINDRICAL_SURFACE('',#3268,2.);
#2977=CYLINDRICAL_SURFACE('',#3271,2.);
#2978=CYLINDRICAL_SURFACE('',#3276,3.);
#2979=CYLINDRICAL_SURFACE('',#3279,3.);
#2980=CYLINDRICAL_SURFACE('',#3297,2.99999999999999);
#2981=CYLINDRICAL_SURFACE('',#3301,2.99999999999994);
#2982=CYLINDRICAL_SURFACE('',#3309,2.99999999999992);
#2983=CYLINDRICAL_SURFACE('',#3318,1.25);
#2984=CYLINDRICAL_SURFACE('',#3320,1.25);
#2985=CYLINDRICAL_SURFACE('',#3333,2.);
#2986=CYLINDRICAL_SURFACE('',#3336,2.);
#2987=CYLINDRICAL_SURFACE('',#3377,2.);
#2988=CYLINDRICAL_SURFACE('',#3390,1.25);
#2989=CYLINDRICAL_SURFACE('',#3394,1.25);
#2990=CYLINDRICAL_SURFACE('',#3405,2.99999999999994);
#2991=CYLINDRICAL_SURFACE('',#3410,2.9999999999999);
#2992=CYLINDRICAL_SURFACE('',#3416,2.);
#2993=CYLINDRICAL_SURFACE('',#3417,2.99999999999997);
#2994=CYLINDRICAL_SURFACE('',#3434,3.);
#2995=CYLINDRICAL_SURFACE('',#3437,2.);
#2996=CYLINDRICAL_SURFACE('',#3439,2.);
#2997=CYLINDRICAL_SURFACE('',#3440,3.);
#2998=CYLINDRICAL_SURFACE('',#3442,3.);
#2999=ADVANCED_FACE('',(#179),#2959,.T.);
#3000=ADVANCED_FACE('',(#180),#53,.T.);
#3001=ADVANCED_FACE('',(#181,#47),#54,.T.);
#3002=ADVANCED_FACE('',(#182),#2960,.T.);
#3003=ADVANCED_FACE('',(#183),#55,.T.);
#3004=ADVANCED_FACE('',(#184),#56,.T.);
#3005=ADVANCED_FACE('',(#185),#2961,.T.);
#3006=ADVANCED_FACE('',(#186),#57,.T.);
#3007=ADVANCED_FACE('',(#187),#2962,.T.);
#3008=ADVANCED_FACE('',(#188),#58,.T.);
#3009=ADVANCED_FACE('',(#189),#59,.T.);
#3010=ADVANCED_FACE('',(#190),#2963,.F.);
#3011=ADVANCED_FACE('',(#191),#60,.T.);
#3012=ADVANCED_FACE('',(#192),#2964,.F.);
#3013=ADVANCED_FACE('',(#193),#61,.T.);
#3014=ADVANCED_FACE('',(#194),#62,.T.);
#3015=ADVANCED_FACE('',(#195,#48),#63,.F.);
#3016=ADVANCED_FACE('',(#196),#2965,.F.);
#3017=ADVANCED_FACE('',(#197),#64,.T.);
#3018=ADVANCED_FACE('',(#198),#2966,.F.);
#3019=ADVANCED_FACE('',(#199),#65,.T.);
#3020=ADVANCED_FACE('',(#200),#66,.T.);
#3021=ADVANCED_FACE('',(#201),#2967,.F.);
#3022=ADVANCED_FACE('',(#202),#2968,.F.);
#3023=ADVANCED_FACE('',(#203),#2969,.T.);
#3024=ADVANCED_FACE('',(#204),#67,.T.);
#3025=ADVANCED_FACE('',(#205),#68,.F.);
#3026=ADVANCED_FACE('',(#206),#2970,.T.);
#3027=ADVANCED_FACE('',(#207),#69,.T.);
#3028=ADVANCED_FACE('',(#208),#70,.F.);
#3029=ADVANCED_FACE('',(#209),#2971,.T.);
#3030=ADVANCED_FACE('',(#210),#71,.T.);
#3031=ADVANCED_FACE('',(#211),#72,.F.);
#3032=ADVANCED_FACE('',(#212),#2972,.T.);
#3033=ADVANCED_FACE('',(#213),#73,.T.);
#3034=ADVANCED_FACE('',(#214),#74,.F.);
#3035=ADVANCED_FACE('',(#215),#2973,.T.);
#3036=ADVANCED_FACE('',(#216),#2974,.T.);
#3037=ADVANCED_FACE('',(#217),#75,.T.);
#3038=ADVANCED_FACE('',(#218),#76,.T.);
#3039=ADVANCED_FACE('',(#219),#2975,.T.);
#3040=ADVANCED_FACE('',(#220),#77,.T.);
#3041=ADVANCED_FACE('',(#221),#2976,.F.);
#3042=ADVANCED_FACE('',(#222),#2977,.F.);
#3043=ADVANCED_FACE('',(#223),#78,.T.);
#3044=ADVANCED_FACE('',(#224),#79,.T.);
#3045=ADVANCED_FACE('',(#225),#2978,.T.);
#3046=ADVANCED_FACE('',(#226),#80,.T.);
#3047=ADVANCED_FACE('',(#227),#2979,.T.);
#3048=ADVANCED_FACE('',(#228),#81,.F.);
#3049=ADVANCED_FACE('',(#229),#82,.F.);
#3050=ADVANCED_FACE('',(#230),#83,.T.);
#3051=ADVANCED_FACE('',(#231),#23,.T.);
#3052=ADVANCED_FACE('',(#232),#84,.T.);
#3053=ADVANCED_FACE('',(#233),#24,.T.);
#3054=ADVANCED_FACE('',(#234),#85,.T.);
#3055=ADVANCED_FACE('',(#235),#25,.T.);
#3056=ADVANCED_FACE('',(#236),#86,.F.);
#3057=ADVANCED_FACE('',(#237),#87,.F.);
#3058=ADVANCED_FACE('',(#238),#88,.F.);
#3059=ADVANCED_FACE('',(#239),#89,.T.);
#3060=ADVANCED_FACE('',(#240),#2980,.T.);
#3061=ADVANCED_FACE('',(#241),#90,.F.);
#3062=ADVANCED_FACE('',(#242),#2981,.T.);
#3063=ADVANCED_FACE('',(#243),#91,.F.);
#3064=ADVANCED_FACE('',(#244),#92,.F.);
#3065=ADVANCED_FACE('',(#245),#93,.F.);
#3066=ADVANCED_FACE('',(#246),#94,.T.);
#3067=ADVANCED_FACE('',(#247),#2982,.T.);
#3068=ADVANCED_FACE('',(#248),#95,.T.);
#3069=ADVANCED_FACE('',(#249),#96,.T.);
#3070=ADVANCED_FACE('',(#250),#97,.F.);
#3071=ADVANCED_FACE('',(#251),#98,.F.);
#3072=ADVANCED_FACE('',(#252),#99,.F.);
#3073=ADVANCED_FACE('',(#253),#100,.F.);
#3074=ADVANCED_FACE('',(#254),#2983,.F.);
#3075=ADVANCED_FACE('',(#255),#2984,.F.);
#3076=ADVANCED_FACE('',(#256),#101,.F.);
#3077=ADVANCED_FACE('',(#257),#102,.F.);
#3078=ADVANCED_FACE('',(#258),#103,.T.);
#3079=ADVANCED_FACE('',(#259),#104,.T.);
#3080=ADVANCED_FACE('',(#260),#105,.T.);
#3081=ADVANCED_FACE('',(#261),#106,.T.);
#3082=ADVANCED_FACE('',(#262,#49,#50),#107,.T.);
#3083=ADVANCED_FACE('',(#263),#108,.T.);
#3084=ADVANCED_FACE('',(#264),#109,.T.);
#3085=ADVANCED_FACE('',(#265),#110,.T.);
#3086=ADVANCED_FACE('',(#266),#111,.T.);
#3087=ADVANCED_FACE('',(#267),#2985,.F.);
#3088=ADVANCED_FACE('',(#268),#112,.T.);
#3089=ADVANCED_FACE('',(#269),#113,.F.);
#3090=ADVANCED_FACE('',(#270),#2986,.F.);
#3091=ADVANCED_FACE('',(#271),#114,.T.);
#3092=ADVANCED_FACE('',(#272),#115,.T.);
#3093=ADVANCED_FACE('',(#273),#116,.F.);
#3094=ADVANCED_FACE('',(#274),#117,.F.);
#3095=ADVANCED_FACE('',(#275),#118,.F.);
#3096=ADVANCED_FACE('',(#276),#119,.F.);
#3097=ADVANCED_FACE('',(#277),#120,.T.);
#3098=ADVANCED_FACE('',(#278),#121,.T.);
#3099=ADVANCED_FACE('',(#279),#122,.F.);
#3100=ADVANCED_FACE('',(#280),#123,.T.);
#3101=ADVANCED_FACE('',(#281),#124,.F.);
#3102=ADVANCED_FACE('',(#282),#125,.T.);
#3103=ADVANCED_FACE('',(#283),#126,.T.);
#3104=ADVANCED_FACE('',(#284),#127,.F.);
#3105=ADVANCED_FACE('',(#285),#128,.F.);
#3106=ADVANCED_FACE('',(#286),#129,.T.);
#3107=ADVANCED_FACE('',(#287),#130,.T.);
#3108=ADVANCED_FACE('',(#288),#131,.F.);
#3109=ADVANCED_FACE('',(#289),#132,.T.);
#3110=ADVANCED_FACE('',(#290),#133,.F.);
#3111=ADVANCED_FACE('',(#291),#134,.T.);
#3112=ADVANCED_FACE('',(#292),#135,.T.);
#3113=ADVANCED_FACE('',(#293),#136,.T.);
#3114=ADVANCED_FACE('',(#294),#137,.T.);
#3115=ADVANCED_FACE('',(#295),#138,.F.);
#3116=ADVANCED_FACE('',(#296),#139,.T.);
#3117=ADVANCED_FACE('',(#297),#2987,.F.);
#3118=ADVANCED_FACE('',(#298),#140,.T.);
#3119=ADVANCED_FACE('',(#299),#141,.T.);
#3120=ADVANCED_FACE('',(#300),#142,.T.);
#3121=ADVANCED_FACE('',(#301),#143,.T.);
#3122=ADVANCED_FACE('',(#302),#144,.T.);
#3123=ADVANCED_FACE('',(#303),#145,.T.);
#3124=ADVANCED_FACE('',(#304),#146,.T.);
#3125=ADVANCED_FACE('',(#305),#147,.T.);
#3126=ADVANCED_FACE('',(#306),#148,.T.);
#3127=ADVANCED_FACE('',(#307),#149,.F.);
#3128=ADVANCED_FACE('',(#308),#150,.F.);
#3129=ADVANCED_FACE('',(#309),#2988,.F.);
#3130=ADVANCED_FACE('',(#310),#151,.F.);
#3131=ADVANCED_FACE('',(#311),#152,.F.);
#3132=ADVANCED_FACE('',(#312),#2989,.F.);
#3133=ADVANCED_FACE('',(#313),#153,.F.);
#3134=ADVANCED_FACE('',(#314),#154,.F.);
#3135=ADVANCED_FACE('',(#315),#155,.F.);
#3136=ADVANCED_FACE('',(#316),#156,.F.);
#3137=ADVANCED_FACE('',(#317),#157,.F.);
#3138=ADVANCED_FACE('',(#318),#158,.T.);
#3139=ADVANCED_FACE('',(#319,#51,#52),#159,.T.);
#3140=ADVANCED_FACE('',(#320),#160,.F.);
#3141=ADVANCED_FACE('',(#321),#161,.F.);
#3142=ADVANCED_FACE('',(#322),#2990,.T.);
#3143=ADVANCED_FACE('',(#323),#162,.F.);
#3144=ADVANCED_FACE('',(#324),#2991,.T.);
#3145=ADVANCED_FACE('',(#325),#163,.F.);
#3146=ADVANCED_FACE('',(#326),#164,.F.);
#3147=ADVANCED_FACE('',(#327),#2992,.F.);
#3148=ADVANCED_FACE('',(#328),#2993,.T.);
#3149=ADVANCED_FACE('',(#329),#165,.T.);
#3150=ADVANCED_FACE('',(#330),#166,.F.);
#3151=ADVANCED_FACE('',(#331),#167,.F.);
#3152=ADVANCED_FACE('',(#332),#168,.F.);
#3153=ADVANCED_FACE('',(#333),#169,.T.);
#3154=ADVANCED_FACE('',(#334),#26,.T.);
#3155=ADVANCED_FACE('',(#335),#170,.T.);
#3156=ADVANCED_FACE('',(#336),#27,.T.);
#3157=ADVANCED_FACE('',(#337),#171,.T.);
#3158=ADVANCED_FACE('',(#338),#28,.T.);
#3159=ADVANCED_FACE('',(#339),#172,.F.);
#3160=ADVANCED_FACE('',(#340),#173,.F.);
#3161=ADVANCED_FACE('',(#341),#2994,.T.);
#3162=ADVANCED_FACE('',(#342),#174,.T.);
#3163=ADVANCED_FACE('',(#343),#175,.T.);
#3164=ADVANCED_FACE('',(#344),#2995,.F.);
#3165=ADVANCED_FACE('',(#345),#176,.T.);
#3166=ADVANCED_FACE('',(#346),#2996,.F.);
#3167=ADVANCED_FACE('',(#347),#2997,.T.);
#3168=ADVANCED_FACE('',(#348),#177,.T.);
#3169=ADVANCED_FACE('',(#349),#2998,.T.);
#3170=ADVANCED_FACE('',(#350),#178,.T.);
#3171=CLOSED_SHELL('',(#2999,#3000,#3001,#3002,#3003,#3004,#3005,#3006,
#3007,#3008,#3009,#3010,#3011,#3012,#3013,#3014,#3015,#3016,#3017,#3018,
#3019,#3020,#3021,#3022,#3023,#3024,#3025,#3026,#3027,#3028,#3029,#3030,
#3031,#3032,#3033,#3034,#3035,#3036));
#3172=CLOSED_SHELL('',(#3037,#3038,#3039,#3040,#3041,#3042,#3043,#3044,
#3045,#3046,#3047,#3048,#3049,#3050,#3051,#3052,#3053,#3054,#3055,#3056,
#3057,#3058,#3059,#3060,#3061,#3062,#3063,#3064,#3065,#3066,#3067,#3068,
#3069,#3070,#3071,#3072,#3073,#3074,#3075,#3076,#3077,#3078,#3079,#3080,
#3081,#3082,#3083,#3084,#3085,#3086,#3087,#3088,#3089,#3090,#3091,#3092,
#3093,#3094,#3095,#3096,#3097,#3098,#3099,#3100,#3101,#3102,#3103));
#3173=CLOSED_SHELL('',(#3104,#3105,#3106,#3107,#3108,#3109,#3110,#3111,
#3112,#3113,#3114,#3115,#3116,#3117,#3118,#3119,#3120,#3121,#3122,#3123,
#3124,#3125,#3126,#3127,#3128,#3129,#3130,#3131,#3132,#3133,#3134,#3135,
#3136,#3137,#3138,#3139,#3140,#3141,#3142,#3143,#3144,#3145,#3146,#3147,
#3148,#3149,#3150,#3151,#3152,#3153,#3154,#3155,#3156,#3157,#3158,#3159,
#3160,#3161,#3162,#3163,#3164,#3165,#3166,#3167,#3168,#3169,#3170));
#3174=DERIVED_UNIT_ELEMENT(#3176,1.);
#3175=DERIVED_UNIT_ELEMENT(#5289,-3.);
#3176=(
MASS_UNIT()
NAMED_UNIT(*)
SI_UNIT(.KILO.,.GRAM.)
);
#3177=DERIVED_UNIT((#3174,#3175));
#3178=MEASURE_REPRESENTATION_ITEM('density measure',
POSITIVE_RATIO_MEASURE(1060.),#3177);
#3179=PROPERTY_DEFINITION_REPRESENTATION(#3184,#3181);
#3180=PROPERTY_DEFINITION_REPRESENTATION(#3185,#3182);
#3181=REPRESENTATION('material name',(#3183),#5286);
#3182=REPRESENTATION('density',(#3178),#5286);
#3183=DESCRIPTIVE_REPRESENTATION_ITEM('ABS-Kunststoff','ABS-Kunststoff');
#3184=PROPERTY_DEFINITION('material property','material name',#5301);
#3185=PROPERTY_DEFINITION('material property','density of part',#5301);
#3186=AXIS2_PLACEMENT_3D('',#4321,#3445,#3446);
#3187=AXIS2_PLACEMENT_3D('',#4322,#3447,#3448);
#3188=AXIS2_PLACEMENT_3D('',#4323,#3449,#3450);
#3189=AXIS2_PLACEMENT_3D('',#4326,#3451,#3452);
#3190=AXIS2_PLACEMENT_3D('',#4330,#3454,#3455);
#3191=AXIS2_PLACEMENT_3D('',#4332,#3457,#3458);
#3192=AXIS2_PLACEMENT_3D('',#4338,#3462,#3463);
#3193=AXIS2_PLACEMENT_3D('',#4342,#3465,#3466);
#3194=AXIS2_PLACEMENT_3D('',#4346,#3468,#3469);
#3195=AXIS2_PLACEMENT_3D('',#4350,#3471,#3472);
#3196=AXIS2_PLACEMENT_3D('',#4354,#3474,#3475);
#3197=AXIS2_PLACEMENT_3D('',#4357,#3477,#3478);
#3198=AXIS2_PLACEMENT_3D('',#4362,#3480,#3481);
#3199=AXIS2_PLACEMENT_3D('',#4366,#3483,#3484);
#3200=AXIS2_PLACEMENT_3D('',#4370,#3486,#3487);
#3201=AXIS2_PLACEMENT_3D('',#4374,#3489,#3490);
#3202=AXIS2_PLACEMENT_3D('',#4378,#3492,#3493);
#3203=AXIS2_PLACEMENT_3D('',#4381,#3495,#3496);
#3204=AXIS2_PLACEMENT_3D('',#4382,#3497,#3498);
#3205=AXIS2_PLACEMENT_3D('',#4385,#3499,#3500);
#3206=AXIS2_PLACEMENT_3D('',#4388,#3503,#3504);
#3207=AXIS2_PLACEMENT_3D('',#4392,#3507,#3508);
#3208=AXIS2_PLACEMENT_3D('',#4394,#3510,#3511);
#3209=AXIS2_PLACEMENT_3D('',#4397,#3512,#3513);
#3210=AXIS2_PLACEMENT_3D('',#4400,#3516,#3517);
#3211=AXIS2_PLACEMENT_3D('',#4404,#3520,#3521);
#3212=AXIS2_PLACEMENT_3D('',#4407,#3522,#3523);
#3213=AXIS2_PLACEMENT_3D('',#4410,#3526,#3527);
#3214=AXIS2_PLACEMENT_3D('',#4414,#3530,#3531);
#3215=AXIS2_PLACEMENT_3D('',#4416,#3533,#3534);
#3216=AXIS2_PLACEMENT_3D('',#4419,#3535,#3536);
#3217=AXIS2_PLACEMENT_3D('',#4422,#3539,#3540);
#3218=AXIS2_PLACEMENT_3D('',#4426,#3543,#3544);
#3219=AXIS2_PLACEMENT_3D('',#4428,#3545,#3546);
#3220=AXIS2_PLACEMENT_3D('',#4430,#3548,#3549);
#3221=AXIS2_PLACEMENT_3D('',#4442,#3556,#3557);
#3222=AXIS2_PLACEMENT_3D('',#4454,#3564,#3565);
#3223=AXIS2_PLACEMENT_3D('',#4455,#3566,#3567);
#3224=AXIS2_PLACEMENT_3D('',#4456,#3568,#3569);
#3225=AXIS2_PLACEMENT_3D('',#4463,#3573,#3574);
#3226=AXIS2_PLACEMENT_3D('',#4475,#3580,#3581);
#3227=AXIS2_PLACEMENT_3D('',#4479,#3583,#3584);
#3228=AXIS2_PLACEMENT_3D('',#4490,#3590,#3591);
#3229=AXIS2_PLACEMENT_3D('',#4496,#3595,#3596);
#3230=AXIS2_PLACEMENT_3D('',#4499,#3599,#3600);
#3231=AXIS2_PLACEMENT_3D('',#4501,#3602,#3603);
#3232=AXIS2_PLACEMENT_3D('',#4503,#3605,#3606);
#3233=AXIS2_PLACEMENT_3D('',#4510,#3611,#3612);
#3234=AXIS2_PLACEMENT_3D('',#4517,#3617,#3618);
#3235=AXIS2_PLACEMENT_3D('',#4518,#3619,#3620);
#3236=AXIS2_PLACEMENT_3D('',#4519,#3621,#3622);
#3237=AXIS2_PLACEMENT_3D('',#4520,#3623,#3624);
#3238=AXIS2_PLACEMENT_3D('',#4521,#3625,#3626);
#3239=AXIS2_PLACEMENT_3D('',#4522,#3627,#3628);
#3240=AXIS2_PLACEMENT_3D('',#4523,#3629,#3630);
#3241=AXIS2_PLACEMENT_3D('',#4524,#3631,#3632);
#3242=AXIS2_PLACEMENT_3D('',#4525,#3633,#3634);
#3243=AXIS2_PLACEMENT_3D('',#4526,#3635,#3636);
#3244=AXIS2_PLACEMENT_3D('',#4527,#3637,#3638);
#3245=AXIS2_PLACEMENT_3D('',#4528,#3639,#3640);
#3246=AXIS2_PLACEMENT_3D('',#4529,#3641,#3642);
#3247=AXIS2_PLACEMENT_3D('',#4530,#3643,#3644);
#3248=AXIS2_PLACEMENT_3D('',#4531,#3645,#3646);
#3249=AXIS2_PLACEMENT_3D('',#4532,#3647,#3648);
#3250=AXIS2_PLACEMENT_3D('',#4533,#3649,#3650);
#3251=AXIS2_PLACEMENT_3D('',#4534,#3651,#3652);
#3252=AXIS2_PLACEMENT_3D('',#4535,#3653,#3654);
#3253=AXIS2_PLACEMENT_3D('',#4536,#3655,#3656);
#3254=AXIS2_PLACEMENT_3D('',#4537,#3657,#3658);
#3255=AXIS2_PLACEMENT_3D('',#4538,#3659,#3660);
#3256=AXIS2_PLACEMENT_3D('',#4539,#3661,#3662);
#3257=AXIS2_PLACEMENT_3D('',#4540,#3663,#3664);
#3258=AXIS2_PLACEMENT_3D('',#4541,#3665,#3666);
#3259=AXIS2_PLACEMENT_3D('',#4548,#3669,#3670);
#3260=AXIS2_PLACEMENT_3D('',#4552,#3672,#3673);
#3261=AXIS2_PLACEMENT_3D('',#4560,#3677,#3678);
#3262=AXIS2_PLACEMENT_3D('',#4564,#3680,#3681);
#3263=AXIS2_PLACEMENT_3D('',#4568,#3683,#3684);
#3264=AXIS2_PLACEMENT_3D('',#4570,#3686,#3687);
#3265=AXIS2_PLACEMENT_3D('',#4576,#3691,#3692);
#3266=AXIS2_PLACEMENT_3D('',#4578,#3693,#3694);
#3267=AXIS2_PLACEMENT_3D('',#4580,#3696,#3697);
#3268=AXIS2_PLACEMENT_3D('',#4589,#3702,#3703);
#3269=AXIS2_PLACEMENT_3D('',#4591,#3704,#3705);
#3270=AXIS2_PLACEMENT_3D('',#4593,#3706,#3707);
#3271=AXIS2_PLACEMENT_3D('',#4595,#3709,#3710);
#3272=AXIS2_PLACEMENT_3D('',#4598,#3711,#3712);
#3273=AXIS2_PLACEMENT_3D('',#4602,#3714,#3715);
#3274=AXIS2_PLACEMENT_3D('',#4604,#3717,#3718);
#3275=AXIS2_PLACEMENT_3D('',#4610,#3722,#3723);
#3276=AXIS2_PLACEMENT_3D('',#4616,#3727,#3728);
#3277=AXIS2_PLACEMENT_3D('',#4618,#3729,#3730);
#3278=AXIS2_PLACEMENT_3D('',#4620,#3732,#3733);
#3279=AXIS2_PLACEMENT_3D('',#4624,#3736,#3737);
#3280=AXIS2_PLACEMENT_3D('',#4625,#3738,#3739);
#3281=AXIS2_PLACEMENT_3D('',#4626,#3740,#3741);
#3282=AXIS2_PLACEMENT_3D('',#4632,#3745,#3746);
#3283=AXIS2_PLACEMENT_3D('',#4638,#3750,#3751);
#3284=AXIS2_PLACEMENT_3D('',#4644,#3754,#3755);
#3285=AXIS2_PLACEMENT_3D('',#4646,#3757,#3758);
#3286=AXIS2_PLACEMENT_3D('',#4660,#3760,#3761);
#3287=AXIS2_PLACEMENT_3D('',#4668,#3766,#3767);
#3288=AXIS2_PLACEMENT_3D('',#4669,#3768,#3769);
#3289=AXIS2_PLACEMENT_3D('',#4679,#3771,#3772);
#3290=AXIS2_PLACEMENT_3D('',#4683,#3774,#3775);
#3291=AXIS2_PLACEMENT_3D('',#4688,#3779,#3780);
#3292=AXIS2_PLACEMENT_3D('',#4702,#3782,#3783);
#3293=AXIS2_PLACEMENT_3D('',#4710,#3788,#3789);
#3294=AXIS2_PLACEMENT_3D('',#4714,#3792,#3793);
#3295=AXIS2_PLACEMENT_3D('',#4716,#3795,#3796);
#3296=AXIS2_PLACEMENT_3D('',#4717,#3797,#3798);
#3297=AXIS2_PLACEMENT_3D('',#4718,#3799,#3800);
#3298=AXIS2_PLACEMENT_3D('',#4720,#3801,#3802);
#3299=AXIS2_PLACEMENT_3D('',#4722,#3804,#3805);
#3300=AXIS2_PLACEMENT_3D('',#4725,#3807,#3808);
#3301=AXIS2_PLACEMENT_3D('',#4726,#3809,#3810);
#3302=AXIS2_PLACEMENT_3D('',#4729,#3812,#3813);
#3303=AXIS2_PLACEMENT_3D('',#4731,#3815,#3816);
#3304=AXIS2_PLACEMENT_3D('',#4735,#3819,#3820);
#3305=AXIS2_PLACEMENT_3D('',#4741,#3824,#3825);
#3306=AXIS2_PLACEMENT_3D('',#4744,#3827,#3828);
#3307=AXIS2_PLACEMENT_3D('',#4745,#3829,#3830);
#3308=AXIS2_PLACEMENT_3D('',#4749,#3832,#3833);
#3309=AXIS2_PLACEMENT_3D('',#4759,#3839,#3840);
#3310=AXIS2_PLACEMENT_3D('',#4761,#3841,#3842);
#3311=AXIS2_PLACEMENT_3D('',#4764,#3845,#3846);
#3312=AXIS2_PLACEMENT_3D('',#4773,#3851,#3852);
#3313=AXIS2_PLACEMENT_3D('',#4777,#3854,#3855);
#3314=AXIS2_PLACEMENT_3D('',#4779,#3857,#3858);
#3315=AXIS2_PLACEMENT_3D('',#4785,#3862,#3863);
#3316=AXIS2_PLACEMENT_3D('',#4789,#3866,#3867);
#3317=AXIS2_PLACEMENT_3D('',#4795,#3871,#3872);
#3318=AXIS2_PLACEMENT_3D('',#4801,#3876,#3877);
#3319=AXIS2_PLACEMENT_3D('',#4802,#3878,#3879);
#3320=AXIS2_PLACEMENT_3D('',#4803,#3880,#3881);
#3321=AXIS2_PLACEMENT_3D('',#4805,#3882,#3883);
#3322=AXIS2_PLACEMENT_3D('',#4807,#3885,#3886);
#3323=AXIS2_PLACEMENT_3D('',#4816,#3891,#3892);
#3324=AXIS2_PLACEMENT_3D('',#4825,#3897,#3898);
#3325=AXIS2_PLACEMENT_3D('',#4831,#3902,#3903);
#3326=AXIS2_PLACEMENT_3D('',#4837,#3907,#3908);
#3327=AXIS2_PLACEMENT_3D('',#4839,#3910,#3911);
#3328=AXIS2_PLACEMENT_3D('',#4841,#3913,#3914);
#3329=AXIS2_PLACEMENT_3D('',#4855,#3922,#3923);
#3330=AXIS2_PLACEMENT_3D('',#4858,#3926,#3927);
#3331=AXIS2_PLACEMENT_3D('',#4860,#3929,#3930);
#3332=AXIS2_PLACEMENT_3D('',#4862,#3932,#3933);
#3333=AXIS2_PLACEMENT_3D('',#4863,#3934,#3935);
#3334=AXIS2_PLACEMENT_3D('',#4865,#3937,#3938);
#3335=AXIS2_PLACEMENT_3D('',#4867,#3940,#3941);
#3336=AXIS2_PLACEMENT_3D('',#4868,#3942,#3943);
#3337=AXIS2_PLACEMENT_3D('',#4870,#3944,#3945);
#3338=AXIS2_PLACEMENT_3D('',#4872,#3947,#3948);
#3339=AXIS2_PLACEMENT_3D('',#4874,#3950,#3951);
#3340=AXIS2_PLACEMENT_3D('',#4875,#3952,#3953);
#3341=AXIS2_PLACEMENT_3D('',#4879,#3956,#3957);
#3342=AXIS2_PLACEMENT_3D('',#4886,#3962,#3963);
#3343=AXIS2_PLACEMENT_3D('',#4890,#3966,#3967);
#3344=AXIS2_PLACEMENT_3D('',#4897,#3972,#3973);
#3345=AXIS2_PLACEMENT_3D('',#4901,#3976,#3977);
#3346=AXIS2_PLACEMENT_3D('',#4903,#3979,#3980);
#3347=AXIS2_PLACEMENT_3D('',#4905,#3982,#3983);
#3348=AXIS2_PLACEMENT_3D('',#4907,#3985,#3986);
#3349=AXIS2_PLACEMENT_3D('',#4909,#3988,#3989);
#3350=AXIS2_PLACEMENT_3D('',#4910,#3990,#3991);
#3351=AXIS2_PLACEMENT_3D('',#4911,#3992,#3993);
#3352=AXIS2_PLACEMENT_3D('',#4932,#4004,#4005);
#3353=AXIS2_PLACEMENT_3D('',#4953,#4016,#4017);
#3354=AXIS2_PLACEMENT_3D('',#4959,#4021,#4022);
#3355=AXIS2_PLACEMENT_3D('',#4963,#4024,#4025);
#3356=AXIS2_PLACEMENT_3D('',#4965,#4027,#4028);
#3357=AXIS2_PLACEMENT_3D('',#4969,#4031,#4032);
#3358=AXIS2_PLACEMENT_3D('',#4971,#4033,#4034);
#3359=AXIS2_PLACEMENT_3D('',#4975,#4036,#4037);
#3360=AXIS2_PLACEMENT_3D('',#4979,#4039,#4040);
#3361=AXIS2_PLACEMENT_3D('',#4984,#4043,#4044);
#3362=AXIS2_PLACEMENT_3D('',#4988,#4046,#4047);
#3363=AXIS2_PLACEMENT_3D('',#4990,#4049,#4050);
#3364=AXIS2_PLACEMENT_3D('',#4994,#4053,#4054);
#3365=AXIS2_PLACEMENT_3D('',#5000,#4058,#4059);
#3366=AXIS2_PLACEMENT_3D('',#5009,#4064,#4065);
#3367=AXIS2_PLACEMENT_3D('',#5013,#4067,#4068);
#3368=AXIS2_PLACEMENT_3D('',#5016,#4070,#4071);
#3369=AXIS2_PLACEMENT_3D('',#5017,#4072,#4073);
#3370=AXIS2_PLACEMENT_3D('',#5024,#4076,#4077);
#3371=AXIS2_PLACEMENT_3D('',#5028,#4079,#4080);
#3372=AXIS2_PLACEMENT_3D('',#5030,#4082,#4083);
#3373=AXIS2_PLACEMENT_3D('',#5033,#4084,#4085);
#3374=AXIS2_PLACEMENT_3D('',#5041,#4089,#4090);
#3375=AXIS2_PLACEMENT_3D('',#5043,#4092,#4093);
#3376=AXIS2_PLACEMENT_3D('',#5049,#4097,#4098);
#3377=AXIS2_PLACEMENT_3D('',#5053,#4101,#4102);
#3378=AXIS2_PLACEMENT_3D('',#5057,#4104,#4105);
#3379=AXIS2_PLACEMENT_3D('',#5059,#4107,#4108);
#3380=AXIS2_PLACEMENT_3D('',#5063,#4111,#4112);
#3381=AXIS2_PLACEMENT_3D('',#5072,#4117,#4118);
#3382=AXIS2_PLACEMENT_3D('',#5081,#4123,#4124);
#3383=AXIS2_PLACEMENT_3D('',#5090,#4129,#4130);
#3384=AXIS2_PLACEMENT_3D('',#5099,#4135,#4136);
#3385=AXIS2_PLACEMENT_3D('',#5102,#4139,#4140);
#3386=AXIS2_PLACEMENT_3D('',#5105,#4143,#4144);
#3387=AXIS2_PLACEMENT_3D('',#5108,#4147,#4148);
#3388=AXIS2_PLACEMENT_3D('',#5111,#4151,#4152);
#3389=AXIS2_PLACEMENT_3D('',#5112,#4153,#4154);
#3390=AXIS2_PLACEMENT_3D('',#5113,#4155,#4156);
#3391=AXIS2_PLACEMENT_3D('',#5116,#4157,#4158);
#3392=AXIS2_PLACEMENT_3D('',#5119,#4161,#4162);
#3393=AXIS2_PLACEMENT_3D('',#5123,#4165,#4166);
#3394=AXIS2_PLACEMENT_3D('',#5125,#4168,#4169);
#3395=AXIS2_PLACEMENT_3D('',#5126,#4170,#4171);
#3396=AXIS2_PLACEMENT_3D('',#5127,#4172,#4173);
#3397=AXIS2_PLACEMENT_3D('',#5131,#4176,#4177);
#3398=AXIS2_PLACEMENT_3D('',#5137,#4181,#4182);
#3399=AXIS2_PLACEMENT_3D('',#5139,#4184,#4185);
#3400=AXIS2_PLACEMENT_3D('',#5141,#4187,#4188);
#3401=AXIS2_PLACEMENT_3D('',#5145,#4191,#4192);
#3402=AXIS2_PLACEMENT_3D('',#5149,#4195,#4196);
#3403=AXIS2_PLACEMENT_3D('',#5151,#4198,#4199);
#3404=AXIS2_PLACEMENT_3D('',#5152,#4200,#4201);
#3405=AXIS2_PLACEMENT_3D('',#5156,#4204,#4205);
#3406=AXIS2_PLACEMENT_3D('',#5159,#4206,#4207);
#3407=AXIS2_PLACEMENT_3D('',#5163,#4210,#4211);
#3408=AXIS2_PLACEMENT_3D('',#5175,#4212,#4213);
#3409=AXIS2_PLACEMENT_3D('',#5179,#4215,#4216);
#3410=AXIS2_PLACEMENT_3D('',#5183,#4219,#4220);
#3411=AXIS2_PLACEMENT_3D('',#5186,#4221,#4222);
#3412=AXIS2_PLACEMENT_3D('',#5200,#4225,#4226);
#3413=AXIS2_PLACEMENT_3D('',#5202,#4227,#4228);
#3414=AXIS2_PLACEMENT_3D('',#5204,#4230,#4231);
#3415=AXIS2_PLACEMENT_3D('',#5210,#4234,#4235);
#3416=AXIS2_PLACEMENT_3D('',#5212,#4237,#4238);
#3417=AXIS2_PLACEMENT_3D('',#5214,#4240,#4241);
#3418=AXIS2_PLACEMENT_3D('',#5215,#4242,#4243);
#3419=AXIS2_PLACEMENT_3D('',#5216,#4244,#4245);
#3420=AXIS2_PLACEMENT_3D('',#5224,#4250,#4251);
#3421=AXIS2_PLACEMENT_3D('',#5230,#4253,#4254);
#3422=AXIS2_PLACEMENT_3D('',#5234,#4255,#4256);
#3423=AXIS2_PLACEMENT_3D('',#5236,#4258,#4259);
#3424=AXIS2_PLACEMENT_3D('',#5243,#4264,#4265);
#3425=AXIS2_PLACEMENT_3D('',#5246,#4267,#4268);
#3426=AXIS2_PLACEMENT_3D('',#5247,#4269,#4270);
#3427=AXIS2_PLACEMENT_3D('',#5252,#4274,#4275);
#3428=AXIS2_PLACEMENT_3D('',#5255,#4277,#4278);
#3429=AXIS2_PLACEMENT_3D('',#5256,#4279,#4280);
#3430=AXIS2_PLACEMENT_3D('',#5258,#4282,#4283);
#3431=AXIS2_PLACEMENT_3D('',#5259,#4284,#4285);
#3432=AXIS2_PLACEMENT_3D('',#5260,#4286,#4287);
#3433=AXIS2_PLACEMENT_3D('',#5262,#4289,#4290);
#3434=AXIS2_PLACEMENT_3D('',#5264,#4292,#4293);
#3435=AXIS2_PLACEMENT_3D('',#5266,#4295,#4296);
#3436=AXIS2_PLACEMENT_3D('',#5268,#4298,#4299);
#3437=AXIS2_PLACEMENT_3D('',#5270,#4301,#4302);
#3438=AXIS2_PLACEMENT_3D('',#5271,#4303,#4304);
#3439=AXIS2_PLACEMENT_3D('',#5273,#4306,#4307);
#3440=AXIS2_PLACEMENT_3D('',#5274,#4308,#4309);
#3441=AXIS2_PLACEMENT_3D('',#5276,#4311,#4312);
#3442=AXIS2_PLACEMENT_3D('',#5278,#4314,#4315);
#3443=AXIS2_PLACEMENT_3D('',#5280,#4317,#4318);
#3444=AXIS2_PLACEMENT_3D('',#5281,#4319,#4320);
#3445=DIRECTION('axis',(0.,0.,1.));
#3446=DIRECTION('refdir',(1.,0.,0.));
#3447=DIRECTION('axis',(0.,0.,1.));
#3448=DIRECTION('refdir',(1.,0.,0.));
#3449=DIRECTION('center_axis',(0.,0.,1.));
#3450=DIRECTION('ref_axis',(0.866025403784426,0.500000000000022,0.));
#3451=DIRECTION('center_axis',(0.,0.,-1.));
#3452=DIRECTION('ref_axis',(0.866025403784426,0.500000000000022,0.));
#3453=DIRECTION('',(0.,0.,-1.));
#3454=DIRECTION('center_axis',(0.,0.,1.));
#3455=DIRECTION('ref_axis',(0.866025403784426,0.500000000000022,0.));
#3456=DIRECTION('',(0.,0.,1.));
#3457=DIRECTION('center_axis',(0.499999999999975,0.866025403784453,0.));
#3458=DIRECTION('ref_axis',(-0.866025403784453,0.499999999999975,0.));
#3459=DIRECTION('',(0.866025403784453,-0.499999999999975,0.));
#3460=DIRECTION('',(0.,0.,-1.));
#3461=DIRECTION('',(-0.866025403784453,0.499999999999975,0.));
#3462=DIRECTION('center_axis',(0.,0.,-1.));
#3463=DIRECTION('ref_axis',(-1.,0.,0.));
#3464=DIRECTION('',(-2.82034527336256E-14,1.,0.));
#3465=DIRECTION('center_axis',(0.,0.,1.));
#3466=DIRECTION('ref_axis',(0.866025403784454,-0.499999999999973,0.));
#3467=DIRECTION('',(-0.866025403784425,-0.500000000000024,0.));
#3468=DIRECTION('center_axis',(0.,0.,1.));
#3469=DIRECTION('ref_axis',(2.73488026507884E-14,-1.,0.));
#3470=DIRECTION('',(-0.866025403784453,0.499999999999976,0.));
#3471=DIRECTION('center_axis',(0.,0.,1.));
#3472=DIRECTION('ref_axis',(-0.866025403784424,-0.500000000000025,0.));
#3473=DIRECTION('',(2.82034527336256E-14,-1.,0.));
#3474=DIRECTION('center_axis',(0.,0.,1.));
#3475=DIRECTION('ref_axis',(-0.866025403784452,0.499999999999976,0.));
#3476=DIRECTION('',(0.866025403784425,0.500000000000024,0.));
#3477=DIRECTION('center_axis',(0.,0.,1.));
#3478=DIRECTION('ref_axis',(-2.73488026507885E-14,1.,0.));
#3479=DIRECTION('',(0.866025403784421,-0.50000000000003,0.));
#3480=DIRECTION('center_axis',(0.,0.,-1.));
#3481=DIRECTION('ref_axis',(3.41860033134856E-14,1.,0.));
#3482=DIRECTION('',(0.866025403784455,0.499999999999971,0.));
#3483=DIRECTION('center_axis',(0.,0.,-1.));
#3484=DIRECTION('ref_axis',(-0.866025403784438,0.500000000000001,0.));
#3485=DIRECTION('',(-2.69214776093684E-14,1.,0.));
#3486=DIRECTION('center_axis',(0.,0.,-1.));
#3487=DIRECTION('ref_axis',(-0.866025403784441,-0.499999999999996,0.));
#3488=DIRECTION('',(-0.866025403784421,0.50000000000003,0.));
#3489=DIRECTION('center_axis',(0.,0.,-1.));
#3490=DIRECTION('ref_axis',(-3.41860033134855E-14,-1.,0.));
#3491=DIRECTION('',(-0.866025403784456,-0.49999999999997,0.));
#3492=DIRECTION('center_axis',(0.,0.,-1.));
#3493=DIRECTION('ref_axis',(0.866025403784437,-0.500000000000002,0.));
#3494=DIRECTION('',(2.69214776093685E-14,-1.,0.));
#3495=DIRECTION('center_axis',(0.,0.,-1.));
#3496=DIRECTION('ref_axis',(0.86602540378444,0.499999999999997,0.));
#3497=DIRECTION('center_axis',(0.,0.,1.));
#3498=DIRECTION('ref_axis',(0.866025403784454,-0.499999999999973,0.));
#3499=DIRECTION('center_axis',(0.,0.,-1.));
#3500=DIRECTION('ref_axis',(0.866025403784454,-0.499999999999973,0.));
#3501=DIRECTION('',(0.,0.,-1.));
#3502=DIRECTION('',(0.,0.,1.));
#3503=DIRECTION('center_axis',(0.500000000000024,-0.866025403784425,0.));
#3504=DIRECTION('ref_axis',(0.866025403784425,0.500000000000024,0.));
#3505=DIRECTION('',(0.866025403784425,0.500000000000024,0.));
#3506=DIRECTION('',(0.,0.,1.));
#3507=DIRECTION('center_axis',(1.,2.82034527336256E-14,0.));
#3508=DIRECTION('ref_axis',(-2.82034527336256E-14,1.,0.));
#3509=DIRECTION('',(-2.82034527336256E-14,1.,0.));
#3510=DIRECTION('center_axis',(0.,0.,1.));
#3511=DIRECTION('ref_axis',(-0.866025403784424,-0.500000000000025,0.));
#3512=DIRECTION('center_axis',(0.,0.,-1.));
#3513=DIRECTION('ref_axis',(-0.866025403784424,-0.500000000000025,0.));
#3514=DIRECTION('',(0.,0.,-1.));
#3515=DIRECTION('',(0.,0.,1.));
#3516=DIRECTION('center_axis',(-0.499999999999976,-0.866025403784453,0.));
#3517=DIRECTION('ref_axis',(0.866025403784453,-0.499999999999976,0.));
#3518=DIRECTION('',(0.,0.,-1.));
#3519=DIRECTION('',(0.866025403784453,-0.499999999999976,0.));
#3520=DIRECTION('center_axis',(0.,0.,1.));
#3521=DIRECTION('ref_axis',(-0.866025403784452,0.499999999999976,0.));
#3522=DIRECTION('center_axis',(0.,0.,-1.));
#3523=DIRECTION('ref_axis',(-0.866025403784452,0.499999999999976,0.));
#3524=DIRECTION('',(0.,0.,-1.));
#3525=DIRECTION('',(0.,0.,1.));
#3526=DIRECTION('center_axis',(-0.500000000000025,0.866025403784424,0.));
#3527=DIRECTION('ref_axis',(-0.866025403784424,-0.500000000000025,0.));
#3528=DIRECTION('',(-0.866025403784425,-0.500000000000024,0.));
#3529=DIRECTION('',(0.,0.,1.));
#3530=DIRECTION('center_axis',(-1.,-2.82034527336256E-14,0.));
#3531=DIRECTION('ref_axis',(2.82034527336256E-14,-1.,0.));
#3532=DIRECTION('',(2.82034527336256E-14,-1.,0.));
#3533=DIRECTION('center_axis',(0.,0.,-1.));
#3534=DIRECTION('ref_axis',(0.866025403784437,-0.500000000000002,0.));
#3535=DIRECTION('center_axis',(0.,0.,1.));
#3536=DIRECTION('ref_axis',(0.866025403784437,-0.500000000000002,0.));
#3537=DIRECTION('',(0.,0.,-1.));
#3538=DIRECTION('',(0.,0.,1.));
#3539=DIRECTION('center_axis',(-1.,-2.69214776093685E-14,0.));
#3540=DIRECTION('ref_axis',(2.69214776093685E-14,-1.,0.));
#3541=DIRECTION('',(2.69214776093685E-14,-1.,0.));
#3542=DIRECTION('',(0.,0.,1.));
#3543=DIRECTION('center_axis',(0.,0.,1.));
#3544=DIRECTION('ref_axis',(0.86602540378444,0.499999999999997,0.));
#3545=DIRECTION('center_axis',(0.,0.,1.));
#3546=DIRECTION('ref_axis',(0.86602540378444,0.499999999999997,0.));
#3547=DIRECTION('',(0.,0.,-1.));
#3548=DIRECTION('center_axis',(-0.50000000000003,-0.866025403784421,0.));
#3549=DIRECTION('ref_axis',(0.866025403784421,-0.50000000000003,0.));
#3550=DIRECTION('',(0.866025403784421,-0.50000000000003,0.));
#3551=DIRECTION('',(-5.30287619362443E-17,3.06161699786857E-17,-1.));
#3552=DIRECTION('',(-0.866025403784456,0.49999999999997,6.12323426292587E-17));
#3553=DIRECTION('',(-5.30287619362443E-17,3.06161699786857E-17,-1.));
#3554=DIRECTION('',(0.866025403784421,-0.50000000000003,0.));
#3555=DIRECTION('',(0.,0.,1.));
#3556=DIRECTION('center_axis',(-0.49999999999997,0.866025403784456,0.));
#3557=DIRECTION('ref_axis',(-0.866025403784456,-0.49999999999997,0.));
#3558=DIRECTION('',(0.,0.,-1.));
#3559=DIRECTION('',(-0.866025403784456,-0.49999999999997,0.));
#3560=DIRECTION('',(0.,0.,1.));
#3561=DIRECTION('',(0.86602540378444,0.499999999999998,0.));
#3562=DIRECTION('',(0.,0.,1.));
#3563=DIRECTION('',(-0.866025403784456,-0.49999999999997,0.));
#3564=DIRECTION('center_axis',(0.,0.,-1.));
#3565=DIRECTION('ref_axis',(-1.,0.,0.));
#3566=DIRECTION('center_axis',(0.,0.,-1.));
#3567=DIRECTION('ref_axis',(-2.73488026507885E-14,1.,0.));
#3568=DIRECTION('center_axis',(0.,0.,-1.));
#3569=DIRECTION('ref_axis',(2.73488026507884E-14,-1.,0.));
#3570=DIRECTION('',(-0.5,0.866025403784439,0.));
#3571=DIRECTION('',(-0.86602540378444,-0.499999999999998,0.));
#3572=DIRECTION('',(-0.5,0.866025403784439,0.));
#3573=DIRECTION('center_axis',(0.,0.,1.));
#3574=DIRECTION('ref_axis',(-3.41860033134855E-14,-1.,0.));
#3575=DIRECTION('',(-0.866025403784421,0.50000000000003,0.));
#3576=DIRECTION('',(0.499999999999979,0.866025403784451,0.));
#3577=DIRECTION('',(-0.866025403784451,0.499999999999978,6.12323426292584E-17));
#3578=DIRECTION('',(0.499999999999979,0.866025403784451,0.));
#3579=DIRECTION('',(-0.866025403784421,0.50000000000003,0.));
#3580=DIRECTION('center_axis',(0.,0.,1.));
#3581=DIRECTION('ref_axis',(-0.866025403784441,-0.499999999999996,0.));
#3582=DIRECTION('',(-2.69214776093684E-14,1.,0.));
#3583=DIRECTION('center_axis',(0.,0.,1.));
#3584=DIRECTION('ref_axis',(-0.866025403784438,0.500000000000001,0.));
#3585=DIRECTION('',(0.866025403784455,0.499999999999971,0.));
#3586=DIRECTION('',(0.500000000000022,-0.866025403784426,0.));
#3587=DIRECTION('',(0.866025403784429,0.500000000000017,6.1232342629258E-17));
#3588=DIRECTION('',(0.500000000000022,-0.866025403784426,0.));
#3589=DIRECTION('',(0.866025403784455,0.499999999999971,0.));
#3590=DIRECTION('center_axis',(0.,0.,1.));
#3591=DIRECTION('ref_axis',(3.41860033134856E-14,1.,0.));
#3592=DIRECTION('',(0.499999999999969,0.866025403784457,0.));
#3593=DIRECTION('',(0.866025403784456,-0.49999999999997,-6.12323426292587E-17));
#3594=DIRECTION('',(0.499999999999969,0.866025403784457,0.));
#3595=DIRECTION('center_axis',(0.,0.,-1.));
#3596=DIRECTION('ref_axis',(-0.866025403784438,0.500000000000001,0.));
#3597=DIRECTION('',(0.,0.,-1.));
#3598=DIRECTION('',(0.,0.,1.));
#3599=DIRECTION('center_axis',(1.,2.69214776093684E-14,0.));
#3600=DIRECTION('ref_axis',(-2.69214776093684E-14,1.,0.));
#3601=DIRECTION('',(0.,0.,1.));
#3602=DIRECTION('center_axis',(0.,0.,1.));
#3603=DIRECTION('ref_axis',(-0.866025403784441,-0.499999999999996,0.));
#3604=DIRECTION('',(0.,0.,-1.));
#3605=DIRECTION('center_axis',(0.50000000000003,0.866025403784421,0.));
#3606=DIRECTION('ref_axis',(-0.866025403784421,0.50000000000003,0.));
#3607=DIRECTION('',(5.30287619362443E-17,-3.06161699786857E-17,1.));
#3608=DIRECTION('',(0.866025403784451,-0.499999999999978,-6.12323426292584E-17));
#3609=DIRECTION('',(5.30287619362443E-17,-3.06161699786857E-17,1.));
#3610=DIRECTION('',(0.,0.,1.));
#3611=DIRECTION('center_axis',(0.499999999999971,-0.866025403784455,0.));
#3612=DIRECTION('ref_axis',(0.866025403784455,0.499999999999971,0.));
#3613=DIRECTION('',(0.,0.,-1.));
#3614=DIRECTION('',(-5.30287619362464E-17,-3.06161699786821E-17,1.));
#3615=DIRECTION('',(-0.866025403784429,-0.500000000000017,-6.1232342629258E-17));
#3616=DIRECTION('',(-5.30287619362464E-17,-3.06161699786821E-17,1.));
#3617=DIRECTION('center_axis',(0.,0.,-1.));
#3618=DIRECTION('ref_axis',(-3.41860033134855E-14,-1.,0.));
#3619=DIRECTION('center_axis',(0.,0.,1.));
#3620=DIRECTION('ref_axis',(3.41860033134856E-14,1.,0.));
#3621=DIRECTION('center_axis',(-0.86602540378444,-0.499999999999998,0.));
#3622=DIRECTION('ref_axis',(0.,0.,1.));
#3623=DIRECTION('center_axis',(0.866025403784439,0.5,0.));
#3624=DIRECTION('ref_axis',(0.,0.,1.));
#3625=DIRECTION('center_axis',(0.866025403784439,0.5,0.));
#3626=DIRECTION('ref_axis',(0.,0.,1.));
#3627=DIRECTION('center_axis',(-0.866025403784439,-0.5,0.));
#3628=DIRECTION('ref_axis',(0.,0.,1.));
#3629=DIRECTION('center_axis',(-0.866025403784439,-0.5,0.));
#3630=DIRECTION('ref_axis',(0.,0.,1.));
#3631=DIRECTION('center_axis',(-0.866025403784456,0.49999999999997,6.12323426292587E-17));
#3632=DIRECTION('ref_axis',(-0.49997524915657,-0.865982534066156,-0.00994992076270928));
#3633=DIRECTION('center_axis',(0.866025403784457,-0.499999999999969,-6.12323399573677E-17));
#3634=DIRECTION('ref_axis',(-0.499975249156568,-0.865982534066157,-0.00994992076270928));
#3635=DIRECTION('center_axis',(0.866025403784457,-0.499999999999969,-6.12323399573677E-17));
#3636=DIRECTION('ref_axis',(-0.499975249156568,-0.865982534066157,-0.00994992076270928));
#3637=DIRECTION('center_axis',(-0.866025403784457,0.499999999999969,6.12323399573677E-17));
#3638=DIRECTION('ref_axis',(0.499999999999969,0.866025403784457,0.));
#3639=DIRECTION('center_axis',(-0.866025403784457,0.499999999999969,6.12323399573677E-17));
#3640=DIRECTION('ref_axis',(0.499999999999969,0.866025403784457,0.));
#3641=DIRECTION('center_axis',(-0.866025403784451,0.499999999999978,6.12323426292584E-17));
#3642=DIRECTION('ref_axis',(0.499975249156579,0.865982534066154,-0.0099499207624837));
#3643=DIRECTION('center_axis',(0.866025403784451,-0.499999999999979,-6.12323399573677E-17));
#3644=DIRECTION('ref_axis',(0.49997524915658,0.865982534066153,-0.0099499207624837));
#3645=DIRECTION('center_axis',(0.866025403784451,-0.499999999999979,-6.12323399573677E-17));
#3646=DIRECTION('ref_axis',(0.49997524915658,0.865982534066153,-0.0099499207624837));
#3647=DIRECTION('center_axis',(-0.866025403784451,0.499999999999979,6.12323399573677E-17));
#3648=DIRECTION('ref_axis',(-0.499999999999979,-0.866025403784451,-3.08148791101958E-33));
#3649=DIRECTION('center_axis',(-0.866025403784451,0.499999999999979,6.12323399573677E-17));
#3650=DIRECTION('ref_axis',(-0.499999999999979,-0.866025403784451,-3.08148791101958E-33));
#3651=DIRECTION('center_axis',(0.866025403784429,0.500000000000017,6.1232342629258E-17));
#3652=DIRECTION('ref_axis',(0.499975249156617,-0.865982534066129,-0.00994992076270218));
#3653=DIRECTION('center_axis',(-0.866025403784426,-0.500000000000022,-6.12323399573677E-17));
#3654=DIRECTION('ref_axis',(0.499975249156622,-0.865982534066126,-0.00994992076270218));
#3655=DIRECTION('center_axis',(-0.866025403784426,-0.500000000000022,-6.12323399573677E-17));
#3656=DIRECTION('ref_axis',(0.499975249156622,-0.865982534066126,-0.00994992076270218));
#3657=DIRECTION('center_axis',(0.866025403784426,0.500000000000022,6.12323399573677E-17));
#3658=DIRECTION('ref_axis',(-0.500000000000022,0.866025403784426,-3.08148791101958E-33));
#3659=DIRECTION('center_axis',(0.866025403784426,0.500000000000022,6.12323399573677E-17));
#3660=DIRECTION('ref_axis',(-0.500000000000022,0.866025403784426,-3.08148791101958E-33));
#3661=DIRECTION('center_axis',(0.,0.,1.));
#3662=DIRECTION('ref_axis',(-2.73488026507885E-14,1.,0.));
#3663=DIRECTION('center_axis',(0.,0.,1.));
#3664=DIRECTION('ref_axis',(2.73488026507884E-14,-1.,0.));
#3665=DIRECTION('center_axis',(0.,0.,1.));
#3666=DIRECTION('ref_axis',(1.,0.,0.));
#3667=DIRECTION('',(1.,0.,0.));
#3668=DIRECTION('',(0.,-1.,0.));
#3669=DIRECTION('center_axis',(0.,0.,1.));
#3670=DIRECTION('ref_axis',(0.707106781186548,-0.707106781186548,0.));
#3671=DIRECTION('',(-1.,0.,0.));
#3672=DIRECTION('center_axis',(0.,0.,1.));
#3673=DIRECTION('ref_axis',(-0.707106781186548,-0.707106781186548,0.));
#3674=DIRECTION('',(0.,1.,0.));
#3675=DIRECTION('',(1.,0.,0.));
#3676=DIRECTION('',(-3.58953034791599E-14,-1.,0.));
#3677=DIRECTION('center_axis',(0.,0.,1.));
#3678=DIRECTION('ref_axis',(-0.866025403784456,-0.499999999999969,0.));
#3679=DIRECTION('',(0.866025403784421,-0.500000000000031,0.));
#3680=DIRECTION('center_axis',(0.,0.,1.));
#3681=DIRECTION('ref_axis',(-3.41860033134856E-14,-1.,0.));
#3682=DIRECTION('',(0.866025403784457,0.499999999999969,0.));
#3683=DIRECTION('center_axis',(0.,0.,1.));
#3684=DIRECTION('ref_axis',(0.866025403784421,-0.50000000000003,0.));
#3685=DIRECTION('',(3.58953034791599E-14,1.,0.));
#3686=DIRECTION('center_axis',(-0.500000000000031,-0.866025403784421,0.));
#3687=DIRECTION('ref_axis',(0.866025403784421,-0.500000000000031,0.));
#3688=DIRECTION('',(-0.866025403784421,0.500000000000031,0.));
#3689=DIRECTION('',(0.,0.,-1.));
#3690=DIRECTION('',(0.,0.,1.));
#3691=DIRECTION('center_axis',(0.,0.,1.));
#3692=DIRECTION('ref_axis',(-0.866025403784456,-0.499999999999969,0.));
#3693=DIRECTION('center_axis',(0.,0.,-1.));
#3694=DIRECTION('ref_axis',(-0.866025403784456,-0.499999999999969,0.));
#3695=DIRECTION('',(0.,0.,-1.));
#3696=DIRECTION('center_axis',(0.866025403784456,0.49999999999997,0.));
#3697=DIRECTION('ref_axis',(0.49999999999997,-0.866025403784456,0.));
#3698=DIRECTION('',(0.,0.,-1.));
#3699=DIRECTION('',(0.49999999999997,-0.866025403784456,0.));
#3700=DIRECTION('',(0.,0.,-1.));
#3701=DIRECTION('',(-0.49999999999997,0.866025403784456,0.));
#3702=DIRECTION('center_axis',(-0.49999999999997,0.866025403784456,0.));
#3703=DIRECTION('ref_axis',(-0.612372435695805,-0.353553390593252,0.707106781186549));
#3704=DIRECTION('center_axis',(0.499999999999972,-0.866025403784455,0.));
#3705=DIRECTION('ref_axis',(-0.612372435695805,-0.353553390593253,0.707106781186549));
#3706=DIRECTION('center_axis',(-0.49999999999997,0.866025403784456,0.));
#3707=DIRECTION('ref_axis',(-0.612372435695805,-0.353553390593252,0.707106781186549));
#3708=DIRECTION('',(0.49999999999997,-0.866025403784456,0.));
#3709=DIRECTION('center_axis',(-0.500000000000026,-0.866025403784424,0.));
#3710=DIRECTION('ref_axis',(0.612372435695786,-0.353553390593293,0.707106781186545));
#3711=DIRECTION('center_axis',(-0.500000000000028,-0.866025403784422,0.));
#3712=DIRECTION('ref_axis',(0.612372435695785,-0.353553390593295,0.707106781186545));
#3713=DIRECTION('',(0.500000000000026,0.866025403784424,0.));
#3714=DIRECTION('center_axis',(0.500000000000029,0.866025403784422,0.));
#3715=DIRECTION('ref_axis',(0.612372435695785,-0.353553390593296,0.707106781186545));
#3716=DIRECTION('',(-0.500000000000026,-0.866025403784424,0.));
#3717=DIRECTION('center_axis',(-0.866025403784424,0.500000000000026,0.));
#3718=DIRECTION('ref_axis',(0.500000000000026,0.866025403784424,0.));
#3719=DIRECTION('',(0.,0.,1.));
#3720=DIRECTION('',(0.,0.,-1.));
#3721=DIRECTION('',(0.500000000000026,0.866025403784424,0.));
#3722=DIRECTION('center_axis',(1.,-3.58953034791599E-14,0.));
#3723=DIRECTION('ref_axis',(3.58953034791599E-14,1.,0.));
#3724=DIRECTION('',(0.,0.,-1.));
#3725=DIRECTION('',(0.,0.,1.));
#3726=DIRECTION('',(-3.58953034791599E-14,-1.,0.));
#3727=DIRECTION('center_axis',(0.,0.,1.));
#3728=DIRECTION('ref_axis',(0.866025403784421,-0.50000000000003,0.));
#3729=DIRECTION('center_axis',(0.,0.,-1.));
#3730=DIRECTION('ref_axis',(0.866025403784421,-0.50000000000003,0.));
#3731=DIRECTION('',(0.,0.,-1.));
#3732=DIRECTION('center_axis',(0.499999999999969,-0.866025403784457,0.));
#3733=DIRECTION('ref_axis',(0.866025403784457,0.499999999999969,0.));
#3734=DIRECTION('',(-0.866025403784457,-0.499999999999969,0.));
#3735=DIRECTION('',(0.,0.,1.));
#3736=DIRECTION('center_axis',(0.,0.,1.));
#3737=DIRECTION('ref_axis',(-3.41860033134856E-14,-1.,0.));
#3738=DIRECTION('center_axis',(0.,0.,-1.));
#3739=DIRECTION('ref_axis',(-3.41860033134856E-14,-1.,0.));
#3740=DIRECTION('center_axis',(0.,0.,1.));
#3741=DIRECTION('ref_axis',(1.,0.,0.));
#3742=DIRECTION('',(0.866025403784421,-0.500000000000031,0.));
#3743=DIRECTION('',(-0.500000000000025,-0.866025403784424,0.));
#3744=DIRECTION('',(-0.866025403784422,0.500000000000029,0.));
#3745=DIRECTION('center_axis',(0.,0.,1.));
#3746=DIRECTION('ref_axis',(1.,0.,0.));
#3747=DIRECTION('',(0.866025403784457,0.499999999999969,0.));
#3748=DIRECTION('',(-0.866025403784456,-0.49999999999997,0.));
#3749=DIRECTION('',(-0.499999999999963,0.86602540378446,0.));
#3750=DIRECTION('center_axis',(0.70710678118655,-2.53818125028631E-14,-0.707106781186545));
#3751=DIRECTION('ref_axis',(-0.707106781186545,1.57772181044202E-30,-0.70710678118655));
#3752=DIRECTION('',(-0.707106781186545,0.,-0.70710678118655));
#3753=DIRECTION('',(0.707106781186545,-2.55140024536116E-14,0.70710678118655));
#3754=DIRECTION('center_axis',(-0.70710678118655,2.53818125028631E-14,0.707106781186545));
#3755=DIRECTION('ref_axis',(0.707106781186545,-2.53831614153881E-14,0.70710678118655));
#3756=DIRECTION('',(-3.2761586508757E-14,-1.,3.13371697040289E-15));
#3757=DIRECTION('center_axis',(0.,0.,1.));
#3758=DIRECTION('ref_axis',(0.866025403784421,-0.50000000000003,0.));
#3759=DIRECTION('',(0.353553390593255,-0.612372435695808,0.707106781186546));
#3760=DIRECTION('center_axis',(0.353553390593251,-0.612372435695806,-0.707106781186549));
#3761=DIRECTION('ref_axis',(-0.894427190999928,-2.22044604925031E-16,-0.447213595499934));
#3762=DIRECTION('',(0.35355339059329,-0.612372435695876,0.707106781186469));
#3763=DIRECTION('',(-0.866025403784455,-0.499999999999972,0.));
#3764=DIRECTION('',(0.866025403784455,0.499999999999972,0.));
#3765=DIRECTION('',(0.866025403784455,0.499999999999972,0.));
#3766=DIRECTION('center_axis',(-0.353553390593251,0.612372435695806,0.707106781186549));
#3767=DIRECTION('ref_axis',(0.353553390593252,-0.612372435695809,0.707106781186546));
#3768=DIRECTION('center_axis',(0.,0.,1.));
#3769=DIRECTION('ref_axis',(-3.41860033134856E-14,-1.,0.));
#3770=DIRECTION('',(-0.353553390593299,-0.612372435695777,0.70710678118655));
#3771=DIRECTION('center_axis',(-0.353553390593296,-0.612372435695783,-0.707106781186546));
#3772=DIRECTION('ref_axis',(-0.894427190999904,2.77555756156289E-17,0.447213595499981));
#3773=DIRECTION('',(-0.353553390593295,-0.612372435695781,0.707106781186549));
#3774=DIRECTION('center_axis',(0.353553390593296,0.612372435695783,0.707106781186546));
#3775=DIRECTION('ref_axis',(-0.353553390593295,-0.612372435695781,0.707106781186549));
#3776=DIRECTION('',(-0.866025403784422,0.500000000000028,0.));
#3777=DIRECTION('',(-0.866025403784422,0.500000000000028,0.));
#3778=DIRECTION('',(-0.866025403784422,0.500000000000028,0.));
#3779=DIRECTION('center_axis',(0.,0.,1.));
#3780=DIRECTION('ref_axis',(-0.866025403784456,-0.499999999999969,0.));
#3781=DIRECTION('',(-0.70710678118654,2.61682076447299E-14,0.707106781186555));
#3782=DIRECTION('center_axis',(-0.499999999999972,0.866025403784455,0.));
#3783=DIRECTION('ref_axis',(-0.866025403784455,-0.499999999999972,0.));
#3784=DIRECTION('',(0.,0.,-1.));
#3785=DIRECTION('',(0.866025403784455,0.499999999999972,0.));
#3786=DIRECTION('',(0.,0.,-1.));
#3787=DIRECTION('',(0.866025403784455,0.499999999999972,0.));
#3788=DIRECTION('center_axis',(0.500000000000028,0.866025403784422,0.));
#3789=DIRECTION('ref_axis',(-0.866025403784422,0.500000000000028,0.));
#3790=DIRECTION('',(0.866025403784422,-0.500000000000028,0.));
#3791=DIRECTION('',(0.,0.,1.));
#3792=DIRECTION('center_axis',(-0.499999999999972,0.866025403784455,0.));
#3793=DIRECTION('ref_axis',(-0.866025403784455,-0.499999999999972,0.));
#3794=DIRECTION('',(0.866025403784455,0.499999999999972,0.));
#3795=DIRECTION('center_axis',(0.,0.,-1.));
#3796=DIRECTION('ref_axis',(-1.,0.,0.));
#3797=DIRECTION('center_axis',(0.,0.,-1.));
#3798=DIRECTION('ref_axis',(0.500000106067205,-0.866025342546501,0.));
#3799=DIRECTION('center_axis',(0.,0.,1.));
#3800=DIRECTION('ref_axis',(0.500000106067205,-0.866025342546501,0.));
#3801=DIRECTION('center_axis',(0.,0.,-1.));
#3802=DIRECTION('ref_axis',(0.500000106067205,-0.866025342546501,0.));
#3803=DIRECTION('',(0.,0.,-1.));
#3804=DIRECTION('center_axis',(-0.499999999999972,0.866025403784455,0.));
#3805=DIRECTION('ref_axis',(-0.866025403784455,-0.499999999999972,0.));
#3806=DIRECTION('',(0.,0.,-1.));
#3807=DIRECTION('center_axis',(0.499999999999972,-0.866025403784455,0.));
#3808=DIRECTION('ref_axis',(0.612372435695808,0.353553390593255,0.707106781186545));
#3809=DIRECTION('center_axis',(0.,0.,1.));
#3810=DIRECTION('ref_axis',(0.866025403784423,-0.500000000000028,0.));
#3811=DIRECTION('',(0.,0.,1.));
#3812=DIRECTION('center_axis',(0.,0.,1.));
#3813=DIRECTION('ref_axis',(0.866025403784423,-0.500000000000028,0.));
#3814=DIRECTION('',(0.,0.,1.));
#3815=DIRECTION('center_axis',(-1.,3.2761586508757E-14,0.));
#3816=DIRECTION('ref_axis',(-3.2761586508757E-14,-1.,0.));
#3817=DIRECTION('',(0.,0.,-1.));
#3818=DIRECTION('',(-3.2761586508757E-14,-1.,0.));
#3819=DIRECTION('center_axis',(0.500000000000028,0.866025403784422,0.));
#3820=DIRECTION('ref_axis',(-0.866025403784422,0.500000000000028,0.));
#3821=DIRECTION('',(0.,0.,1.));
#3822=DIRECTION('',(-0.866025403784422,0.500000000000028,0.));
#3823=DIRECTION('',(0.866025403784422,-0.500000000000028,0.));
#3824=DIRECTION('center_axis',(0.500000000000028,0.866025403784422,0.));
#3825=DIRECTION('ref_axis',(-0.866025403784422,0.500000000000028,0.));
#3826=DIRECTION('',(0.,0.,1.));
#3827=DIRECTION('center_axis',(-0.500000000000028,-0.866025403784422,0.));
#3828=DIRECTION('ref_axis',(-0.612372435695781,0.353553390593293,0.70710678118655));
#3829=DIRECTION('center_axis',(0.,0.,-1.));
#3830=DIRECTION('ref_axis',(-1.,0.,0.));
#3831=DIRECTION('',(-1.,0.,0.));
#3832=DIRECTION('center_axis',(0.,0.,1.));
#3833=DIRECTION('ref_axis',(-0.866025403784455,-0.499999999999972,0.));
#3834=DIRECTION('',(3.2761586508757E-14,1.,0.));
#3835=DIRECTION('',(-1.,0.,0.));
#3836=DIRECTION('',(0.,-1.,0.));
#3837=DIRECTION('',(1.,0.,0.));
#3838=DIRECTION('',(0.,1.,0.));
#3839=DIRECTION('center_axis',(0.,0.,1.));
#3840=DIRECTION('ref_axis',(-0.866025403784455,-0.499999999999972,0.));
#3841=DIRECTION('center_axis',(0.70710678118655,-2.53818125028631E-14,0.707106781186545));
#3842=DIRECTION('ref_axis',(-0.707106781186545,2.54485819345001E-14,0.70710678118655));
#3843=DIRECTION('',(0.,0.,-1.));
#3844=DIRECTION('',(0.,0.,1.));
#3845=DIRECTION('center_axis',(1.,0.,0.));
#3846=DIRECTION('ref_axis',(0.,-1.,0.));
#3847=DIRECTION('',(0.,0.,-1.));
#3848=DIRECTION('',(0.,-1.,0.));
#3849=DIRECTION('',(0.,0.,-1.));
#3850=DIRECTION('',(0.,1.,0.));
#3851=DIRECTION('center_axis',(-0.500000000000042,-0.866025403784415,0.));
#3852=DIRECTION('ref_axis',(-0.866025403784415,0.500000000000042,0.));
#3853=DIRECTION('',(-0.866025403784415,0.500000000000042,0.));
#3854=DIRECTION('center_axis',(0.500000000000029,0.866025403784422,0.));
#3855=DIRECTION('ref_axis',(-0.612372435695781,0.353553390593293,0.70710678118655));
#3856=DIRECTION('',(0.,0.,-1.));
#3857=DIRECTION('center_axis',(0.,-1.,0.));
#3858=DIRECTION('ref_axis',(-1.,0.,0.));
#3859=DIRECTION('',(0.,0.,-1.));
#3860=DIRECTION('',(1.,0.,0.));
#3861=DIRECTION('',(0.,0.,-1.));
#3862=DIRECTION('center_axis',(0.,0.,-1.));
#3863=DIRECTION('ref_axis',(-1.,0.,0.));
#3864=DIRECTION('',(-0.866025403784444,-0.49999999999999,0.));
#3865=DIRECTION('',(0.499999999999963,-0.86602540378446,0.));
#3866=DIRECTION('center_axis',(-1.,0.,0.));
#3867=DIRECTION('ref_axis',(0.,1.,0.));
#3868=DIRECTION('',(0.,0.,-1.));
#3869=DIRECTION('',(0.,0.,1.));
#3870=DIRECTION('',(0.,1.,0.));
#3871=DIRECTION('center_axis',(0.,-1.,0.));
#3872=DIRECTION('ref_axis',(-1.,0.,0.));
#3873=DIRECTION('',(0.,0.,1.));
#3874=DIRECTION('',(-1.,0.,0.));
#3875=DIRECTION('',(0.,0.,-1.));
#3876=DIRECTION('center_axis',(0.,0.,-1.));
#3877=DIRECTION('ref_axis',(-0.707106781186548,-0.707106781186548,0.));
#3878=DIRECTION('center_axis',(0.,0.,1.));
#3879=DIRECTION('ref_axis',(-0.707106781186548,-0.707106781186548,0.));
#3880=DIRECTION('center_axis',(0.,0.,-1.));
#3881=DIRECTION('ref_axis',(0.707106781186548,-0.707106781186548,0.));
#3882=DIRECTION('center_axis',(0.,0.,1.));
#3883=DIRECTION('ref_axis',(0.707106781186548,-0.707106781186548,0.));
#3884=DIRECTION('',(0.,0.,-1.));
#3885=DIRECTION('center_axis',(0.,-1.,0.));
#3886=DIRECTION('ref_axis',(0.,0.,-1.));
#3887=DIRECTION('',(0.,0.,1.));
#3888=DIRECTION('',(1.,0.,0.));
#3889=DIRECTION('',(0.,0.,-1.));
#3890=DIRECTION('',(-1.,0.,0.));
#3891=DIRECTION('center_axis',(0.,-1.,0.));
#3892=DIRECTION('ref_axis',(0.,0.,-1.));
#3893=DIRECTION('',(1.,0.,0.));
#3894=DIRECTION('',(0.,0.,-1.));
#3895=DIRECTION('',(-1.,0.,0.));
#3896=DIRECTION('',(0.,0.,1.));
#3897=DIRECTION('center_axis',(-0.707106781186548,0.707106781186547,0.));
#3898=DIRECTION('ref_axis',(0.,0.,1.));
#3899=DIRECTION('',(0.,0.,-1.));
#3900=DIRECTION('',(0.577350269189625,0.577350269189625,-0.577350269189628));
#3901=DIRECTION('',(-0.577350269189626,-0.577350269189625,-0.577350269189627));
#3902=DIRECTION('center_axis',(0.707106781186548,0.707106781186548,0.));
#3903=DIRECTION('ref_axis',(0.,0.,-1.));
#3904=DIRECTION('',(0.577350269189626,-0.577350269189624,0.577350269189627));
#3905=DIRECTION('',(0.,0.,1.));
#3906=DIRECTION('',(0.577350269189626,-0.577350269189625,-0.577350269189626));
#3907=DIRECTION('center_axis',(0.,0.707106781186549,0.707106781186547));
#3908=DIRECTION('ref_axis',(1.,0.,0.));
#3909=DIRECTION('',(-1.,0.,0.));
#3910=DIRECTION('center_axis',(0.,0.707106781186548,-0.707106781186548));
#3911=DIRECTION('ref_axis',(-1.,0.,0.));
#3912=DIRECTION('',(1.,0.,0.));
#3913=DIRECTION('center_axis',(0.,1.,0.));
#3914=DIRECTION('ref_axis',(1.,0.,0.));
#3915=DIRECTION('',(1.,0.,0.));
#3916=DIRECTION('',(0.,0.,-1.));
#3917=DIRECTION('',(-1.,0.,0.));
#3918=DIRECTION('',(0.,0.,1.));
#3919=DIRECTION('',(-1.,0.,0.));
#3920=DIRECTION('',(0.,0.,-1.));
#3921=DIRECTION('',(1.,0.,0.));
#3922=DIRECTION('center_axis',(0.,0.707106781186548,0.707106781186548));
#3923=DIRECTION('ref_axis',(1.,0.,0.));
#3924=DIRECTION('',(-0.577350269189626,0.577350269189625,-0.577350269189626));
#3925=DIRECTION('',(-0.577350269189626,-0.577350269189625,0.577350269189626));
#3926=DIRECTION('center_axis',(-0.707106781186548,0.707106781186548,0.));
#3927=DIRECTION('ref_axis',(0.,0.,1.));
#3928=DIRECTION('',(-0.577350269189626,-0.577350269189625,-0.577350269189626));
#3929=DIRECTION('center_axis',(0.,0.707106781186548,-0.707106781186548));
#3930=DIRECTION('ref_axis',(-1.,0.,0.));
#3931=DIRECTION('',(0.577350269189626,-0.577350269189625,-0.577350269189627));
#3932=DIRECTION('center_axis',(0.707106781186548,0.707106781186547,0.));
#3933=DIRECTION('ref_axis',(0.,0.,-1.));
#3934=DIRECTION('center_axis',(0.500000000000025,0.866025403784424,0.));
#3935=DIRECTION('ref_axis',(-0.612372435695782,0.35355339059329,0.70710678118655));
#3936=DIRECTION('',(0.500000000000025,0.866025403784424,0.));
#3937=DIRECTION('center_axis',(0.866025403784424,-0.500000000000025,0.));
#3938=DIRECTION('ref_axis',(-0.500000000000025,-0.866025403784424,0.));
#3939=DIRECTION('',(0.500000000000025,0.866025403784424,0.));
#3940=DIRECTION('center_axis',(0.,0.,-1.));
#3941=DIRECTION('ref_axis',(-1.,0.,0.));
#3942=DIRECTION('center_axis',(0.499999999999963,-0.86602540378446,0.));
#3943=DIRECTION('ref_axis',(0.612372435695812,0.353553390593249,0.707106781186545));
#3944=DIRECTION('center_axis',(-0.49999999999997,0.866025403784456,0.));
#3945=DIRECTION('ref_axis',(0.612372435695809,0.353553390593254,0.707106781186545));
#3946=DIRECTION('',(0.499999999999963,-0.86602540378446,0.));
#3947=DIRECTION('center_axis',(0.49999999999999,-0.866025403784444,0.));
#3948=DIRECTION('ref_axis',(-0.866025403784444,-0.49999999999999,0.));
#3949=DIRECTION('',(0.,0.,-1.));
#3950=DIRECTION('center_axis',(-0.86602540378446,-0.499999999999963,0.));
#3951=DIRECTION('ref_axis',(-0.499999999999963,0.86602540378446,0.));
#3952=DIRECTION('center_axis',(-1.,0.,0.));
#3953=DIRECTION('ref_axis',(0.,1.,0.));
#3954=DIRECTION('',(0.,0.,-1.));
#3955=DIRECTION('',(0.,-1.,0.));
#3956=DIRECTION('center_axis',(0.,0.,1.));
#3957=DIRECTION('ref_axis',(-1.,0.,0.));
#3958=DIRECTION('',(-1.,0.,0.));
#3959=DIRECTION('',(0.,1.,0.));
#3960=DIRECTION('',(-1.,0.,0.));
#3961=DIRECTION('',(0.,-1.,0.));
#3962=DIRECTION('center_axis',(1.,-3.2761586508757E-14,0.));
#3963=DIRECTION('ref_axis',(3.2761586508757E-14,1.,0.));
#3964=DIRECTION('',(0.,0.,1.));
#3965=DIRECTION('',(3.2761586508757E-14,1.,3.13371697040289E-15));
#3966=DIRECTION('center_axis',(0.,0.,-1.));
#3967=DIRECTION('ref_axis',(-1.,0.,0.));
#3968=DIRECTION('',(1.,0.,0.));
#3969=DIRECTION('',(0.,1.,0.));
#3970=DIRECTION('',(1.,0.,0.));
#3971=DIRECTION('',(0.,-1.,0.));
#3972=DIRECTION('center_axis',(-0.70710678118655,2.53818125028631E-14,-0.707106781186545));
#3973=DIRECTION('ref_axis',(-0.707106781186545,1.57772181044202E-30,0.70710678118655));
#3974=DIRECTION('',(-0.707106781186545,0.,0.70710678118655));
#3975=DIRECTION('',(3.58953034791599E-14,1.,0.));
#3976=DIRECTION('center_axis',(-1.,3.58953034791599E-14,0.));
#3977=DIRECTION('ref_axis',(-3.58953034791599E-14,-1.,0.));
#3978=DIRECTION('',(0.,0.,1.));
#3979=DIRECTION('center_axis',(1.,0.,0.));
#3980=DIRECTION('ref_axis',(0.,-1.,0.));
#3981=DIRECTION('',(0.,0.,1.));
#3982=DIRECTION('center_axis',(-1.,0.,0.));
#3983=DIRECTION('ref_axis',(0.,1.,0.));
#3984=DIRECTION('',(0.,0.,1.));
#3985=DIRECTION('center_axis',(1.,0.,0.));
#3986=DIRECTION('ref_axis',(0.,-1.,0.));
#3987=DIRECTION('',(0.,0.,1.));
#3988=DIRECTION('center_axis',(0.,1.,0.));
#3989=DIRECTION('ref_axis',(0.,0.,1.));
#3990=DIRECTION('center_axis',(0.,1.,0.));
#3991=DIRECTION('ref_axis',(0.,0.,1.));
#3992=DIRECTION('center_axis',(0.,1.,0.));
#3993=DIRECTION('ref_axis',(0.,0.,1.));
#3994=DIRECTION('',(0.,0.,1.));
#3995=DIRECTION('',(-1.,0.,0.));
#3996=DIRECTION('',(0.,0.,-1.));
#3997=DIRECTION('',(-0.707106781186545,0.,-0.70710678118655));
#3998=DIRECTION('',(0.,0.,-1.));
#3999=DIRECTION('',(1.,0.,0.));
#4000=DIRECTION('',(0.,0.,1.));
#4001=DIRECTION('',(1.,0.,0.));
#4002=DIRECTION('',(0.,0.,1.));
#4003=DIRECTION('',(-1.,0.,0.));
#4004=DIRECTION('center_axis',(0.,1.,0.));
#4005=DIRECTION('ref_axis',(0.,0.,1.));
#4006=DIRECTION('',(0.,0.,-1.));
#4007=DIRECTION('',(-1.,0.,0.));
#4008=DIRECTION('',(0.,0.,-1.));
#4009=DIRECTION('',(1.,0.,0.));
#4010=DIRECTION('',(0.,0.,-1.));
#4011=DIRECTION('',(1.,0.,0.));
#4012=DIRECTION('',(0.,0.,1.));
#4013=DIRECTION('',(-0.707106781186545,0.,0.70710678118655));
#4014=DIRECTION('',(0.,0.,1.));
#4015=DIRECTION('',(-1.,0.,0.));
#4016=DIRECTION('center_axis',(1.,-3.58953034791599E-14,0.));
#4017=DIRECTION('ref_axis',(3.58953034791599E-14,1.,0.));
#4018=DIRECTION('',(-3.58953034791599E-14,-1.,0.));
#4019=DIRECTION('',(0.,0.,-1.));
#4020=DIRECTION('',(3.58953034791599E-14,1.,0.));
#4021=DIRECTION('center_axis',(0.70710678118655,-2.53818125028631E-14,-0.707106781186545));
#4022=DIRECTION('ref_axis',(-0.707106781186545,1.57772181044202E-30,-0.70710678118655));
#4023=DIRECTION('',(-3.2761586508757E-14,-1.,3.13371697040289E-15));
#4024=DIRECTION('center_axis',(-0.70710678118655,2.53818125028631E-14,0.707106781186545));
#4025=DIRECTION('ref_axis',(0.707106781186545,-2.53831614153885E-14,0.70710678118655));
#4026=DIRECTION('',(0.70710678118654,-2.61682076447299E-14,0.707106781186555));
#4027=DIRECTION('center_axis',(-1.,3.2761586508757E-14,0.));
#4028=DIRECTION('ref_axis',(-3.2761586508757E-14,-1.,0.));
#4029=DIRECTION('',(-3.2761586508757E-14,-1.,0.));
#4030=DIRECTION('',(0.,0.,-1.));
#4031=DIRECTION('center_axis',(0.,0.,1.));
#4032=DIRECTION('ref_axis',(1.,0.,0.));
#4033=DIRECTION('center_axis',(0.,0.,1.));
#4034=DIRECTION('ref_axis',(0.866025403784456,0.499999999999969,0.));
#4035=DIRECTION('',(-0.86602540378442,0.500000000000031,0.));
#4036=DIRECTION('center_axis',(0.,0.,1.));
#4037=DIRECTION('ref_axis',(3.41860033134856E-14,1.,0.));
#4038=DIRECTION('',(-0.866025403784456,-0.499999999999969,0.));
#4039=DIRECTION('center_axis',(0.,0.,1.));
#4040=DIRECTION('ref_axis',(-0.866025403784421,0.50000000000003,0.));
#4041=DIRECTION('',(-3.58953034791599E-14,-1.,0.));
#4042=DIRECTION('',(0.,1.,0.));
#4043=DIRECTION('center_axis',(0.,0.,1.));
#4044=DIRECTION('ref_axis',(-0.707106781186548,0.707106781186548,0.));
#4045=DIRECTION('',(1.,0.,0.));
#4046=DIRECTION('center_axis',(0.,0.,1.));
#4047=DIRECTION('ref_axis',(0.707106781186548,0.707106781186548,0.));
#4048=DIRECTION('',(0.,-1.,0.));
#4049=DIRECTION('center_axis',(-1.,0.,0.));
#4050=DIRECTION('ref_axis',(0.,1.,0.));
#4051=DIRECTION('',(0.,1.,0.));
#4052=DIRECTION('',(0.,0.,-1.));
#4053=DIRECTION('center_axis',(1.,0.,0.));
#4054=DIRECTION('ref_axis',(0.,-1.,0.));
#4055=DIRECTION('',(0.,1.,0.));
#4056=DIRECTION('',(0.,0.,-1.));
#4057=DIRECTION('',(0.,-1.,0.));
#4058=DIRECTION('center_axis',(0.,0.,-1.));
#4059=DIRECTION('ref_axis',(-1.,0.,0.));
#4060=DIRECTION('',(0.,1.,0.));
#4061=DIRECTION('',(-1.,0.,0.));
#4062=DIRECTION('',(0.,-1.,0.));
#4063=DIRECTION('',(3.2761586508757E-14,1.,0.));
#4064=DIRECTION('center_axis',(0.,0.,1.));
#4065=DIRECTION('ref_axis',(-0.866025403784423,0.500000000000028,0.));
#4066=DIRECTION('',(-0.866025403784455,-0.499999999999972,0.));
#4067=DIRECTION('center_axis',(0.,0.,-1.));
#4068=DIRECTION('ref_axis',(-0.500000106067208,0.866025342546499,0.));
#4069=DIRECTION('',(0.866025403784422,-0.500000000000029,0.));
#4070=DIRECTION('center_axis',(0.,0.,1.));
#4071=DIRECTION('ref_axis',(0.866025403784455,0.499999999999972,0.));
#4072=DIRECTION('center_axis',(-0.499999999999952,0.866025403784466,0.));
#4073=DIRECTION('ref_axis',(0.866025403784466,0.499999999999952,0.));
#4074=DIRECTION('',(0.866025403784474,0.499999999999939,0.));
#4075=DIRECTION('',(0.,0.,-1.));
#4076=DIRECTION('center_axis',(0.499999999999971,-0.866025403784456,0.));
#4077=DIRECTION('ref_axis',(-0.612372435695809,-0.353553390593254,0.707106781186545));
#4078=DIRECTION('',(-0.866025403784455,-0.499999999999971,0.));
#4079=DIRECTION('center_axis',(0.499999999999971,-0.866025403784456,0.));
#4080=DIRECTION('ref_axis',(0.612372435695806,0.353553390593253,0.707106781186548));
#4081=DIRECTION('',(0.,0.,1.));
#4082=DIRECTION('center_axis',(0.500000000000022,0.866025403784426,0.));
#4083=DIRECTION('ref_axis',(0.866025403784426,-0.500000000000022,0.));
#4084=DIRECTION('center_axis',(-0.50000000000003,-0.866025403784422,0.));
#4085=DIRECTION('ref_axis',(0.612372435695782,-0.353553390593294,0.707106781186548));
#4086=DIRECTION('',(0.,0.,-1.));
#4087=DIRECTION('',(0.866025403784426,-0.500000000000022,0.));
#4088=DIRECTION('',(0.,0.,-1.));
#4089=DIRECTION('center_axis',(-0.50000000000003,-0.866025403784422,0.));
#4090=DIRECTION('ref_axis',(-0.612372435695782,0.353553390593295,0.707106781186548));
#4091=DIRECTION('',(0.866025403784421,-0.50000000000003,0.));
#4092=DIRECTION('center_axis',(0.,0.,-1.));
#4093=DIRECTION('ref_axis',(-1.,0.,0.));
#4094=DIRECTION('',(-0.500000000000036,-0.866025403784418,0.));
#4095=DIRECTION('',(-0.866025403784422,0.500000000000028,0.));
#4096=DIRECTION('',(-0.500000000000038,-0.866025403784417,0.));
#4097=DIRECTION('center_axis',(-0.866025403784418,0.500000000000036,0.));
#4098=DIRECTION('ref_axis',(0.500000000000036,0.866025403784418,0.));
#4099=DIRECTION('',(-0.500000000000036,-0.866025403784418,0.));
#4100=DIRECTION('',(0.,0.,1.));
#4101=DIRECTION('center_axis',(-0.499999999999965,0.866025403784459,0.));
#4102=DIRECTION('ref_axis',(-0.612372435695811,-0.35355339059325,0.707106781186545));
#4103=DIRECTION('',(0.499999999999953,-0.866025403784466,0.));
#4104=DIRECTION('center_axis',(-0.499999999999972,0.866025403784455,0.));
#4105=DIRECTION('ref_axis',(-0.612372435695808,-0.353553390593255,0.707106781186545));
#4106=DIRECTION('',(0.499999999999965,-0.866025403784459,0.));
#4107=DIRECTION('center_axis',(0.866025403784459,0.499999999999965,0.));
#4108=DIRECTION('ref_axis',(0.499999999999965,-0.866025403784459,0.));
#4109=DIRECTION('',(-0.499999999999965,0.866025403784459,0.));
#4110=DIRECTION('',(0.,0.,1.));
#4111=DIRECTION('center_axis',(0.707106781186548,-0.707106781186548,0.));
#4112=DIRECTION('ref_axis',(0.,0.,-1.));
#4113=DIRECTION('',(-0.577350269189625,-0.577350269189625,-0.577350269189627));
#4114=DIRECTION('',(0.,0.,1.));
#4115=DIRECTION('',(0.577350269189626,0.577350269189626,-0.577350269189626));
#4116=DIRECTION('',(0.,0.,-1.));
#4117=DIRECTION('center_axis',(-0.707106781186548,-0.707106781186547,0.));
#4118=DIRECTION('ref_axis',(0.,0.,1.));
#4119=DIRECTION('',(0.577350269189625,-0.577350269189626,0.577350269189626));
#4120=DIRECTION('',(0.,0.,-1.));
#4121=DIRECTION('',(-0.577350269189625,0.577350269189626,0.577350269189627));
#4122=DIRECTION('',(0.,0.,1.));
#4123=DIRECTION('center_axis',(0.707106781186548,-0.707106781186547,0.));
#4124=DIRECTION('ref_axis',(0.,0.,-1.));
#4125=DIRECTION('',(-0.577350269189625,-0.577350269189626,-0.577350269189626));
#4126=DIRECTION('',(0.,0.,1.));
#4127=DIRECTION('',(0.577350269189625,0.577350269189626,-0.577350269189626));
#4128=DIRECTION('',(0.,0.,-1.));
#4129=DIRECTION('center_axis',(-0.707106781186548,-0.707106781186548,0.));
#4130=DIRECTION('ref_axis',(0.,0.,1.));
#4131=DIRECTION('',(0.577350269189626,-0.577350269189626,0.577350269189626));
#4132=DIRECTION('',(0.,0.,-1.));
#4133=DIRECTION('',(-0.577350269189626,0.577350269189626,0.577350269189626));
#4134=DIRECTION('',(0.,0.,1.));
#4135=DIRECTION('center_axis',(0.,-0.707106781186548,0.707106781186548));
#4136=DIRECTION('ref_axis',(1.,0.,0.));
#4137=DIRECTION('',(-1.,0.,0.));
#4138=DIRECTION('',(1.,0.,0.));
#4139=DIRECTION('center_axis',(0.,-0.707106781186548,-0.707106781186548));
#4140=DIRECTION('ref_axis',(-1.,0.,0.));
#4141=DIRECTION('',(1.,0.,0.));
#4142=DIRECTION('',(-1.,0.,0.));
#4143=DIRECTION('center_axis',(0.,-0.707106781186549,0.707106781186547));
#4144=DIRECTION('ref_axis',(1.,0.,0.));
#4145=DIRECTION('',(-1.,0.,0.));
#4146=DIRECTION('',(1.,0.,0.));
#4147=DIRECTION('center_axis',(0.,-0.707106781186548,-0.707106781186548));
#4148=DIRECTION('ref_axis',(-1.,0.,0.));
#4149=DIRECTION('',(1.,0.,0.));
#4150=DIRECTION('',(-1.,0.,0.));
#4151=DIRECTION('center_axis',(0.,1.,0.));
#4152=DIRECTION('ref_axis',(0.,0.,1.));
#4153=DIRECTION('center_axis',(0.,1.,0.));
#4154=DIRECTION('ref_axis',(0.,0.,1.));
#4155=DIRECTION('center_axis',(0.,0.,-1.));
#4156=DIRECTION('ref_axis',(0.707106781186548,0.707106781186548,0.));
#4157=DIRECTION('center_axis',(0.,0.,1.));
#4158=DIRECTION('ref_axis',(0.707106781186548,0.707106781186548,0.));
#4159=DIRECTION('',(0.,0.,1.));
#4160=DIRECTION('',(0.,0.,-1.));
#4161=DIRECTION('center_axis',(0.,1.,0.));
#4162=DIRECTION('ref_axis',(1.,0.,0.));
#4163=DIRECTION('',(0.,0.,1.));
#4164=DIRECTION('',(1.,0.,0.));
#4165=DIRECTION('center_axis',(1.,0.,0.));
#4166=DIRECTION('ref_axis',(0.,-1.,0.));
#4167=DIRECTION('',(0.,-1.,0.));
#4168=DIRECTION('center_axis',(0.,0.,-1.));
#4169=DIRECTION('ref_axis',(-0.707106781186548,0.707106781186548,0.));
#4170=DIRECTION('center_axis',(0.,0.,1.));
#4171=DIRECTION('ref_axis',(-0.707106781186548,0.707106781186548,0.));
#4172=DIRECTION('center_axis',(0.,0.,-1.));
#4173=DIRECTION('ref_axis',(-1.,0.,0.));
#4174=DIRECTION('',(-0.499999999999971,0.866025403784455,0.));
#4175=DIRECTION('',(-0.866025403784455,-0.499999999999972,0.));
#4176=DIRECTION('center_axis',(0.,1.,0.));
#4177=DIRECTION('ref_axis',(1.,0.,0.));
#4178=DIRECTION('',(0.,0.,-1.));
#4179=DIRECTION('',(-1.,0.,0.));
#4180=DIRECTION('',(0.,0.,-1.));
#4181=DIRECTION('center_axis',(1.,0.,0.));
#4182=DIRECTION('ref_axis',(0.,-1.,0.));
#4183=DIRECTION('',(0.,1.,0.));
#4184=DIRECTION('center_axis',(-1.,0.,0.));
#4185=DIRECTION('ref_axis',(0.,1.,0.));
#4186=DIRECTION('',(0.,-1.,0.));
#4187=DIRECTION('center_axis',(0.,0.,-1.));
#4188=DIRECTION('ref_axis',(-1.,0.,0.));
#4189=DIRECTION('',(-1.,0.,0.));
#4190=DIRECTION('',(0.,1.,0.));
#4191=DIRECTION('center_axis',(-1.,0.,0.));
#4192=DIRECTION('ref_axis',(0.,1.,0.));
#4193=DIRECTION('',(0.,0.,-1.));
#4194=DIRECTION('',(0.,-1.,0.));
#4195=DIRECTION('center_axis',(0.,-1.,0.));
#4196=DIRECTION('ref_axis',(-1.,0.,0.));
#4197=DIRECTION('',(1.,0.,0.));
#4198=DIRECTION('center_axis',(0.,0.,1.));
#4199=DIRECTION('ref_axis',(-1.,0.,0.));
#4200=DIRECTION('center_axis',(1.,-3.2761586508757E-14,0.));
#4201=DIRECTION('ref_axis',(3.2761586508757E-14,1.,0.));
#4202=DIRECTION('',(3.2761586508757E-14,1.,3.13371697040289E-15));
#4203=DIRECTION('',(0.,0.,1.));
#4204=DIRECTION('center_axis',(0.,0.,1.));
#4205=DIRECTION('ref_axis',(-0.866025403784423,0.500000000000028,0.));
#4206=DIRECTION('center_axis',(0.353553390593252,-0.612372435695807,0.707106781186548));
#4207=DIRECTION('ref_axis',(-0.353553390593252,0.612372435695807,0.707106781186547));
#4208=DIRECTION('',(0.,0.,-1.));
#4209=DIRECTION('',(0.,0.,-1.));
#4210=DIRECTION('center_axis',(0.70710678118655,-2.53818125028631E-14,0.707106781186545));
#4211=DIRECTION('ref_axis',(-0.707106781186545,2.53831614153881E-14,0.70710678118655));
#4212=DIRECTION('center_axis',(0.499999999999972,-0.866025403784455,0.));
#4213=DIRECTION('ref_axis',(0.866025403784455,0.499999999999972,0.));
#4214=DIRECTION('',(0.,0.,-1.));
#4215=DIRECTION('center_axis',(-0.499999999999972,0.866025403784455,0.));
#4216=DIRECTION('ref_axis',(0.612372435695805,0.353553390593254,0.707106781186548));
#4217=DIRECTION('',(-0.866025403784455,-0.499999999999972,0.));
#4218=DIRECTION('',(0.,0.,-1.));
#4219=DIRECTION('center_axis',(0.,0.,1.));
#4220=DIRECTION('ref_axis',(0.866025403784455,0.499999999999972,0.));
#4221=DIRECTION('center_axis',(-0.353553390593296,-0.612372435695782,0.707106781186547));
#4222=DIRECTION('ref_axis',(0.353553390593296,0.612372435695781,0.707106781186548));
#4223=DIRECTION('',(0.,0.,1.));
#4224=DIRECTION('',(0.,0.,1.));
#4225=DIRECTION('center_axis',(-0.500000000000028,-0.866025403784422,0.));
#4226=DIRECTION('ref_axis',(0.866025403784422,-0.500000000000028,0.));
#4227=DIRECTION('center_axis',(0.500000000000028,0.866025403784422,0.));
#4228=DIRECTION('ref_axis',(0.612372435695782,-0.353553390593293,0.707106781186548));
#4229=DIRECTION('',(0.866025403784422,-0.500000000000028,0.));
#4230=DIRECTION('center_axis',(-0.500000000000028,-0.866025403784422,0.));
#4231=DIRECTION('ref_axis',(0.866025403784422,-0.500000000000028,0.));
#4232=DIRECTION('',(0.,0.,-1.));
#4233=DIRECTION('',(0.866025403784422,-0.500000000000028,0.));
#4234=DIRECTION('center_axis',(0.500000000000028,0.866025403784422,0.));
#4235=DIRECTION('ref_axis',(-0.612372435695783,0.353553390593294,0.707106781186548));
#4236=DIRECTION('',(0.,0.,1.));
#4237=DIRECTION('center_axis',(-0.500000000000036,-0.866025403784418,0.));
#4238=DIRECTION('ref_axis',(0.612372435695779,-0.353553390593299,0.707106781186548));
#4239=DIRECTION('',(0.500000000000036,0.866025403784418,0.));
#4240=DIRECTION('center_axis',(0.,0.,1.));
#4241=DIRECTION('ref_axis',(-0.500000106067208,0.866025342546499,0.));
#4242=DIRECTION('center_axis',(0.,0.,-1.));
#4243=DIRECTION('ref_axis',(-0.500000106067208,0.866025342546499,0.));
#4244=DIRECTION('center_axis',(0.,0.,-1.));
#4245=DIRECTION('ref_axis',(-1.,0.,0.));
#4246=DIRECTION('',(-0.866025403784455,-0.499999999999972,0.));
#4247=DIRECTION('',(-0.866025403784422,0.500000000000028,0.));
#4248=DIRECTION('',(0.866025403784422,-0.500000000000028,0.));
#4249=DIRECTION('',(0.866025403784455,0.499999999999972,0.));
#4250=DIRECTION('center_axis',(-0.500000000000028,-0.866025403784422,0.));
#4251=DIRECTION('ref_axis',(0.866025403784422,-0.500000000000028,0.));
#4252=DIRECTION('',(0.,0.,1.));
#4253=DIRECTION('center_axis',(0.499999999999972,-0.866025403784455,0.));
#4254=DIRECTION('ref_axis',(0.866025403784455,0.499999999999972,0.));
#4255=DIRECTION('center_axis',(0.499999999999972,-0.866025403784455,0.));
#4256=DIRECTION('ref_axis',(0.866025403784455,0.499999999999972,0.));
#4257=DIRECTION('',(-0.866025403784455,-0.499999999999972,0.));
#4258=DIRECTION('center_axis',(0.353553390593296,0.612372435695782,-0.707106781186547));
#4259=DIRECTION('ref_axis',(-0.894427190999904,-4.16333634234434E-16,-0.447213595499981));
#4260=DIRECTION('',(0.353553390593299,0.612372435695778,0.707106781186549));
#4261=DIRECTION('',(0.86602540378442,-0.500000000000031,0.));
#4262=DIRECTION('',(0.353553390593296,0.612372435695781,0.707106781186548));
#4263=DIRECTION('',(-0.86602540378442,0.500000000000031,0.));
#4264=DIRECTION('center_axis',(0.,0.,1.));
#4265=DIRECTION('ref_axis',(3.41860033134856E-14,1.,0.));
#4266=DIRECTION('',(-0.353553390593206,0.612372435695731,0.707106781186636));
#4267=DIRECTION('center_axis',(0.,0.,-1.));
#4268=DIRECTION('ref_axis',(3.41860033134856E-14,1.,0.));
#4269=DIRECTION('center_axis',(-0.353553390593252,0.612372435695807,-0.707106781186548));
#4270=DIRECTION('ref_axis',(-0.894427190999927,2.22044604925031E-16,0.447213595499936));
#4271=DIRECTION('',(-0.353553390593256,0.612372435695805,0.707106781186547));
#4272=DIRECTION('',(0.866025403784456,0.499999999999969,0.));
#4273=DIRECTION('',(-0.866025403784456,-0.499999999999969,0.));
#4274=DIRECTION('center_axis',(0.,0.,1.));
#4275=DIRECTION('ref_axis',(-0.866025403784421,0.50000000000003,0.));
#4276=DIRECTION('',(-0.707106781186635,2.8785028409199E-14,0.707106781186461));
#4277=DIRECTION('center_axis',(0.,0.,-1.));
#4278=DIRECTION('ref_axis',(-0.866025403784421,0.50000000000003,0.));
#4279=DIRECTION('center_axis',(-0.70710678118655,2.53818125028631E-14,-0.707106781186545));
#4280=DIRECTION('ref_axis',(-0.707106781186545,1.57772181044202E-30,0.70710678118655));
#4281=DIRECTION('',(3.58953034791599E-14,1.,0.));
#4282=DIRECTION('center_axis',(0.,0.,1.));
#4283=DIRECTION('ref_axis',(0.866025403784456,0.499999999999969,0.));
#4284=DIRECTION('center_axis',(0.,0.,-1.));
#4285=DIRECTION('ref_axis',(0.866025403784456,0.499999999999969,0.));
#4286=DIRECTION('center_axis',(0.,0.,1.));
#4287=DIRECTION('ref_axis',(1.,0.,0.));
#4288=DIRECTION('',(-0.499999999999971,0.866025403784455,0.));
#4289=DIRECTION('center_axis',(0.,0.,1.));
#4290=DIRECTION('ref_axis',(1.,0.,0.));
#4291=DIRECTION('',(-0.500000000000038,-0.866025403784417,0.));
#4292=DIRECTION('center_axis',(0.,0.,1.));
#4293=DIRECTION('ref_axis',(0.866025403784456,0.499999999999969,0.));
#4294=DIRECTION('',(0.,0.,1.));
#4295=DIRECTION('center_axis',(0.500000000000031,0.866025403784421,0.));
#4296=DIRECTION('ref_axis',(-0.866025403784421,0.500000000000031,0.));
#4297=DIRECTION('',(0.,0.,-1.));
#4298=DIRECTION('center_axis',(0.866025403784417,-0.500000000000038,0.));
#4299=DIRECTION('ref_axis',(-0.500000000000038,-0.866025403784417,0.));
#4300=DIRECTION('',(0.500000000000038,0.866025403784417,0.));
#4301=DIRECTION('center_axis',(0.500000000000038,0.866025403784417,0.));
#4302=DIRECTION('ref_axis',(-0.612372435695779,0.3535533905933,0.707106781186548));
#4303=DIRECTION('center_axis',(-0.866025403784455,-0.499999999999971,0.));
#4304=DIRECTION('ref_axis',(-0.499999999999971,0.866025403784455,0.));
#4305=DIRECTION('',(0.499999999999971,-0.866025403784455,0.));
#4306=DIRECTION('center_axis',(0.499999999999971,-0.866025403784455,0.));
#4307=DIRECTION('ref_axis',(0.612372435695806,0.353553390593253,0.707106781186548));
#4308=DIRECTION('center_axis',(0.,0.,1.));
#4309=DIRECTION('ref_axis',(3.41860033134856E-14,1.,0.));
#4310=DIRECTION('',(0.,0.,1.));
#4311=DIRECTION('center_axis',(-0.499999999999969,0.866025403784457,0.));
#4312=DIRECTION('ref_axis',(-0.866025403784457,-0.499999999999969,0.));
#4313=DIRECTION('',(0.,0.,-1.));
#4314=DIRECTION('center_axis',(0.,0.,1.));
#4315=DIRECTION('ref_axis',(-0.866025403784421,0.50000000000003,0.));
#4316=DIRECTION('',(0.,0.,1.));
#4317=DIRECTION('center_axis',(-1.,3.58953034791599E-14,0.));
#4318=DIRECTION('ref_axis',(-3.58953034791599E-14,-1.,0.));
#4319=DIRECTION('',(0.,0.,1.));
#4320=DIRECTION('',(1.,0.,0.));
#4321=CARTESIAN_POINT('',(0.,0.,0.));
#4322=CARTESIAN_POINT('',(0.,0.,0.));
#4323=CARTESIAN_POINT('Origin',(42.4535041578924,3.35568277959228,-3.4));
#4324=CARTESIAN_POINT('',(43.9535041578924,5.95375899094575,5.55111512312578E-16));
#4325=CARTESIAN_POINT('',(45.4535041578923,3.35568277959236,5.55111512312578E-16));
#4326=CARTESIAN_POINT('Origin',(42.4535041578924,3.35568277959228,5.55111512312578E-16));
#4327=CARTESIAN_POINT('',(45.4535041578923,3.35568277959236,-3.4));
#4328=CARTESIAN_POINT('',(45.4535041578924,3.35568277959236,-3.4));
#4329=CARTESIAN_POINT('',(43.9535041578924,5.95375899094575,-3.4));
#4330=CARTESIAN_POINT('Origin',(42.4535041578924,3.35568277959228,-3.4));
#4331=CARTESIAN_POINT('',(43.9535041578923,5.95375899094563,-3.4));
#4332=CARTESIAN_POINT('Origin',(45.2535041578927,5.20320364099893,-3.4));
#4333=CARTESIAN_POINT('',(34.7535041578927,11.2653814674897,-3.4));
#4334=CARTESIAN_POINT('',(33.2535041578927,12.1314068712741,-3.4));
#4335=CARTESIAN_POINT('',(34.7535041578927,11.2653814674897,5.55111512312578E-16));
#4336=CARTESIAN_POINT('',(34.7535041578927,11.2653814674897,-3.4));
#4337=CARTESIAN_POINT('',(33.2535041578927,12.1314068712741,5.55111512312578E-16));
#4338=CARTESIAN_POINT('Origin',(33.2535041578927,-1.72499958927687,-3.4));
#4339=CARTESIAN_POINT('',(45.4535041578926,-6.80568195814511,-3.4));
#4340=CARTESIAN_POINT('',(45.4535041578926,-5.1891012044143,-3.4));
#4341=CARTESIAN_POINT('',(43.9535041578928,-9.40375816949859,-3.4));
#4342=CARTESIAN_POINT('Origin',(42.4535041578926,-6.8056819581452,-3.4));
#4343=CARTESIAN_POINT('',(34.7535041578927,-14.7153806460434,-3.4));
#4344=CARTESIAN_POINT('',(45.2535041578927,-8.65320281955207,-3.4));
#4345=CARTESIAN_POINT('',(31.7535041578927,-14.7153806460435,-3.4));
#4346=CARTESIAN_POINT('Origin',(33.2535041578927,-12.1173044346902,-3.4));
#4347=CARTESIAN_POINT('',(22.5535041578929,-9.4037581694994,-3.4));
#4348=CARTESIAN_POINT('',(33.2535041578927,-15.5814060498279,-3.4));
#4349=CARTESIAN_POINT('',(21.053504157893,-6.80568195814597,-3.4));
#4350=CARTESIAN_POINT('Origin',(24.0535041578929,-6.80568195814588,-3.4));
#4351=CARTESIAN_POINT('',(21.0535041578926,3.35568277959132,-3.4));
#4352=CARTESIAN_POINT('',(21.0535041578927,1.73910202586055,-3.4));
#4353=CARTESIAN_POINT('',(22.5535041578925,5.95375899094483,-3.4));
#4354=CARTESIAN_POINT('Origin',(24.0535041578927,3.3556827795914,-3.4));
#4355=CARTESIAN_POINT('',(31.7535041578927,11.2653814674896,-3.4));
#4356=CARTESIAN_POINT('',(21.2535041578926,5.20320364099832,-3.4));
#4357=CARTESIAN_POINT('Origin',(33.2535041578927,8.66730525613633,-3.4));
#4358=CARTESIAN_POINT('',(42.6535041578928,5.31867369483714,-3.4));
#4359=CARTESIAN_POINT('',(34.7535041578937,9.87974082143503,-3.4));
#4360=CARTESIAN_POINT('',(36.6535041578937,8.78277530997463,-3.4));
#4361=CARTESIAN_POINT('',(31.7535041578937,9.87974082143513,-3.4));
#4362=CARTESIAN_POINT('Origin',(33.2535041578937,7.28166461008173,-3.4));
#4363=CARTESIAN_POINT('',(23.8535041578935,5.31867369483748,-3.4));
#4364=CARTESIAN_POINT('',(25.8535041578933,6.47337423321653,-3.4));
#4365=CARTESIAN_POINT('',(22.3535041578933,2.72059748348374,-3.4));
#4366=CARTESIAN_POINT('Origin',(25.3535041578936,2.72059748348382,-3.4));
#4367=CARTESIAN_POINT('',(22.3535041578935,-6.17059666203662,-3.4));
#4368=CARTESIAN_POINT('',(22.3535041578934,-4.03440066603532,-3.4));
#4369=CARTESIAN_POINT('',(23.8535041578934,-8.76867287338983,-3.4));
#4370=CARTESIAN_POINT('Origin',(25.3535041578935,-6.17059666203654,-3.4));
#4371=CARTESIAN_POINT('',(31.7535041578927,-13.3297399999879,-3.4));
#4372=CARTESIAN_POINT('',(29.8535041578927,-12.2327744885275,-3.4));
#4373=CARTESIAN_POINT('',(34.7535041578927,-13.329739999988,-3.4));
#4374=CARTESIAN_POINT('Origin',(33.2535041578927,-10.7316637886346,-3.4));
#4375=CARTESIAN_POINT('',(42.6535041578928,-8.76867287339038,-3.4));
#4376=CARTESIAN_POINT('',(40.6535041578927,-9.92337341176957,-3.4));
#4377=CARTESIAN_POINT('',(44.1535041578929,-6.17059666203657,-3.4));
#4378=CARTESIAN_POINT('Origin',(41.1535041578926,-6.17059666203665,-3.4));
#4379=CARTESIAN_POINT('',(44.1535041578927,2.72059748348398,-3.4));
#4380=CARTESIAN_POINT('',(44.1535041578928,0.584401487482031,-3.4));
#4381=CARTESIAN_POINT('Origin',(41.1535041578927,2.7205974834839,-3.4));
#4382=CARTESIAN_POINT('Origin',(42.4535041578926,-6.8056819581452,-3.4));
#4383=CARTESIAN_POINT('',(45.4535041578926,-6.80568195814511,5.55111512312578E-16));
#4384=CARTESIAN_POINT('',(43.9535041578928,-9.40375816949859,5.55111512312578E-16));
#4385=CARTESIAN_POINT('Origin',(42.4535041578926,-6.8056819581452,5.55111512312578E-16));
#4386=CARTESIAN_POINT('',(43.9535041578927,-9.40375816949847,-3.4));
#4387=CARTESIAN_POINT('',(45.4535041578926,-6.80568195814511,-3.4));
#4388=CARTESIAN_POINT('Origin',(33.2535041578927,-15.5814060498279,-3.4));
#4389=CARTESIAN_POINT('',(34.7535041578927,-14.7153806460434,5.55111512312578E-16));
#4390=CARTESIAN_POINT('',(45.2535041578927,-8.65320281955207,5.55111512312578E-16));
#4391=CARTESIAN_POINT('',(34.7535041578927,-14.7153806460434,-3.4));
#4392=CARTESIAN_POINT('Origin',(45.4535041578927,-8.65320281955207,-3.4));
#4393=CARTESIAN_POINT('',(45.4535041578926,-5.1891012044143,5.55111512312578E-16));
#4394=CARTESIAN_POINT('Origin',(24.0535041578929,-6.80568195814588,-3.4));
#4395=CARTESIAN_POINT('',(22.5535041578929,-9.4037581694994,5.55111512312578E-16));
#4396=CARTESIAN_POINT('',(21.053504157893,-6.80568195814597,5.55111512312578E-16));
#4397=CARTESIAN_POINT('Origin',(24.0535041578929,-6.80568195814588,5.55111512312578E-16));
#4398=CARTESIAN_POINT('',(21.0535041578929,-6.80568195814597,-3.4));
#4399=CARTESIAN_POINT('',(22.553504157893,-9.40375816949924,-3.4));
#4400=CARTESIAN_POINT('Origin',(21.253504157893,-8.65320281955277,-3.4));
#4401=CARTESIAN_POINT('',(31.7535041578927,-14.7153806460435,5.55111512312578E-16));
#4402=CARTESIAN_POINT('',(31.7535041578927,-14.7153806460435,-3.4));
#4403=CARTESIAN_POINT('',(33.2535041578927,-15.5814060498279,5.55111512312578E-16));
#4404=CARTESIAN_POINT('Origin',(24.0535041578927,3.3556827795914,-3.4));
#4405=CARTESIAN_POINT('',(21.0535041578926,3.35568277959132,5.55111512312578E-16));
#4406=CARTESIAN_POINT('',(22.5535041578925,5.95375899094483,5.55111512312578E-16));
#4407=CARTESIAN_POINT('Origin',(24.0535041578927,3.3556827795914,5.55111512312578E-16));
#4408=CARTESIAN_POINT('',(22.5535041578926,5.95375899094467,-3.4));
#4409=CARTESIAN_POINT('',(21.0535041578926,3.35568277959132,-3.4));
#4410=CARTESIAN_POINT('Origin',(33.2535041578927,12.1314068712741,-3.4));
#4411=CARTESIAN_POINT('',(31.7535041578927,11.2653814674896,5.55111512312578E-16));
#4412=CARTESIAN_POINT('',(21.2535041578926,5.20320364099832,5.55111512312578E-16));
#4413=CARTESIAN_POINT('',(31.7535041578927,11.2653814674896,-3.4));
#4414=CARTESIAN_POINT('Origin',(21.0535041578926,5.20320364099832,-3.4));
#4415=CARTESIAN_POINT('',(21.0535041578927,1.73910202586055,5.55111512312578E-16));
#4416=CARTESIAN_POINT('Origin',(41.1535041578926,-6.17059666203665,-3.4));
#4417=CARTESIAN_POINT('',(42.6535041578928,-8.76867287339038,2.77555756156289E-16));
#4418=CARTESIAN_POINT('',(44.1535041578929,-6.17059666203657,5.55111512312578E-16));
#4419=CARTESIAN_POINT('Origin',(41.1535041578926,-6.17059666203665,5.55111512312578E-16));
#4420=CARTESIAN_POINT('',(44.1535041578929,-6.17059666203657,-3.4));
#4421=CARTESIAN_POINT('',(42.6535041578927,-8.76867287339027,-3.4));
#4422=CARTESIAN_POINT('Origin',(44.1535041578927,2.89380256424064,-3.4));
#4423=CARTESIAN_POINT('',(44.1535041578927,2.72059748348398,5.55111512312578E-16));
#4424=CARTESIAN_POINT('',(44.1535041578928,0.584401487482031,5.55111512312578E-16));
#4425=CARTESIAN_POINT('',(44.1535041578927,2.72059748348398,-3.4));
#4426=CARTESIAN_POINT('Origin',(41.1535041578927,2.7205974834839,-3.4));
#4427=CARTESIAN_POINT('',(42.6535041578928,5.31867369483714,5.55111512312578E-16));
#4428=CARTESIAN_POINT('Origin',(41.1535041578927,2.7205974834839,5.55111512312578E-16));
#4429=CARTESIAN_POINT('',(42.6535041578928,5.31867369483718,-3.4));
#4430=CARTESIAN_POINT('Origin',(34.6535041578937,9.93747584835403,-3.4));
#4431=CARTESIAN_POINT('',(41.5195295616777,5.97337423321623,5.55111512312578E-16));
#4432=CARTESIAN_POINT('',(36.6535041578937,8.78277530997463,5.55111512312578E-16));
#4433=CARTESIAN_POINT('',(41.5195295616781,5.97337423321691,-2.55554429104766));
#4434=CARTESIAN_POINT('',(41.5195295616777,5.97337423321623,-2.30000002458692));
#4435=CARTESIAN_POINT('',(39.7874787541091,6.97337423321701,-2.55554429104786));
#4436=CARTESIAN_POINT('',(40.6535041578928,6.47337423321651,-2.5555442910445));
#4437=CARTESIAN_POINT('',(39.7874787541087,6.97337423321633,5.55111512312578E-16));
#4438=CARTESIAN_POINT('',(39.7874787541087,6.97337423321633,-2.30000002458692));
#4439=CARTESIAN_POINT('',(34.7535041578937,9.87974082143503,5.55111512312578E-16));
#4440=CARTESIAN_POINT('',(36.6535041578937,8.78277530997463,5.55111512312578E-16));
#4441=CARTESIAN_POINT('',(34.7535041578937,9.87974082143503,-3.4));
#4442=CARTESIAN_POINT('Origin',(42.6535041578927,-8.76867287339027,-3.4));
#4443=CARTESIAN_POINT('',(34.7535041578927,-13.329739999988,2.77555756156289E-16));
#4444=CARTESIAN_POINT('',(34.7535041578927,-13.329739999988,-3.4));
#4445=CARTESIAN_POINT('',(39.7956203254037,-10.4186728733902,2.77555756156289E-16));
#4446=CARTESIAN_POINT('',(40.6535041578927,-9.92337341176957,2.77555756156289E-16));
#4447=CARTESIAN_POINT('',(39.7956203254041,-10.4186728733909,-2.55554427324795));
#4448=CARTESIAN_POINT('',(39.7956203254037,-10.4186728733902,-2.30000000558793));
#4449=CARTESIAN_POINT('',(41.5276711329731,-9.41867287339095,-2.55554427324822));
#4450=CARTESIAN_POINT('',(41.5276711329725,-9.41867287339047,-2.55554427324507));
#4451=CARTESIAN_POINT('',(41.5276711329727,-9.41867287339027,2.77555756156289E-16));
#4452=CARTESIAN_POINT('',(41.5276711329727,-9.41867287339027,-2.30000000558793));
#4453=CARTESIAN_POINT('',(40.6535041578927,-9.92337341176957,2.77555756156289E-16));
#4454=CARTESIAN_POINT('Origin',(33.2535041578927,-1.72499958927687,5.55111512312578E-16));
#4455=CARTESIAN_POINT('Origin',(33.2535041578927,8.66730525613633,5.55111512312578E-16));
#4456=CARTESIAN_POINT('Origin',(33.2535041578927,-12.1173044346902,5.55111512312578E-16));
#4457=CARTESIAN_POINT('',(41.48776004641,-9.34954484367881,5.55111512312578E-16));
#4458=CARTESIAN_POINT('',(38.8401711338107,-4.76378632950077,5.55111512312578E-16));
#4459=CARTESIAN_POINT('',(39.755709238841,-10.3495448436789,5.55111512312578E-16));
#4460=CARTESIAN_POINT('',(41.4877600464099,-9.34954484367887,4.16333634234434E-16));
#4461=CARTESIAN_POINT('',(37.1081203262417,-5.76378632950077,5.55111512312578E-16));
#4462=CARTESIAN_POINT('',(31.7535041578927,-13.3297399999879,5.55111512312578E-16));
#4463=CARTESIAN_POINT('Origin',(33.2535041578927,-10.7316637886346,5.55111512312578E-16));
#4464=CARTESIAN_POINT('',(26.7195295616774,-10.423373411769,5.55111512312578E-16));
#4465=CARTESIAN_POINT('',(29.8535041578927,-12.2327744885275,5.55111512312578E-16));
#4466=CARTESIAN_POINT('',(26.7594406336398,-10.3542454073456,5.9388428003702E-16));
#4467=CARTESIAN_POINT('',(29.4070295580449,-5.76848687271897,5.55111512312578E-16));
#4468=CARTESIAN_POINT('',(25.0273898260709,-9.35424540734563,5.85727683627206E-16));
#4469=CARTESIAN_POINT('',(25.8934152298553,-9.85424540734559,5.55111512312578E-16));
#4470=CARTESIAN_POINT('',(24.9874787541085,-9.42337341176887,5.55111512312578E-16));
#4471=CARTESIAN_POINT('',(27.674978750476,-4.76848687271907,5.55111512312578E-16));
#4472=CARTESIAN_POINT('',(23.8535041578934,-8.76867287338983,5.55111512312578E-16));
#4473=CARTESIAN_POINT('',(29.8535041578927,-12.2327744885275,5.55111512312578E-16));
#4474=CARTESIAN_POINT('',(22.3535041578935,-6.17059666203662,5.55111512312578E-16));
#4475=CARTESIAN_POINT('Origin',(25.3535041578935,-6.17059666203654,5.55111512312578E-16));
#4476=CARTESIAN_POINT('',(22.3535041578933,2.72059748348374,5.55111512312578E-16));
#4477=CARTESIAN_POINT('',(22.3535041578934,-4.03440066603532,5.55111512312578E-16));
#4478=CARTESIAN_POINT('',(23.8535041578935,5.31867369483748,5.55111512312578E-16));
#4479=CARTESIAN_POINT('Origin',(25.3535041578936,2.72059748348382,5.55111512312578E-16));
#4480=CARTESIAN_POINT('',(24.9874787541092,5.97337423321673,5.55111512312578E-16));
#4481=CARTESIAN_POINT('',(25.8535041578933,6.47337423321653,5.55111512312578E-16));
#4482=CARTESIAN_POINT('',(25.0273898260718,5.90424622879281,4.55106401958878E-16));
#4483=CARTESIAN_POINT('',(27.6749787504773,1.31848769416613,5.55111512312578E-16));
#4484=CARTESIAN_POINT('',(26.7594406336407,6.90424622879288,4.81644275068603E-16));
#4485=CARTESIAN_POINT('',(25.8934152298562,6.40424622879281,5.55111512312578E-16));
#4486=CARTESIAN_POINT('',(26.7195295616781,6.97337423321663,5.55111512312578E-16));
#4487=CARTESIAN_POINT('',(29.4070295580462,2.31848769416623,4.85722573273506E-16));
#4488=CARTESIAN_POINT('',(31.7535041578937,9.87974082143513,5.55111512312578E-16));
#4489=CARTESIAN_POINT('',(25.8535041578933,6.47337423321653,5.55111512312578E-16));
#4490=CARTESIAN_POINT('Origin',(33.2535041578937,7.28166461008173,5.55111512312578E-16));
#4491=CARTESIAN_POINT('',(39.7475676821458,6.90424622879227,4.81644275068591E-16));
#4492=CARTESIAN_POINT('',(37.0999787577407,2.31848769416563,4.85722573273506E-16));
#4493=CARTESIAN_POINT('',(41.4796184897148,5.90424622879227,4.55106401958865E-16));
#4494=CARTESIAN_POINT('',(40.61359308593,6.40424622879243,6.93889390390723E-16));
#4495=CARTESIAN_POINT('',(38.8320295653097,1.31848769416563,5.55111512312578E-16));
#4496=CARTESIAN_POINT('Origin',(25.3535041578936,2.72059748348382,-3.4));
#4497=CARTESIAN_POINT('',(22.3535041578932,2.72059748348374,-3.4));
#4498=CARTESIAN_POINT('',(23.8535041578935,5.31867369483747,-3.4));
#4499=CARTESIAN_POINT('Origin',(22.3535041578935,-6.34380174279348,-3.4));
#4500=CARTESIAN_POINT('',(22.3535041578935,-6.17059666203662,-3.4));
#4501=CARTESIAN_POINT('Origin',(25.3535041578935,-6.17059666203654,-3.4));
#4502=CARTESIAN_POINT('',(23.8535041578934,-8.7686728733898,-3.4));
#4503=CARTESIAN_POINT('Origin',(31.8535041578927,-13.3874750269068,-3.4));
#4504=CARTESIAN_POINT('',(24.9874787541081,-9.42337341176955,-2.55554429104609));
#4505=CARTESIAN_POINT('',(24.9874787541085,-9.42337341176887,-2.30000002458692));
#4506=CARTESIAN_POINT('',(26.719529561677,-10.4233734117697,-2.55554429104632));
#4507=CARTESIAN_POINT('',(25.853504157893,-9.9233734117689,-2.55554429104289));
#4508=CARTESIAN_POINT('',(26.7195295616774,-10.423373411769,-2.30000002458692));
#4509=CARTESIAN_POINT('',(31.7535041578927,-13.3297399999879,-3.4));
#4510=CARTESIAN_POINT('Origin',(23.8535041578936,5.31867369483753,-3.4));
#4511=CARTESIAN_POINT('',(31.7535041578937,9.87974082143513,-3.4));
#4512=CARTESIAN_POINT('',(26.7195295616777,6.97337423321731,-2.55554429104711));
#4513=CARTESIAN_POINT('',(26.7195295616781,6.97337423321663,-2.30000002458692));
#4514=CARTESIAN_POINT('',(24.9874787541088,5.97337423321741,-2.55554429104736));
#4515=CARTESIAN_POINT('',(25.8535041578935,6.47337423321664,-2.555544291044));
#4516=CARTESIAN_POINT('',(24.9874787541092,5.97337423321673,-2.30000002458692));
#4517=CARTESIAN_POINT('Origin',(33.2535041578927,-10.7316637886346,-3.4));
#4518=CARTESIAN_POINT('Origin',(33.2535041578937,7.28166461008173,-3.4));
#4519=CARTESIAN_POINT('Origin',(42.7526711078267,-11.5404350691086,-1.20000001117587));
#4520=CARTESIAN_POINT('Origin',(41.0206203002584,-12.5404350691082,-1.20000001117587));
#4521=CARTESIAN_POINT('Origin',(42.7526711078274,-11.5404350691082,-1.20000001117587));
#4522=CARTESIAN_POINT('Origin',(39.8206203270807,-10.4619741464831,-1.20000001117587));
#4523=CARTESIAN_POINT('Origin',(41.5526711346497,-9.46197414648307,-1.20000001117587));
#4524=CARTESIAN_POINT('Origin',(41.8785041383347,8.59513643861293,-1.20000004917383));
#4525=CARTESIAN_POINT('Origin',(42.7445295421194,8.09513643861279,-1.20000004917383));
#4526=CARTESIAN_POINT('Origin',(41.0124787345504,9.09513643861276,-1.20000004917383));
#4527=CARTESIAN_POINT('Origin',(39.8124787613727,7.01667551598743,-1.20000004917383));
#4528=CARTESIAN_POINT('Origin',(41.5445295689417,6.01667551598753,-1.20000004917383));
#4529=CARTESIAN_POINT('Origin',(24.6285041774506,-12.0451356171661,-1.20000004917383));
#4530=CARTESIAN_POINT('Origin',(23.7624787736662,-11.5451356171661,-1.20000004917383));
#4531=CARTESIAN_POINT('Origin',(25.494529581235,-12.545135617166,-1.20000004917383));
#4532=CARTESIAN_POINT('Origin',(24.962478746844,-9.46667469454067,-1.20000004917383));
#4533=CARTESIAN_POINT('Origin',(26.6945295544129,-10.4666746945406,-1.20000004917383));
#4534=CARTESIAN_POINT('Origin',(24.6285041774514,8.59513643861323,-1.20000004917383));
#4535=CARTESIAN_POINT('Origin',(25.4945295812359,9.09513643861329,-1.20000004917383));
#4536=CARTESIAN_POINT('Origin',(23.762478773667,8.09513643861326,-1.20000004917383));
#4537=CARTESIAN_POINT('Origin',(26.6945295544138,7.01667551598793,-1.20000004917383));
#4538=CARTESIAN_POINT('Origin',(24.962478746845,6.01667551598783,-1.20000004917383));
#4539=CARTESIAN_POINT('Origin',(33.2535041578927,8.66730525613633,-3.4));
#4540=CARTESIAN_POINT('Origin',(33.2535041578927,-12.1173044346902,-3.4));
#4541=CARTESIAN_POINT('Origin',(-2.04281036531029E-13,-1.11022302462516E-15,
10.));
#4542=CARTESIAN_POINT('',(7.5,0.,10.));
#4543=CARTESIAN_POINT('',(11.9999999999999,0.,10.));
#4544=CARTESIAN_POINT('',(9.54791801177635E-14,0.,10.));
#4545=CARTESIAN_POINT('',(7.5,-2.375,10.));
#4546=CARTESIAN_POINT('',(7.5,1.8125,10.));
#4547=CARTESIAN_POINT('',(6.25,-3.625,10.));
#4548=CARTESIAN_POINT('Origin',(6.25,-2.375,10.));
#4549=CARTESIAN_POINT('',(-6.25,-3.625,10.));
#4550=CARTESIAN_POINT('',(3.7499999999999,-3.625,10.));
#4551=CARTESIAN_POINT('',(-7.5,-2.375,10.));
#4552=CARTESIAN_POINT('Origin',(-6.25,-2.375,10.));
#4553=CARTESIAN_POINT('',(-7.5,0.,10.));
#4554=CARTESIAN_POINT('',(-7.5,-1.8125,10.));
#4555=CARTESIAN_POINT('',(-11.9999999999998,0.,10.));
#4556=CARTESIAN_POINT('',(9.54791801177635E-14,0.,10.));
#4557=CARTESIAN_POINT('',(-12.,-5.1961524227062,10.));
#4558=CARTESIAN_POINT('',(-11.9999999999997,3.4641016151382,10.));
#4559=CARTESIAN_POINT('',(-10.5000000000001,-7.7942286340596,10.));
#4560=CARTESIAN_POINT('Origin',(-8.99999999999999,-5.1961524227063,10.));
#4561=CARTESIAN_POINT('',(-1.50000000000019,-12.9903810567665,10.));
#4562=CARTESIAN_POINT('',(-9.0000000000001,-8.6602540378441,10.));
#4563=CARTESIAN_POINT('',(1.4999999999998,-12.9903810567666,10.));
#4564=CARTESIAN_POINT('Origin',(-2.04281036531029E-13,-10.3923048454133,
10.));
#4565=CARTESIAN_POINT('',(10.4999999999998,-7.7942286340603,10.));
#4566=CARTESIAN_POINT('',(2.9999999999998,-12.1243556529823,10.));
#4567=CARTESIAN_POINT('',(11.9999999999998,-5.1961524227071,10.));
#4568=CARTESIAN_POINT('Origin',(8.9999999999998,-5.196152422707,10.));
#4569=CARTESIAN_POINT('',(11.9999999999998,-3.4641016151382,10.));
#4570=CARTESIAN_POINT('Origin',(-12.0000000000001,-6.9282032302751,8.));
#4571=CARTESIAN_POINT('',(-1.50000000000019,-12.9903810567665,9.2));
#4572=CARTESIAN_POINT('',(-10.5000000000001,-7.7942286340596,9.2));
#4573=CARTESIAN_POINT('',(-9.0000000000001,-8.6602540378441,9.2));
#4574=CARTESIAN_POINT('',(-1.50000000000019,-12.9903810567665,8.));
#4575=CARTESIAN_POINT('',(-10.5000000000001,-7.7942286340596,8.));
#4576=CARTESIAN_POINT('Origin',(-8.99999999999999,-5.1961524227063,8.));
#4577=CARTESIAN_POINT('',(-12.,-5.1961524227062,9.2));
#4578=CARTESIAN_POINT('Origin',(-8.99999999999999,-5.1961524227063,9.2));
#4579=CARTESIAN_POINT('',(-12.,-5.1961524227062,8.));
#4580=CARTESIAN_POINT('Origin',(4.9999999999998,-8.6602540378446,8.));
#4581=CARTESIAN_POINT('',(5.3999999999998,-9.3530743608719,6.));
#4582=CARTESIAN_POINT('',(5.3999999999998,-9.3530743608719,-2.4));
#4583=CARTESIAN_POINT('',(5.3999999999998,-9.3530743608719,2.3));
#4584=CARTESIAN_POINT('',(4.9999999999998,-8.6602540378446,-2.4));
#4585=CARTESIAN_POINT('',(2.4999999999998,-4.3301270189223,-2.4));
#4586=CARTESIAN_POINT('',(4.9999999999998,-8.6602540378446,6.));
#4587=CARTESIAN_POINT('',(4.9999999999998,-8.6602540378446,8.));
#4588=CARTESIAN_POINT('',(2.4999999999998,-4.3301270189223,6.));
#4589=CARTESIAN_POINT('Origin',(4.23205080756881,-3.3301270189224,6.));
#4590=CARTESIAN_POINT('',(7.1320508075688,-8.353074360872,8.));
#4591=CARTESIAN_POINT('Origin',(7.1320508075688,-8.3530743608719,6.));
#4592=CARTESIAN_POINT('',(6.73205080756881,-7.6602540378446,8.));
#4593=CARTESIAN_POINT('Origin',(6.73205080756881,-7.6602540378446,6.));
#4594=CARTESIAN_POINT('',(4.23205080756881,-3.3301270189224,8.));
#4595=CARTESIAN_POINT('Origin',(-4.48205080756879,-3.7631397208143,6.));
#4596=CARTESIAN_POINT('',(-5.39999999999979,-9.3530743608713,6.));
#4597=CARTESIAN_POINT('',(-7.13205080756871,-8.3530743608712,8.));
#4598=CARTESIAN_POINT('Origin',(-7.13205080756871,-8.3530743608712,6.));
#4599=CARTESIAN_POINT('',(-6.73205080756889,-7.6602540378442,8.));
#4600=CARTESIAN_POINT('',(-4.48205080756879,-3.7631397208143,8.));
#4601=CARTESIAN_POINT('',(-5.0000000000001,-8.6602540378442,6.));
#4602=CARTESIAN_POINT('Origin',(-6.732050807569,-7.6602540378442,6.));
#4603=CARTESIAN_POINT('',(-2.74999999999999,-4.7631397208143,6.));
#4604=CARTESIAN_POINT('Origin',(-5.5000000000001,-9.5262794416287,8.));
#4605=CARTESIAN_POINT('',(-5.39999999999979,-9.3530743608713,-2.4));
#4606=CARTESIAN_POINT('',(-5.39999999999989,-9.3530743608713,2.3));
#4607=CARTESIAN_POINT('',(-5.0000000000001,-8.6602540378442,-2.4));
#4608=CARTESIAN_POINT('',(-5.0000000000001,-8.6602540378442,8.));
#4609=CARTESIAN_POINT('',(-2.74999999999999,-4.7631397208143,-2.4));
#4610=CARTESIAN_POINT('Origin',(11.9999999999998,-6.92820323027601,8.));
#4611=CARTESIAN_POINT('',(11.9999999999999,0.,9.2));
#4612=CARTESIAN_POINT('',(12.0000000000001,0.,5.65));
#4613=CARTESIAN_POINT('',(11.9999999999998,-5.1961524227071,9.2));
#4614=CARTESIAN_POINT('',(11.9999999999998,-5.1961524227071,8.));
#4615=CARTESIAN_POINT('',(11.9999999999998,-3.4641016151382,9.2));
#4616=CARTESIAN_POINT('Origin',(8.9999999999998,-5.196152422707,8.));
#4617=CARTESIAN_POINT('',(10.4999999999998,-7.7942286340603,9.2));
#4618=CARTESIAN_POINT('Origin',(8.9999999999998,-5.196152422707,9.2));
#4619=CARTESIAN_POINT('',(10.4999999999998,-7.7942286340603,8.));
#4620=CARTESIAN_POINT('Origin',(-2.04281036531029E-13,-13.856406460551,
8.));
#4621=CARTESIAN_POINT('',(1.4999999999998,-12.9903810567666,9.2));
#4622=CARTESIAN_POINT('',(2.9999999999998,-12.1243556529822,9.2));
#4623=CARTESIAN_POINT('',(1.4999999999998,-12.9903810567666,8.));
#4624=CARTESIAN_POINT('Origin',(-2.04281036531029E-13,-10.3923048454133,
8.));
#4625=CARTESIAN_POINT('Origin',(-2.04281036531029E-13,-10.3923048454133,
9.2));
#4626=CARTESIAN_POINT('Origin',(-2.04281036531029E-13,-1.11022302462516E-15,
8.));
#4627=CARTESIAN_POINT('',(-7.6679491924303,-8.0436732841131,8.));
#4628=CARTESIAN_POINT('',(-8.40000000000011,-7.6210235533028,8.));
#4629=CARTESIAN_POINT('',(-7.26794919243059,-7.350852961086,8.));
#4630=CARTESIAN_POINT('',(-4.76794919243049,-3.0207259421639,8.));
#4631=CARTESIAN_POINT('',(-10.,-5.7735026918959,8.));
#4632=CARTESIAN_POINT('Origin',(-2.04281036531029E-13,-1.11022302462516E-15,
8.));
#4633=CARTESIAN_POINT('',(7.6679491924308,-8.0436732841135,8.));
#4634=CARTESIAN_POINT('',(2.39999999999982,-11.0851251684409,8.));
#4635=CARTESIAN_POINT('',(7.26794919243081,-7.3508529610862,8.));
#4636=CARTESIAN_POINT('',(-2.04281036531029E-13,-11.5470053837925,8.));
#4637=CARTESIAN_POINT('',(5.01794919243081,-3.453738644056,8.));
#4638=CARTESIAN_POINT('Origin',(11.3999999999998,-3.4641016151382,8.6));
#4639=CARTESIAN_POINT('',(10.9000000000006,0.,8.10000000000067));
#4640=CARTESIAN_POINT('',(7.22500000000003,0.,4.42500000000008));
#4641=CARTESIAN_POINT('',(10.804594062286,-5.19615242270732,8.00459406228628));
#4642=CARTESIAN_POINT('',(11.3999999999998,-5.19615242270709,8.60000000000001));
#4643=CARTESIAN_POINT('',(10.9000000000005,-4.44559707275965,8.10000000000069));
#4644=CARTESIAN_POINT('Origin',(7.90000000000052,-4.44559707275956,5.10000000000073));
#4645=CARTESIAN_POINT('',(10.9000000000006,1.38564064605497,8.10000000000067));
#4646=CARTESIAN_POINT('Origin',(8.9999999999998,-5.196152422707,8.6));
#4647=CARTESIAN_POINT('',(9.87196014438758,-6.70643169496185,7.94392028877557));
#4648=CARTESIAN_POINT('',(9.89999999999982,-6.754998149519,8.));
#4649=CARTESIAN_POINT('Ctrl Pts',(9.8719601443876,-6.70643169496184,7.94392028877567));
#4650=CARTESIAN_POINT('Ctrl Pts',(9.92067930290152,-6.66393754792691,7.93147885718823));
#4651=CARTESIAN_POINT('Ctrl Pts',(9.96846212564843,-6.61947452859519,7.92034243956111));
#4652=CARTESIAN_POINT('Ctrl Pts',(10.1819944185325,-6.40723771232495,7.876156917336));
#4653=CARTESIAN_POINT('Ctrl Pts',(10.3302268890227,-6.21830509310831,7.8630866138916));
#4654=CARTESIAN_POINT('Ctrl Pts',(10.4466324345196,-6.03136604819551,7.87042725097692));
#4655=CARTESIAN_POINT('Ctrl Pts',(10.5632211469257,-5.84413285022558,7.87777943873021));
#4656=CARTESIAN_POINT('Ctrl Pts',(10.6668043244231,-5.62862860012285,7.90668949321709));
#4657=CARTESIAN_POINT('Ctrl Pts',(10.7654507175852,-5.33702293648705,7.96958760290873));
#4658=CARTESIAN_POINT('Ctrl Pts',(10.7864156257463,-5.26650163657778,7.9864156257465));
#4659=CARTESIAN_POINT('Ctrl Pts',(10.8045940622861,-5.19615242270733,8.00459406228627));
#4660=CARTESIAN_POINT('Origin',(2.69999999999981,-11.6047404107116,8.6));
#4661=CARTESIAN_POINT('',(0.899999999999812,-11.9511505722251,8.));
#4662=CARTESIAN_POINT('',(0.899999999999812,-11.9511505722251,8.));
#4663=CARTESIAN_POINT('',(1.50000242894003,-11.6047402086263,8.00000032483103));
#4664=CARTESIAN_POINT('',(10.7999999999998,-6.2353829072478,8.));
#4665=CARTESIAN_POINT('',(10.6125050581992,-6.34363316236807,8.));
#4666=CARTESIAN_POINT('',(9.4000000000004,-7.04367328411287,8.));
#4667=CARTESIAN_POINT('',(10.6125050581992,-6.34363316236807,8.));
#4668=CARTESIAN_POINT('Origin',(7.90000000000052,-4.44559707275956,4.99999999999948));
#4669=CARTESIAN_POINT('Origin',(-2.04281036531029E-13,-10.3923048454133,
8.6));
#4670=CARTESIAN_POINT('',(-2.04281036531029E-13,-12.4707658144954,8.27846096908214));
#4671=CARTESIAN_POINT('Ctrl Pts',(0.899999999999602,-11.9511505722248,7.99999999999945));
#4672=CARTESIAN_POINT('Ctrl Pts',(0.482308546375753,-12.1923048454127,7.99999999999941));
#4673=CARTESIAN_POINT('Ctrl Pts',(-9.78120329322345E-14,-12.4707658144952,
8.27846096908192));
#4674=CARTESIAN_POINT('',(-0.900000000000203,-11.9511505722252,8.));
#4675=CARTESIAN_POINT('',(-0.900000000000203,-11.9511505722252,8.));
#4676=CARTESIAN_POINT('Ctrl Pts',(-3.66470320729988E-13,-12.4707658144953,
8.27846096908201));
#4677=CARTESIAN_POINT('Ctrl Pts',(-0.482308546376162,-12.1923048454128,
7.99999999999951));
#4678=CARTESIAN_POINT('Ctrl Pts',(-0.899999999999957,-11.9511505722249,
7.99999999999949));
#4679=CARTESIAN_POINT('Origin',(-8.70000000000011,-8.1406387955734,8.6));
#4680=CARTESIAN_POINT('',(-9.8719601443878,-6.70643169496095,7.9439202887755));
#4681=CARTESIAN_POINT('',(-10.2000000000001,-7.27461339178891,8.59999999999999));
#4682=CARTESIAN_POINT('',(-9.39999999999977,-7.04367328411276,8.));
#4683=CARTESIAN_POINT('Origin',(-7.89999999999973,-4.44559707275956,4.99999999999963));
#4684=CARTESIAN_POINT('',(-7.72499990056194,-8.01073504241592,8.));
#4685=CARTESIAN_POINT('',(-1.49999734902099,-11.6047416703686,7.99999992549444));
#4686=CARTESIAN_POINT('',(-2.04281036531029E-13,-12.4707658144954,8.));
#4687=CARTESIAN_POINT('',(-2.04281036531029E-13,-12.4707658144954,8.));
#4688=CARTESIAN_POINT('Origin',(-8.99999999999999,-5.1961524227063,8.6));
#4689=CARTESIAN_POINT('',(-10.8045940622855,-5.1961524227065,8.00459406228547));
#4690=CARTESIAN_POINT('',(-10.8,-5.1961524227063,8.));
#4691=CARTESIAN_POINT('Ctrl Pts',(-10.8045940622855,-5.19615242270649,8.00459406228548));
#4692=CARTESIAN_POINT('Ctrl Pts',(-10.7864156257457,-5.26650163657694,7.98641562574573));
#4693=CARTESIAN_POINT('Ctrl Pts',(-10.7654507175846,-5.33702293648622,7.96958760290797));
#4694=CARTESIAN_POINT('Ctrl Pts',(-10.6668043244226,-5.62862860012194,7.90668949321644));
#4695=CARTESIAN_POINT('Ctrl Pts',(-10.5632211469254,-5.84413285022459,7.87777943872965));
#4696=CARTESIAN_POINT('Ctrl Pts',(-10.4466324345194,-6.03136604819446,7.87042725097643));
#4697=CARTESIAN_POINT('Ctrl Pts',(-10.3356060537767,-6.20966653626469,7.86342582879813));
#4698=CARTESIAN_POINT('Ctrl Pts',(-10.1950112837799,-6.39076773134703,7.87492544868997));
#4699=CARTESIAN_POINT('Ctrl Pts',(-9.98354814885676,-6.60536510343532,7.91685417988568));
#4700=CARTESIAN_POINT('Ctrl Pts',(-9.92832235791173,-6.65727107187634,7.92952704708033));
#4701=CARTESIAN_POINT('Ctrl Pts',(-9.8719601443878,-6.70643169496095,7.94392028877551));
#4702=CARTESIAN_POINT('Origin',(10.7999999999998,-6.2353829072478,-3.4));
#4703=CARTESIAN_POINT('',(9.39999999999964,-7.04367328411331,-2.4));
#4704=CARTESIAN_POINT('',(9.4000000000004,-7.04367328411287,-3.4));
#4705=CARTESIAN_POINT('',(9.4000000000004,-7.04367328411287,-3.4));
#4706=CARTESIAN_POINT('',(8.0999999999998,-7.7942286340599,-2.4));
#4707=CARTESIAN_POINT('',(1.50000242901941,-11.6047402087633,-3.4));
#4708=CARTESIAN_POINT('',(1.50000159100879,-11.604739492142,-3.4));
#4709=CARTESIAN_POINT('',(8.09999999999956,-7.79422863405981,-3.4));
#4710=CARTESIAN_POINT('Origin',(-2.04281036531029E-13,-12.4707658144954,
-3.4));
#4711=CARTESIAN_POINT('',(6.22319973331287E-10,-12.4707658144956,8.));
#4712=CARTESIAN_POINT('',(-0.0937489698222027,-12.4166398215326,8.));
#4713=CARTESIAN_POINT('',(-2.04281036531029E-13,-12.4707658144954,-3.4));
#4714=CARTESIAN_POINT('Origin',(10.7999999999998,-6.2353829072478,-3.4));
#4715=CARTESIAN_POINT('',(5.49375107790881,-9.2989471508044,8.));
#4716=CARTESIAN_POINT('Origin',(2.81078180286443E-6,-12.037753002375,8.));
#4717=CARTESIAN_POINT('Origin',(2.63046779913623E-6,-9.0066650811853,8.));
#4718=CARTESIAN_POINT('Origin',(2.63046779913623E-6,-9.0066650811853,-3.4));
#4719=CARTESIAN_POINT('',(-1.49999736618538,-11.6047416133446,-3.4));
#4720=CARTESIAN_POINT('Origin',(2.63046779913623E-6,-9.0066650811853,-3.4));
#4721=CARTESIAN_POINT('',(-1.49999764530619,-11.6047417701938,-3.4));
#4722=CARTESIAN_POINT('Origin',(10.7999999999998,-6.2353829072478,-3.4));
#4723=CARTESIAN_POINT('',(9.39999999999943,-7.04367328411343,6.));
#4724=CARTESIAN_POINT('',(9.4000000000004,-7.04367328411287,-3.4));
#4725=CARTESIAN_POINT('Origin',(7.6679491924308,-8.0436732841135,6.));
#4726=CARTESIAN_POINT('Origin',(7.90000000000052,-4.44559707275956,-3.4));
#4727=CARTESIAN_POINT('',(9.39999999999964,-7.04367328411331,2.3));
#4728=CARTESIAN_POINT('',(10.9000000000005,-4.44559707275965,-3.4));
#4729=CARTESIAN_POINT('Origin',(7.90000000000052,-4.44559707275956,-3.4));
#4730=CARTESIAN_POINT('',(10.9000000000005,-4.44559707275965,-3.4));
#4731=CARTESIAN_POINT('Origin',(10.9000000000008,6.23538290724809,-3.4));
#4732=CARTESIAN_POINT('',(10.9000000000006,0.,-3.4));
#4733=CARTESIAN_POINT('',(10.9000000000006,0.,-0.0500000000000003));
#4734=CARTESIAN_POINT('',(10.9000000000007,3.11769145362387,-3.4));
#4735=CARTESIAN_POINT('Origin',(-2.04281036531029E-13,-12.4707658144954,
-3.4));
#4736=CARTESIAN_POINT('',(-9.39999999999974,-7.04367328411271,-3.4));
#4737=CARTESIAN_POINT('',(-9.39999999999922,-7.04367328411308,-2.4));
#4738=CARTESIAN_POINT('',(-9.39999999999977,-7.04367328411276,-3.4));
#4739=CARTESIAN_POINT('',(-2.6999999999999,-10.9119200876834,-3.4));
#4740=CARTESIAN_POINT('',(-2.6999999999999,-10.9119200876834,-2.4));
#4741=CARTESIAN_POINT('Origin',(-2.04281036531029E-13,-12.4707658144954,
-3.4));
#4742=CARTESIAN_POINT('',(-9.39999999999923,-7.04367328411308,6.));
#4743=CARTESIAN_POINT('',(-9.39999999999977,-7.04367328411276,-3.4));
#4744=CARTESIAN_POINT('Origin',(-7.6679491924303,-8.0436732841131,6.));
#4745=CARTESIAN_POINT('Origin',(-2.04281036531029E-13,-1.11022302462516E-15,
-3.4));
#4746=CARTESIAN_POINT('',(8.5,0.,-3.4));
#4747=CARTESIAN_POINT('',(9.54791801177635E-14,0.,-3.4));
#4748=CARTESIAN_POINT('',(-10.8999999999997,-4.44559707275947,-3.4));
#4749=CARTESIAN_POINT('Origin',(-7.89999999999973,-4.44559707275956,-3.4));
#4750=CARTESIAN_POINT('',(-10.8999999999995,0.,-3.4));
#4751=CARTESIAN_POINT('',(-10.8999999999996,-3.11769145362337,-3.4));
#4752=CARTESIAN_POINT('',(-8.5,0.,-3.4));
#4753=CARTESIAN_POINT('',(9.54791801177635E-14,0.,-3.4));
#4754=CARTESIAN_POINT('',(-8.5,-4.875,-3.4));
#4755=CARTESIAN_POINT('',(-8.5,-2.4375,-3.4));
#4756=CARTESIAN_POINT('',(8.5,-4.875,-3.4));
#4757=CARTESIAN_POINT('',(8.5,-4.875,-3.4));
#4758=CARTESIAN_POINT('',(8.5,2.4375,-3.4));
#4759=CARTESIAN_POINT('Origin',(-7.89999999999973,-4.44559707275956,-3.4));
#4760=CARTESIAN_POINT('',(-10.8999999999996,-4.44559707275947,8.09999999999967));
#4761=CARTESIAN_POINT('Origin',(-7.89999999999973,-4.44559707275956,5.09999999999972));
#4762=CARTESIAN_POINT('',(-10.8999999999996,-4.44559707275947,-3.4));
#4763=CARTESIAN_POINT('',(-9.39999999999922,-7.04367328411308,2.3));
#4764=CARTESIAN_POINT('Origin',(-6.6,2.85,10.));
#4765=CARTESIAN_POINT('',(-6.6,0.,9.6));
#4766=CARTESIAN_POINT('',(-6.6,0.,0.499999999999998));
#4767=CARTESIAN_POINT('',(-6.6,0.,6.65));
#4768=CARTESIAN_POINT('',(-6.6,-2.85,9.6));
#4769=CARTESIAN_POINT('',(-6.6,1.425,9.6));
#4770=CARTESIAN_POINT('',(-6.6,-2.85,0.499999999999998));
#4771=CARTESIAN_POINT('',(-6.6,-2.85,10.));
#4772=CARTESIAN_POINT('',(-6.6,1.42499999999997,0.499999999999998));
#4773=CARTESIAN_POINT('Origin',(-1.50000000000024,-10.6809799800081,10.));
#4774=CARTESIAN_POINT('',(-8.99999999999935,-6.35085296108594,-2.4));
#4775=CARTESIAN_POINT('',(-3.25000000000039,-9.67061700892605,-2.4));
#4776=CARTESIAN_POINT('',(-8.99999999999942,-6.3508529610859,6.));
#4777=CARTESIAN_POINT('Origin',(-7.26794919243059,-7.350852961086,6.));
#4778=CARTESIAN_POINT('',(-8.99999999999941,-6.3508529610859,9.));
#4779=CARTESIAN_POINT('Origin',(8.5,-4.875,0.699999999999998));
#4780=CARTESIAN_POINT('',(-8.5,-4.875,0.499999999999998));
#4781=CARTESIAN_POINT('',(-8.5,-4.875,0.699999999999998));
#4782=CARTESIAN_POINT('',(8.5,-4.875,0.499999999999998));
#4783=CARTESIAN_POINT('',(4.25000000000023,-4.875,0.499999999999998));
#4784=CARTESIAN_POINT('',(8.5,-4.875,0.699999999999998));
#4785=CARTESIAN_POINT('Origin',(-2.04281036531029E-13,-1.11022302462516E-15,
-2.4));
#4786=CARTESIAN_POINT('',(8.99999999999983,-6.3508529610861,-2.4));
#4787=CARTESIAN_POINT('',(6.74999999999977,-7.64989106676276,-2.4));
#4788=CARTESIAN_POINT('',(7.9999999999998,-4.618802153517,-2.4));
#4789=CARTESIAN_POINT('Origin',(-7.5,-3.625,10.));
#4790=CARTESIAN_POINT('',(-7.5,0.,9.6));
#4791=CARTESIAN_POINT('',(-7.5,0.,6.65));
#4792=CARTESIAN_POINT('',(-7.5,-2.375,9.6));
#4793=CARTESIAN_POINT('',(-7.5,-2.375,10.));
#4794=CARTESIAN_POINT('',(-7.5,3.625,9.6));
#4795=CARTESIAN_POINT('Origin',(7.5,-3.625,10.));
#4796=CARTESIAN_POINT('',(6.25,-3.625,9.6));
#4797=CARTESIAN_POINT('',(6.25,-3.625,10.));
#4798=CARTESIAN_POINT('',(-6.25,-3.625,9.6));
#4799=CARTESIAN_POINT('',(-7.5,-3.625,9.6));
#4800=CARTESIAN_POINT('',(-6.25,-3.625,10.));
#4801=CARTESIAN_POINT('Origin',(-6.25,-2.375,10.));
#4802=CARTESIAN_POINT('Origin',(-6.25,-2.375,9.6));
#4803=CARTESIAN_POINT('Origin',(6.25,-2.375,10.));
#4804=CARTESIAN_POINT('',(7.5,-2.375,9.6));
#4805=CARTESIAN_POINT('Origin',(6.25,-2.375,9.6));
#4806=CARTESIAN_POINT('',(7.5,-2.375,10.));
#4807=CARTESIAN_POINT('Origin',(-3.79999994635582,-3.25,7.89999980777502));
#4808=CARTESIAN_POINT('',(-2.8,-3.25,7.19999980777502));
#4809=CARTESIAN_POINT('',(-2.8,-3.25,8.59999980777502));
#4810=CARTESIAN_POINT('',(-2.8,-3.25,7.19999980777502));
#4811=CARTESIAN_POINT('',(-4.79999989271164,-3.25,7.19999980777502));
#4812=CARTESIAN_POINT('',(-4.79999989271164,-3.25,7.19999980777502));
#4813=CARTESIAN_POINT('',(-4.79999989271164,-3.25,8.59999980777502));
#4814=CARTESIAN_POINT('',(-4.79999989271164,-3.25,8.59999980777502));
#4815=CARTESIAN_POINT('',(-2.8,-3.25,8.59999980777502));
#4816=CARTESIAN_POINT('Origin',(3.79999994635582,-3.25,7.89999982342124));
#4817=CARTESIAN_POINT('',(2.8,-3.25,7.19999983906746));
#4818=CARTESIAN_POINT('',(4.79999989271164,-3.25,7.19999983906746));
#4819=CARTESIAN_POINT('',(4.79999989271164,-3.25,7.19999983906746));
#4820=CARTESIAN_POINT('',(2.8,-3.25,8.59999980777502));
#4821=CARTESIAN_POINT('',(2.8,-3.25,7.19999983906746));
#4822=CARTESIAN_POINT('',(4.79999989271164,-3.25,8.59999980777502));
#4823=CARTESIAN_POINT('',(2.8,-3.25,8.59999980777502));
#4824=CARTESIAN_POINT('',(4.79999989271164,-3.25,8.59999980777502));
#4825=CARTESIAN_POINT('Origin',(-2.6,-3.05,8.59999990388751));
#4826=CARTESIAN_POINT('',(-2.4,-2.85,8.99999980777502));
#4827=CARTESIAN_POINT('',(-2.4,-2.85,6.79999980777502));
#4828=CARTESIAN_POINT('',(-2.4,-2.85,8.59999990388751));
#4829=CARTESIAN_POINT('',(-2.8,-3.25,7.19999980777502));
#4830=CARTESIAN_POINT('',(-2.4,-2.85,8.99999980777502));
#4831=CARTESIAN_POINT('Origin',(-4.99999989271164,-3.05,9.29999990388751));
#4832=CARTESIAN_POINT('',(-5.19999989271164,-2.85,6.79999980777502));
#4833=CARTESIAN_POINT('',(-5.19999989271164,-2.85,6.79999980777502));
#4834=CARTESIAN_POINT('',(-5.19999989271164,-2.85,8.99999980777502));
#4835=CARTESIAN_POINT('',(-5.19999989271164,-2.85,9.29999990388751));
#4836=CARTESIAN_POINT('',(-5.19999989271164,-2.85,8.99999980777502));
#4837=CARTESIAN_POINT('Origin',(-5.69999994635582,-3.05,6.99999980777502));
#4838=CARTESIAN_POINT('',(-5.69999994635582,-2.85,6.79999980777502));
#4839=CARTESIAN_POINT('Origin',(-4.7,-3.05,8.79999980777502));
#4840=CARTESIAN_POINT('',(-4.7,-2.85,8.99999980777502));
#4841=CARTESIAN_POINT('Origin',(-6.6,-2.85,10.));
#4842=CARTESIAN_POINT('',(6.6,-2.85,9.6));
#4843=CARTESIAN_POINT('',(-3.3,-2.85,9.6));
#4844=CARTESIAN_POINT('',(6.6,-2.85,0.499999999999998));
#4845=CARTESIAN_POINT('',(6.6,-2.85,10.));
#4846=CARTESIAN_POINT('',(-3.29999999999977,-2.85,0.499999999999998));
#4847=CARTESIAN_POINT('',(2.4,-2.85,6.79999983906746));
#4848=CARTESIAN_POINT('',(2.4,-2.85,8.99999980777502));
#4849=CARTESIAN_POINT('',(2.4,-2.85,9.29999990388751));
#4850=CARTESIAN_POINT('',(5.19999989271164,-2.85,6.79999983906746));
#4851=CARTESIAN_POINT('',(-1.9,-2.85,6.79999983906746));
#4852=CARTESIAN_POINT('',(5.19999989271164,-2.85,8.99999980777502));
#4853=CARTESIAN_POINT('',(5.19999989271164,-2.85,8.59999991953373));
#4854=CARTESIAN_POINT('',(-0.90000005364418,-2.85,8.99999980777502));
#4855=CARTESIAN_POINT('Origin',(-1.9,-3.05,6.99999983906746));
#4856=CARTESIAN_POINT('',(2.8,-3.25,7.19999983906746));
#4857=CARTESIAN_POINT('',(5.19999989271164,-2.85,6.79999983906746));
#4858=CARTESIAN_POINT('Origin',(4.99999989271164,-3.05,8.59999991953373));
#4859=CARTESIAN_POINT('',(5.19999989271164,-2.85,8.99999980777502));
#4860=CARTESIAN_POINT('Origin',(-0.90000005364418,-3.05,8.79999980777502));
#4861=CARTESIAN_POINT('',(2.4,-2.85,8.99999980777502));
#4862=CARTESIAN_POINT('Origin',(2.6,-3.05,9.29999990388751));
#4863=CARTESIAN_POINT('Origin',(-4.76794919243049,-3.0207259421639,6.));
#4864=CARTESIAN_POINT('',(-6.4999999999993,-2.0207259421638,6.));
#4865=CARTESIAN_POINT('Origin',(-8.99999999999941,-6.3508529610859,8.));
#4866=CARTESIAN_POINT('',(-7.7499999999993,-4.1857894516249,-2.4));
#4867=CARTESIAN_POINT('Origin',(-2.04281036531029E-13,-1.11022302462516E-15,
-2.4));
#4868=CARTESIAN_POINT('Origin',(5.01794919243081,-3.453738644056,6.));
#4869=CARTESIAN_POINT('',(8.99999999999966,-6.3508529610862,6.));
#4870=CARTESIAN_POINT('Origin',(7.26794919243081,-7.3508529610862,6.));
#4871=CARTESIAN_POINT('',(6.7499999999998,-2.4537386440561,6.));
#4872=CARTESIAN_POINT('Origin',(8.49999999999977,-6.63952809568094,10.));
#4873=CARTESIAN_POINT('',(8.99999999999986,-6.35085296108608,9.));
#4874=CARTESIAN_POINT('Origin',(9.49999999999981,-7.2168783648705,8.));
#4875=CARTESIAN_POINT('Origin',(-8.5,-4.875,0.699999999999998));
#4876=CARTESIAN_POINT('',(-8.5,0.,0.499999999999998));
#4877=CARTESIAN_POINT('',(-8.5,0.,2.));
#4878=CARTESIAN_POINT('',(-8.5,-2.43750000000003,0.499999999999998));
#4879=CARTESIAN_POINT('Origin',(4.52970994047064E-13,-5.10702591327572E-14,
0.499999999999998));
#4880=CARTESIAN_POINT('',(8.5,0.,0.499999999999998));
#4881=CARTESIAN_POINT('',(6.6,0.,0.499999999999998));
#4882=CARTESIAN_POINT('',(4.2410519540681E-13,0.,0.499999999999998));
#4883=CARTESIAN_POINT('',(8.5,2.43749999999997,0.499999999999998));
#4884=CARTESIAN_POINT('',(4.2410519540681E-13,0.,0.499999999999998));
#4885=CARTESIAN_POINT('',(6.6,-1.42500000000003,0.499999999999998));
#4886=CARTESIAN_POINT('Origin',(-10.8999999999997,-6.2353829072471,-3.4));
#4887=CARTESIAN_POINT('',(-10.8999999999995,0.,8.09999999999968));
#4888=CARTESIAN_POINT('',(-10.8999999999995,0.,-0.0500000000000003));
#4889=CARTESIAN_POINT('',(-10.8999999999995,-1.38564064605452,8.09999999999967));
#4890=CARTESIAN_POINT('Origin',(0.,0.,9.6));
#4891=CARTESIAN_POINT('',(6.6,0.,9.6));
#4892=CARTESIAN_POINT('',(7.5,0.,9.6));
#4893=CARTESIAN_POINT('',(1.97619698383278E-13,0.,9.6));
#4894=CARTESIAN_POINT('',(6.6,-1.425,9.6));
#4895=CARTESIAN_POINT('',(1.97619698383278E-13,0.,9.6));
#4896=CARTESIAN_POINT('',(7.5,-3.625,9.6));
#4897=CARTESIAN_POINT('Origin',(-11.3999999999997,3.4641016151381,8.6));
#4898=CARTESIAN_POINT('',(-11.9999999999998,0.,9.2));
#4899=CARTESIAN_POINT('',(-7.22499999999975,0.,4.42499999999991));
#4900=CARTESIAN_POINT('',(-11.9999999999997,3.4641016151382,9.2));
#4901=CARTESIAN_POINT('Origin',(-11.9999999999995,6.9282032302759,8.));
#4902=CARTESIAN_POINT('',(-11.9999999999998,0.,5.65));
#4903=CARTESIAN_POINT('Origin',(8.5,4.875,0.699999999999998));
#4904=CARTESIAN_POINT('',(8.5,0.,2.));
#4905=CARTESIAN_POINT('Origin',(6.6,-2.85,10.));
#4906=CARTESIAN_POINT('',(6.6,0.,6.65));
#4907=CARTESIAN_POINT('Origin',(7.5,3.625,10.));
#4908=CARTESIAN_POINT('',(7.5,0.,6.65));
#4909=CARTESIAN_POINT('Origin',(3.95239396766556E-13,0.,3.3));
#4910=CARTESIAN_POINT('Origin',(3.95239396766556E-13,0.,3.3));
#4911=CARTESIAN_POINT('Origin',(3.95239396766556E-13,0.,3.3));
#4912=CARTESIAN_POINT('',(8.5,0.,-3.4));
#4913=CARTESIAN_POINT('',(8.5,0.,0.499999999999998));
#4914=CARTESIAN_POINT('',(8.5,0.,2.));
#4915=CARTESIAN_POINT('',(10.9000000000006,0.,-3.4));
#4916=CARTESIAN_POINT('',(9.54791801177635E-14,0.,-3.4));
#4917=CARTESIAN_POINT('',(10.9000000000006,0.,8.10000000000067));
#4918=CARTESIAN_POINT('',(10.9000000000006,0.,-0.0500000000000003));
#4919=CARTESIAN_POINT('',(11.9999999999999,0.,9.2));
#4920=CARTESIAN_POINT('',(7.22500000000003,0.,4.42500000000008));
#4921=CARTESIAN_POINT('',(11.9999999999999,0.,10.));
#4922=CARTESIAN_POINT('',(12.0000000000001,0.,5.65));
#4923=CARTESIAN_POINT('',(7.5,0.,10.));
#4924=CARTESIAN_POINT('',(9.54791801177635E-14,0.,10.));
#4925=CARTESIAN_POINT('',(7.5,0.,9.6));
#4926=CARTESIAN_POINT('',(7.5,0.,6.65));
#4927=CARTESIAN_POINT('',(6.6,0.,9.6));
#4928=CARTESIAN_POINT('',(1.97619698383278E-13,0.,9.6));
#4929=CARTESIAN_POINT('',(6.6,0.,0.499999999999998));
#4930=CARTESIAN_POINT('',(6.6,0.,6.65));
#4931=CARTESIAN_POINT('',(4.2410519540681E-13,0.,0.499999999999998));
#4932=CARTESIAN_POINT('Origin',(3.95239396766556E-13,0.,3.3));
#4933=CARTESIAN_POINT('',(-8.5,0.,0.499999999999998));
#4934=CARTESIAN_POINT('',(-8.5,0.,-3.4));
#4935=CARTESIAN_POINT('',(-8.5,0.,2.));
#4936=CARTESIAN_POINT('',(-6.6,0.,0.499999999999998));
#4937=CARTESIAN_POINT('',(4.2410519540681E-13,0.,0.499999999999998));
#4938=CARTESIAN_POINT('',(-6.6,0.,9.6));
#4939=CARTESIAN_POINT('',(-6.6,0.,6.65));
#4940=CARTESIAN_POINT('',(-7.5,0.,9.6));
#4941=CARTESIAN_POINT('',(1.97619698383278E-13,0.,9.6));
#4942=CARTESIAN_POINT('',(-7.5,0.,10.));
#4943=CARTESIAN_POINT('',(-7.5,0.,6.65));
#4944=CARTESIAN_POINT('',(-11.9999999999998,0.,10.));
#4945=CARTESIAN_POINT('',(9.54791801177635E-14,0.,10.));
#4946=CARTESIAN_POINT('',(-11.9999999999998,0.,9.2));
#4947=CARTESIAN_POINT('',(-11.9999999999998,0.,5.65));
#4948=CARTESIAN_POINT('',(-10.8999999999995,0.,8.09999999999968));
#4949=CARTESIAN_POINT('',(-7.22499999999975,0.,4.42499999999991));
#4950=CARTESIAN_POINT('',(-10.8999999999995,0.,-3.4));
#4951=CARTESIAN_POINT('',(-10.8999999999995,0.,-0.0500000000000003));
#4952=CARTESIAN_POINT('',(9.54791801177635E-14,0.,-3.4));
#4953=CARTESIAN_POINT('Origin',(11.9999999999998,-6.92820323027601,8.));
#4954=CARTESIAN_POINT('',(12.0000000000008,5.1961524227062,9.2));
#4955=CARTESIAN_POINT('',(11.9999999999998,-3.4641016151382,9.2));
#4956=CARTESIAN_POINT('',(12.0000000000008,5.1961524227062,10.));
#4957=CARTESIAN_POINT('',(12.0000000000008,5.1961524227062,8.));
#4958=CARTESIAN_POINT('',(11.9999999999998,-3.4641016151382,10.));
#4959=CARTESIAN_POINT('Origin',(11.3999999999998,-3.4641016151382,8.6));
#4960=CARTESIAN_POINT('',(10.9000000000007,4.44559707276018,8.10000000000066));
#4961=CARTESIAN_POINT('',(10.9000000000006,1.38564064605497,8.10000000000067));
#4962=CARTESIAN_POINT('',(10.8045940622866,5.19615242270649,8.00459406228613));
#4963=CARTESIAN_POINT('Origin',(7.90000000000085,4.44559707276028,5.10000000000074));
#4964=CARTESIAN_POINT('',(10.8000000000008,5.1961524227062,8.));
#4965=CARTESIAN_POINT('Origin',(10.9000000000008,6.23538290724809,-3.4));
#4966=CARTESIAN_POINT('',(10.9000000000008,4.44559707276018,-3.4));
#4967=CARTESIAN_POINT('',(10.9000000000007,3.11769145362387,-3.4));
#4968=CARTESIAN_POINT('',(10.9000000000007,4.44559707276018,-3.4));
#4969=CARTESIAN_POINT('Origin',(-2.04281036531029E-13,-1.11022302462516E-15,
10.));
#4970=CARTESIAN_POINT('',(10.5000000000008,7.7942286340595,10.));
#4971=CARTESIAN_POINT('Origin',(9.00000000000079,5.1961524227063,10.));
#4972=CARTESIAN_POINT('',(1.50000000000079,12.9903810567665,10.));
#4973=CARTESIAN_POINT('',(9.00000000000079,8.66025403784399,10.));
#4974=CARTESIAN_POINT('',(-1.4999999999992,12.9903810567666,10.));
#4975=CARTESIAN_POINT('Origin',(7.90478793533111E-13,10.3923048454132,10.));
#4976=CARTESIAN_POINT('',(-10.4999999999995,7.7942286340603,10.));
#4977=CARTESIAN_POINT('',(-2.99999999999939,12.1243556529822,10.));
#4978=CARTESIAN_POINT('',(-11.9999999999996,5.196152422707,10.));
#4979=CARTESIAN_POINT('Origin',(-8.9999999999996,5.1961524227069,10.));
#4980=CARTESIAN_POINT('',(-11.9999999999997,3.4641016151382,10.));
#4981=CARTESIAN_POINT('',(-7.5,2.375,10.));
#4982=CARTESIAN_POINT('',(-7.5,-1.8125,10.));
#4983=CARTESIAN_POINT('',(-6.25,3.625,10.));
#4984=CARTESIAN_POINT('Origin',(-6.25,2.375,10.));
#4985=CARTESIAN_POINT('',(6.25,3.625,10.));
#4986=CARTESIAN_POINT('',(-3.7500000000001,3.625,10.));
#4987=CARTESIAN_POINT('',(7.5,2.375,10.));
#4988=CARTESIAN_POINT('Origin',(6.25,2.375,10.));
#4989=CARTESIAN_POINT('',(7.5,1.8125,10.));
#4990=CARTESIAN_POINT('Origin',(-7.5,-3.625,10.));
#4991=CARTESIAN_POINT('',(-7.5,2.375,9.6));
#4992=CARTESIAN_POINT('',(-7.5,3.625,9.6));
#4993=CARTESIAN_POINT('',(-7.5,2.375,10.));
#4994=CARTESIAN_POINT('Origin',(-6.6,2.85,10.));
#4995=CARTESIAN_POINT('',(-6.6,2.85,0.499999999999998));
#4996=CARTESIAN_POINT('',(-6.6,1.42499999999997,0.499999999999998));
#4997=CARTESIAN_POINT('',(-6.6,2.85,9.6));
#4998=CARTESIAN_POINT('',(-6.6,2.85,10.));
#4999=CARTESIAN_POINT('',(-6.6,1.425,9.6));
#5000=CARTESIAN_POINT('Origin',(-2.04281036531029E-13,-1.11022302462516E-15,
-3.4));
#5001=CARTESIAN_POINT('',(8.5,4.875,-3.4));
#5002=CARTESIAN_POINT('',(8.5,2.4375,-3.4));
#5003=CARTESIAN_POINT('',(-8.5,4.875,-3.4));
#5004=CARTESIAN_POINT('',(-8.5,4.875,-3.4));
#5005=CARTESIAN_POINT('',(-8.5,-2.4375,-3.4));
#5006=CARTESIAN_POINT('',(-10.8999999999994,4.44559707276099,-3.4));
#5007=CARTESIAN_POINT('',(-10.8999999999996,-3.11769145362337,-3.4));
#5008=CARTESIAN_POINT('',(-9.3999999999993,7.04367328411421,-3.4));
#5009=CARTESIAN_POINT('Origin',(-7.89999999999942,4.4455970727609,-3.4));
#5010=CARTESIAN_POINT('',(-1.4999995790767,11.6047409717322,-3.4));
#5011=CARTESIAN_POINT('',(-8.09999999999962,7.79422863406048,-3.4));
#5012=CARTESIAN_POINT('',(1.49999986215028,11.604741053775,-3.4));
#5013=CARTESIAN_POINT('Origin',(4.24269801513333E-7,9.00666508118519,-3.4));
#5014=CARTESIAN_POINT('',(9.40000000000088,7.04367328411346,-3.4));
#5015=CARTESIAN_POINT('',(2.7000000000008,10.9119200876843,-3.4));
#5016=CARTESIAN_POINT('Origin',(7.90000000000085,4.44559707276028,-3.4));
#5017=CARTESIAN_POINT('Origin',(-7.99999999999964,5.77350269189653,10.));
#5018=CARTESIAN_POINT('',(-8.49999999999958,5.48482755730179,-2.4));
#5019=CARTESIAN_POINT('',(-4.49999999999954,7.79422863406003,-2.4));
#5020=CARTESIAN_POINT('',(-6.24999999999959,6.78386566297831,-2.4));
#5021=CARTESIAN_POINT('',(-8.49999999999956,5.4848275573018,6.));
#5022=CARTESIAN_POINT('',(-8.49999999999953,5.48482755730182,9.));
#5023=CARTESIAN_POINT('',(-6.76794919243064,6.48482755730173,8.));
#5024=CARTESIAN_POINT('Origin',(-6.76794919243064,6.48482755730173,6.));
#5025=CARTESIAN_POINT('',(-6.23205080756844,6.79422863406014,8.));
#5026=CARTESIAN_POINT('',(0.500000000000744,10.680979980008,8.));
#5027=CARTESIAN_POINT('',(-4.49999999999954,7.79422863406003,6.));
#5028=CARTESIAN_POINT('Origin',(-6.23205080756844,6.79422863406014,6.));
#5029=CARTESIAN_POINT('',(-4.49999999999954,7.79422863406003,8.));
#5030=CARTESIAN_POINT('Origin',(1.50000000000076,10.680979980008,10.));
#5031=CARTESIAN_POINT('',(9.00000000000005,6.350852961086,6.));
#5032=CARTESIAN_POINT('',(7.26794919243081,7.350852961086,8.));
#5033=CARTESIAN_POINT('Origin',(7.26794919243081,7.3508529610859,6.));
#5034=CARTESIAN_POINT('',(8.99999999999996,6.35085296108605,-2.4));
#5035=CARTESIAN_POINT('',(8.99999999999991,6.35085296108608,9.));
#5036=CARTESIAN_POINT('',(5.00000000000079,8.6602540378442,-2.4));
#5037=CARTESIAN_POINT('',(3.25000000000047,9.6706170089263,-2.4));
#5038=CARTESIAN_POINT('',(5.00000000000079,8.6602540378442,6.));
#5039=CARTESIAN_POINT('',(5.00000000000079,8.6602540378442,8.));
#5040=CARTESIAN_POINT('',(6.7320508075698,7.6602540378441,8.));
#5041=CARTESIAN_POINT('Origin',(6.7320508075698,7.6602540378441,6.));
#5042=CARTESIAN_POINT('',(10.0000000000008,5.7735026918959,8.));
#5043=CARTESIAN_POINT('Origin',(-2.04281036531029E-13,-1.11022302462516E-15,
-2.4));
#5044=CARTESIAN_POINT('',(9.4000000000001,7.04367328411391,-2.4));
#5045=CARTESIAN_POINT('',(7.7499999999998,4.1857894516249,-2.4));
#5046=CARTESIAN_POINT('',(5.4000000000008,9.3530743608722,-2.4));
#5047=CARTESIAN_POINT('',(2.7000000000008,10.9119200876843,-2.4));
#5048=CARTESIAN_POINT('',(2.75000000000079,4.7631397208143,-2.4));
#5049=CARTESIAN_POINT('Origin',(8.9999999999998,6.3508529610859,8.));
#5050=CARTESIAN_POINT('',(9.40000000000011,7.0436732841139,6.));
#5051=CARTESIAN_POINT('',(6.4999999999998,2.0207259421638,6.));
#5052=CARTESIAN_POINT('',(9.4000000000001,7.04367328411391,2.3));
#5053=CARTESIAN_POINT('Origin',(-5.0179491924307,3.453738644056,6.));
#5054=CARTESIAN_POINT('',(-9.3999999999996,7.04367328411404,6.));
#5055=CARTESIAN_POINT('',(-8.99999999999951,6.35085296108627,6.));
#5056=CARTESIAN_POINT('',(-7.66794919243069,8.043673284114,8.));
#5057=CARTESIAN_POINT('Origin',(-7.66794919243069,8.0436732841139,6.));
#5058=CARTESIAN_POINT('',(-5.0179491924307,3.453738644056,8.));
#5059=CARTESIAN_POINT('Origin',(-9.49999999999931,7.2168783648705,8.));
#5060=CARTESIAN_POINT('',(-9.39999999999958,7.04367328411405,-2.4));
#5061=CARTESIAN_POINT('',(-7.99999999999941,4.618802153517,-2.4));
#5062=CARTESIAN_POINT('',(-9.39999999999957,7.04367328411405,2.3));
#5063=CARTESIAN_POINT('Origin',(-4.99999989271164,3.05,8.59999990388751));
#5064=CARTESIAN_POINT('',(-5.19999989271164,2.85,6.79999980777502));
#5065=CARTESIAN_POINT('',(-4.79999989271164,3.25,7.19999980777502));
#5066=CARTESIAN_POINT('',(-3.58333322790762,4.46666666480402,8.41666647257904));
#5067=CARTESIAN_POINT('',(-4.79999989271164,3.25,8.59999980777502));
#5068=CARTESIAN_POINT('',(-4.79999989271164,3.25,8.59999980777502));
#5069=CARTESIAN_POINT('',(-5.19999989271164,2.85,8.99999980777502));
#5070=CARTESIAN_POINT('',(-3.98333325100442,4.06666664170722,7.7833331660678));
#5071=CARTESIAN_POINT('',(-5.19999989271164,2.85,8.59999990388751));
#5072=CARTESIAN_POINT('Origin',(-2.6,3.05,9.29999990388751));
#5073=CARTESIAN_POINT('',(-2.4,2.85,8.99999980777502));
#5074=CARTESIAN_POINT('',(-2.8,3.25,8.59999980777502));
#5075=CARTESIAN_POINT('',(-1.93333330837389,2.38333330837389,9.46666649940113));
#5076=CARTESIAN_POINT('',(-2.8,3.25,7.19999980777502));
#5077=CARTESIAN_POINT('',(-2.8,3.25,7.19999980777502));
#5078=CARTESIAN_POINT('',(-2.4,2.85,6.79999980777502));
#5079=CARTESIAN_POINT('',(-2.23333334935209,2.68333334935209,6.6333331571271));
#5080=CARTESIAN_POINT('',(-2.4,2.85,9.29999990388751));
#5081=CARTESIAN_POINT('Origin',(2.6,3.05,8.59999991953373));
#5082=CARTESIAN_POINT('',(2.4,2.85,6.79999983906746));
#5083=CARTESIAN_POINT('',(2.8,3.25,7.19999983906746));
#5084=CARTESIAN_POINT('',(3.38333333780368,3.83333333780368,7.78333317687114));
#5085=CARTESIAN_POINT('',(2.8,3.25,8.59999980777502));
#5086=CARTESIAN_POINT('',(2.8,3.25,7.19999983906746));
#5087=CARTESIAN_POINT('',(2.4,2.85,8.99999980777502));
#5088=CARTESIAN_POINT('',(2.98333331470688,3.43333331470688,8.41666649306814));
#5089=CARTESIAN_POINT('',(2.4,2.85,8.59999991953373));
#5090=CARTESIAN_POINT('Origin',(4.99999989271164,3.05,9.29999990388751));
#5091=CARTESIAN_POINT('',(5.19999989271164,2.85,8.99999980777502));
#5092=CARTESIAN_POINT('',(4.79999989271164,3.25,8.59999980777502));
#5093=CARTESIAN_POINT('',(5.03333325994511,3.01666663276653,8.83333317500849));
#5094=CARTESIAN_POINT('',(4.79999989271164,3.25,7.19999983906746));
#5095=CARTESIAN_POINT('',(4.79999989271164,3.25,8.59999980777502));
#5096=CARTESIAN_POINT('',(5.19999989271164,2.85,6.79999983906746));
#5097=CARTESIAN_POINT('',(4.73333322418233,3.31666666852931,7.26666650759677));
#5098=CARTESIAN_POINT('',(5.19999989271164,2.85,9.29999990388751));
#5099=CARTESIAN_POINT('Origin',(5.69999994635582,3.05,6.99999983906746));
#5100=CARTESIAN_POINT('',(4.79999989271164,3.25,7.19999983906746));
#5101=CARTESIAN_POINT('',(5.69999994635582,2.85,6.79999983906746));
#5102=CARTESIAN_POINT('Origin',(0.90000005364418,3.05,8.79999980777502));
#5103=CARTESIAN_POINT('',(-2.8,3.25,8.59999980777502));
#5104=CARTESIAN_POINT('',(0.90000005364418,2.85,8.99999980777502));
#5105=CARTESIAN_POINT('Origin',(1.9,3.05,6.99999980777502));
#5106=CARTESIAN_POINT('',(-4.79999989271164,3.25,7.19999980777502));
#5107=CARTESIAN_POINT('',(1.9,2.85,6.79999980777502));
#5108=CARTESIAN_POINT('Origin',(4.7,3.05,8.79999980777502));
#5109=CARTESIAN_POINT('',(2.8,3.25,8.59999980777502));
#5110=CARTESIAN_POINT('',(4.7,2.85,8.99999980777502));
#5111=CARTESIAN_POINT('Origin',(3.79999994635582,3.25,7.89999982342124));
#5112=CARTESIAN_POINT('Origin',(-3.79999994635582,3.25,7.89999980777502));
#5113=CARTESIAN_POINT('Origin',(6.25,2.375,10.));
#5114=CARTESIAN_POINT('',(7.5,2.375,9.6));
#5115=CARTESIAN_POINT('',(6.25,3.625,9.6));
#5116=CARTESIAN_POINT('Origin',(6.25,2.375,9.6));
#5117=CARTESIAN_POINT('',(7.5,2.375,10.));
#5118=CARTESIAN_POINT('',(6.25,3.625,10.));
#5119=CARTESIAN_POINT('Origin',(-7.5,3.625,10.));
#5120=CARTESIAN_POINT('',(-6.25,3.625,9.6));
#5121=CARTESIAN_POINT('',(-6.25,3.625,10.));
#5122=CARTESIAN_POINT('',(7.5,3.625,9.6));
#5123=CARTESIAN_POINT('Origin',(7.5,3.625,10.));
#5124=CARTESIAN_POINT('',(7.5,-3.625,9.6));
#5125=CARTESIAN_POINT('Origin',(-6.25,2.375,10.));
#5126=CARTESIAN_POINT('Origin',(-6.25,2.375,9.6));
#5127=CARTESIAN_POINT('Origin',(-2.04281036531029E-13,-1.11022302462516E-15,
-2.4));
#5128=CARTESIAN_POINT('',(-5.39999999999959,9.3530743608723,-2.4));
#5129=CARTESIAN_POINT('',(-2.49999999999921,4.3301270189223,-2.4));
#5130=CARTESIAN_POINT('',(-8.0999999999995,7.7942286340606,-2.4));
#5131=CARTESIAN_POINT('Origin',(-8.5,4.875,0.699999999999998));
#5132=CARTESIAN_POINT('',(8.5,4.875,0.499999999999998));
#5133=CARTESIAN_POINT('',(8.5,4.875,0.699999999999998));
#5134=CARTESIAN_POINT('',(-8.5,4.875,0.499999999999998));
#5135=CARTESIAN_POINT('',(-4.24999999999977,4.875,0.499999999999998));
#5136=CARTESIAN_POINT('',(-8.5,4.875,0.699999999999998));
#5137=CARTESIAN_POINT('Origin',(8.5,4.875,0.699999999999998));
#5138=CARTESIAN_POINT('',(8.5,2.43749999999997,0.499999999999998));
#5139=CARTESIAN_POINT('Origin',(-8.5,-4.875,0.699999999999998));
#5140=CARTESIAN_POINT('',(-8.5,-2.43750000000003,0.499999999999998));
#5141=CARTESIAN_POINT('Origin',(0.,0.,9.6));
#5142=CARTESIAN_POINT('',(6.6,2.85,9.6));
#5143=CARTESIAN_POINT('',(3.3,2.85,9.6));
#5144=CARTESIAN_POINT('',(6.6,-1.425,9.6));
#5145=CARTESIAN_POINT('Origin',(6.6,-2.85,10.));
#5146=CARTESIAN_POINT('',(6.6,2.85,0.499999999999998));
#5147=CARTESIAN_POINT('',(6.6,2.85,10.));
#5148=CARTESIAN_POINT('',(6.6,-1.42500000000003,0.499999999999998));
#5149=CARTESIAN_POINT('Origin',(6.6,2.85,10.));
#5150=CARTESIAN_POINT('',(3.30000000000023,2.85,0.499999999999998));
#5151=CARTESIAN_POINT('Origin',(4.52970994047064E-13,-5.10702591327572E-14,
0.499999999999998));
#5152=CARTESIAN_POINT('Origin',(-10.8999999999997,-6.2353829072471,-3.4));
#5153=CARTESIAN_POINT('',(-10.8999999999994,4.44559707276099,8.09999999999969));
#5154=CARTESIAN_POINT('',(-10.8999999999995,-1.38564064605452,8.09999999999967));
#5155=CARTESIAN_POINT('',(-10.8999999999994,4.44559707276099,-3.4));
#5156=CARTESIAN_POINT('Origin',(-7.89999999999942,4.4455970727609,-3.4));
#5157=CARTESIAN_POINT('',(-9.87196014438763,6.70643169496219,7.94392028877617));
#5158=CARTESIAN_POINT('',(-9.3999999999993,7.04367328411421,8.));
#5159=CARTESIAN_POINT('Origin',(-7.89999999999942,4.4455970727609,5.00000000000038));
#5160=CARTESIAN_POINT('',(-9.3999999999993,7.04367328411421,-3.4));
#5161=CARTESIAN_POINT('',(-9.3999999999993,7.04367328411421,-3.4));
#5162=CARTESIAN_POINT('',(-10.8045940622853,5.19615242270722,8.00459406228572));
#5163=CARTESIAN_POINT('Origin',(-7.89999999999942,4.4455970727609,5.09999999999973));
#5164=CARTESIAN_POINT('Ctrl Pts',(-9.87196014438764,6.70643169496219,7.94392028877618));
#5165=CARTESIAN_POINT('Ctrl Pts',(-9.92832235791157,6.65727107187757,7.92952704708099));
#5166=CARTESIAN_POINT('Ctrl Pts',(-9.9835481488566,6.60536510343654,7.91685417988632));
#5167=CARTESIAN_POINT('Ctrl Pts',(-10.1950112837798,6.39076773134817,7.87492544869055));
#5168=CARTESIAN_POINT('Ctrl Pts',(-10.3356060537767,6.20966653626573,7.86342582879865));
#5169=CARTESIAN_POINT('Ctrl Pts',(-10.4466324345194,6.0313660481954,7.87042725097691));
#5170=CARTESIAN_POINT('Ctrl Pts',(-10.5632211469254,5.8441328502255,7.87777943873007));
#5171=CARTESIAN_POINT('Ctrl Pts',(-10.6668043244225,5.6286286001228,7.9066894932168));
#5172=CARTESIAN_POINT('Ctrl Pts',(-10.7654507175845,5.33702293648701,7.96958760290826));
#5173=CARTESIAN_POINT('Ctrl Pts',(-10.7864156257456,5.2665016365777,7.986415625746));
#5174=CARTESIAN_POINT('Ctrl Pts',(-10.8045940622853,5.19615242270723,8.00459406228574));
#5175=CARTESIAN_POINT('Origin',(-10.7999999999993,6.2353829072488,-3.4));
#5176=CARTESIAN_POINT('',(-5.39999999999959,9.3530743608723,6.));
#5177=CARTESIAN_POINT('',(-5.39999999999959,9.3530743608723,2.3));
#5178=CARTESIAN_POINT('',(-7.13205080756851,8.3530743608724,8.));
#5179=CARTESIAN_POINT('Origin',(-7.13205080756851,8.3530743608724,6.));
#5180=CARTESIAN_POINT('',(-1.49999959624114,11.6047409147081,8.00000007450564));
#5181=CARTESIAN_POINT('',(-10.6125001392127,6.34363600234694,8.));
#5182=CARTESIAN_POINT('',(-1.49999929995519,11.6047408148825,-3.4));
#5183=CARTESIAN_POINT('Origin',(7.90000000000085,4.44559707276028,-3.4));
#5184=CARTESIAN_POINT('',(9.87196014438898,6.7064316949616,7.9439202887763));
#5185=CARTESIAN_POINT('',(9.40000000000088,7.04367328411346,8.));
#5186=CARTESIAN_POINT('Origin',(7.90000000000085,4.44559707276028,5.00000000000048));
#5187=CARTESIAN_POINT('Ctrl Pts',(10.8045940622868,5.19615242270649,8.00459406228596));
#5188=CARTESIAN_POINT('Ctrl Pts',(10.786415625747,5.26650163657697,7.98641562574622));
#5189=CARTESIAN_POINT('Ctrl Pts',(10.7654507175859,5.33702293648628,7.96958760290848));
#5190=CARTESIAN_POINT('Ctrl Pts',(10.666804324424,5.62862860012211,7.90668949321699));
#5191=CARTESIAN_POINT('Ctrl Pts',(10.5632211469268,5.84413285022485,7.87777943873025));
#5192=CARTESIAN_POINT('Ctrl Pts',(10.4466324345208,6.03136604819478,7.87042725097706));
#5193=CARTESIAN_POINT('Ctrl Pts',(10.335606053778,6.20966653626511,7.86342582879879));
#5194=CARTESIAN_POINT('Ctrl Pts',(10.1950112837812,6.39076773134756,7.87492544869067));
#5195=CARTESIAN_POINT('Ctrl Pts',(9.98354814885795,6.60536510343594,7.91685417988641));
#5196=CARTESIAN_POINT('Ctrl Pts',(9.92832235791291,6.65727107187697,7.92952704708107));
#5197=CARTESIAN_POINT('Ctrl Pts',(9.87196014438898,6.7064316949616,7.94392028877625));
#5198=CARTESIAN_POINT('',(9.40000000000088,7.04367328411346,-3.4));
#5199=CARTESIAN_POINT('',(9.40000000000088,7.04367328411346,-3.4));
#5200=CARTESIAN_POINT('Origin',(7.90478793533111E-13,12.4707658144964,-3.4));
#5201=CARTESIAN_POINT('',(7.6679491924308,8.043673284114,8.));
#5202=CARTESIAN_POINT('Origin',(7.6679491924308,8.0436732841139,6.));
#5203=CARTESIAN_POINT('',(7.72500193562835,8.01073386747111,8.));
#5204=CARTESIAN_POINT('Origin',(7.90478793533111E-13,12.4707658144964,-3.4));
#5205=CARTESIAN_POINT('',(1.49999986211315,11.6047410537105,8.00000015247172));
#5206=CARTESIAN_POINT('',(1.4999999363608,11.6047404474547,-3.4));
#5207=CARTESIAN_POINT('',(7.13205080756979,8.3530743608722,8.));
#5208=CARTESIAN_POINT('',(7.90478793533111E-13,12.4707658144964,8.));
#5209=CARTESIAN_POINT('',(5.4000000000008,9.3530743608722,6.));
#5210=CARTESIAN_POINT('Origin',(7.13205080756979,8.35307436087209,6.));
#5211=CARTESIAN_POINT('',(5.4000000000008,9.3530743608722,2.3));
#5212=CARTESIAN_POINT('Origin',(4.76794919243081,3.0207259421639,6.));
#5213=CARTESIAN_POINT('',(4.76794919243081,3.0207259421639,8.));
#5214=CARTESIAN_POINT('Origin',(4.24269801513333E-7,9.00666508118519,-3.4));
#5215=CARTESIAN_POINT('Origin',(4.24269801513333E-7,9.00666508118519,8.));
#5216=CARTESIAN_POINT('Origin',(1.06067803429255E-7,12.0377536637457,8.));
#5217=CARTESIAN_POINT('',(8.26005930321116E-13,12.4707658153575,8.));
#5218=CARTESIAN_POINT('',(-0.89999999999919,11.9511505722255,8.));
#5219=CARTESIAN_POINT('',(-5.49374984089829,9.29894786499301,8.));
#5220=CARTESIAN_POINT('',(0.900000000000807,11.9511505722252,8.));
#5221=CARTESIAN_POINT('',(0.0937499204508097,12.4166392726883,8.));
#5222=CARTESIAN_POINT('',(7.90478793533111E-13,12.4707658144964,8.));
#5223=CARTESIAN_POINT('',(-10.7999999999993,6.2353829072488,8.));
#5224=CARTESIAN_POINT('Origin',(7.90478793533111E-13,12.4707658144964,-3.4));
#5225=CARTESIAN_POINT('',(7.90478793533111E-13,12.4707658144964,8.27846096908316));
#5226=CARTESIAN_POINT('',(7.90478793533111E-13,12.4707658144964,-3.4));
#5227=CARTESIAN_POINT('Ctrl Pts',(9.85637193333644E-13,12.4707658144963,
8.27846096908311));
#5228=CARTESIAN_POINT('Ctrl Pts',(0.482308546377006,12.1923048454136,8.00000000000047));
#5229=CARTESIAN_POINT('Ctrl Pts',(0.900000000000996,11.9511505722256,8.00000000000045));
#5230=CARTESIAN_POINT('Origin',(-10.7999999999993,6.2353829072488,-3.4));
#5231=CARTESIAN_POINT('Ctrl Pts',(-0.899999999999278,11.9511505722257,8.00000000000045));
#5232=CARTESIAN_POINT('Ctrl Pts',(-0.482308546375317,12.1923048454136,8.00000000000048));
#5233=CARTESIAN_POINT('Ctrl Pts',(6.55173579223753E-13,12.4707658144963,
8.27846096908305));
#5234=CARTESIAN_POINT('Origin',(-10.7999999999993,6.2353829072488,-3.4));
#5235=CARTESIAN_POINT('',(-10.6125001392127,6.34363600234694,8.));
#5236=CARTESIAN_POINT('Origin',(8.7000000000008,8.1406387955734,8.6));
#5237=CARTESIAN_POINT('',(1.50000000000079,12.9903810567665,9.2));
#5238=CARTESIAN_POINT('',(0.900000000000807,11.9511505722252,8.));
#5239=CARTESIAN_POINT('',(10.5000000000008,7.7942286340595,9.2));
#5240=CARTESIAN_POINT('',(9.00000000000079,8.66025403784399,9.2));
#5241=CARTESIAN_POINT('',(10.2000000000009,7.27461339178888,8.60000000000002));
#5242=CARTESIAN_POINT('',(8.40000000000081,7.6210235533027,8.));
#5243=CARTESIAN_POINT('Origin',(7.90478793533111E-13,10.3923048454132,8.6));
#5244=CARTESIAN_POINT('',(-1.4999999999992,12.9903810567666,9.2));
#5245=CARTESIAN_POINT('',(-0.89999999999919,11.9511505722255,8.));
#5246=CARTESIAN_POINT('Origin',(7.90478793533111E-13,10.3923048454132,9.2));
#5247=CARTESIAN_POINT('Origin',(-2.6999999999994,11.6047404107115,8.6));
#5248=CARTESIAN_POINT('',(-10.4999999999995,7.7942286340603,9.2));
#5249=CARTESIAN_POINT('',(-9.8999999999996,6.754998149519,8.));
#5250=CARTESIAN_POINT('',(-2.99999999999939,12.1243556529822,9.2));
#5251=CARTESIAN_POINT('',(-2.39999999999919,11.0851251684409,8.));
#5252=CARTESIAN_POINT('Origin',(-8.9999999999996,5.1961524227069,8.6));
#5253=CARTESIAN_POINT('',(-11.9999999999996,5.196152422707,9.2));
#5254=CARTESIAN_POINT('',(-10.7999999999993,5.196152422707,8.));
#5255=CARTESIAN_POINT('Origin',(-8.9999999999996,5.1961524227069,9.2));
#5256=CARTESIAN_POINT('Origin',(-11.3999999999997,3.4641016151381,8.6));
#5257=CARTESIAN_POINT('',(-11.9999999999997,3.4641016151382,9.2));
#5258=CARTESIAN_POINT('Origin',(9.00000000000079,5.1961524227063,8.6));
#5259=CARTESIAN_POINT('Origin',(9.00000000000079,5.1961524227063,9.2));
#5260=CARTESIAN_POINT('Origin',(-2.04281036531029E-13,-1.11022302462516E-15,
8.));
#5261=CARTESIAN_POINT('',(-4.23205080756859,3.3301270189223,8.));
#5262=CARTESIAN_POINT('Origin',(-2.04281036531029E-13,-1.11022302462516E-15,
8.));
#5263=CARTESIAN_POINT('',(4.48205080756879,3.7631397208143,8.));
#5264=CARTESIAN_POINT('Origin',(9.00000000000079,5.1961524227063,8.));
#5265=CARTESIAN_POINT('',(10.5000000000008,7.7942286340595,8.));
#5266=CARTESIAN_POINT('Origin',(12.0000000000008,6.9282032302751,8.));
#5267=CARTESIAN_POINT('',(1.50000000000079,12.9903810567665,8.));
#5268=CARTESIAN_POINT('Origin',(5.5000000000008,9.5262794416286,8.));
#5269=CARTESIAN_POINT('',(2.75000000000079,4.7631397208143,6.));
#5270=CARTESIAN_POINT('Origin',(4.48205080756879,3.7631397208143,6.));
#5271=CARTESIAN_POINT('Origin',(-4.99999999999949,8.6602540378445,8.));
#5272=CARTESIAN_POINT('',(-2.49999999999921,4.3301270189223,6.));
#5273=CARTESIAN_POINT('Origin',(-4.23205080756859,3.3301270189223,6.));
#5274=CARTESIAN_POINT('Origin',(7.90478793533111E-13,10.3923048454132,8.));
#5275=CARTESIAN_POINT('',(-1.4999999999992,12.9903810567666,8.));
#5276=CARTESIAN_POINT('Origin',(7.90478793533111E-13,13.856406460551,8.));
#5277=CARTESIAN_POINT('',(-10.4999999999995,7.7942286340603,8.));
#5278=CARTESIAN_POINT('Origin',(-8.9999999999996,5.1961524227069,8.));
#5279=CARTESIAN_POINT('',(-11.9999999999996,5.196152422707,8.));
#5280=CARTESIAN_POINT('Origin',(-11.9999999999995,6.9282032302759,8.));
#5281=CARTESIAN_POINT('',(0.,0.,0.));
#5282=UNCERTAINTY_MEASURE_WITH_UNIT(LENGTH_MEASURE(0.01),#5288,
'DISTANCE_ACCURACY_VALUE',
'Maximum model space distance between geometric entities at asserted c
onnectivities');
#5283=UNCERTAINTY_MEASURE_WITH_UNIT(LENGTH_MEASURE(0.01),#5288,
'DISTANCE_ACCURACY_VALUE',
'Maximum model space distance between geometric entities at asserted c
onnectivities');
#5284=UNCERTAINTY_MEASURE_WITH_UNIT(LENGTH_MEASURE(0.01),#5288,
'DISTANCE_ACCURACY_VALUE',
'Maximum model space distance between geometric entities at asserted c
onnectivities');
#5285=(
GEOMETRIC_REPRESENTATION_CONTEXT(3)
GLOBAL_UNCERTAINTY_ASSIGNED_CONTEXT((#5282))
GLOBAL_UNIT_ASSIGNED_CONTEXT((#5288,#5290,#5291))
REPRESENTATION_CONTEXT('','3D')
);
#5286=(
GEOMETRIC_REPRESENTATION_CONTEXT(3)
GLOBAL_UNCERTAINTY_ASSIGNED_CONTEXT((#5283))
GLOBAL_UNIT_ASSIGNED_CONTEXT((#5288,#5290,#5291))
REPRESENTATION_CONTEXT('','3D')
);
#5287=(
GEOMETRIC_REPRESENTATION_CONTEXT(3)
GLOBAL_UNCERTAINTY_ASSIGNED_CONTEXT((#5284))
GLOBAL_UNIT_ASSIGNED_CONTEXT((#5288,#5290,#5291))
REPRESENTATION_CONTEXT('','3D')
);
#5288=(
LENGTH_UNIT()
NAMED_UNIT(*)
SI_UNIT(.MILLI.,.METRE.)
);
#5289=(
LENGTH_UNIT()
NAMED_UNIT(*)
SI_UNIT($,.METRE.)
);
#5290=(
NAMED_UNIT(*)
PLANE_ANGLE_UNIT()
SI_UNIT($,.RADIAN.)
);
#5291=(
NAMED_UNIT(*)
SI_UNIT($,.STERADIAN.)
SOLID_ANGLE_UNIT()
);
#5292=SHAPE_DEFINITION_REPRESENTATION(#5294,#5297);
#5293=SHAPE_DEFINITION_REPRESENTATION(#5295,#5298);
#5294=PRODUCT_DEFINITION_SHAPE('',$,#5300);
#5295=PRODUCT_DEFINITION_SHAPE('',$,#5301);
#5296=PRODUCT_DEFINITION_SHAPE($,$,#14);
#5297=SHAPE_REPRESENTATION('',(#3186,#3444),#5285);
#5298=SHAPE_REPRESENTATION('',(#3187),#5286);
#5299=PRODUCT_DEFINITION_CONTEXT('part definition',#5307,'design');
#5300=PRODUCT_DEFINITION('Skirt USB - No Markings',
'Skirt USB - No Markings v1',#5302,#5299);
#5301=PRODUCT_DEFINITION('lock v1','lock v1',#5303,#5299);
#5302=PRODUCT_DEFINITION_FORMATION('',$,#5309);
#5303=PRODUCT_DEFINITION_FORMATION('',$,#5310);
#5304=PRODUCT_RELATED_PRODUCT_CATEGORY('Skirt USB - No Markings v1',
'Skirt USB - No Markings v1',(#5309));
#5305=PRODUCT_RELATED_PRODUCT_CATEGORY('lock v1','lock v1',(#5310));
#5306=APPLICATION_PROTOCOL_DEFINITION('international standard',
'automotive_design',2009,#5307);
#5307=APPLICATION_CONTEXT(
'Core Data for Automotive Mechanical Design Process');
#5308=PRODUCT_CONTEXT('part definition',#5307,'mechanical');
#5309=PRODUCT('Skirt USB - No Markings','Skirt USB - No Markings v1',$,
(#5308));
#5310=PRODUCT('lock v1','lock v1',$,(#5308));
#5311=PRESENTATION_STYLE_ASSIGNMENT((#5313));
#5312=PRESENTATION_STYLE_ASSIGNMENT((#5314));
#5313=SURFACE_STYLE_USAGE(.BOTH.,#5315);
#5314=SURFACE_STYLE_USAGE(.BOTH.,#5316);
#5315=SURFACE_SIDE_STYLE('',(#5317));
#5316=SURFACE_SIDE_STYLE('',(#5318));
#5317=SURFACE_STYLE_FILL_AREA(#5319);
#5318=SURFACE_STYLE_FILL_AREA(#5320);
#5319=FILL_AREA_STYLE('Steel - Satin',(#5321));
#5320=FILL_AREA_STYLE('Opaque(246,246,243)',(#5322));
#5321=FILL_AREA_STYLE_COLOUR('Steel - Satin',#5323);
#5322=FILL_AREA_STYLE_COLOUR('Opaque(246,246,243)',#5324);
#5323=COLOUR_RGB('Steel - Satin',0.627450980392157,0.627450980392157,0.627450980392157);
#5324=COLOUR_RGB('Opaque(246,246,243)',0.964705882352941,0.964705882352941,
0.952941176470588);
ENDSEC;
END-ISO-10303-21;
